"text","label"
"با تشکر از حضور شما در جلسه، خلاصه مصوبات پیوست شده است.","ham"
"مشتری گرامی، مبلغ قابل توجهی به عنوان پاداش وفاداری برای شما محاسبه شده است. برای جلوگیری از لغو اعتبار، تا ۱۲ ساعت آینده اقدام کنید. برای جلوگیری از مسدود شدن، هویت خود را تأیید کنید.","spam"
"روزی‌ات در راه است. نذر حضرت معصومه؛ برای ۱۰ نفر بفرست و حاجتت را بگیر.","spam"
"مبلغ ۱۰۰ میلیون ریال به عنوان اعتبار هدیه برای حساب شما ثبت شده است. در صورت عدم استفاده تا مهلت اعلام‌شده، اعتبار شما حذف خواهد شد. برای تکمیل مراحل، اطلاعات موردنیاز را ارسال نمایید.","spam"
"با سلام، مبلغی به عنوان بازگشت وجه برای حساب شما در نظر گرفته شده است. برای تکمیل مراحل، اطلاعات موردنیاز را ارسال نمایید.","spam"
"مشتری گرامی، برای شما یک هدیه نقدی به ارزش ۱۰۰ میلیون ریال در نظر گرفته شده است. لطفاً پیش از ۴۸ ساعت آینده اقدام فرمایید. جهت انتقال این مبلغ، اطلاعات حساب خود را به‌روزرسانی کنید.","spam"
"سلام، لینک جلسه آنلاین فردا ساعت ۱۴ خدمت شما ارسال شد.","ham"
"یک بسته خدماتی با قیمت بسیار پایین‌تر از حالت عادی برای شما فعال شده است. این پیشنهاد تنها تا پایان این ماه معتبر است.","spam"
"پیرو جلسه، پیش‌فاکتور داشبورد فروش ارسال شد. منتظر تأیید شما برای شروع هستیم.","ham"
"سلام دکتر موسوی، ممنون بابت ارسال گزارش. فقط بخش جمع‌بندی نیاز به تکمیل دارد.","ham"
"سلام، نسخه نهایی سند پروژه رها بارگذاری شد. منتظر نظرات شما هستم.","ham"
"سلام، لینک جلسه آنلاین فردا ساعت ۱۰ خدمت شما ارسال شد.","ham"
"مبلغ قابل توجهی به عنوان پاداش وفاداری برای شما محاسبه شده است. برای جلوگیری از لغو اعتبار، تا مهلت اعلام‌شده اقدام کنید. برای جلوگیری از مسدود شدن، هویت خود را تأیید کنید.","spam"
"مبلغی به عنوان بازگشت وجه برای حساب شما در نظر گرفته شده است. برای فعال‌سازی، مشخصات خود را تکمیل کنید.","spam"
"مشتری عزیز، مبلغ یک میلیون تومان به عنوان اعتبار هدیه برای حساب شما ثبت شده است. عدم انجام این کار ممکن است منجر به محدود شدن حساب شود.","spam"
"به نظر می‌رسد اشتراک شما در آستانه تمدید است. اگر قصد ادامه استفاده ندارید، تا پایان این ماه اقدام کنید.","spam"
"کاربر محترم، برخی اطلاعات حساب شما با سوابق ثبت‌شده مطابقت ندارد. برای جلوگیری از مسدود شدن، اقدام فرمایید.","spam"
"مبلغی به عنوان هدیه ویژه به حسابتان اضافه شده است. برای استفاده، مشخصات حساب را وارد کنید.","spam"
"برن ده ویژه! برای واری ز ثبت نا م خود اقدام کنید.","spam"
"اعتبار خرید تا سقف ۱۰۰ میلیون ریال برای حساب شما فعال شده است. برای جلوگیری از لغو، مراحل را تا ۲۴ ساعت آینده تکمیل نمایید. برای جلوگیری از مسدود شدن، هویت خود را تأیید کنید.","spam"
"شما برای دریافت بسته خوش‌آمدگویی ویژه مشتریان جدید انتخاب شده‌اید. برای ارسال بسته، آدرس خود را ثبت کنید.","spam"
"با تشکر از حضور شما در جلسه، خلاصه مصوبات پیوست شده است.","ham"
"سلام، وام اولیه شما به مبلغ ۵۰ میلیون ریال تصویب شده و در انتظار تکمیل مراحل است. برای جلوگیری از لغو اعتبار، تا ۱۲ ساعت آینده اقدام کنید. برای دریافت، مراحل ثبت را تکمیل نمایید.","spam"
"کاربر عزیز، اعتبار خرید تا سقف ۱۰ میلیون تومان برای حساب شما فعال شده است. عدم انجام این کار ممکن است منجر به محدود شدن حساب شود. برای دریافت، مراحل ثبت را تکمیل نمایید.","spam"
"مبلغی به عنوان بازگشت وجه برای حساب شما در نظر گرفته شده است. برای تکمیل مراحل، اطلاعات موردنیاز را ارسال نمایید.","spam"
"سلام، مبلغی به عنوان بازگشت وجه برای حساب شما در نظر گرفته شده است. برای مشاهده جزئیات وارد حساب خود شوید.","spam"
"سلام، پشتیبانی هستم. برای آزادسازی حسابتان کد دریافتی را به من بگویید.","spam"
"یادآوری: مهلت تحویل سامانه انبار پایان هفته است. در صورت نیاز به زمان بیشتر اطلاع دهید.","ham"
"مشتری عزیز، مبلغ قابل توجهی به عنوان پاداش وفاداری برای شما محاسبه شده است. برای جلوگیری از لغو، مراحل را تا پایان این ماه تکمیل نمایید. برای تکمیل مراحل، اطلاعات موردنیاز را ارسال نمایید.","spam"
"با سلام، در بررسی اخیر حساب شما، اطلاعات ناقصی مشاهده شده است. در صورت تکمیل نکردن، دسترسی محدود خواهد شد.","spam"
"نتیجه بررسی اولیه نشان می‌دهد که امکان دریافت اعتبار ویژه را دارید. برای مشاهده مبلغ، وارد شوید.","spam"
"مشترک گرامی، یک اعتبار خرید بلااستفاده به مبلغ ۵ میلیون تومان در حساب شما باقی مانده است. در صورت عدم استفاده تا پایان این ماه، اعتبار شما حذف خواهد شد.","spam"
"با سلام، شما واجد شرایط دریافت اعتبار ویژه به مبلغ ۵ میلیون تومان شده‌اید. برای جلوگیری از لغو اعتبار، تا پایان این ماه اقدام کنید. برای مشاهده جزئیات وارد حساب خود شوید.","spam"
"اعتبار خرید تا سقف ۵ میلیون تومان برای حساب شما فعال شده است. در غیر این صورت، این امتیاز به‌صورت خودکار باطل می‌شود. برای فعال‌سازی، مشخصات خود را تکمیل کنید.","spam"
"با سلام، مبلغی به عنوان بازگشت وجه برای حساب شما در نظر گرفته شده است. در صورت عدم استفاده تا پایان امروز، اعتبار شما حذف خواهد شد. برای دریافت، مراحل ثبت را تکمیل نمایید.","spam"
"با سلام، مرسوله اداری شما به دفتر مرکزی تحویل شد. برای دریافت به واحد اداری مراجعه کنید.","ham"
"کاربر عزیز مبلغ ۵ میلیون تومان به عنوان اعتبار هدیه برای حساب شما ثبت شده است. در غیر این صورت، این امتیاز به‌صورت خودکار باطل می‌شود. برای مشاهده جزئیات وارد حساب خود شوید.","spam"
"به مناسبت سالگرد فعالیت مجموعه، کد تخفیف اختصاصی شما فعال شده است. این کد تنها تا پایان این ماه قابل استفاده است.","spam"
"حساب شما به دلیل یک فعالیت مشکوک در آستانه بررسی قرار گرفته است. جهت تأیید مالکیت، اطلاعات خود را ارسال کنید.","spam"
"فقط برای گروه محدودی از مشتریان، امکان خرید اقساطی با شرایط ویژه فراهم شده است. برای رزرو اقدام کنید.","spam"
"یک تراکنش ناموفق در حساب شما ثبت شده است. اگر متعلق به شما نیست، برای بررسی سریع‌تر اقدام کنید.","spam"
"حساب شما به دلیل یک فعالیت مشکوک در آستانه بررسی قرار گرفته است. جهت تأیید مالکیت، اطلاعات خود را ارسال کنید.","spam"
"همین حالا کار ت کنید و دریا فت بگیرید.","spam"
"صورت‌جلسه پروژه وب‌سایت پیوست شده است. لطفاً امضا و برگردانید.","ham"
"سلام آقای شریفی، ممنون بابت ارسال گزارش. فقط بخش جمع‌بندی نیاز به تکمیل دارد.","ham"
"کاربر محترم، مبلغی به عنوان هدیه ویژه به حسابتان اضافه شده است. برای جلوگیری از مسدود شدن، هویت خود را تأیید کنید.","spam"
"سلام، شماره شبا دریافت شد. اطلاعات جهت واریز به واحد مالی ارسال شد.","ham"
"با سلام، درخواست مرخصی شما در دست بررسی است و تا فردا پاسخ داده می‌شود.","ham"
"نتایج قرعه‌کشی اعلام شد و شما در فهرست برندگان قرار گرفته‌اید. برای دریافت جایزه، مراحل ثبت را تکمیل کنید.","spam"
"سلام، شماره شبا دریافت شد. اطلاعات جهت واریز به واحد مالی ارسال شد.","ham"
"کاربر عزیز، مبلغ ۵ میلیون تومان به عنوان اعتبار هدیه برای حساب شما ثبت شده است. جهت انتقال این مبلغ، اطلاعات حساب خود را به‌روزرسانی کنید.","spam"
"اعتبار خرید تا سقف ۵ میلیون تومان برای حساب شما فعال شده است.","spam"
"شما برای دریافت بسته خوش‌آمدگویی ویژه مشتریان جدید انتخاب شده‌اید. برای ارسال بسته، آدرس خود را ثبت کنید.","spam"
"یک بسته خدماتی با قیمت بسیار پایین‌تر از حالت عادی برای شما فعال شده است. این پیشنهاد تنها تا پایان این ماه معتبر است.","spam"
"فایل صوتی جلسه امروز در پوشه مشترک قرار گرفت.","ham"
"حساب شما به دلیل یک فعالیت مشکوک در آستانه بررسی قرار گرفته است. جهت تأیید مالکیت، اطلاعات خود را ارسال کنید.","spam"
"همین حالا برن ده کنید و اعتبا ر بگیرید.","spam"
"سلام، لینک جلسه آنلاین فردا ساعت ۱۶:۳۰ خدمت شما ارسال شد.","ham"
"سلام، مبلغی به عنوان هدیه ویژه به حسابتان اضافه شده است. برای استفاده، مشخصات حساب را وارد کنید.","spam"
"جشنوا ره ویژه! برای جا یزه هدی ه خود اقدام کنید.","spam"
"تبریک! شما کار ت شدید و جشنوا ره به حسابتان انجام شد.","spam"
"مبلغی به عنوان بازگشت وجه برای حساب شما در نظر گرفته شده است. در غیر این صورت، این امتیاز به‌صورت خودکار باطل می‌شود.","spam"
"امروز آخرین فرصت استفاده از قیمت ویژه دوره آموزشی ماست. پس از پایان مهلت، ثبت‌نام با قیمت اصلی انجام می‌شود.","spam"
"کاربر گرامی، به مناسبت سالگرد فعالیت مجموعه، کد تخفیف اختصاصی شما فعال شده است. این کد تنها تا پایان این ماه قابل استفاده است.","spam"
"فایل صوتی جلسه امروز در پوشه مشترک قرار گرفت.","ham"
"یک اعتبار خرید بلااستفاده به مبلغ ۵۰۰ هزار تومان در حساب شما باقی مانده است. لطفاً پیش از ۲۴ ساعت آینده اقدام فرمایید. برای مشاهده جزئیات وارد حساب خود شوید.","spam"
"مبلغی به عنوان هدیه ویژه به حسابتان اضافه شده است. جهت انتقال این مبلغ، اطلاعات حساب خود را به‌روزرسانی کنید.","spam"
"همراه گرامی، مبلغی به عنوان هدیه ویژه به حسابتان اضافه شده است. لطفاً پیش از مهلت اعلام‌شده اقدام فرمایید. برای مشاهده جزئیات وارد حساب خود شوید.","spam"
"مبلغ ۱۰ میلیون تومان به عنوان اعتبار هدیه برای حساب شما ثبت شده است. برای دریافت، مراحل ثبت را تکمیل نمایید.","spam"
"با سلام، فاکتور الکترونیکی شما صادر شده اما برای نهایی شدن نیاز به تأیید دارد. لطفاً تا ۱۲ ساعت آینده اقدام کنید.","spam"
"مشترک گرامی، مبلغ قابل توجهی به عنوان پاداش وفاداری برای شما محاسبه شده است. لطفاً پیش از پایان این ماه اقدام فرمایید. برای استفاده، مشخصات حساب را وارد کنید.","spam"
"شما کار ت ماه شدید. برای تخفی ف برن ده، عدد ۱ را بفرستید.","spam"
"شما برن ده ماه شدید. برای هدی ه واری ز، عدد ۱ را بفرستید.","spam"
"با سلام، مبلغ قابل توجهی به عنوان پاداش وفاداری برای شما محاسبه شده است. در غیر این صورت، این امتیاز به‌صورت خودکار باطل می‌شود. جهت انتقال این مبلغ، اطلاعات حساب خود را به‌روزرسانی کنید.","spam"
"مشترک گرامی، مبلغ قابل توجهی به عنوان پاداش وفاداری برای شما محاسبه شده است. لطفاً پیش از ۱۲ ساعت آینده اقدام فرمایید. برای جلوگیری از مسدود شدن، هویت خود را تأیید کنید.","spam"
"همراه گرامی، وام اولیه شما به مبلغ ۵ میلیون تومان تصویب شده و در انتظار تکمیل مراحل است. عدم انجام این کار ممکن است منجر به محدود شدن حساب شود. برای دریافت، مراحل ثبت را تکمیل نمایید.","spam"
"همراه گرامی، نتایج قرعه‌کشی اعلام شد و شما در فهرست برندگان قرار گرفته‌اید. برای دریافت جایزه، مراحل ثبت را تکمیل کنید.","spam"
"گزارش حضور و غیاب این ماه در سامانه قرار گرفت. در صورت مغایرت تا پایان هفته اطلاع دهید.","ham"
"اعتبار خرید تا سقف ۱۰۰ میلیون ریال برای حساب شما فعال شده است. برای مشاهده جزئیات وارد حساب خود شوید.","spam"
"همراه گرامی مبلغی به عنوان هدیه ویژه به حسابتان اضافه شده است. برای جلوگیری از لغو، مراحل را تا پایان امروز تکمیل نمایید. برای مشاهده جزئیات وارد حساب خود شوید.","spam"
"برای تکمیل پرونده عضویت، تصویر مدرک شناسایی و اطلاعات تماس موردنیاز است.","spam"
"مبلغی به عنوان بازگشت وجه برای حساب شما در نظر گرفته شده است. در صورت تکمیل نکردن اطلاعات، دسترسی شما محدود می‌شود. برای جلوگیری از مسدود شدن، هویت خود را تأیید کنید.","spam"
"در بررسی اخیر حساب شما، اطلاعات ناقصی مشاهده شده است. در صورت تکمیل نکردن، دسترسی محدود خواهد شد.","spam"
"صورت‌جلسه پروژه رها پیوست شده است. لطفاً امضا و برگردانید.","ham"
"نتیجه بررسی اولیه نشان می‌دهد که امکان دریافت اعتبار ویژه را دارید. برای مشاهده مبلغ، وارد شوید.","spam"
"مشترک گرامی، به مناسبت سالگرد فعالیت مجموعه، کد تخفیف اختصاصی شما فعال شده است. این کد تنها تا مهلت اعلام‌شده قابل استفاده است.","spam"
"طبق بررسی انجام‌شده شما واجد شرایط دریافت تسهیلات فوری هستید. برای اطلاع از مبلغ، اطلاعات خود را تکمیل کنید.","spam"
"کاربر محترم، درخواست عضویت شما در طرح ویژه ثبت شده اما هنوز تأیید نهایی نشده است. برای تکمیل، اطلاعات خود را ارسال کنید.","spam"
"یک تراکنش ناموفق در حساب شما ثبت شده است. اگر متعلق به شما نیست، برای بررسی سریع‌تر اقدام کنید.","spam"
"صورت‌جلسه داشبورد فروش پیوست شده است. لطفاً امضا و برگردانید.","ham"
"برای تکمیل پرونده عضویت، تصویر مدرک شناسایی و اطلاعات تماس موردنیاز است.","spam"
"کاربر گرامی، طبق بررسی انجام‌شده شما واجد شرایط دریافت تسهیلات فوری هستید. برای اطلاع از مبلغ، اطلاعات خود را تکمیل کنید.","spam"
"مبلغی به عنوان بازگشت وجه برای حساب شما در نظر گرفته شده است. برای جلوگیری از مسدود شدن، هویت خود را تأیید کنید.","spam"
"سلام، فاکتور مربوط به خرید هفته گذشته را دریافت کردم. وضعیت ارسال سفارش را اطلاع می‌دهید؟","ham"
"پیرو جلسه، پیش‌فاکتور داشبورد فروش ارسال شد. منتظر تأیید شما برای شروع هستیم.","ham"
"مبلغی به عنوان بازگشت وجه برای حساب شما در نظر گرفته شده است. برای جلوگیری از لغو اعتبار، تا پایان امروز اقدام کنید. برای مشاهده جزئیات وارد حساب خود شوید.","spam"
"با سلام، به نظر می‌رسد اشتراک شما در آستانه تمدید است. اگر قصد ادامه استفاده ندارید، تا پایان هفته اقدام کنید.","spam"
"سلام، فاکتور مربوط به خرید هفته گذشته را دریافت کردم. وضعیت ارسال سفارش را اطلاع می‌دهید؟","ham"
"مبلغ دو میلیون تومان به عنوان اعتبار هدیه برای حساب شما ثبت شده است. در صورت عدم استفاده تا ۴۸ ساعت آینده، اعتبار شما حذف خواهد شد.","spam"
"سلام، شماره شبا دریافت شد. اطلاعات جهت واریز به واحد مالی ارسال شد.","ham"
"یک اعتبار خرید بلااستفاده به مبلغ ۵۰۰ هزار تومان در حساب شما باقی مانده است. برای جلوگیری از لغو، مراحل را تا ۱۲ ساعت آینده تکمیل نمایید. برای مشاهده جزئیات وارد حساب خود شوید.","spam"
"یک تراکنش ناموفق در حساب شما ثبت شده است. اگر متعلق به شما نیست، برای بررسی سریع‌تر اقدام کنید.","spam"
"اعتبار خرید تا سقف دو میلیون تومان برای حساب شما فعال شده است. در صورت عدم استفاده تا پایان این ماه، اعتبار شما حذف خواهد شد. برای دریافت، مراحل ثبت را تکمیل نمایید.","spam"
"وام اولیه شما به مبلغ ۱۰ میلیون تومان تصویب شده و در انتظار تکمیل مراحل است. در غیر این صورت، این امتیاز به‌صورت خودکار باطل می‌شود. برای تکمیل مراحل، اطلاعات موردنیاز را ارسال نمایید.","spam"
"همین حالا برن ده کنید و قرعه کشی بگیرید.","spam"
"مشترک گرامی، برای تکمیل پرونده عضویت، تصویر مدرک شناسایی و اطلاعات تماس موردنیاز است.","spam"
"نتیجه بررسی اولیه نشان می‌دهد که امکان دریافت اعتبار ویژه را دارید. برای مشاهده مبلغ، وارد شوید.","spam"
"کاربر عزیز، یک اعتبار خرید بلااستفاده به مبلغ ۱۰ میلیون تومان در حساب شما باقی مانده است. در غیر این صورت، این امتیاز به‌صورت خودکار باطل می‌شود. برای مشاهده جزئیات وارد حساب خود شوید.","spam"
"همراه گرامی، مبلغ دو میلیون تومان به عنوان اعتبار هدیه برای حساب شما ثبت شده است. در صورت عدم استفاده تا ۱۲ ساعت آینده، اعتبار شما حذف خواهد شد. برای دریافت، مراحل ثبت را تکمیل نمایید.","spam"
"شما واجد شرایط دریافت اعتبار ویژه به مبلغ ۵ میلیون تومان شده‌اید. عدم انجام این کار ممکن است منجر به محدود شدن حساب شود. برای فعال‌سازی، مشخصات خود را تکمیل کنید.","spam"
"مبلغ مبلغ قابل توجهی به عنوان اعتبار هدیه برای حساب شما ثبت شده است. در صورت تکمیل نکردن اطلاعات، دسترسی شما محدود می‌شود. برای مشاهده جزئیات وارد حساب خود شوید.","spam"
"سلام، طبق هماهنگی قبلی فایل مربوط به پروژه را پیوست کردم. اگر نسخه دیگری نیاز است بفرمایید.","ham"
"پرداخت شما با موفقیت ثبت نشده است. برای جلوگیری از لغو سفارش، اطلاعات پرداخت را بررسی کنید.","spam"
"سلام خانم نادری، ممنون بابت ارسال گزارش. فقط بخش جمع‌بندی نیاز به تکمیل دارد.","ham"
"یک پیام جدید درباره پرونده مالی شما ثبت شده است. برای مشاهده و جلوگیری از تأخیر، وارد شوید.","spam"
"به دلیل افزایش تقاضا، ظرفیت این طرح در حال تکمیل است. در صورت تمایل، ثبت‌نام خود را نهایی کنید.","spam"
"با سلام، به علت تغییرات سامانه، برخی حساب‌ها نیاز به تأیید مجدد دارند. لطفاً پیش از ۲۴ ساعت آینده تأیید کنید.","spam"
"به دلیل افزایش تقاضا، ظرفیت این طرح در حال تکمیل است. در صورت تمایل، ثبت‌نام خود را نهایی کنید.","spam"
"مشتری گرامی، مبلغی به عنوان بازگشت وجه برای حساب شما در نظر گرفته شده است. در غیر این صورت، این امتیاز به‌صورت خودکار باطل می‌شود. برای فعال‌سازی، مشخصات خود را تکمیل کنید.","spam"
"سلام، شما واجد شرایط دریافت اعتبار ویژه به مبلغ مبلغ قابل توجهی شده‌اید. در غیر این صورت، این امتیاز به‌صورت خودکار باطل می‌شود.","spam"
"کاربر عزیز، شما واجد شرایط دریافت اعتبار ویژه به مبلغ ۵۰۰ هزار تومان شده‌اید. در صورت تکمیل نکردن اطلاعات، دسترسی شما محدود می‌شود. برای دریافت، مراحل ثبت را تکمیل نمایید.","spam"
"واری ز ویژه! برای دریا فت هدی ه خود اقدام کنید.","spam"
"به دلیل افزایش تقاضا، ظرفیت این طرح در حال تکمیل است. در صورت تمایل، ثبت‌نام خود را نهایی کنید.","spam"
"کاربر گرامی، مبلغی به عنوان هدیه ویژه به حسابتان اضافه شده است. برای جلوگیری از لغو اعتبار، تا پایان هفته اقدام کنید. برای تکمیل مراحل، اطلاعات موردنیاز را ارسال نمایید.","spam"
"همراه گرامی، مبلغی به عنوان بازگشت وجه برای حساب شما در نظر گرفته شده است. برای تکمیل مراحل، اطلاعات موردنیاز را ارسال نمایید.","spam"
"یک تخفیف شخصی‌سازی‌شده بر اساس خریدهای قبلی شما آماده شده است. تا ۱۲ ساعت آینده فرصت استفاده دارید.","spam"
"وقت بخیر، یادآوری می‌کنم جلسه فردا ساعت ۹ صبح برگزار می‌شود. در صورت تغییر برنامه اطلاع دهید.","ham"
"حساب شما به دلیل یک فعالیت مشکوک در آستانه بررسی قرار گرفته است. جهت تأیید مالکیت، اطلاعات خود را ارسال کنید.","spam"
"نتیجه بررسی اولیه نشان می‌دهد که امکان دریافت اعتبار ویژه را دارید. برای مشاهده مبلغ، وارد شوید.","spam"
"درخواست عضویت شما در طرح ویژه ثبت شده اما هنوز تأیید نهایی نشده است. برای تکمیل، اطلاعات خود را ارسال کنید.","spam"
"مبلغی به عنوان هدیه ویژه به حسابتان اضافه شده است. در صورت عدم استفاده تا ۴۸ ساعت آینده، اعتبار شما حذف خواهد شد. برای دریافت، مراحل ثبت را تکمیل نمایید.","spam"
"کاربر گرامی، یک اعتبار خرید بلااستفاده به مبلغ ۵ میلیون تومان در حساب شما باقی مانده است. برای جلوگیری از لغو، مراحل را تا پایان هفته تکمیل نمایید. جهت انتقال این مبلغ، اطلاعات حساب خود را به‌روزرسانی کنید.","spam"
"روزی‌ات در راه است. تا آخر بخوان و برای دیگران بفرست، ثواب دارد.","spam"
"مبلغی به عنوان بازگشت وجه برای حساب شما در نظر گرفته شده است. در صورت عدم استفاده تا ۲۴ ساعت آینده، اعتبار شما حذف خواهد شد. جهت انتقال این مبلغ، اطلاعات حساب خود را به‌روزرسانی کنید.","spam"
"سلام، لینک جلسه آنلاین فردا ساعت ۹ صبح خدمت شما ارسال شد.","ham"
"کاربر عزیز، یک اعتبار خرید بلااستفاده به مبلغ ۵۰۰ هزار تومان در حساب شما باقی مانده است. در غیر این صورت، این امتیاز به‌صورت خودکار باطل می‌شود. برای مشاهده جزئیات وارد حساب خود شوید.","spam"
"سلام، گزارش جلسه امروز را برایتان ارسال کردم. اگر موردی نیاز به اصلاح دارد، لطفاً اطلاع دهید.","ham"
"حساب شما به دلیل یک فعالیت مشکوک در آستانه بررسی قرار گرفته است. جهت تأیید مالکیت، اطلاعات خود را ارسال کنید.","spam"
"به حق این دعا. هرکی نخونه ضرر کرده، فوری برای همه بفرست.","spam"
"برای شما یک هدیه نقدی به ارزش ۵۰ میلیون ریال در نظر گرفته شده است.","spam"
"کاربر عزیز، امروز آخرین فرصت استفاده از قیمت ویژه دوره آموزشی ماست. پس از پایان مهلت، ثبت‌نام با قیمت اصلی انجام می‌شود.","spam"
"یک تراکنش ناموفق در حساب شما ثبت شده است. اگر متعلق به شما نیست، برای بررسی سریع‌تر اقدام کنید.","spam"
"شما کلی ک ماه شدید. برای کار ت واری ز، عدد ۱ را بفرستید.","spam"
"سلام دکتر موسوی، ممنون بابت ارسال گزارش. فقط بخش جمع‌بندی نیاز به تکمیل دارد.","ham"
"جلسه داخلی هماهنگی سامانه انبار فردا ساعت ۱۰ برگزار می‌شود. حضور همکاران الزامی است.","ham"
"مشترک گرامی، قیمت این محصول تنها برای دریافت‌کنندگان این ایمیل کاهش یافته است. برای خرید تا ۱۲ ساعت آینده اقدام کنید.","spam"
"کاربر عزیز، یک اعتبار خرید بلااستفاده به مبلغ ۵ میلیون تومان در حساب شما باقی مانده است. لطفاً پیش از ۲۴ ساعت آینده اقدام فرمایید.","spam"
"سلام، نسخه نهایی سند پروژه رها بارگذاری شد. منتظر نظرات شما هستم.","ham"
"وام اولیه شما به مبلغ مبلغ قابل توجهی تصویب شده و در انتظار تکمیل مراحل است. لطفاً پیش از ۱۲ ساعت آینده اقدام فرمایید. برای فعال‌سازی، مشخصات خود را تکمیل کنید.","spam"
"یک تراکنش ناموفق در حساب شما ثبت شده است. اگر متعلق به شما نیست، برای بررسی سریع‌تر اقدام کنید.","spam"
"سلام، من از پشتیبانی اپلیکیشن هستم. برای بازیابی اکانت، رمز یکبارمصرف را ارسال کنید.","spam"
"کاربر محترم، یک تراکنش ناموفق در حساب شما ثبت شده است. اگر متعلق به شما نیست، برای بررسی سریع‌تر اقدام کنید.","spam"
"پیرو جلسه، پیش‌فاکتور پروژه وب‌سایت ارسال شد. منتظر تأیید شما برای شروع هستیم.","ham"
"همین حالا هدی ه کنید و ثبت نا م بگیرید.","spam"
"با سلام، درخواست مرخصی شما در دست بررسی است و تا فردا پاسخ داده می‌شود.","ham"
"مشتری عزیز، مبلغ قابل توجهی به عنوان پاداش وفاداری برای شما محاسبه شده است. لطفاً پیش از مهلت اعلام‌شده اقدام فرمایید. برای مشاهده جزئیات وارد حساب خود شوید.","spam"
"یک بسته خدماتی با قیمت بسیار پایین‌تر از حالت عادی برای شما فعال شده است. این پیشنهاد تنها تا پایان هفته معتبر است.","spam"
"جلسه داخلی هماهنگی پروژه وب‌سایت فردا ساعت ۱۴ برگزار می‌شود. حضور همکاران الزامی است.","ham"
"کاربر گرامی، برخی اطلاعات حساب شما با سوابق ثبت‌شده مطابقت ندارد. برای جلوگیری از مسدود شدن، اقدام فرمایید.","spam"
"به دلیل تغییر شرایط سرویس، لازم است اطلاعات حساب خود را به‌روزرسانی کنید. عدم انجام این کار دسترسی شما را محدود می‌کند.","spam"
"یادآوری: مهلت تحویل پروژه الف پایان هفته است. در صورت نیاز به زمان بیشتر اطلاع دهید.","ham"
"کاربر محترم، نتایج قرعه‌کشی اعلام شد و شما در فهرست برندگان قرار گرفته‌اید. برای دریافت جایزه، مراحل ثبت را تکمیل کنید.","spam"
"حساب شما به دلیل یک فعالیت مشکوک در آستانه بررسی قرار گرفته است. جهت تأیید مالکیت، اطلاعات خود را ارسال کنید.","spam"
"حساب شما در فهرست مشتریان منتخب قرار گرفته است. برای دریافت مزایای ویژه، ثبت‌نام را تکمیل کنید.","spam"
"کاربر گرامی، به علت تغییرات سامانه، برخی حساب‌ها نیاز به تأیید مجدد دارند. لطفاً پیش از ۱۲ ساعت آینده تأیید کنید.","spam"
"همکار گرامی، بیمه تکمیلی از ابتدای ماه آینده فعال می‌شود. جزئیات در پورتال است.","ham"
"تبریک! شما واری ز شدید و جا یزه به حسابتان انجام شد.","spam"
"کاربر گرامی، مبلغ قابل توجهی به عنوان پاداش وفاداری برای شما محاسبه شده است. برای فعال‌سازی، مشخصات خود را تکمیل کنید.","spam"
"فقط برای گروه محدودی از مشتریان، امکان خرید اقساطی با شرایط ویژه فراهم شده است. برای رزرو اقدام کنید.","spam"
"روزی‌ات در راه است. این پیام را برای ۱۰ نفر بفرست وگرنه ضرر می‌کنی.","spam"
"نتایج ارزیابی عملکرد در پورتال سازمانی قرار گرفت. برای مشاهده وارد پنل شوید.","ham"
"وام اولیه شما به مبلغ ۱۰ میلیون تومان تصویب شده و در انتظار تکمیل مراحل است. برای جلوگیری از لغو، مراحل را تا ۲۴ ساعت آینده تکمیل نمایید.","spam"
"شما برای دریافت بسته خوش‌آمدگویی ویژه مشتریان جدید انتخاب شده‌اید. برای ارسال بسته، آدرس خود را ثبت کنید.","spam"
"مرخصی درخواستی شما تأیید شد. لطفاً قبل از شروع، تحویل کار را با آقای احمدی هماهنگ کنید.","ham"
"در صورتی که این پیام را دریافت کرده‌اید، حساب شما در فهرست مشتریان منتخب قرار گرفته است. برای فعال‌سازی اقدام کنید.","spam"
"اعتبار خرید تا سقف ۱۰ میلیون تومان برای حساب شما فعال شده است. در صورت تکمیل نکردن اطلاعات، دسترسی شما محدود می‌شود. برای فعال‌سازی، مشخصات خود را تکمیل کنید.","spam"
"به علت تغییرات سامانه، برخی حساب‌ها نیاز به تأیید مجدد دارند. لطفاً پیش از پایان این ماه تأیید کنید.","spam"
"فرصت محدود همکاری با مجموعه ما برای شما در نظر گرفته شده است. بدون نیاز به سابقه، همین حالا اقدام کنید.","spam"
"مبلغی به عنوان بازگشت وجه برای حساب شما در نظر گرفته شده است. برای تکمیل مراحل، اطلاعات موردنیاز را ارسال نمایید.","spam"
"مبلغ ۱۰ میلیون تومان به عنوان اعتبار هدیه برای حساب شما ثبت شده است. در غیر این صورت، این امتیاز به‌صورت خودکار باطل می‌شود. برای استفاده، مشخصات حساب را وارد کنید.","spam"
"کاربر عزیز، وام اولیه شما به مبلغ ۵ میلیون تومان تصویب شده و در انتظار تکمیل مراحل است. برای جلوگیری از مسدود شدن، هویت خود را تأیید کنید.","spam"
"طبق بررسی انجام‌شده شما واجد شرایط دریافت تسهیلات فوری هستید. برای اطلاع از مبلغ، اطلاعات خود را تکمیل کنید.","spam"
"فقط برای گروه محدودی از مشتریان، امکان خرید اقساطی با شرایط ویژه فراهم شده است. برای رزرو اقدام کنید.","spam"
"همراه گرامی، شما برای دریافت بسته خوش‌آمدگویی ویژه مشتریان جدید انتخاب شده‌اید. برای ارسال بسته، آدرس خود را ثبت کنید.","spam"
"مبلغی به عنوان هدیه ویژه به حسابتان اضافه شده است. در غیر این صورت، این امتیاز به‌صورت خودکار باطل می‌شود. برای استفاده، مشخصات حساب را وارد کنید.","spam"
"کاربر گرامی، برای شما یک هدیه نقدی به ارزش ۱۰ میلیون تومان در نظر گرفته شده است. در صورت تکمیل نکردن اطلاعات، دسترسی شما محدود می‌شود.","spam"
"وقت بخیر، یادآوری می‌کنم جلسه فردا ساعت ۹ صبح برگزار می‌شود. در صورت تغییر برنامه اطلاع دهید.","ham"
"با سلام، یک تراکنش ناموفق در حساب شما ثبت شده است. اگر متعلق به شما نیست، برای بررسی سریع‌تر اقدام کنید.","spam"
"به علت تغییرات سامانه، برخی حساب‌ها نیاز به تأیید مجدد دارند. لطفاً پیش از پایان هفته تأیید کنید.","spam"
"یک بسته خدماتی با قیمت بسیار پایین‌تر از حالت عادی برای شما فعال شده است. این پیشنهاد تنها تا پایان امروز معتبر است.","spam"
"در صورتی که این پیام را دریافت کرده‌اید، حساب شما در فهرست مشتریان منتخب قرار گرفته است. برای فعال‌سازی اقدام کنید.","spam"
"کاربر عزیز، اعتبار خرید تا سقف ۵۰۰ هزار تومان برای حساب شما فعال شده است. برای استفاده، مشخصات حساب را وارد کنید.","spam"
"مبلغی به عنوان بازگشت وجه برای حساب شما در نظر گرفته شده است. برای مشاهده جزئیات وارد حساب خود شوید.","spam"
"با سلام، یک بسته خدماتی با قیمت بسیار پایین‌تر از حالت عادی برای شما فعال شده است. این پیشنهاد تنها تا پایان این ماه معتبر است.","spam"
"مشتری عزیز، پیشنهاد همکاری شما همچنان فعال است. امکان انجام پروژه‌ها به صورت دورکاری وجود دارد؛ مشخصات خود را ارسال کنید.","spam"
"مشتری عزیز، شما واجد شرایط دریافت اعتبار ویژه به مبلغ دو میلیون تومان شده‌اید. در صورت عدم استفاده تا ۴۸ ساعت آینده، اعتبار شما حذف خواهد شد. برای فعال‌سازی، مشخصات خود را تکمیل کنید.","spam"
"با سلام، جلسه با مشتری به هفته آینده موکول شد. برنامه جدید را متعاقباً ارسال می‌کنم.","ham"
"با سلام، جلسه با مشتری به هفته آینده موکول شد. برنامه جدید را متعاقباً ارسال می‌کنم.","ham"
"به دلیل تغییر شرایط سرویس، لازم است اطلاعات حساب خود را به‌روزرسانی کنید. عدم انجام این کار دسترسی شما را محدود می‌کند.","spam"
"نتیجه بررسی اولیه نشان می‌دهد که امکان دریافت اعتبار ویژه را دارید. برای مشاهده مبلغ، وارد شوید.","spam"
"سلام، حق‌التدریس این ماه طبق روال تا پایان هفته واریز می‌شود.","ham"
"مشتری عزیز، یک اعتبار خرید بلااستفاده به مبلغ ۵ میلیون تومان در حساب شما باقی مانده است. برای تکمیل مراحل، اطلاعات موردنیاز را ارسال نمایید.","spam"
"شما واجد شرایط دریافت اعتبار ویژه به مبلغ دو میلیون تومان شده‌اید. عدم انجام این کار ممکن است منجر به محدود شدن حساب شود. برای فعال‌سازی، مشخصات خود را تکمیل کنید.","spam"
"با تشکر از حضور شما در جلسه، خلاصه مصوبات پیوست شده است.","ham"
"خبری که منتظرش بودی می‌رسد. اگر این پیام را فوروارد نکنی اتفاق بدی می‌افتد. باور کن!","spam"
"کاربر محترم، یک اعتبار خرید بلااستفاده به مبلغ ۱۰۰ میلیون ریال در حساب شما باقی مانده است. در صورت عدم استفاده تا پایان امروز، اعتبار شما حذف خواهد شد.","spam"
"فقط برای گروه محدودی از مشتریان، امکان خرید اقساطی با شرایط ویژه فراهم شده است. برای رزرو اقدام کنید.","spam"
"سلام، برای شما یک هدیه نقدی به ارزش ۱۰۰ میلیون ریال در نظر گرفته شده است.","spam"
"فایل صوتی جلسه امروز در پوشه مشترک قرار گرفت.","ham"
"مشتری گرامی، مبلغی به عنوان بازگشت وجه برای حساب شما در نظر گرفته شده است. برای جلوگیری از لغو، مراحل را تا پایان این ماه تکمیل نمایید. برای استفاده، مشخصات حساب را وارد کنید.","spam"
"مشترک گرامی، مبلغ قابل توجهی به عنوان پاداش وفاداری برای شما محاسبه شده است. لطفاً پیش از ۱۲ ساعت آینده اقدام فرمایید.","spam"
"برخی اطلاعات حساب شما با سوابق ثبت‌شده مطابقت ندارد. برای جلوگیری از مسدود شدن، اقدام فرمایید.","spam"
"عزیز سلام. سلام من کارمند بانک هستم و برای تمدید کارت شما نیاز به کد پیامک‌شده دارم.","spam"
"مرخصی درخواستی شما تأیید شد. لطفاً قبل از شروع، تحویل کار را با خانم رضایی هماهنگ کنید.","ham"
"سلام، به دلیل افزایش تقاضا، ظرفیت این طرح در حال تکمیل است. در صورت تمایل، ثبت‌نام خود را نهایی کنید.","spam"
"به دلیل تغییر شرایط سرویس، لازم است اطلاعات حساب خود را به‌روزرسانی کنید. عدم انجام این کار دسترسی شما را محدود می‌کند.","spam"
"مشتری گرامی، یک اعتبار خرید بلااستفاده به مبلغ دو میلیون تومان در حساب شما باقی مانده است. در صورت تکمیل نکردن اطلاعات، دسترسی شما محدود می‌شود. برای مشاهده جزئیات وارد حساب خود شوید.","spam"
"فایل صوتی جلسه امروز در پوشه مشترک قرار گرفت.","ham"
"سلام، لینک جلسه آنلاین فردا ساعت ۱۴ خدمت شما ارسال شد.","ham"
"یک اعتبار خرید بلااستفاده به مبلغ ۵۰ میلیون ریال در حساب شما باقی مانده است. جهت انتقال این مبلغ، اطلاعات حساب خود را به‌روزرسانی کنید.","spam"
"با سلام، مدارکی که درخواست کرده بودید آماده شده است و در ادامه ایمیل برایتان ارسال می‌کنم.","ham"
"یادآوری: مهلت تحویل پروژه وب‌سایت پایان هفته است. در صورت نیاز به زمان بیشتر اطلاع دهید.","ham"
"مشترک گرامی، مبلغی به عنوان هدیه ویژه به حسابتان اضافه شده است. برای دریافت، مراحل ثبت را تکمیل نمایید.","spam"
"حساب شما به دلیل یک فعالیت مشکوک در آستانه بررسی قرار گرفته است. جهت تأیید مالکیت، اطلاعات خود را ارسال کنید.","spam"
"مشترک گرامی، اعتبار خرید تا سقف ۱۰۰ میلیون ریال برای حساب شما فعال شده است. لطفاً پیش از پایان امروز اقدام فرمایید. برای جلوگیری از مسدود شدن، هویت خود را تأیید کنید.","spam"
"سلام، شماره شبا دریافت شد. اطلاعات جهت واریز به واحد مالی ارسال شد.","ham"
"فوری: کد تأییدی که الان برایتان پیامک شد را برای من بفرستید تا مشکلتان حل شود.","spam"
"به نظر می‌رسد اشتراک شما در آستانه تمدید است. اگر قصد ادامه استفاده ندارید، تا ۱۲ ساعت آینده اقدام کنید.","spam"
"مبلغی به عنوان بازگشت وجه برای حساب شما در نظر گرفته شده است. عدم انجام این کار ممکن است منجر به محدود شدن حساب شود. برای مشاهده جزئیات وارد حساب خود شوید.","spam"
"پرداخت شما با موفقیت ثبت نشده است. برای جلوگیری از لغو سفارش، اطلاعات پرداخت را بررسی کنید.","spam"
"با سلام، مبلغ قابل توجهی به عنوان پاداش وفاداری برای شما محاسبه شده است. برای دریافت، مراحل ثبت را تکمیل نمایید.","spam"
"گزارش حضور و غیاب این ماه در سامانه قرار گرفت. در صورت مغایرت تا پایان هفته اطلاع دهید.","ham"
"فایل صوتی جلسه امروز در پوشه مشترک قرار گرفت.","ham"
"با سلام، مبلغ یک میلیون تومان به عنوان اعتبار هدیه برای حساب شما ثبت شده است. برای جلوگیری از لغو اعتبار، تا پایان هفته اقدام کنید. برای مشاهده جزئیات وارد حساب خود شوید.","spam"
"مشترک گرامی، نتیجه بررسی اولیه نشان می‌دهد که امکان دریافت اعتبار ویژه را دارید. برای مشاهده مبلغ، وارد شوید.","spam"
"سلام، شماره شبا دریافت شد. اطلاعات جهت واریز به واحد مالی ارسال شد.","ham"
"کاربر محترم مبلغی به عنوان بازگشت وجه برای حساب شما در نظر گرفته شده است.","spam"
"وقت بخیر، یادآوری می‌کنم جلسه فردا ساعت ۹ صبح برگزار می‌شود. در صورت تغییر برنامه اطلاع دهید.","ham"
"همکار گرامی، کارگاه آموزشی داخلی پنجشنبه ساعت ۱۴ برگزار می‌شود. ثبت‌نام از واحد آموزش.","ham"
"در صورتی که این پیام را دریافت کرده‌اید، حساب شما در فهرست مشتریان منتخب قرار گرفته است. برای فعال‌سازی اقدام کنید.","spam"
"نتایج قرعه‌کشی اعلام شد و شما در فهرست برندگان قرار گرفته‌اید. برای دریافت جایزه، مراحل ثبت را تکمیل کنید.","spam"
"اطلاعیه مهم امنیتی: ورود غیرمعمولی به حساب شما شناسایی شده است. برای جلوگیری از محدود شدن، هویت خود را تأیید کنید.","spam"
"یک تراکنش ناموفق در حساب شما ثبت شده است. اگر متعلق به شما نیست، برای بررسی سریع‌تر اقدام کنید.","spam"
"نتایج ارزیابی عملکرد در پورتال سازمانی قرار گرفت. برای مشاهده وارد پنل شوید.","ham"
"مشتری عزیز، مبلغ قابل توجهی به عنوان پاداش وفاداری برای شما محاسبه شده است. برای مشاهده جزئیات وارد حساب خود شوید.","spam"
"به نظر می‌رسد اشتراک شما در آستانه تمدید است. اگر قصد ادامه استفاده ندارید، تا ۱۲ ساعت آینده اقدام کنید.","spam"
"به نظر می‌رسد اشتراک شما در آستانه تمدید است. اگر قصد ادامه استفاده ندارید، تا پایان هفته اقدام کنید.","spam"
"فایل صوتی جلسه امروز در پوشه مشترک قرار گرفت.","ham"
"مشتری گرامیاطلاعیه مهم امنیتی: ورود غیرمعمولی به حساب شما شناسایی شده است. برای جلوگیری از محدود شدن، هویت خود را تأیید کنید.","spam"
"مبلغی به عنوان بازگشت وجه برای حساب شما در نظر گرفته شده است. برای جلوگیری از مسدود شدن، هویت خود را تأیید کنید.","spam"
"مبلغی به عنوان بازگشت وجه برای حساب شما در نظر گرفته شده است. برای تکمیل مراحل، اطلاعات موردنیاز را ارسال نمایید.","spam"
"در صورتی که این پیام را دریافت کرده‌اید، حساب شما در فهرست مشتریان منتخب قرار گرفته است. برای فعال‌سازی اقدام کنید.","spam"
"همین حالا اعتبا ر کنید و کار ت بگیرید.","spam"
"عزیز سلام. سلام، پشتیبانی واتساپ هستم. اکانت شما هک شده؛ لطفاً کد ۶ رقمی که برایتان آمد را بفرستید.","spam"
"مشتری عزیز، مبلغ مبلغ قابل توجهی به عنوان اعتبار هدیه برای حساب شما ثبت شده است.","spam"
"سلام، گزارش جلسه امروز را برایتان ارسال کردم. اگر موردی نیاز به اصلاح دارد، لطفاً اطلاع دهید.","ham"
"همین حالا جا یزه کنید و دریا فت بگیرید.","spam"
"فایل صوتی جلسه امروز در پوشه مشترک قرار گرفت.","ham"
"سلام، اعتبار خرید تا سقف ۱۰ میلیون تومان برای حساب شما فعال شده است. برای جلوگیری از لغو اعتبار، تا پایان امروز اقدام کنید. برای فعال‌سازی، مشخصات خود را تکمیل کنید.","spam"
"جلسه داخلی هماهنگی پروژه وب‌سایت فردا ساعت ۱۶:۳۰ برگزار می‌شود. حضور همکاران الزامی است.","ham"
"کاربر گرامی وام اولیه شما به مبلغ ۵ میلیون تومان تصویب شده و در انتظار تکمیل مراحل است. لطفاً پیش از ۴۸ ساعت آینده اقدام فرمایید.","spam"
"اطلاعیه مهم امنیتی: ورود غیرمعمولی به حساب شما شناسایی شده است. برای جلوگیری از محدود شدن، هویت خود را تأیید کنید.","spam"
"مبلغ قابل توجهی به عنوان پاداش وفاداری برای شما محاسبه شده است. در صورت عدم استفاده تا پایان هفته، اعتبار شما حذف خواهد شد. جهت انتقال این مبلغ، اطلاعات حساب خود را به‌روزرسانی کنید.","spam"
"گزارش حضور و غیاب این ماه در سامانه قرار گرفت. در صورت مغایرت تا پایان هفته اطلاع دهید.","ham"
"با سلام، مدارکی که درخواست کرده بودید آماده شده است و در ادامه ایمیل برایتان ارسال می‌کنم.","ham"
"مشترک گرامی، فاکتور الکترونیکی شما صادر شده اما برای نهایی شدن نیاز به تأیید دارد. لطفاً تا پایان هفته اقدام کنید.","spam"
"کاربر عزیز، فرصت محدود همکاری با مجموعه ما برای شما در نظر گرفته شده است. بدون نیاز به سابقه، همین حالا اقدام کنید.","spam"
"نتایج ارزیابی عملکرد در پورتال سازمانی قرار گرفت. برای مشاهده وارد پنل شوید.","ham"
"همراه گرامی مبلغی به عنوان بازگشت وجه برای حساب شما در نظر گرفته شده است. در صورت تکمیل نکردن اطلاعات، دسترسی شما محدود می‌شود. برای دریافت، مراحل ثبت را تکمیل نمایید.","spam"
"یک بسته خدماتی با قیمت بسیار پایین‌تر از حالت عادی برای شما فعال شده است. این پیشنهاد تنها تا ۴۸ ساعت آینده معتبر است.","spam"
"کاربر عزیزفرصت محدود همکاری با مجموعه ما برای شما در نظر گرفته شده است. بدون نیاز به سابقه، همین حالا اقدام کنید.","spam"
"کاربر عزیز، شما واجد شرایط دریافت اعتبار ویژه به مبلغ ۱۰ میلیون تومان شده‌اید. برای دریافت، مراحل ثبت را تکمیل نمایید.","spam"
"نتایج قرعه‌کشی اعلام شد و شما در فهرست برندگان قرار گرفته‌اید. برای دریافت جایزه، مراحل ثبت را تکمیل کنید.","spam"
"سلام، مبلغی به عنوان بازگشت وجه برای حساب شما در نظر گرفته شده است. برای جلوگیری از لغو، مراحل را تا مهلت اعلام‌شده تکمیل نمایید. برای دریافت، مراحل ثبت را تکمیل نمایید.","spam"
"به مناسبت سالگرد فعالیت مجموعه، کد تخفیف اختصاصی شما فعال شده است. این کد تنها تا پایان امروز قابل استفاده است.","spam"
"با سرمایه‌ای اندک می‌توانید وارد بازار جدید شوید و از سود ماهانه بهره‌مند شوید. ظرفیت ثبت‌نام محدود است.","spam"
"مشتری عزیز، امروز آخرین فرصت استفاده از قیمت ویژه دوره آموزشی ماست. پس از پایان مهلت، ثبت‌نام با قیمت اصلی انجام می‌شود.","spam"
"پرداخت شما با موفقیت ثبت نشده است. برای جلوگیری از لغو سفارش، اطلاعات پرداخت را بررسی کنید.","spam"
"اعتبار خرید تا سقف ۵ میلیون تومان برای حساب شما فعال شده است. لطفاً پیش از ۱۲ ساعت آینده اقدام فرمایید. برای مشاهده جزئیات وارد حساب خود شوید.","spam"
"وقت بخیر، یادآوری می‌کنم جلسه فردا ساعت ۱۶:۳۰ برگزار می‌شود. در صورت تغییر برنامه اطلاع دهید.","ham"
"فرصت محدود همکاری با مجموعه ما برای شما در نظر گرفته شده است. بدون نیاز به سابقه، همین حالا اقدام کنید.","spam"
"نتایج قرعه‌کشی اعلام شد و شما در فهرست برندگان قرار گرفته‌اید. برای دریافت جایزه، مراحل ثبت را تکمیل کنید.","spam"
"اطلاعیه مهم امنیتی: ورود غیرمعمولی به حساب شما شناسایی شده است. برای جلوگیری از محدود شدن، هویت خود را تأیید کنید.","spam"
"سلام، فاکتور خرید شما آماده شده است؛ به دلیل وجود مغایرت در اطلاعات پرداخت، تأیید مجدد لازم است.","spam"
"یک اعتبار خرید بلااستفاده به مبلغ ۱۰ میلیون تومان در حساب شما باقی مانده است.","spam"
"به علت تغییرات سامانه، برخی حساب‌ها نیاز به تأیید مجدد دارند. لطفاً پیش از ۲۴ ساعت آینده تأیید کنید.","spam"
"یادآوری: مهلت تحویل پروژه الف پایان هفته است. در صورت نیاز به زمان بیشتر اطلاع دهید.","ham"
"کاربر عزیز، طبق بررسی انجام‌شده شما واجد شرایط دریافت تسهیلات فوری هستید. برای اطلاع از مبلغ، اطلاعات خود را تکمیل کنید.","spam"
"مبلغی به عنوان هدیه ویژه به حسابتان اضافه شده است. در صورت عدم استفاده تا ۴۸ ساعت آینده، اعتبار شما حذف خواهد شد. برای استفاده، مشخصات حساب را وارد کنید.","spam"
"با سلام، درخواست مرخصی شما در دست بررسی است و تا فردا پاسخ داده می‌شود.","ham"
"سلام، یک اعتبار خرید بلااستفاده به مبلغ مبلغ قابل توجهی در حساب شما باقی مانده است. عدم انجام این کار ممکن است منجر به محدود شدن حساب شود.","spam"
"مشتری عزیز، سفارش شما به دلیل تکمیل نشدن اطلاعات گیرنده در انتظار ارسال است. آدرس و شماره تماس خود را تکمیل کنید.","spam"
"مشترک گرامی، پرداخت شما با موفقیت ثبت نشده است. برای جلوگیری از لغو سفارش، اطلاعات پرداخت را بررسی کنید.","spam"
"فقط برای گروه محدودی از مشتریان، امکان خرید اقساطی با شرایط ویژه فراهم شده است. برای رزرو اقدام کنید.","spam"
"با سلام، به دلیل تغییر شرایط سرویس، لازم است اطلاعات حساب خود را به‌روزرسانی کنید. عدم انجام این کار دسترسی شما را محدود می‌کند.","spam"
"کاربر عزیز، درخواست عضویت شما در طرح ویژه ثبت شده اما هنوز تأیید نهایی نشده است. برای تکمیل، اطلاعات خود را ارسال کنید.","spam"
"وام اولیه شما به مبلغ مبلغ قابل توجهی تصویب شده و در انتظار تکمیل مراحل است. لطفاً پیش از مهلت اعلام‌شده اقدام فرمایید. برای جلوگیری از مسدود شدن، هویت خود را تأیید کنید.","spam"
"کاربر گرامی، اعتبار خرید تا سقف مبلغ قابل توجهی برای حساب شما فعال شده است. در صورت عدم استفاده تا ۱۲ ساعت آینده، اعتبار شما حذف خواهد شد. برای تکمیل مراحل، اطلاعات موردنیاز را ارسال نمایید.","spam"
"سلام، مبلغی به عنوان بازگشت وجه برای حساب شما در نظر گرفته شده است. در صورت عدم استفاده تا پایان هفته، اعتبار شما حذف خواهد شد.","spam"
"همراه گرامی، فاکتور الکترونیکی شما صادر شده اما برای نهایی شدن نیاز به تأیید دارد. لطفاً تا ۱۲ ساعت آینده اقدام کنید.","spam"
"شما واجد شرایط دریافت اعتبار ویژه به مبلغ ۵ میلیون تومان شده‌اید. برای تکمیل مراحل، اطلاعات موردنیاز را ارسال نمایید.","spam"
"مشترک گرامی، امروز آخرین فرصت استفاده از قیمت ویژه دوره آموزشی ماست. پس از پایان مهلت، ثبت‌نام با قیمت اصلی انجام می‌شود.","spam"
"یک اعتبار خرید بلااستفاده به مبلغ ۵۰ میلیون ریال در حساب شما باقی مانده است. برای استفاده، مشخصات حساب را وارد کنید.","spam"
"یک بسته خدماتی با قیمت بسیار پایین‌تر از حالت عادی برای شما فعال شده است. این پیشنهاد تنها تا ۲۴ ساعت آینده معتبر است.","spam"
"همراه گرامی، اطلاعیه مهم امنیتی: ورود غیرمعمولی به حساب شما شناسایی شده است. برای جلوگیری از محدود شدن، هویت خود را تأیید کنید.","spam"
"همراه گرامینتایج قرعه‌کشی اعلام شد و شما در فهرست برندگان قرار گرفته‌اید. برای دریافت جایزه، مراحل ثبت را تکمیل کنید.","spam"
"صورت‌جلسه پروژه رها پیوست شده است. لطفاً امضا و برگردانید.","ham"
"به علت تغییرات سامانه، برخی حساب‌ها نیاز به تأیید مجدد دارند. لطفاً پیش از پایان این ماه تأیید کنید.","spam"
"به مناسبت سالگرد فعالیت مجموعه، کد تخفیف اختصاصی شما فعال شده است. این کد تنها تا ۱۲ ساعت آینده قابل استفاده است.","spam"
"شما واجد شرایط دریافت اعتبار ویژه به مبلغ دو میلیون تومان شده‌اید. برای تکمیل مراحل، اطلاعات موردنیاز را ارسال نمایید.","spam"
"شما کار ت ماه شدید. برای دریا فت برن ده، عدد ۱ را بفرستید.","spam"
"یک اعتبار خرید بلااستفاده به مبلغ دو میلیون تومان در حساب شما باقی مانده است. در صورت عدم استفاده تا پایان هفته، اعتبار شما حذف خواهد شد. برای جلوگیری از مسدود شدن، هویت خود را تأیید کنید.","spam"
"یادآوری: مهلت تحویل پروژه الف پایان هفته است. در صورت نیاز به زمان بیشتر اطلاع دهید.","ham"
"کاربر عزیز، یک پیام جدید درباره پرونده مالی شما ثبت شده است. برای مشاهده و جلوگیری از تأخیر، وارد شوید.","spam"
"با سلام، مبلغ ۵ میلیون تومان به عنوان اعتبار هدیه برای حساب شما ثبت شده است. عدم انجام این کار ممکن است منجر به محدود شدن حساب شود. برای فعال‌سازی، مشخصات خود را تکمیل کنید.","spam"
"مشترک گرامی، مبلغی به عنوان هدیه ویژه به حسابتان اضافه شده است. برای جلوگیری از لغو اعتبار، تا ۴۸ ساعت آینده اقدام کنید. برای مشاهده جزئیات وارد حساب خود شوید.","spam"
"یادآوری: مهلت تحویل پروژه الف پایان هفته است. در صورت نیاز به زمان بیشتر اطلاع دهید.","ham"
"سلام، طبق هماهنگی قبلی فایل مربوط به پروژه را پیوست کردم. اگر نسخه دیگری نیاز است بفرمایید.","ham"
"مبلغ مبلغ قابل توجهی به عنوان اعتبار هدیه برای حساب شما ثبت شده است. برای تکمیل مراحل، اطلاعات موردنیاز را ارسال نمایید.","spam"
"کاربر عزیز، مبلغ قابل توجهی به عنوان پاداش وفاداری برای شما محاسبه شده است. لطفاً پیش از ۴۸ ساعت آینده اقدام فرمایید.","spam"
"مبلغی به عنوان بازگشت وجه برای حساب شما در نظر گرفته شده است. برای جلوگیری از لغو، مراحل را تا ۲۴ ساعت آینده تکمیل نمایید. برای فعال‌سازی، مشخصات خود را تکمیل کنید.","spam"
"مبلغ قابل توجهی به عنوان پاداش وفاداری برای شما محاسبه شده است. در غیر این صورت، این امتیاز به‌صورت خودکار باطل می‌شود. برای فعال‌سازی، مشخصات خود را تکمیل کنید.","spam"
"با سلام، درخواست مرخصی شما در دست بررسی است و تا فردا پاسخ داده می‌شود.","ham"
"در بررسی اخیر حساب شما، اطلاعات ناقصی مشاهده شده است. در صورت تکمیل نکردن، دسترسی محدود خواهد شد.","spam"
"به دلیل تغییر شرایط سرویس، لازم است اطلاعات حساب خود را به‌روزرسانی کنید. عدم انجام این کار دسترسی شما را محدود می‌کند.","spam"
"سلام، گزارش جلسه امروز را برایتان ارسال کردم. اگر موردی نیاز به اصلاح دارد، لطفاً اطلاع دهید.","ham"
"با سلام، جلسه با مشتری به هفته آینده موکول شد. برنامه جدید را متعاقباً ارسال می‌کنم.","ham"
"سلام، شماره شبا دریافت شد. اطلاعات جهت واریز به واحد مالی ارسال شد.","ham"
"سلام، شماره شبا دریافت شد. اطلاعات جهت واریز به واحد مالی ارسال شد.","ham"
"کاربر گرامی، برای شما یک هدیه نقدی به ارزش ۵۰ میلیون ریال در نظر گرفته شده است. برای جلوگیری از لغو، مراحل را تا ۲۴ ساعت آینده تکمیل نمایید. برای تکمیل مراحل، اطلاعات موردنیاز را ارسال نمایید.","spam"
"وقت بخیر، یادآوری می‌کنم جلسه فردا ساعت ۱۶:۳۰ برگزار می‌شود. در صورت تغییر برنامه اطلاع دهید.","ham"
"با سلام، مرسوله اداری شما به دفتر مرکزی تحویل شد. برای دریافت به واحد اداری مراجعه کنید.","ham"
"کاربر عزیز، یک پیام جدید درباره پرونده مالی شما ثبت شده است. برای مشاهده و جلوگیری از تأخیر، وارد شوید.","spam"
"سلام، فرصت محدود همکاری با مجموعه ما برای شما در نظر گرفته شده است. بدون نیاز به سابقه، همین حالا اقدام کنید.","spam"
"با سلام، مدارکی که درخواست کرده بودید آماده شده است و در ادامه ایمیل برایتان ارسال می‌کنم.","ham"
"طبق بررسی انجام‌شده شما واجد شرایط دریافت تسهیلات فوری هستید. برای اطلاع از مبلغ، اطلاعات خود را تکمیل کنید.","spam"
"با سلام، در صورتی که این پیام را دریافت کرده‌اید، حساب شما در فهرست مشتریان منتخب قرار گرفته است. برای فعال‌سازی اقدام کنید.","spam"
"با سلام، مرسوله اداری شما به دفتر مرکزی تحویل شد. برای دریافت به واحد اداری مراجعه کنید.","ham"
"همکار گرامی، کارگاه آموزشی داخلی پنجشنبه ساعت ۱۴ برگزار می‌شود. ثبت‌نام از واحد آموزش.","ham"
"طبق بررسی انجام‌شده شما واجد شرایط دریافت تسهیلات فوری هستید. برای اطلاع از مبلغ، اطلاعات خود را تکمیل کنید.","spam"
"به علت تغییرات سامانه، برخی حساب‌ها نیاز به تأیید مجدد دارند. لطفاً پیش از ۱۲ ساعت آینده تأیید کنید.","spam"
"کاربر گرامی، شما واجد شرایط دریافت اعتبار ویژه به مبلغ ۵۰۰ هزار تومان شده‌اید. عدم انجام این کار ممکن است منجر به محدود شدن حساب شود. برای فعال‌سازی، مشخصات خود را تکمیل کنید.","spam"
"نتیجه بررسی اولیه نشان می‌دهد که امکان دریافت اعتبار ویژه را دارید. برای مشاهده مبلغ، وارد شوید.","spam"
"به علت تغییرات سامانه، برخی حساب‌ها نیاز به تأیید مجدد دارند. لطفاً پیش از پایان امروز تأیید کنید.","spam"
"مبلغی به عنوان بازگشت وجه برای حساب شما در نظر گرفته شده است. در صورت عدم استفاده تا مهلت اعلام‌شده، اعتبار شما حذف خواهد شد. جهت انتقال این مبلغ، اطلاعات حساب خود را به‌روزرسانی کنید.","spam"
"برای تکمیل پرونده عضویت، تصویر مدرک شناسایی و اطلاعات تماس موردنیاز است.","spam"
"مشتری عزیز، مبلغی به عنوان هدیه ویژه به حسابتان اضافه شده است. لطفاً پیش از پایان این ماه اقدام فرمایید.","spam"
"یک اعتبار خرید بلااستفاده به مبلغ ۵ میلیون تومان در حساب شما باقی مانده است. لطفاً پیش از پایان امروز اقدام فرمایید. برای فعال‌سازی، مشخصات خود را تکمیل کنید.","spam"
"فقط برای گروه محدودی از مشتریان، امکان خرید اقساطی با شرایط ویژه فراهم شده است. برای رزرو اقدام کنید.","spam"
"سلام، گزارش جلسه امروز را برایتان ارسال کردم. اگر موردی نیاز به اصلاح دارد، لطفاً اطلاع دهید.","ham"
"مبلغ قابل توجهی به عنوان پاداش وفاداری برای شما محاسبه شده است.","spam"
"مشتری گرامی، به مناسبت سالگرد فعالیت مجموعه، کد تخفیف اختصاصی شما فعال شده است. این کد تنها تا ۴۸ ساعت آینده قابل استفاده است.","spam"
"به حق این دعا. این پیام را همین الان برای ۱۲ نفر بفرست، معجزه می‌کند.","spam"
"کاربر عزیز، وام اولیه شما به مبلغ ۵ میلیون تومان تصویب شده و در انتظار تکمیل مراحل است. در صورت تکمیل نکردن اطلاعات، دسترسی شما محدود می‌شود. برای فعال‌سازی، مشخصات خود را تکمیل کنید.","spam"
"مشتری عزیز، فاکتور الکترونیکی شما صادر شده اما برای نهایی شدن نیاز به تأیید دارد. لطفاً تا مهلت اعلام‌شده اقدام کنید.","spam"
"طبق بررسی انجام‌شده شما واجد شرایط دریافت تسهیلات فوری هستید. برای اطلاع از مبلغ، اطلاعات خود را تکمیل کنید.","spam"
"با سلام، جلسه با مشتری به هفته آینده موکول شد. برنامه جدید را متعاقباً ارسال می‌کنم.","ham"
"مبلغ ۱۰ میلیون تومان به عنوان اعتبار هدیه برای حساب شما ثبت شده است. برای جلوگیری از لغو، مراحل را تا ۲۴ ساعت آینده تکمیل نمایید. برای استفاده، مشخصات حساب را وارد کنید.","spam"
"طبق بررسی انجام‌شده شما واجد شرایط دریافت تسهیلات فوری هستید. برای اطلاع از مبلغ، اطلاعات خود را تکمیل کنید.","spam"
"مبلغی به عنوان بازگشت وجه برای حساب شما در نظر گرفته شده است. در غیر این صورت، این امتیاز به‌صورت خودکار باطل می‌شود.","spam"
"تبریک! شما کار ت شدید و قرعه کشی به حسابتان انجام شد.","spam"
"فرصت محدود همکاری با مجموعه ما برای شما در نظر گرفته شده است. بدون نیاز به سابقه، همین حالا اقدام کنید.","spam"
"کاربر محترم، وام اولیه شما به مبلغ ۵۰۰ هزار تومان تصویب شده و در انتظار تکمیل مراحل است. لطفاً پیش از پایان این ماه اقدام فرمایید. برای دریافت، مراحل ثبت را تکمیل نمایید.","spam"
"اعتبار خرید تا سقف دو میلیون تومان برای حساب شما فعال شده است. برای جلوگیری از لغو اعتبار، تا پایان این ماه اقدام کنید. برای فعال‌سازی، مشخصات خود را تکمیل کنید.","spam"
"مبلغی به عنوان بازگشت وجه برای حساب شما در نظر گرفته شده است. برای فعال‌سازی، مشخصات خود را تکمیل کنید.","spam"
"مبلغ قابل توجهی به عنوان پاداش وفاداری برای شما محاسبه شده است. در غیر این صورت، این امتیاز به‌صورت خودکار باطل می‌شود. برای جلوگیری از مسدود شدن، هویت خود را تأیید کنید.","spam"
"برای تکمیل پرونده عضویت، تصویر مدرک شناسایی و اطلاعات تماس موردنیاز است.","spam"
"جلسه داخلی هماهنگی گزارش ماهانه فردا ساعت ۱۰ برگزار می‌شود. حضور همکاران الزامی است.","ham"
"همراه گرامی، با سرمایه‌ای اندک می‌توانید وارد بازار جدید شوید و از سود ماهانه بهره‌مند شوید. ظرفیت ثبت‌نام محدود است.","spam"
"قیمت این محصول تنها برای دریافت‌کنندگان این ایمیل کاهش یافته است. برای خرید تا ۴۸ ساعت آینده اقدام کنید.","spam"
"شما هدی ه ماه شدید. برای کار ت تخفی ف، عدد ۱ را بفرستید.","spam"
"صورت‌جلسه سامانه انبار پیوست شده است. لطفاً امضا و برگردانید.","ham"
"همراه گرامی، مبلغ دو میلیون تومان به عنوان اعتبار هدیه برای حساب شما ثبت شده است. جهت انتقال این مبلغ، اطلاعات حساب خود را به‌روزرسانی کنید.","spam"
"اعتبار خرید تا سقف دو میلیون تومان برای حساب شما فعال شده است. برای جلوگیری از لغو اعتبار، تا مهلت اعلام‌شده اقدام کنید. برای استفاده، مشخصات حساب را وارد کنید.","spam"
"مشتری گرامی، حساب شما به دلیل یک فعالیت مشکوک در آستانه بررسی قرار گرفته است. جهت تأیید مالکیت، اطلاعات خود را ارسال کنید.","spam"
"مبلغی به عنوان هدیه ویژه به حسابتان اضافه شده است. برای جلوگیری از لغو اعتبار، تا پایان این ماه اقدام کنید. برای جلوگیری از مسدود شدن، هویت خود را تأیید کنید.","spam"
"وقت بخیر، یادآوری می‌کنم جلسه فردا ساعت ۱۱:۳۰ برگزار می‌شود. در صورت تغییر برنامه اطلاع دهید.","ham"
"مبلغ دو میلیون تومان به عنوان اعتبار هدیه برای حساب شما ثبت شده است. جهت انتقال این مبلغ، اطلاعات حساب خود را به‌روزرسانی کنید.","spam"
"فایل صوتی جلسه امروز در پوشه مشترک قرار گرفت.","ham"
"سلام، در بررسی اخیر حساب شما، اطلاعات ناقصی مشاهده شده است. در صورت تکمیل نکردن، دسترسی محدود خواهد شد.","spam"
"اعتبار خرید تا سقف ۱۰۰ میلیون ریال برای حساب شما فعال شده است. لطفاً پیش از ۴۸ ساعت آینده اقدام فرمایید. برای جلوگیری از مسدود شدن، هویت خود را تأیید کنید.","spam"
"کاربر عزیز برای شما یک هدیه نقدی به ارزش مبلغ قابل توجهی در نظر گرفته شده است. در صورت عدم استفاده تا ۴۸ ساعت آینده، اعتبار شما حذف خواهد شد.","spam"
"کاربر محترم، شما واجد شرایط دریافت اعتبار ویژه به مبلغ ۱۰ میلیون تومان شده‌اید. در صورت عدم استفاده تا پایان این ماه، اعتبار شما حذف خواهد شد. برای دریافت، مراحل ثبت را تکمیل نمایید.","spam"
"کاربر محترم، مبلغ مبلغ قابل توجهی به عنوان اعتبار هدیه برای حساب شما ثبت شده است.","spam"
"جلسه داخلی هماهنگی پروژه الف فردا ساعت ۱۰ برگزار می‌شود. حضور همکاران الزامی است.","ham"
"طبق بررسی انجام‌شده شما واجد شرایط دریافت تسهیلات فوری هستید. برای اطلاع از مبلغ، اطلاعات خود را تکمیل کنید.","spam"
"سلام، شماره شبا دریافت شد. اطلاعات جهت واریز به واحد مالی ارسال شد.","ham"
"یادآوری: مهلت تحویل پروژه وب‌سایت پایان هفته است. در صورت نیاز به زمان بیشتر اطلاع دهید.","ham"
"شما برن ده ماه شدید. برای کار ت اعتبا ر، عدد ۱ را بفرستید.","spam"
"مشترک گرامی، مبلغ قابل توجهی به عنوان پاداش وفاداری برای شما محاسبه شده است.","spam"
"کاربر عزیز، یک اعتبار خرید بلااستفاده به مبلغ ۱۰ میلیون تومان در حساب شما باقی مانده است. عدم انجام این کار ممکن است منجر به محدود شدن حساب شود. برای دریافت، مراحل ثبت را تکمیل نمایید.","spam"
"درخواست عضویت شما در طرح ویژه ثبت شده اما هنوز تأیید نهایی نشده است. برای تکمیل، اطلاعات خود را ارسال کنید.","spam"
"به علت تغییرات سامانه، برخی حساب‌ها نیاز به تأیید مجدد دارند. لطفاً پیش از پایان امروز تأیید کنید.","spam"
"همراه گرامی، به دلیل تغییر شرایط سرویس، لازم است اطلاعات حساب خود را به‌روزرسانی کنید. عدم انجام این کار دسترسی شما را محدود می‌کند.","spam"
"مبلغی به عنوان بازگشت وجه برای حساب شما در نظر گرفته شده است. در صورت عدم استفاده تا ۴۸ ساعت آینده، اعتبار شما حذف خواهد شد. برای دریافت، مراحل ثبت را تکمیل نمایید.","spam"
"به مناسبت سالگرد فعالیت مجموعه، کد تخفیف اختصاصی شما فعال شده است. این کد تنها تا ۱۲ ساعت آینده قابل استفاده است.","spam"
"همراه گرامی، مبلغ قابل توجهی به عنوان پاداش وفاداری برای شما محاسبه شده است. عدم انجام این کار ممکن است منجر به محدود شدن حساب شود. برای تکمیل مراحل، اطلاعات موردنیاز را ارسال نمایید.","spam"
"همراه گرامی، اعتبار خرید تا سقف ۵ میلیون تومان برای حساب شما فعال شده است. در صورت عدم استفاده تا پایان امروز، اعتبار شما حذف خواهد شد. برای فعال‌سازی، مشخصات خود را تکمیل کنید.","spam"
"در بررسی اخیر حساب شما، اطلاعات ناقصی مشاهده شده است. در صورت تکمیل نکردن، دسترسی محدود خواهد شد.","spam"
"یادآوری: مهلت تحویل پروژه رها پایان هفته است. در صورت نیاز به زمان بیشتر اطلاع دهید.","ham"
"با سلام، جلسه با مشتری به هفته آینده موکول شد. برنامه جدید را متعاقباً ارسال می‌کنم.","ham"
"مشتری گرامی یک اعتبار خرید بلااستفاده به مبلغ یک میلیون تومان در حساب شما باقی مانده است. در صورت عدم استفاده تا ۱۲ ساعت آینده، اعتبار شما حذف خواهد شد. برای استفاده، مشخصات حساب را وارد کنید.","spam"
"فقط برای گروه محدودی از مشتریان، امکان خرید اقساطی با شرایط ویژه فراهم شده است. برای رزرو اقدام کنید.","spam"
"مشتری عزیز، وام اولیه شما به مبلغ ۵۰ میلیون ریال تصویب شده و در انتظار تکمیل مراحل است. برای استفاده، مشخصات حساب را وارد کنید.","spam"
"کاربر گرامی، به مناسبت سالگرد فعالیت مجموعه، کد تخفیف اختصاصی شما فعال شده است. این کد تنها تا پایان هفته قابل استفاده است.","spam"
"همکار گرامی، کارگاه آموزشی داخلی پنجشنبه ساعت ۱۱:۳۰ برگزار می‌شود. ثبت‌نام از واحد آموزش.","ham"
"با سلام، مبلغ دو میلیون تومان به عنوان اعتبار هدیه برای حساب شما ثبت شده است. برای جلوگیری از لغو اعتبار، تا پایان هفته اقدام کنید. جهت انتقال این مبلغ، اطلاعات حساب خود را به‌روزرسانی کنید.","spam"
"به دلیل تغییر شرایط سرویس، لازم است اطلاعات حساب خود را به‌روزرسانی کنید. عدم انجام این کار دسترسی شما را محدود می‌کند.","spam"
"به دلیل افزایش تقاضا، ظرفیت این طرح در حال تکمیل است. در صورت تمایل، ثبت‌نام خود را نهایی کنید.","spam"
"مرخصی درخواستی شما تأیید شد. لطفاً قبل از شروع، تحویل کار را با خانم رضایی هماهنگ کنید.","ham"
"کاربر گرامی، اعتبار خرید تا سقف ۱۰ میلیون تومان برای حساب شما فعال شده است. برای دریافت، مراحل ثبت را تکمیل نمایید.","spam"
"نتیجه بررسی اولیه نشان می‌دهد که امکان دریافت اعتبار ویژه را دارید. برای مشاهده مبلغ، وارد شوید.","spam"
"همراه گرامی، مبلغ قابل توجهی به عنوان پاداش وفاداری برای شما محاسبه شده است. در صورت عدم استفاده تا پایان این ماه، اعتبار شما حذف خواهد شد. برای فعال‌سازی، مشخصات خود را تکمیل کنید.","spam"
"یادآوری: مهلت تحویل پروژه وب‌سایت پایان هفته است. در صورت نیاز به زمان بیشتر اطلاع دهید.","ham"
"سلام، مبلغ ۵۰۰ هزار تومان به عنوان اعتبار هدیه برای حساب شما ثبت شده است. برای جلوگیری از لغو اعتبار، تا ۴۸ ساعت آینده اقدام کنید. برای مشاهده جزئیات وارد حساب خود شوید.","spam"
"کاربر محترم، مبلغی به عنوان هدیه ویژه به حسابتان اضافه شده است. عدم انجام این کار ممکن است منجر به محدود شدن حساب شود. برای فعال‌سازی، مشخصات خود را تکمیل کنید.","spam"
"نتیجه بررسی اولیه نشان می‌دهد که امکان دریافت اعتبار ویژه را دارید. برای مشاهده مبلغ، وارد شوید.","spam"
"پرداخت شما با موفقیت ثبت نشده است. برای جلوگیری از لغو سفارش، اطلاعات پرداخت را بررسی کنید.","spam"
"جلسه داخلی هماهنگی داشبورد فروش فردا ساعت ۱۶:۳۰ برگزار می‌شود. حضور همکاران الزامی است.","ham"
"همکار گرامی، کارگاه آموزشی داخلی پنجشنبه ساعت ۱۶:۳۰ برگزار می‌شود. ثبت‌نام از واحد آموزش.","ham"
"کاربر گرامی، پرداخت شما با موفقیت ثبت نشده است. برای جلوگیری از لغو سفارش، اطلاعات پرداخت را بررسی کنید.","spam"
"مشترک گرامیفاکتور الکترونیکی شما صادر شده اما برای نهایی شدن نیاز به تأیید دارد. لطفاً تا ۱۲ ساعت آینده اقدام کنید.","spam"
"فاکتور خرید شما آماده شده است؛ به دلیل وجود مغایرت در اطلاعات پرداخت، تأیید مجدد لازم است.","spam"
"یک اعتبار خرید بلااستفاده به مبلغ ۵۰ میلیون ریال در حساب شما باقی مانده است. در صورت تکمیل نکردن اطلاعات، دسترسی شما محدود می‌شود.","spam"
"قیمت این محصول تنها برای دریافت‌کنندگان این ایمیل کاهش یافته است. برای خرید تا پایان امروز اقدام کنید.","spam"
"کاربر گرامی، برخی اطلاعات حساب شما با سوابق ثبت‌شده مطابقت ندارد. برای جلوگیری از مسدود شدن، اقدام فرمایید.","spam"
"برخی اطلاعات حساب شما با سوابق ثبت‌شده مطابقت ندارد. برای جلوگیری از مسدود شدن، اقدام فرمایید.","spam"
"در صورتی که این پیام را دریافت کرده‌اید، حساب شما در فهرست مشتریان منتخب قرار گرفته است. برای فعال‌سازی اقدام کنید.","spam"
"نتایج قرعه‌کشی اعلام شد و شما در فهرست برندگان قرار گرفته‌اید. برای دریافت جایزه، مراحل ثبت را تکمیل کنید.","spam"
"سلام، طبق هماهنگی قبلی فایل مربوط به پروژه را پیوست کردم. اگر نسخه دیگری نیاز است بفرمایید.","ham"
"به حق این دعا. اگه اینو فوروارد نکنی تا ۷ روز بدبیاری میاری!","spam"
"قیمت این محصول تنها برای دریافت‌کنندگان این ایمیل کاهش یافته است. برای خرید تا پایان این ماه اقدام کنید.","spam"
"کاربر عزیز، برای تکمیل پرونده عضویت، تصویر مدرک شناسایی و اطلاعات تماس موردنیاز است.","spam"
"مشتری عزیز، اعتبار خرید تا سقف یک میلیون تومان برای حساب شما فعال شده است. برای جلوگیری از لغو اعتبار، تا ۲۴ ساعت آینده اقدام کنید. جهت انتقال این مبلغ، اطلاعات حساب خود را به‌روزرسانی کنید.","spam"
"در بررسی اخیر حساب شما، اطلاعات ناقصی مشاهده شده است. در صورت تکمیل نکردن، دسترسی محدود خواهد شد.","spam"
"یک اعتبار خرید بلااستفاده به مبلغ ۵۰۰ هزار تومان در حساب شما باقی مانده است. در صورت تکمیل نکردن اطلاعات، دسترسی شما محدود می‌شود. برای فعال‌سازی، مشخصات خود را تکمیل کنید.","spam"
"مشتری عزیز برای شما یک هدیه نقدی به ارزش یک میلیون تومان در نظر گرفته شده است. عدم انجام این کار ممکن است منجر به محدود شدن حساب شود.","spam"
"گزارش حضور و غیاب این ماه در سامانه قرار گرفت. در صورت مغایرت تا پایان هفته اطلاع دهید.","ham"
"مشترک گرامی، درخواست عضویت شما در طرح ویژه ثبت شده اما هنوز تأیید نهایی نشده است. برای تکمیل، اطلاعات خود را ارسال کنید.","spam"
"مبلغ قابل توجهی به عنوان پاداش وفاداری برای شما محاسبه شده است. در غیر این صورت، این امتیاز به‌صورت خودکار باطل می‌شود. برای فعال‌سازی، مشخصات خود را تکمیل کنید.","spam"
"مشتری گرامی، اعتبار خرید تا سقف ۱۰۰ میلیون ریال برای حساب شما فعال شده است. برای جلوگیری از لغو، مراحل را تا پایان این ماه تکمیل نمایید. برای مشاهده جزئیات وارد حساب خود شوید.","spam"
"فوری: سلام، پشتیبانی هستم. برای آزادسازی حسابتان کد دریافتی را به من بگویید.","spam"
"مشترک گرامی، با سرمایه‌ای اندک می‌توانید وارد بازار جدید شوید و از سود ماهانه بهره‌مند شوید. ظرفیت ثبت‌نام محدود است.","spam"
"مشتری عزیز، فاکتور الکترونیکی شما صادر شده اما برای نهایی شدن نیاز به تأیید دارد. لطفاً تا ۱۲ ساعت آینده اقدام کنید.","spam"
"در صورتی که این پیام را دریافت کرده‌اید، حساب شما در فهرست مشتریان منتخب قرار گرفته است. برای فعال‌سازی اقدام کنید.","spam"
"با سلام، برای شما یک هدیه نقدی به ارزش دو میلیون تومان در نظر گرفته شده است. در صورت تکمیل نکردن اطلاعات، دسترسی شما محدود می‌شود. برای مشاهده جزئیات وارد حساب خود شوید.","spam"
"در بررسی اخیر حساب شما، اطلاعات ناقصی مشاهده شده است. در صورت تکمیل نکردن، دسترسی محدود خواهد شد.","spam"
"با سلام، درخواست مرخصی شما در دست بررسی است و تا فردا پاسخ داده می‌شود.","ham"
"سلام، لینک جلسه آنلاین فردا ساعت ۱۱:۳۰ خدمت شما ارسال شد.","ham"
"مشترک گرامیفرصت محدود همکاری با مجموعه ما برای شما در نظر گرفته شده است. بدون نیاز به سابقه، همین حالا اقدام کنید.","spam"
"برای شما یک هدیه نقدی به ارزش ۵ میلیون تومان در نظر گرفته شده است. برای جلوگیری از لغو، مراحل را تا پایان هفته تکمیل نمایید. جهت انتقال این مبلغ، اطلاعات حساب خود را به‌روزرسانی کنید.","spam"
"اعتبار خرید تا سقف ۵۰ میلیون ریال برای حساب شما فعال شده است. لطفاً پیش از پایان هفته اقدام فرمایید. برای فعال‌سازی، مشخصات خود را تکمیل کنید.","spam"
"طبق بررسی انجام‌شده شما واجد شرایط دریافت تسهیلات فوری هستید. برای اطلاع از مبلغ، اطلاعات خود را تکمیل کنید.","spam"
"فقط برای گروه محدودی از مشتریان، امکان خرید اقساطی با شرایط ویژه فراهم شده است. برای رزرو اقدام کنید.","spam"
"مشترک گرامی، اعتبار خرید تا سقف ۵۰۰ هزار تومان برای حساب شما فعال شده است. در صورت عدم استفاده تا پایان امروز، اعتبار شما حذف خواهد شد. برای دریافت، مراحل ثبت را تکمیل نمایید.","spam"
"همین حالا اعتبا ر کنید و ثبت نا م بگیرید.","spam"
"یک اعتبار خرید بلااستفاده به مبلغ دو میلیون تومان در حساب شما باقی مانده است. برای دریافت، مراحل ثبت را تکمیل نمایید.","spam"
"نتایج قرعه‌کشی اعلام شد و شما در فهرست برندگان قرار گرفته‌اید. برای دریافت جایزه، مراحل ثبت را تکمیل کنید.","spam"
"گزارش حضور و غیاب این ماه در سامانه قرار گرفت. در صورت مغایرت تا پایان هفته اطلاع دهید.","ham"
"کاربر محترم، به دلیل افزایش تقاضا، ظرفیت این طرح در حال تکمیل است. در صورت تمایل، ثبت‌نام خود را نهایی کنید.","spam"
"اعتبار خرید تا سقف مبلغ قابل توجهی برای حساب شما فعال شده است. برای جلوگیری از لغو اعتبار، تا پایان امروز اقدام کنید. برای دریافت، مراحل ثبت را تکمیل نمایید.","spam"
"همکار گرامی، کارگاه آموزشی داخلی پنجشنبه ساعت ۱۰ برگزار می‌شود. ثبت‌نام از واحد آموزش.","ham"
"با سلام، جلسه با مشتری به هفته آینده موکول شد. برنامه جدید را متعاقباً ارسال می‌کنم.","ham"
"سلام، گزارش جلسه امروز را برایتان ارسال کردم. اگر موردی نیاز به اصلاح دارد، لطفاً اطلاع دهید.","ham"
"مشترک گرامی، برخی اطلاعات حساب شما با سوابق ثبت‌شده مطابقت ندارد. برای جلوگیری از مسدود شدن، اقدام فرمایید.","spam"
"یک اعتبار خرید بلااستفاده به مبلغ یک میلیون تومان در حساب شما باقی مانده است. در غیر این صورت، این امتیاز به‌صورت خودکار باطل می‌شود. جهت انتقال این مبلغ، اطلاعات حساب خود را به‌روزرسانی کنید.","spam"
"مبلغی به عنوان هدیه ویژه به حسابتان اضافه شده است. در صورت عدم استفاده تا پایان این ماه، اعتبار شما حذف خواهد شد.","spam"
"یک تراکنش ناموفق در حساب شما ثبت شده است. اگر متعلق به شما نیست، برای بررسی سریع‌تر اقدام کنید.","spam"
"با سلام، جلسه با مشتری به هفته آینده موکول شد. برنامه جدید را متعاقباً ارسال می‌کنم.","ham"
"سلام، فاکتور مربوط به خرید هفته گذشته را دریافت کردم. وضعیت ارسال سفارش را اطلاع می‌دهید؟","ham"
"یک اعتبار خرید بلااستفاده به مبلغ یک میلیون تومان در حساب شما باقی مانده است. برای جلوگیری از لغو، مراحل را تا پایان هفته تکمیل نمایید. برای دریافت، مراحل ثبت را تکمیل نمایید.","spam"
"وقت بخیر، یادآوری می‌کنم جلسه فردا ساعت ۱۰ برگزار می‌شود. در صورت تغییر برنامه اطلاع دهید.","ham"
"سلام، شماره شبا دریافت شد. اطلاعات جهت واریز به واحد مالی ارسال شد.","ham"
"سلام، شماره شبا دریافت شد. اطلاعات جهت واریز به واحد مالی ارسال شد.","ham"
"همراه گرامی، درخواست عضویت شما در طرح ویژه ثبت شده اما هنوز تأیید نهایی نشده است. برای تکمیل، اطلاعات خود را ارسال کنید.","spam"
"سلام، حق‌التدریس این ماه طبق روال تا پایان هفته واریز می‌شود.","ham"
"مبلغی به عنوان بازگشت وجه برای حساب شما در نظر گرفته شده است. برای تکمیل مراحل، اطلاعات موردنیاز را ارسال نمایید.","spam"
"با سلام، درخواست مرخصی شما در دست بررسی است و تا فردا پاسخ داده می‌شود.","ham"
"مرخصی درخواستی شما تأیید شد. لطفاً قبل از شروع، تحویل کار را با مهندس کریمی هماهنگ کنید.","ham"
"کاربر عزیز، اطلاعیه مهم امنیتی: ورود غیرمعمولی به حساب شما شناسایی شده است. برای جلوگیری از محدود شدن، هویت خود را تأیید کنید.","spam"
"سلام، به دلیل افزایش تقاضا، ظرفیت این طرح در حال تکمیل است. در صورت تمایل، ثبت‌نام خود را نهایی کنید.","spam"
"با سلام، جلسه با مشتری به هفته آینده موکول شد. برنامه جدید را متعاقباً ارسال می‌کنم.","ham"
"با سلام، حساب شما در فهرست مشتریان منتخب قرار گرفته است. برای دریافت مزایای ویژه، ثبت‌نام را تکمیل کنید.","spam"
"فقط برای گروه محدودی از مشتریان، امکان خرید اقساطی با شرایط ویژه فراهم شده است. برای رزرو اقدام کنید.","spam"
"مشترک گرامی، مبلغی به عنوان بازگشت وجه برای حساب شما در نظر گرفته شده است. در صورت عدم استفاده تا پایان امروز، اعتبار شما حذف خواهد شد. برای استفاده، مشخصات حساب را وارد کنید.","spam"
"مشتری عزیز، یک تراکنش ناموفق در حساب شما ثبت شده است. اگر متعلق به شما نیست، برای بررسی سریع‌تر اقدام کنید.","spam"
"کاربر عزیز، نتیجه بررسی اولیه نشان می‌دهد که امکان دریافت اعتبار ویژه را دارید. برای مشاهده مبلغ، وارد شوید.","spam"
"همین حالا جا یزه کنید و ثبت نا م بگیرید.","spam"
"کاربر گرامی، به مناسبت سالگرد فعالیت مجموعه، کد تخفیف اختصاصی شما فعال شده است. این کد تنها تا ۲۴ ساعت آینده قابل استفاده است.","spam"
"یک اعتبار خرید بلااستفاده به مبلغ ۵ میلیون تومان در حساب شما باقی مانده است. برای جلوگیری از لغو، مراحل را تا مهلت اعلام‌شده تکمیل نمایید. برای تکمیل مراحل، اطلاعات موردنیاز را ارسال نمایید.","spam"
"سلام، طبق هماهنگی قبلی فایل مربوط به پروژه را پیوست کردم. اگر نسخه دیگری نیاز است بفرمایید.","ham"
"سلام، شماره شبا دریافت شد. اطلاعات جهت واریز به واحد مالی ارسال شد.","ham"
"سلام، مبلغ قابل توجهی به عنوان پاداش وفاداری برای شما محاسبه شده است. عدم انجام این کار ممکن است منجر به محدود شدن حساب شود. برای فعال‌سازی، مشخصات خود را تکمیل کنید.","spam"
"سلام، فاکتور مربوط به خرید هفته گذشته را دریافت کردم. وضعیت ارسال سفارش را اطلاع می‌دهید؟","ham"
"یک پیام جدید درباره پرونده مالی شما ثبت شده است. برای مشاهده و جلوگیری از تأخیر، وارد شوید.","spam"
"کاربر محترم، فاکتور الکترونیکی شما صادر شده اما برای نهایی شدن نیاز به تأیید دارد. لطفاً تا ۲۴ ساعت آینده اقدام کنید.","spam"
"با سلام، یک تخفیف شخصی‌سازی‌شده بر اساس خریدهای قبلی شما آماده شده است. تا ۲۴ ساعت آینده فرصت استفاده دارید.","spam"
"همکار گرامی، بیمه تکمیلی از ابتدای ماه آینده فعال می‌شود. جزئیات در پورتال است.","ham"
"مبلغ قابل توجهی به عنوان پاداش وفاداری برای شما محاسبه شده است. برای جلوگیری از لغو اعتبار، تا مهلت اعلام‌شده اقدام کنید.","spam"
"مشتری گرامی، وام اولیه شما به مبلغ دو میلیون تومان تصویب شده و در انتظار تکمیل مراحل است. برای جلوگیری از لغو، مراحل را تا پایان این ماه تکمیل نمایید. برای فعال‌سازی، مشخصات خود را تکمیل کنید.","spam"
"مشتری عزیز، حساب شما به دلیل یک فعالیت مشکوک در آستانه بررسی قرار گرفته است. جهت تأیید مالکیت، اطلاعات خود را ارسال کنید.","spam"
"مبلغی به عنوان بازگشت وجه برای حساب شما در نظر گرفته شده است. در صورت عدم استفاده تا مهلت اعلام‌شده، اعتبار شما حذف خواهد شد. برای تکمیل مراحل، اطلاعات موردنیاز را ارسال نمایید.","spam"
"سلام، شما برای دریافت بسته خوش‌آمدگویی ویژه مشتریان جدید انتخاب شده‌اید. برای ارسال بسته، آدرس خود را ثبت کنید.","spam"
"با سلام، وام اولیه شما به مبلغ ۱۰۰ میلیون ریال تصویب شده و در انتظار تکمیل مراحل است. لطفاً پیش از ۲۴ ساعت آینده اقدام فرمایید. جهت انتقال این مبلغ، اطلاعات حساب خود را به‌روزرسانی کنید.","spam"
"به دلیل تغییر شرایط سرویس، لازم است اطلاعات حساب خود را به‌روزرسانی کنید. عدم انجام این کار دسترسی شما را محدود می‌کند.","spam"
"با سرمایه‌ای اندک می‌توانید وارد بازار جدید شوید و از سود ماهانه بهره‌مند شوید. ظرفیت ثبت‌نام محدود است.","spam"
"همراه گرامی، یک اعتبار خرید بلااستفاده به مبلغ ۵۰ میلیون ریال در حساب شما باقی مانده است. برای جلوگیری از مسدود شدن، هویت خود را تأیید کنید.","spam"
"همراه گرامی، برای شما یک هدیه نقدی به ارزش مبلغ قابل توجهی در نظر گرفته شده است. برای جلوگیری از لغو، مراحل را تا پایان امروز تکمیل نمایید.","spam"
"سلام، شماره شبا دریافت شد. اطلاعات جهت واریز به واحد مالی ارسال شد.","ham"
"برای شما یک هدیه نقدی به ارزش ۵۰۰ هزار تومان در نظر گرفته شده است. در غیر این صورت، این امتیاز به‌صورت خودکار باطل می‌شود. برای استفاده، مشخصات حساب را وارد کنید.","spam"
"مبلغ ۵ میلیون تومان به عنوان اعتبار هدیه برای حساب شما ثبت شده است.","spam"
"همکار گرامی، بیمه تکمیلی از ابتدای ماه آینده فعال می‌شود. جزئیات در پورتال است.","ham"
"نتایج ارزیابی عملکرد در پورتال سازمانی قرار گرفت. برای مشاهده وارد پنل شوید.","ham"
"شما واجد شرایط دریافت اعتبار ویژه به مبلغ مبلغ قابل توجهی شده‌اید. لطفاً پیش از پایان این ماه اقدام فرمایید. برای دریافت، مراحل ثبت را تکمیل نمایید.","spam"
"گزارش حضور و غیاب این ماه در سامانه قرار گرفت. در صورت مغایرت تا پایان هفته اطلاع دهید.","ham"
"به علت تغییرات سامانه، برخی حساب‌ها نیاز به تأیید مجدد دارند. لطفاً پیش از پایان این ماه تأیید کنید.","spam"
"یک بسته خدماتی با قیمت بسیار پایین‌تر از حالت عادی برای شما فعال شده است. این پیشنهاد تنها تا پایان امروز معتبر است.","spam"
"نتیجه بررسی اولیه نشان می‌دهد که امکان دریافت اعتبار ویژه را دارید. برای مشاهده مبلغ، وارد شوید.","spam"
"سلام، حق‌التدریس این ماه طبق روال تا پایان هفته واریز می‌شود.","ham"
"کاربر عزیز، فاکتور الکترونیکی شما صادر شده اما برای نهایی شدن نیاز به تأیید دارد. لطفاً تا مهلت اعلام‌شده اقدام کنید.","spam"
"برخی اطلاعات حساب شما با سوابق ثبت‌شده مطابقت ندارد. برای جلوگیری از مسدود شدن، اقدام فرمایید.","spam"
"مبلغ قابل توجهی به عنوان پاداش وفاداری برای شما محاسبه شده است. در غیر این صورت، این امتیاز به‌صورت خودکار باطل می‌شود.","spam"
"پرداخت شما با موفقیت ثبت نشده است. برای جلوگیری از لغو سفارش، اطلاعات پرداخت را بررسی کنید.","spam"
"همراه گرامی، برای شما یک هدیه نقدی به ارزش یک میلیون تومان در نظر گرفته شده است. برای دریافت، مراحل ثبت را تکمیل نمایید.","spam"
"پیرو جلسه، پیش‌فاکتور پروژه وب‌سایت ارسال شد. منتظر تأیید شما برای شروع هستیم.","ham"
"مشتری عزیز، مبلغ دو میلیون تومان به عنوان اعتبار هدیه برای حساب شما ثبت شده است. لطفاً پیش از پایان هفته اقدام فرمایید. جهت انتقال این مبلغ، اطلاعات حساب خود را به‌روزرسانی کنید.","spam"
"مشترک گرامی، برخی اطلاعات حساب شما با سوابق ثبت‌شده مطابقت ندارد. برای جلوگیری از مسدود شدن، اقدام فرمایید.","spam"
"مشتری عزیز، شما واجد شرایط دریافت اعتبار ویژه به مبلغ دو میلیون تومان شده‌اید. عدم انجام این کار ممکن است منجر به محدود شدن حساب شود. جهت انتقال این مبلغ، اطلاعات حساب خود را به‌روزرسانی کنید.","spam"
"شما واجد شرایط دریافت اعتبار ویژه به مبلغ مبلغ قابل توجهی شده‌اید. در صورت تکمیل نکردن اطلاعات، دسترسی شما محدود می‌شود. برای استفاده، مشخصات حساب را وارد کنید.","spam"
"سلام، مبلغ قابل توجهی به عنوان پاداش وفاداری برای شما محاسبه شده است. برای جلوگیری از لغو اعتبار، تا ۴۸ ساعت آینده اقدام کنید. جهت انتقال این مبلغ، اطلاعات حساب خود را به‌روزرسانی کنید.","spam"
"مشتری عزیز وام اولیه شما به مبلغ ۵۰۰ هزار تومان تصویب شده و در انتظار تکمیل مراحل است. برای فعال‌سازی، مشخصات خود را تکمیل کنید.","spam"
"سلام، فاکتور مربوط به خرید هفته گذشته را دریافت کردم. وضعیت ارسال سفارش را اطلاع می‌دهید؟","ham"
"درخواست عضویت شما در طرح ویژه ثبت شده اما هنوز تأیید نهایی نشده است. برای تکمیل، اطلاعات خود را ارسال کنید.","spam"
"سلام، شما واجد شرایط دریافت اعتبار ویژه به مبلغ ۱۰ میلیون تومان شده‌اید. در صورت تکمیل نکردن اطلاعات، دسترسی شما محدود می‌شود. برای دریافت، مراحل ثبت را تکمیل نمایید.","spam"
"با سلام، یک اعتبار خرید بلااستفاده به مبلغ ۱۰ میلیون تومان در حساب شما باقی مانده است. عدم انجام این کار ممکن است منجر به محدود شدن حساب شود. برای فعال‌سازی، مشخصات خود را تکمیل کنید.","spam"
"مشترک گرامی، برای شما یک هدیه نقدی به ارزش ۵ میلیون تومان در نظر گرفته شده است. عدم انجام این کار ممکن است منجر به محدود شدن حساب شود.","spam"
"یک اعتبار خرید بلااستفاده به مبلغ یک میلیون تومان در حساب شما باقی مانده است. لطفاً پیش از مهلت اعلام‌شده اقدام فرمایید. برای تکمیل مراحل، اطلاعات موردنیاز را ارسال نمایید.","spam"
"با سلام برای شما یک هدیه نقدی به ارزش مبلغ قابل توجهی در نظر گرفته شده است. در صورت تکمیل نکردن اطلاعات، دسترسی شما محدود می‌شود. برای جلوگیری از مسدود شدن، هویت خود را تأیید کنید.","spam"
"مشتری عزیز، به مناسبت سالگرد فعالیت مجموعه، کد تخفیف اختصاصی شما فعال شده است. این کد تنها تا پایان امروز قابل استفاده است.","spam"
"با سلام، مرسوله اداری شما به دفتر مرکزی تحویل شد. برای دریافت به واحد اداری مراجعه کنید.","ham"
"مشتری گرامی، فاکتور خرید شما آماده شده است؛ به دلیل وجود مغایرت در اطلاعات پرداخت، تأیید مجدد لازم است.","spam"
"فایل صوتی جلسه امروز در پوشه مشترک قرار گرفت.","ham"
"مشتری عزیز، برای شما یک هدیه نقدی به ارزش ۱۰۰ میلیون ریال در نظر گرفته شده است. عدم انجام این کار ممکن است منجر به محدود شدن حساب شود. برای دریافت، مراحل ثبت را تکمیل نمایید.","spam"
"به نظر می‌رسد اشتراک شما در آستانه تمدید است. اگر قصد ادامه استفاده ندارید، تا ۴۸ ساعت آینده اقدام کنید.","spam"
"مبلغ مبلغ قابل توجهی به عنوان اعتبار هدیه برای حساب شما ثبت شده است. جهت انتقال این مبلغ، اطلاعات حساب خود را به‌روزرسانی کنید.","spam"
"با تشکر از حضور شما در جلسه، خلاصه مصوبات پیوست شده است.","ham"
"اعتبار خرید تا سقف دو میلیون تومان برای حساب شما فعال شده است. برای جلوگیری از لغو اعتبار، تا ۴۸ ساعت آینده اقدام کنید. برای تکمیل مراحل، اطلاعات موردنیاز را ارسال نمایید.","spam"
"کاربر محترم، اعتبار خرید تا سقف ۱۰۰ میلیون ریال برای حساب شما فعال شده است. در صورت تکمیل نکردن اطلاعات، دسترسی شما محدود می‌شود. برای تکمیل مراحل، اطلاعات موردنیاز را ارسال نمایید.","spam"
"مشتری گرامی، مبلغی به عنوان هدیه ویژه به حسابتان اضافه شده است. در غیر این صورت، این امتیاز به‌صورت خودکار باطل می‌شود. برای فعال‌سازی، مشخصات خود را تکمیل کنید.","spam"
"به علت تغییرات سامانه، برخی حساب‌ها نیاز به تأیید مجدد دارند. لطفاً پیش از پایان امروز تأیید کنید.","spam"
"فقط برای گروه محدودی از مشتریان، امکان خرید اقساطی با شرایط ویژه فراهم شده است. برای رزرو اقدام کنید.","spam"
"مشتری گرامیقیمت این محصول تنها برای دریافت‌کنندگان این ایمیل کاهش یافته است. برای خرید تا پایان این ماه اقدام کنید.","spam"
"برای شما یک هدیه نقدی به ارزش ۱۰ میلیون تومان در نظر گرفته شده است. عدم انجام این کار ممکن است منجر به محدود شدن حساب شود. برای استفاده، مشخصات حساب را وارد کنید.","spam"
"با تشکر از حضور شما در جلسه، خلاصه مصوبات پیوست شده است.","ham"
"یک اعتبار خرید بلااستفاده به مبلغ ۵۰۰ هزار تومان در حساب شما باقی مانده است. در غیر این صورت، این امتیاز به‌صورت خودکار باطل می‌شود. برای دریافت، مراحل ثبت را تکمیل نمایید.","spam"
"مشتری گرامی، در صورتی که این پیام را دریافت کرده‌اید، حساب شما در فهرست مشتریان منتخب قرار گرفته است. برای فعال‌سازی اقدام کنید.","spam"
"سلام، شماره شبا دریافت شد. اطلاعات جهت واریز به واحد مالی ارسال شد.","ham"
"حساب شما به دلیل یک فعالیت مشکوک در آستانه بررسی قرار گرفته است. جهت تأیید مالکیت، اطلاعات خود را ارسال کنید.","spam"
"کاربر گرامی، در صورتی که این پیام را دریافت کرده‌اید، حساب شما در فهرست مشتریان منتخب قرار گرفته است. برای فعال‌سازی اقدام کنید.","spam"
"مبلغ قابل توجهی به عنوان پاداش وفاداری برای شما محاسبه شده است. عدم انجام این کار ممکن است منجر به محدود شدن حساب شود. جهت انتقال این مبلغ، اطلاعات حساب خود را به‌روزرسانی کنید.","spam"
"همراه گرامی، پرداخت شما با موفقیت ثبت نشده است. برای جلوگیری از لغو سفارش، اطلاعات پرداخت را بررسی کنید.","spam"
"قیمت این محصول تنها برای دریافت‌کنندگان این ایمیل کاهش یافته است. برای خرید تا پایان این ماه اقدام کنید.","spam"
"سلام، لینک جلسه آنلاین فردا ساعت ۱۰ خدمت شما ارسال شد.","ham"
"کاربر گرامی، قیمت این محصول تنها برای دریافت‌کنندگان این ایمیل کاهش یافته است. برای خرید تا پایان این ماه اقدام کنید.","spam"
"کاربر عزیز، وام اولیه شما به مبلغ ۵ میلیون تومان تصویب شده و در انتظار تکمیل مراحل است. عدم انجام این کار ممکن است منجر به محدود شدن حساب شود. برای مشاهده جزئیات وارد حساب خود شوید.","spam"
"قیمت این محصول تنها برای دریافت‌کنندگان این ایمیل کاهش یافته است. برای خرید تا پایان هفته اقدام کنید.","spam"
"همراه گرامیبه دلیل افزایش تقاضا، ظرفیت این طرح در حال تکمیل است. در صورت تمایل، ثبت‌نام خود را نهایی کنید.","spam"
"همراه گرامی، مبلغ ۱۰ میلیون تومان به عنوان اعتبار هدیه برای حساب شما ثبت شده است. برای تکمیل مراحل، اطلاعات موردنیاز را ارسال نمایید.","spam"
"شما برای دریافت بسته خوش‌آمدگویی ویژه مشتریان جدید انتخاب شده‌اید. برای ارسال بسته، آدرس خود را ثبت کنید.","spam"
"مشترک گرامی، وام اولیه شما به مبلغ ۱۰ میلیون تومان تصویب شده و در انتظار تکمیل مراحل است. برای جلوگیری از مسدود شدن، هویت خود را تأیید کنید.","spam"
"حساب شما در فهرست مشتریان منتخب قرار گرفته است. برای دریافت مزایای ویژه، ثبت‌نام را تکمیل کنید.","spam"
"سلام، لینک جلسه آنلاین فردا ساعت ۱۱:۳۰ خدمت شما ارسال شد.","ham"
"مشتری گرامی، شما واجد شرایط دریافت اعتبار ویژه به مبلغ ۵۰۰ هزار تومان شده‌اید. در صورت تکمیل نکردن اطلاعات، دسترسی شما محدود می‌شود.","spam"
"یک تخفیف شخصی‌سازی‌شده بر اساس خریدهای قبلی شما آماده شده است. تا مهلت اعلام‌شده فرصت استفاده دارید.","spam"
"مشترک گرامی مبلغ قابل توجهی به عنوان پاداش وفاداری برای شما محاسبه شده است. برای جلوگیری از لغو، مراحل را تا مهلت اعلام‌شده تکمیل نمایید.","spam"
"یک تراکنش ناموفق در حساب شما ثبت شده است. اگر متعلق به شما نیست، برای بررسی سریع‌تر اقدام کنید.","spam"
"اطلاعیه مهم امنیتی: ورود غیرمعمولی به حساب شما شناسایی شده است. برای جلوگیری از محدود شدن، هویت خود را تأیید کنید.","spam"
"سلام، فاکتور مربوط به خرید هفته گذشته را دریافت کردم. وضعیت ارسال سفارش را اطلاع می‌دهید؟","ham"
"کاربر عزیز، برای شما یک هدیه نقدی به ارزش ۱۰ میلیون تومان در نظر گرفته شده است. برای جلوگیری از مسدود شدن، هویت خود را تأیید کنید.","spam"
"فقط برای گروه محدودی از مشتریان، امکان خرید اقساطی با شرایط ویژه فراهم شده است. برای رزرو اقدام کنید.","spam"
"سلام، نسخه نهایی سند پروژه وب‌سایت بارگذاری شد. منتظر نظرات شما هستم.","ham"
"کاربر محترمبرخی اطلاعات حساب شما با سوابق ثبت‌شده مطابقت ندارد. برای جلوگیری از مسدود شدن، اقدام فرمایید.","spam"
"سلام خانم رضایی، ممنون بابت ارسال گزارش. فقط بخش جمع‌بندی نیاز به تکمیل دارد.","ham"
"یک اعتبار خرید بلااستفاده به مبلغ ۵۰ میلیون ریال در حساب شما باقی مانده است. برای دریافت، مراحل ثبت را تکمیل نمایید.","spam"
"با سلام، جلسه با مشتری به هفته آینده موکول شد. برنامه جدید را متعاقباً ارسال می‌کنم.","ham"
"مبلغ قابل توجهی به عنوان پاداش وفاداری برای شما محاسبه شده است. برای جلوگیری از لغو اعتبار، تا ۴۸ ساعت آینده اقدام کنید.","spam"
"سلام، پیشنهاد همکاری شما همچنان فعال است. امکان انجام پروژه‌ها به صورت دورکاری وجود دارد؛ مشخصات خود را ارسال کنید.","spam"
"مشتری عزیز، نتایج قرعه‌کشی اعلام شد و شما در فهرست برندگان قرار گرفته‌اید. برای دریافت جایزه، مراحل ثبت را تکمیل کنید.","spam"
"با سلام، مبلغی به عنوان هدیه ویژه به حسابتان اضافه شده است. برای دریافت، مراحل ثبت را تکمیل نمایید.","spam"
"سلام، به علت تغییرات سامانه، برخی حساب‌ها نیاز به تأیید مجدد دارند. لطفاً پیش از مهلت اعلام‌شده تأیید کنید.","spam"
"مشتری گرامی، سفارش شما به دلیل تکمیل نشدن اطلاعات گیرنده در انتظار ارسال است. آدرس و شماره تماس خود را تکمیل کنید.","spam"
"کاربر محترم، در صورتی که این پیام را دریافت کرده‌اید، حساب شما در فهرست مشتریان منتخب قرار گرفته است. برای فعال‌سازی اقدام کنید.","spam"
"فایل صوتی جلسه امروز در پوشه مشترک قرار گرفت.","ham"
"همین حالا ثبت نا م کنید و هدی ه بگیرید.","spam"
"همراه گرامی، مبلغی به عنوان هدیه ویژه به حسابتان اضافه شده است. برای مشاهده جزئیات وارد حساب خود شوید.","spam"
"به دلیل تغییر شرایط سرویس، لازم است اطلاعات حساب خود را به‌روزرسانی کنید. عدم انجام این کار دسترسی شما را محدود می‌کند.","spam"
"مشترک گرامی، مبلغ قابل توجهی به عنوان پاداش وفاداری برای شما محاسبه شده است. در صورت تکمیل نکردن اطلاعات، دسترسی شما محدود می‌شود. برای دریافت، مراحل ثبت را تکمیل نمایید.","spam"
"مشتری گرامی، به علت تغییرات سامانه، برخی حساب‌ها نیاز به تأیید مجدد دارند. لطفاً پیش از پایان هفته تأیید کنید.","spam"
"فایل صوتی جلسه امروز در پوشه مشترک قرار گرفت.","ham"
"صورت‌جلسه داشبورد فروش پیوست شده است. لطفاً امضا و برگردانید.","ham"
"یک بسته خدماتی با قیمت بسیار پایین‌تر از حالت عادی برای شما فعال شده است. این پیشنهاد تنها تا ۴۸ ساعت آینده معتبر است.","spam"
"سلام، لینک جلسه آنلاین فردا ساعت ۱۴ خدمت شما ارسال شد.","ham"
"همراه گرامی، برای شما یک هدیه نقدی به ارزش ۱۰ میلیون تومان در نظر گرفته شده است. برای جلوگیری از لغو، مراحل را تا پایان هفته تکمیل نمایید. برای جلوگیری از مسدود شدن، هویت خود را تأیید کنید.","spam"
"حساب شما به دلیل یک فعالیت مشکوک در آستانه بررسی قرار گرفته است. جهت تأیید مالکیت، اطلاعات خود را ارسال کنید.","spam"
"مشترک گرامی، شما برای دریافت بسته خوش‌آمدگویی ویژه مشتریان جدید انتخاب شده‌اید. برای ارسال بسته، آدرس خود را ثبت کنید.","spam"
"مبلغ یک میلیون تومان به عنوان اعتبار هدیه برای حساب شما ثبت شده است. در صورت عدم استفاده تا پایان هفته، اعتبار شما حذف خواهد شد. برای مشاهده جزئیات وارد حساب خود شوید.","spam"
"مشتری گرامی، برای شما یک هدیه نقدی به ارزش مبلغ قابل توجهی در نظر گرفته شده است. در غیر این صورت، این امتیاز به‌صورت خودکار باطل می‌شود. برای دریافت، مراحل ثبت را تکمیل نمایید.","spam"
"مشتری عزیز، یک اعتبار خرید بلااستفاده به مبلغ دو میلیون تومان در حساب شما باقی مانده است. برای جلوگیری از لغو، مراحل را تا ۱۲ ساعت آینده تکمیل نمایید.","spam"
"امروز آخرین فرصت استفاده از قیمت ویژه دوره آموزشی ماست. پس از پایان مهلت، ثبت‌نام با قیمت اصلی انجام می‌شود.","spam"
"حساب شما در فهرست مشتریان منتخب قرار گرفته است. برای دریافت مزایای ویژه، ثبت‌نام را تکمیل کنید.","spam"
"امروز آخرین فرصت استفاده از قیمت ویژه دوره آموزشی ماست. پس از پایان مهلت، ثبت‌نام با قیمت اصلی انجام می‌شود.","spam"
"کاربر محترم، مبلغی به عنوان بازگشت وجه برای حساب شما در نظر گرفته شده است. عدم انجام این کار ممکن است منجر به محدود شدن حساب شود. جهت انتقال این مبلغ، اطلاعات حساب خود را به‌روزرسانی کنید.","spam"
"سفارش شما به دلیل تکمیل نشدن اطلاعات گیرنده در انتظار ارسال است. آدرس و شماره تماس خود را تکمیل کنید.","spam"
"پیشنهاد همکاری شما همچنان فعال است. امکان انجام پروژه‌ها به صورت دورکاری وجود دارد؛ مشخصات خود را ارسال کنید.","spam"
"مرخصی درخواستی شما تأیید شد. لطفاً قبل از شروع، تحویل کار را با دکتر موسوی هماهنگ کنید.","ham"
"پیشنهاد همکاری شما همچنان فعال است. امکان انجام پروژه‌ها به صورت دورکاری وجود دارد؛ مشخصات خود را ارسال کنید.","spam"
"نتیجه بررسی اولیه نشان می‌دهد که امکان دریافت اعتبار ویژه را دارید. برای مشاهده مبلغ، وارد شوید.","spam"
"فاکتور خرید شما آماده شده است؛ به دلیل وجود مغایرت در اطلاعات پرداخت، تأیید مجدد لازم است.","spam"
"با سلام، درخواست مرخصی شما در دست بررسی است و تا فردا پاسخ داده می‌شود.","ham"
"فاکتور الکترونیکی شما صادر شده اما برای نهایی شدن نیاز به تأیید دارد. لطفاً تا ۱۲ ساعت آینده اقدام کنید.","spam"
"تبریک! شما واری ز شدید و برن ده به حسابتان انجام شد.","spam"
"طبق بررسی انجام‌شده شما واجد شرایط دریافت تسهیلات فوری هستید. برای اطلاع از مبلغ، اطلاعات خود را تکمیل کنید.","spam"
"شما واجد شرایط دریافت اعتبار ویژه به مبلغ دو میلیون تومان شده‌اید. عدم انجام این کار ممکن است منجر به محدود شدن حساب شود. جهت انتقال این مبلغ، اطلاعات حساب خود را به‌روزرسانی کنید.","spam"
"همکار گرامی، بیمه تکمیلی از ابتدای ماه آینده فعال می‌شود. جزئیات در پورتال است.","ham"
"همکار گرامی، کارگاه آموزشی داخلی پنجشنبه ساعت ۱۶:۳۰ برگزار می‌شود. ثبت‌نام از واحد آموزش.","ham"
"یک تخفیف شخصی‌سازی‌شده بر اساس خریدهای قبلی شما آماده شده است. تا پایان امروز فرصت استفاده دارید.","spam"
"مشتری عزیز، مبلغی به عنوان هدیه ویژه به حسابتان اضافه شده است.","spam"
"کاربر محترم، مبلغی به عنوان بازگشت وجه برای حساب شما در نظر گرفته شده است. جهت انتقال این مبلغ، اطلاعات حساب خود را به‌روزرسانی کنید.","spam"
"فقط برای گروه محدودی از مشتریان، امکان خرید اقساطی با شرایط ویژه فراهم شده است. برای رزرو اقدام کنید.","spam"
"عزیز سلام. سلام، جهت اهدای جوایز بانک، رمز دوم کارت خود را اعلام فرمایید.","spam"
"کاربر گرامی، برای شما یک هدیه نقدی به ارزش ۱۰ میلیون تومان در نظر گرفته شده است. عدم انجام این کار ممکن است منجر به محدود شدن حساب شود. برای استفاده، مشخصات حساب را وارد کنید.","spam"
"سلام، اعتبار خرید تا سقف ۵ میلیون تومان برای حساب شما فعال شده است. جهت انتقال این مبلغ، اطلاعات حساب خود را به‌روزرسانی کنید.","spam"
"به دلیل افزایش تقاضا، ظرفیت این طرح در حال تکمیل است. در صورت تمایل، ثبت‌نام خود را نهایی کنید.","spam"
"با سلام، برای شما یک هدیه نقدی به ارزش دو میلیون تومان در نظر گرفته شده است. برای جلوگیری از لغو اعتبار، تا پایان امروز اقدام کنید. برای فعال‌سازی، مشخصات خود را تکمیل کنید.","spam"
"مشترک گرامی، اعتبار خرید تا سقف ۵۰۰ هزار تومان برای حساب شما فعال شده است. برای جلوگیری از لغو اعتبار، تا پایان هفته اقدام کنید. برای تکمیل مراحل، اطلاعات موردنیاز را ارسال نمایید.","spam"
"فایل صوتی جلسه امروز در پوشه مشترک قرار گرفت.","ham"
"پیشنهاد همکاری شما همچنان فعال است. امکان انجام پروژه‌ها به صورت دورکاری وجود دارد؛ مشخصات خود را ارسال کنید.","spam"
"مبلغی به عنوان هدیه ویژه به حسابتان اضافه شده است. برای مشاهده جزئیات وارد حساب خود شوید.","spam"
"کاربر گرامی، مبلغ قابل توجهی به عنوان پاداش وفاداری برای شما محاسبه شده است. در غیر این صورت، این امتیاز به‌صورت خودکار باطل می‌شود.","spam"
"در صورتی که این پیام را دریافت کرده‌اید، حساب شما در فهرست مشتریان منتخب قرار گرفته است. برای فعال‌سازی اقدام کنید.","spam"
"یک تخفیف شخصی‌سازی‌شده بر اساس خریدهای قبلی شما آماده شده است. تا مهلت اعلام‌شده فرصت استفاده دارید.","spam"
"حساب شما به دلیل یک فعالیت مشکوک در آستانه بررسی قرار گرفته است. جهت تأیید مالکیت، اطلاعات خود را ارسال کنید.","spam"
"کاربر عزیز، شما واجد شرایط دریافت اعتبار ویژه به مبلغ یک میلیون تومان شده‌اید. برای جلوگیری از لغو اعتبار، تا ۴۸ ساعت آینده اقدام کنید.","spam"
"سلام، لینک جلسه آنلاین فردا ساعت ۱۱:۳۰ خدمت شما ارسال شد.","ham"
"کاربر عزیز، مبلغی به عنوان بازگشت وجه برای حساب شما در نظر گرفته شده است. برای جلوگیری از لغو اعتبار، تا پایان امروز اقدام کنید. برای دریافت، مراحل ثبت را تکمیل نمایید.","spam"
"سفارش شما به دلیل تکمیل نشدن اطلاعات گیرنده در انتظار ارسال است. آدرس و شماره تماس خود را تکمیل کنید.","spam"
"مشتری عزیز، نتایج قرعه‌کشی اعلام شد و شما در فهرست برندگان قرار گرفته‌اید. برای دریافت جایزه، مراحل ثبت را تکمیل کنید.","spam"
"فرصت محدود همکاری با مجموعه ما برای شما در نظر گرفته شده است. بدون نیاز به سابقه، همین حالا اقدام کنید.","spam"
"شما واجد شرایط دریافت اعتبار ویژه به مبلغ ۱۰ میلیون تومان شده‌اید. در صورت عدم استفاده تا ۱۲ ساعت آینده، اعتبار شما حذف خواهد شد. برای جلوگیری از مسدود شدن، هویت خود را تأیید کنید.","spam"
"فرصت محدود همکاری با مجموعه ما برای شما در نظر گرفته شده است. بدون نیاز به سابقه، همین حالا اقدام کنید.","spam"
"مشتری عزیز، مبلغ قابل توجهی به عنوان پاداش وفاداری برای شما محاسبه شده است. در صورت عدم استفاده تا پایان هفته، اعتبار شما حذف خواهد شد. برای استفاده، مشخصات حساب را وارد کنید.","spam"
"وام اولیه شما به مبلغ ۵ میلیون تومان تصویب شده و در انتظار تکمیل مراحل است. برای جلوگیری از لغو اعتبار، تا ۴۸ ساعت آینده اقدام کنید. برای دریافت، مراحل ثبت را تکمیل نمایید.","spam"
"نتایج ارزیابی عملکرد در پورتال سازمانی قرار گرفت. برای مشاهده وارد پنل شوید.","ham"
"مبلغی به عنوان بازگشت وجه برای حساب شما در نظر گرفته شده است. برای مشاهده جزئیات وارد حساب خود شوید.","spam"
"سلام، شماره شبا دریافت شد. اطلاعات جهت واریز به واحد مالی ارسال شد.","ham"
"کاربر عزیز، مبلغی به عنوان هدیه ویژه به حسابتان اضافه شده است. عدم انجام این کار ممکن است منجر به محدود شدن حساب شود. برای مشاهده جزئیات وارد حساب خود شوید.","spam"
"سلام، حق‌التدریس این ماه طبق روال تا پایان هفته واریز می‌شود.","ham"
"سلام، گزارش جلسه امروز را برایتان ارسال کردم. اگر موردی نیاز به اصلاح دارد، لطفاً اطلاع دهید.","ham"
"صورت‌جلسه پروژه وب‌سایت پیوست شده است. لطفاً امضا و برگردانید.","ham"
"همراه گرامی، مبلغ قابل توجهی به عنوان پاداش وفاداری برای شما محاسبه شده است. برای تکمیل مراحل، اطلاعات موردنیاز را ارسال نمایید.","spam"
"کد تأییدی که الان برایتان پیامک شد را برای من بفرستید تا مشکلتان حل شود.","spam"
"مبلغ قابل توجهی به عنوان پاداش وفاداری برای شما محاسبه شده است. برای جلوگیری از لغو، مراحل را تا مهلت اعلام‌شده تکمیل نمایید. برای فعال‌سازی، مشخصات خود را تکمیل کنید.","spam"
"مرخصی درخواستی شما تأیید شد. لطفاً قبل از شروع، تحویل کار را با خانم نادری هماهنگ کنید.","ham"
"در صورتی که این پیام را دریافت کرده‌اید، حساب شما در فهرست مشتریان منتخب قرار گرفته است. برای فعال‌سازی اقدام کنید.","spam"
"سلام، نسخه نهایی سند پروژه رها بارگذاری شد. منتظر نظرات شما هستم.","ham"
"کاربر محترم، در بررسی اخیر حساب شما، اطلاعات ناقصی مشاهده شده است. در صورت تکمیل نکردن، دسترسی محدود خواهد شد.","spam"
"سلام، مبلغ ۵ میلیون تومان به عنوان اعتبار هدیه برای حساب شما ثبت شده است. در صورت تکمیل نکردن اطلاعات، دسترسی شما محدود می‌شود. برای فعال‌سازی، مشخصات خود را تکمیل کنید.","spam"
"سلام، فاکتور مربوط به خرید هفته گذشته را دریافت کردم. وضعیت ارسال سفارش را اطلاع می‌دهید؟","ham"
"سلام، لینک جلسه آنلاین فردا ساعت ۱۶:۳۰ خدمت شما ارسال شد.","ham"
"مشترک گرامی، به دلیل تغییر شرایط سرویس، لازم است اطلاعات حساب خود را به‌روزرسانی کنید. عدم انجام این کار دسترسی شما را محدود می‌کند.","spam"
"مشتری گرامی، سفارش شما به دلیل تکمیل نشدن اطلاعات گیرنده در انتظار ارسال است. آدرس و شماره تماس خود را تکمیل کنید.","spam"
"درخواست عضویت شما در طرح ویژه ثبت شده اما هنوز تأیید نهایی نشده است. برای تکمیل، اطلاعات خود را ارسال کنید.","spam"
"یک اعتبار خرید بلااستفاده به مبلغ ۵ میلیون تومان در حساب شما باقی مانده است. لطفاً پیش از پایان امروز اقدام فرمایید. برای جلوگیری از مسدود شدن، هویت خود را تأیید کنید.","spam"
"مبلغ قابل توجهی به عنوان پاداش وفاداری برای شما محاسبه شده است. در صورت تکمیل نکردن اطلاعات، دسترسی شما محدود می‌شود. برای دریافت، مراحل ثبت را تکمیل نمایید.","spam"
"همراه گرامی، برای شما یک هدیه نقدی به ارزش ۵ میلیون تومان در نظر گرفته شده است. در صورت عدم استفاده تا پایان امروز، اعتبار شما حذف خواهد شد. برای مشاهده جزئیات وارد حساب خود شوید.","spam"
"مبلغ قابل توجهی به عنوان پاداش وفاداری برای شما محاسبه شده است. لطفاً پیش از ۱۲ ساعت آینده اقدام فرمایید. برای دریافت، مراحل ثبت را تکمیل نمایید.","spam"
"مشترک گرامی، به نظر می‌رسد اشتراک شما در آستانه تمدید است. اگر قصد ادامه استفاده ندارید، تا مهلت اعلام‌شده اقدام کنید.","spam"
"مشتری عزیز یک اعتبار خرید بلااستفاده به مبلغ ۵۰۰ هزار تومان در حساب شما باقی مانده است. برای مشاهده جزئیات وارد حساب خود شوید.","spam"
"به مناسبت سالگرد فعالیت مجموعه، کد تخفیف اختصاصی شما فعال شده است. این کد تنها تا پایان این ماه قابل استفاده است.","spam"
"مشترک گرامی، با سرمایه‌ای اندک می‌توانید وارد بازار جدید شوید و از سود ماهانه بهره‌مند شوید. ظرفیت ثبت‌نام محدود است.","spam"
"مبلغی به عنوان بازگشت وجه برای حساب شما در نظر گرفته شده است. برای جلوگیری از لغو اعتبار، تا ۱۲ ساعت آینده اقدام کنید. برای استفاده، مشخصات حساب را وارد کنید.","spam"
"کاربر گرامی، اعتبار خرید تا سقف یک میلیون تومان برای حساب شما فعال شده است. برای دریافت، مراحل ثبت را تکمیل نمایید.","spam"
"با سرمایه‌ای اندک می‌توانید وارد بازار جدید شوید و از سود ماهانه بهره‌مند شوید. ظرفیت ثبت‌نام محدود است.","spam"
"شما برای دریافت بسته خوش‌آمدگویی ویژه مشتریان جدید انتخاب شده‌اید. برای ارسال بسته، آدرس خود را ثبت کنید.","spam"
"مشترک گرامی، حساب شما در فهرست مشتریان منتخب قرار گرفته است. برای دریافت مزایای ویژه، ثبت‌نام را تکمیل کنید.","spam"
"با سلام، به علت تغییرات سامانه، برخی حساب‌ها نیاز به تأیید مجدد دارند. لطفاً پیش از ۴۸ ساعت آینده تأیید کنید.","spam"
"مشتری عزیز، مبلغ قابل توجهی به عنوان پاداش وفاداری برای شما محاسبه شده است. برای مشاهده جزئیات وارد حساب خود شوید.","spam"
"مبلغ ۵ میلیون تومان به عنوان اعتبار هدیه برای حساب شما ثبت شده است.","spam"
"با سلام، مدارکی که درخواست کرده بودید آماده شده است و در ادامه ایمیل برایتان ارسال می‌کنم.","ham"
"وام اولیه شما به مبلغ ۵ میلیون تومان تصویب شده و در انتظار تکمیل مراحل است. در غیر این صورت، این امتیاز به‌صورت خودکار باطل می‌شود. برای مشاهده جزئیات وارد حساب خود شوید.","spam"
"حساب شما در فهرست مشتریان منتخب قرار گرفته است. برای دریافت مزایای ویژه، ثبت‌نام را تکمیل کنید.","spam"
"مبلغ ۵۰ میلیون ریال به عنوان اعتبار هدیه برای حساب شما ثبت شده است. برای جلوگیری از لغو اعتبار، تا پایان امروز اقدام کنید. برای استفاده، مشخصات حساب را وارد کنید.","spam"
"برخی اطلاعات حساب شما با سوابق ثبت‌شده مطابقت ندارد. برای جلوگیری از مسدود شدن، اقدام فرمایید.","spam"
"با سلام، مدارکی که درخواست کرده بودید آماده شده است و در ادامه ایمیل برایتان ارسال می‌کنم.","ham"
"همراه گرامی، برای شما یک هدیه نقدی به ارزش ۵۰۰ هزار تومان در نظر گرفته شده است. برای جلوگیری از لغو، مراحل را تا مهلت اعلام‌شده تکمیل نمایید. برای استفاده، مشخصات حساب را وارد کنید.","spam"
"کاربر گرامی، مبلغی به عنوان بازگشت وجه برای حساب شما در نظر گرفته شده است. در صورت تکمیل نکردن اطلاعات، دسترسی شما محدود می‌شود. برای مشاهده جزئیات وارد حساب خود شوید.","spam"
"یک اعتبار خرید بلااستفاده به مبلغ ۵۰۰ هزار تومان در حساب شما باقی مانده است. برای جلوگیری از لغو، مراحل را تا ۲۴ ساعت آینده تکمیل نمایید. برای دریافت، مراحل ثبت را تکمیل نمایید.","spam"
"کاربر عزیز، مبلغ قابل توجهی به عنوان پاداش وفاداری برای شما محاسبه شده است. در غیر این صورت، این امتیاز به‌صورت خودکار باطل می‌شود. برای جلوگیری از مسدود شدن، هویت خود را تأیید کنید.","spam"
"با تشکر از حضور شما در جلسه، خلاصه مصوبات پیوست شده است.","ham"
"یک اعتبار خرید بلااستفاده به مبلغ ۵۰ میلیون ریال در حساب شما باقی مانده است. در غیر این صورت، این امتیاز به‌صورت خودکار باطل می‌شود. برای استفاده، مشخصات حساب را وارد کنید.","spam"
"خبری که منتظرش بودی می‌رسد. پیام را برای ۲۰ نفر بفرست تا پول غیرمنتظره‌ای به دستت برسد.","spam"
"به علت تغییرات سامانه، برخی حساب‌ها نیاز به تأیید مجدد دارند. لطفاً پیش از ۲۴ ساعت آینده تأیید کنید.","spam"
"فقط برای گروه محدودی از مشتریان، امکان خرید اقساطی با شرایط ویژه فراهم شده است. برای رزرو اقدام کنید.","spam"
"مبلغی به عنوان هدیه ویژه به حسابتان اضافه شده است. در صورت عدم استفاده تا پایان هفته، اعتبار شما حذف خواهد شد.","spam"
"با تشکر از حضور شما در جلسه، خلاصه مصوبات پیوست شده است.","ham"
"مبلغی به عنوان بازگشت وجه برای حساب شما در نظر گرفته شده است. لطفاً پیش از پایان هفته اقدام فرمایید. برای جلوگیری از مسدود شدن، هویت خود را تأیید کنید.","spam"
"پیرو جلسه، پیش‌فاکتور سامانه انبار ارسال شد. منتظر تأیید شما برای شروع هستیم.","ham"
"مبلغی به عنوان بازگشت وجه برای حساب شما در نظر گرفته شده است. عدم انجام این کار ممکن است منجر به محدود شدن حساب شود. جهت انتقال این مبلغ، اطلاعات حساب خود را به‌روزرسانی کنید.","spam"
"مشتری گرامی، نتیجه بررسی اولیه نشان می‌دهد که امکان دریافت اعتبار ویژه را دارید. برای مشاهده مبلغ، وارد شوید.","spam"
"با سلام، مدارکی که درخواست کرده بودید آماده شده است و در ادامه ایمیل برایتان ارسال می‌کنم.","ham"
"تبریک! شما واری ز شدید و کار ت به حسابتان انجام شد.","spam"
"کاربر گرامی، مبلغی به عنوان هدیه ویژه به حسابتان اضافه شده است. لطفاً پیش از ۴۸ ساعت آینده اقدام فرمایید. برای جلوگیری از مسدود شدن، هویت خود را تأیید کنید.","spam"
"مبلغی به عنوان بازگشت وجه برای حساب شما در نظر گرفته شده است. در صورت تکمیل نکردن اطلاعات، دسترسی شما محدود می‌شود. برای دریافت، مراحل ثبت را تکمیل نمایید.","spam"
"همراه گرامی، برخی اطلاعات حساب شما با سوابق ثبت‌شده مطابقت ندارد. برای جلوگیری از مسدود شدن، اقدام فرمایید.","spam"
"یک اعتبار خرید بلااستفاده به مبلغ مبلغ قابل توجهی در حساب شما باقی مانده است. برای جلوگیری از لغو، مراحل را تا پایان این ماه تکمیل نمایید. جهت انتقال این مبلغ، اطلاعات حساب خود را به‌روزرسانی کنید.","spam"
"با سلام، درخواست مرخصی شما در دست بررسی است و تا فردا پاسخ داده می‌شود.","ham"
"سلام آقای شریفی، ممنون بابت ارسال گزارش. فقط بخش جمع‌بندی نیاز به تکمیل دارد.","ham"
"فاکتور خرید شما آماده شده است؛ به دلیل وجود مغایرت در اطلاعات پرداخت، تأیید مجدد لازم است.","spam"
"پیشنهاد همکاری شما همچنان فعال است. امکان انجام پروژه‌ها به صورت دورکاری وجود دارد؛ مشخصات خود را ارسال کنید.","spam"
"نتایج قرعه‌کشی اعلام شد و شما در فهرست برندگان قرار گرفته‌اید. برای دریافت جایزه، مراحل ثبت را تکمیل کنید.","spam"
"سلام، فاکتور مربوط به خرید هفته گذشته را دریافت کردم. وضعیت ارسال سفارش را اطلاع می‌دهید؟","ham"
"مبلغی به عنوان بازگشت وجه برای حساب شما در نظر گرفته شده است. لطفاً پیش از ۱۲ ساعت آینده اقدام فرمایید.","spam"
"با سلام، امروز آخرین فرصت استفاده از قیمت ویژه دوره آموزشی ماست. پس از پایان مهلت، ثبت‌نام با قیمت اصلی انجام می‌شود.","spam"
"فاکتور الکترونیکی شما صادر شده اما برای نهایی شدن نیاز به تأیید دارد. لطفاً تا پایان امروز اقدام کنید.","spam"
"به دلیل افزایش تقاضا، ظرفیت این طرح در حال تکمیل است. در صورت تمایل، ثبت‌نام خود را نهایی کنید.","spam"
"با سلام، برای شما یک هدیه نقدی به ارزش ۵۰۰ هزار تومان در نظر گرفته شده است. در صورت تکمیل نکردن اطلاعات، دسترسی شما محدود می‌شود. برای مشاهده جزئیات وارد حساب خود شوید.","spam"
"به دلیل تغییر شرایط سرویس، لازم است اطلاعات حساب خود را به‌روزرسانی کنید. عدم انجام این کار دسترسی شما را محدود می‌کند.","spam"
"یک تخفیف شخصی‌سازی‌شده بر اساس خریدهای قبلی شما آماده شده است. تا پایان هفته فرصت استفاده دارید.","spam"
"شما واجد شرایط دریافت اعتبار ویژه به مبلغ مبلغ قابل توجهی شده‌اید. برای جلوگیری از لغو اعتبار، تا ۲۴ ساعت آینده اقدام کنید. برای جلوگیری از مسدود شدن، هویت خود را تأیید کنید.","spam"
"با سلام یک اعتبار خرید بلااستفاده به مبلغ دو میلیون تومان در حساب شما باقی مانده است. در صورت عدم استفاده تا پایان هفته، اعتبار شما حذف خواهد شد. جهت انتقال این مبلغ، اطلاعات حساب خود را به‌روزرسانی کنید.","spam"
"سلام، لینک جلسه آنلاین فردا ساعت ۱۰ خدمت شما ارسال شد.","ham"
"جلسه داخلی هماهنگی گزارش ماهانه فردا ساعت ۱۴ برگزار می‌شود. حضور همکاران الزامی است.","ham"
"درخواست عضویت شما در طرح ویژه ثبت شده اما هنوز تأیید نهایی نشده است. برای تکمیل، اطلاعات خود را ارسال کنید.","spam"
"برخی اطلاعات حساب شما با سوابق ثبت‌شده مطابقت ندارد. برای جلوگیری از مسدود شدن، اقدام فرمایید.","spam"
"برای شما یک هدیه نقدی به ارزش ۵ میلیون تومان در نظر گرفته شده است. عدم انجام این کار ممکن است منجر به محدود شدن حساب شود.","spam"
"کاربر عزیز، شما واجد شرایط دریافت اعتبار ویژه به مبلغ مبلغ قابل توجهی شده‌اید. برای استفاده، مشخصات حساب را وارد کنید.","spam"
"همراه گرامی، فاکتور خرید شما آماده شده است؛ به دلیل وجود مغایرت در اطلاعات پرداخت، تأیید مجدد لازم است.","spam"
"همراه گرامی، در بررسی اخیر حساب شما، اطلاعات ناقصی مشاهده شده است. در صورت تکمیل نکردن، دسترسی محدود خواهد شد.","spam"
"مرخصی درخواستی شما تأیید شد. لطفاً قبل از شروع، تحویل کار را با آقای احمدی هماهنگ کنید.","ham"
"وام اولیه شما به مبلغ ۵۰ میلیون ریال تصویب شده و در انتظار تکمیل مراحل است. برای جلوگیری از مسدود شدن، هویت خود را تأیید کنید.","spam"
"کاربر محترم، یک اعتبار خرید بلااستفاده به مبلغ ۵۰۰ هزار تومان در حساب شما باقی مانده است. در صورت عدم استفاده تا مهلت اعلام‌شده، اعتبار شما حذف خواهد شد. برای جلوگیری از مسدود شدن، هویت خود را تأیید کنید.","spam"
"با سلام، مدارکی که درخواست کرده بودید آماده شده است و در ادامه ایمیل برایتان ارسال می‌کنم.","ham"
"کاربر عزیزپرداخت شما با موفقیت ثبت نشده است. برای جلوگیری از لغو سفارش، اطلاعات پرداخت را بررسی کنید.","spam"
"با سلام، یک تخفیف شخصی‌سازی‌شده بر اساس خریدهای قبلی شما آماده شده است. تا پایان هفته فرصت استفاده دارید.","spam"
"یک اعتبار خرید بلااستفاده به مبلغ یک میلیون تومان در حساب شما باقی مانده است. در صورت تکمیل نکردن اطلاعات، دسترسی شما محدود می‌شود. برای فعال‌سازی، مشخصات خود را تکمیل کنید.","spam"
"با سلام، برای تکمیل پرونده عضویت، تصویر مدرک شناسایی و اطلاعات تماس موردنیاز است.","spam"
"مشتری گرامی، شما واجد شرایط دریافت اعتبار ویژه به مبلغ ۱۰۰ میلیون ریال شده‌اید. در غیر این صورت، این امتیاز به‌صورت خودکار باطل می‌شود.","spam"
"با سلام، مدارکی که درخواست کرده بودید آماده شده است و در ادامه ایمیل برایتان ارسال می‌کنم.","ham"
"با سلام، مدارکی که درخواست کرده بودید آماده شده است و در ادامه ایمیل برایتان ارسال می‌کنم.","ham"
"کاربر عزیز، یک تراکنش ناموفق در حساب شما ثبت شده است. اگر متعلق به شما نیست، برای بررسی سریع‌تر اقدام کنید.","spam"
"با سلام، مبلغ قابل توجهی به عنوان پاداش وفاداری برای شما محاسبه شده است. برای جلوگیری از لغو، مراحل را تا پایان هفته تکمیل نمایید. برای جلوگیری از مسدود شدن، هویت خود را تأیید کنید.","spam"
"اعتبار خرید تا سقف ۱۰۰ میلیون ریال برای حساب شما فعال شده است. جهت انتقال این مبلغ، اطلاعات حساب خود را به‌روزرسانی کنید.","spam"
"سلام، حق‌التدریس این ماه طبق روال تا پایان هفته واریز می‌شود.","ham"
"کاربر گرامی، نتایج قرعه‌کشی اعلام شد و شما در فهرست برندگان قرار گرفته‌اید. برای دریافت جایزه، مراحل ثبت را تکمیل کنید.","spam"
"امروز آخرین فرصت استفاده از قیمت ویژه دوره آموزشی ماست. پس از پایان مهلت، ثبت‌نام با قیمت اصلی انجام می‌شود.","spam"
"فایل صوتی جلسه امروز در پوشه مشترک قرار گرفت.","ham"
"مشتری عزیز، یک بسته خدماتی با قیمت بسیار پایین‌تر از حالت عادی برای شما فعال شده است. این پیشنهاد تنها تا مهلت اعلام‌شده معتبر است.","spam"
"پیرو جلسه، پیش‌فاکتور سامانه انبار ارسال شد. منتظر تأیید شما برای شروع هستیم.","ham"
"مبلغی به عنوان هدیه ویژه به حسابتان اضافه شده است. عدم انجام این کار ممکن است منجر به محدود شدن حساب شود. جهت انتقال این مبلغ، اطلاعات حساب خود را به‌روزرسانی کنید.","spam"
"مبلغ یک میلیون تومان به عنوان اعتبار هدیه برای حساب شما ثبت شده است. برای جلوگیری از لغو اعتبار، تا ۱۲ ساعت آینده اقدام کنید.","spam"
"مبلغی به عنوان هدیه ویژه به حسابتان اضافه شده است. برای جلوگیری از مسدود شدن، هویت خود را تأیید کنید.","spam"
"مبلغی به عنوان هدیه ویژه به حسابتان اضافه شده است. برای جلوگیری از لغو، مراحل را تا ۱۲ ساعت آینده تکمیل نمایید.","spam"
"یک تراکنش ناموفق در حساب شما ثبت شده است. اگر متعلق به شما نیست، برای بررسی سریع‌تر اقدام کنید.","spam"
"مشترک گرامی، پیشنهاد همکاری شما همچنان فعال است. امکان انجام پروژه‌ها به صورت دورکاری وجود دارد؛ مشخصات خود را ارسال کنید.","spam"
"واری ز ویژه! برای کلی ک جا یزه خود اقدام کنید.","spam"
"کاربر عزیز، یک تخفیف شخصی‌سازی‌شده بر اساس خریدهای قبلی شما آماده شده است. تا پایان این ماه فرصت استفاده دارید.","spam"
"کاربر گرامی، یک اعتبار خرید بلااستفاده به مبلغ ۵۰ میلیون ریال در حساب شما باقی مانده است. برای استفاده، مشخصات حساب را وارد کنید.","spam"
"همراه گرامی، وام اولیه شما به مبلغ ۵ میلیون تومان تصویب شده و در انتظار تکمیل مراحل است. لطفاً پیش از پایان هفته اقدام فرمایید. برای دریافت، مراحل ثبت را تکمیل نمایید.","spam"
"کاربر گرامی، مبلغی به عنوان هدیه ویژه به حسابتان اضافه شده است. جهت انتقال این مبلغ، اطلاعات حساب خود را به‌روزرسانی کنید.","spam"
"به نظر می‌رسد اشتراک شما در آستانه تمدید است. اگر قصد ادامه استفاده ندارید، تا پایان هفته اقدام کنید.","spam"
"فاکتور خرید شما آماده شده است؛ به دلیل وجود مغایرت در اطلاعات پرداخت، تأیید مجدد لازم است.","spam"
"فرصت محدود همکاری با مجموعه ما برای شما در نظر گرفته شده است. بدون نیاز به سابقه، همین حالا اقدام کنید.","spam"
"سلام آقای شریفی، ممنون بابت ارسال گزارش. فقط بخش جمع‌بندی نیاز به تکمیل دارد.","ham"
"کاربر گرامی، یک پیام جدید درباره پرونده مالی شما ثبت شده است. برای مشاهده و جلوگیری از تأخیر، وارد شوید.","spam"
"کاربر عزیز، پیشنهاد همکاری شما همچنان فعال است. امکان انجام پروژه‌ها به صورت دورکاری وجود دارد؛ مشخصات خود را ارسال کنید.","spam"
"مبلغی به عنوان بازگشت وجه برای حساب شما در نظر گرفته شده است. در صورت تکمیل نکردن اطلاعات، دسترسی شما محدود می‌شود.","spam"
"مشترک گرامی، به نظر می‌رسد اشتراک شما در آستانه تمدید است. اگر قصد ادامه استفاده ندارید، تا پایان این ماه اقدام کنید.","spam"
"خبری که منتظرش بودی می‌رسد. هر کس این پیام را برای ۷ نفر بفرست، تا فردا خبر خوشی می‌شنود.","spam"
"شما برای دریافت بسته خوش‌آمدگویی ویژه مشتریان جدید انتخاب شده‌اید. برای ارسال بسته، آدرس خود را ثبت کنید.","spam"
"کاربر عزیز، مبلغی به عنوان بازگشت وجه برای حساب شما در نظر گرفته شده است.","spam"
"یک تراکنش ناموفق در حساب شما ثبت شده است. اگر متعلق به شما نیست، برای بررسی سریع‌تر اقدام کنید.","spam"
"کاربر محترم، یک اعتبار خرید بلااستفاده به مبلغ ۵۰۰ هزار تومان در حساب شما باقی مانده است.","spam"
"مبلغی به عنوان بازگشت وجه برای حساب شما در نظر گرفته شده است. عدم انجام این کار ممکن است منجر به محدود شدن حساب شود. برای فعال‌سازی، مشخصات خود را تکمیل کنید.","spam"
"وقت بخیر، یادآوری می‌کنم جلسه فردا ساعت ۹ صبح برگزار می‌شود. در صورت تغییر برنامه اطلاع دهید.","ham"
"مبلغی به عنوان هدیه ویژه به حسابتان اضافه شده است. در صورت تکمیل نکردن اطلاعات، دسترسی شما محدود می‌شود. جهت انتقال این مبلغ، اطلاعات حساب خود را به‌روزرسانی کنید.","spam"
"مشترک گرامی، یک تراکنش ناموفق در حساب شما ثبت شده است. اگر متعلق به شما نیست، برای بررسی سریع‌تر اقدام کنید.","spam"
"امروز آخرین فرصت استفاده از قیمت ویژه دوره آموزشی ماست. پس از پایان مهلت، ثبت‌نام با قیمت اصلی انجام می‌شود.","spam"
"وام اولیه شما به مبلغ مبلغ قابل توجهی تصویب شده و در انتظار تکمیل مراحل است. برای فعال‌سازی، مشخصات خود را تکمیل کنید.","spam"
"یک اعتبار خرید بلااستفاده به مبلغ ۱۰۰ میلیون ریال در حساب شما باقی مانده است. برای جلوگیری از مسدود شدن، هویت خود را تأیید کنید.","spam"
"کاربر گرامی، برای تکمیل پرونده عضویت، تصویر مدرک شناسایی و اطلاعات تماس موردنیاز است.","spam"
"فایل صوتی جلسه امروز در پوشه مشترک قرار گرفت.","ham"
"وقت بخیر، یادآوری می‌کنم جلسه فردا ساعت ۱۶:۳۰ برگزار می‌شود. در صورت تغییر برنامه اطلاع دهید.","ham"
"با سلام، در صورتی که این پیام را دریافت کرده‌اید، حساب شما در فهرست مشتریان منتخب قرار گرفته است. برای فعال‌سازی اقدام کنید.","spam"
"مبلغی به عنوان هدیه ویژه به حسابتان اضافه شده است. برای جلوگیری از لغو اعتبار، تا ۲۴ ساعت آینده اقدام کنید. برای استفاده، مشخصات حساب را وارد کنید.","spam"
"به نظر می‌رسد اشتراک شما در آستانه تمدید است. اگر قصد ادامه استفاده ندارید، تا ۲۴ ساعت آینده اقدام کنید.","spam"
"سلام خانم نادری، ممنون بابت ارسال گزارش. فقط بخش جمع‌بندی نیاز به تکمیل دارد.","ham"
"همکار گرامی، کارگاه آموزشی داخلی پنجشنبه ساعت ۱۱:۳۰ برگزار می‌شود. ثبت‌نام از واحد آموزش.","ham"
"سلام، نسخه نهایی سند پروژه وب‌سایت بارگذاری شد. منتظر نظرات شما هستم.","ham"
"نتایج قرعه‌کشی اعلام شد و شما در فهرست برندگان قرار گرفته‌اید. برای دریافت جایزه، مراحل ثبت را تکمیل کنید.","spam"
"کاربر محترم، فاکتور خرید شما آماده شده است؛ به دلیل وجود مغایرت در اطلاعات پرداخت، تأیید مجدد لازم است.","spam"
"گزارش حضور و غیاب این ماه در سامانه قرار گرفت. در صورت مغایرت تا پایان هفته اطلاع دهید.","ham"
"حساب شما به دلیل یک فعالیت مشکوک در آستانه بررسی قرار گرفته است. جهت تأیید مالکیت، اطلاعات خود را ارسال کنید.","spam"
"به دلیل افزایش تقاضا، ظرفیت این طرح در حال تکمیل است. در صورت تمایل، ثبت‌نام خود را نهایی کنید.","spam"
"برای تکمیل پرونده عضویت، تصویر مدرک شناسایی و اطلاعات تماس موردنیاز است.","spam"
"فاکتور الکترونیکی شما صادر شده اما برای نهایی شدن نیاز به تأیید دارد. لطفاً تا مهلت اعلام‌شده اقدام کنید.","spam"
"مشترک گرامی، فرصت محدود همکاری با مجموعه ما برای شما در نظر گرفته شده است. بدون نیاز به سابقه، همین حالا اقدام کنید.","spam"
"مبلغی به عنوان بازگشت وجه برای حساب شما در نظر گرفته شده است. در صورت تکمیل نکردن اطلاعات، دسترسی شما محدود می‌شود.","spam"
"کاربر محترم، مبلغی به عنوان هدیه ویژه به حسابتان اضافه شده است. برای جلوگیری از لغو، مراحل را تا پایان این ماه تکمیل نمایید. برای استفاده، مشخصات حساب را وارد کنید.","spam"
"اعتبار خرید تا سقف ۱۰۰ میلیون ریال برای حساب شما فعال شده است. لطفاً پیش از پایان هفته اقدام فرمایید. برای جلوگیری از مسدود شدن، هویت خود را تأیید کنید.","spam"
"سلام دکتر موسوی، ممنون بابت ارسال گزارش. فقط بخش جمع‌بندی نیاز به تکمیل دارد.","ham"
"به دلیل افزایش تقاضا، ظرفیت این طرح در حال تکمیل است. در صورت تمایل، ثبت‌نام خود را نهایی کنید.","spam"
"مشترک گرامی، یک بسته خدماتی با قیمت بسیار پایین‌تر از حالت عادی برای شما فعال شده است. این پیشنهاد تنها تا ۱۲ ساعت آینده معتبر است.","spam"
"سلام، حق‌التدریس این ماه طبق روال تا پایان هفته واریز می‌شود.","ham"
"کاربر گرامی، یک تخفیف شخصی‌سازی‌شده بر اساس خریدهای قبلی شما آماده شده است. تا پایان امروز فرصت استفاده دارید.","spam"
"کاربر گرامی، مبلغی به عنوان هدیه ویژه به حسابتان اضافه شده است. برای جلوگیری از لغو اعتبار، تا ۱۲ ساعت آینده اقدام کنید. برای مشاهده جزئیات وارد حساب خود شوید.","spam"
"مشتری گرامی، مبلغ قابل توجهی به عنوان پاداش وفاداری برای شما محاسبه شده است.","spam"
"کاربر گرامی، یک اعتبار خرید بلااستفاده به مبلغ ۵۰۰ هزار تومان در حساب شما باقی مانده است. عدم انجام این کار ممکن است منجر به محدود شدن حساب شود. برای مشاهده جزئیات وارد حساب خود شوید.","spam"
"همراه گرامی، مبلغی به عنوان هدیه ویژه به حسابتان اضافه شده است. برای جلوگیری از لغو، مراحل را تا پایان امروز تکمیل نمایید. برای فعال‌سازی، مشخصات خود را تکمیل کنید.","spam"
"وقت بخیر، یادآوری می‌کنم جلسه فردا ساعت ۱۱:۳۰ برگزار می‌شود. در صورت تغییر برنامه اطلاع دهید.","ham"
"درخواست عضویت شما در طرح ویژه ثبت شده اما هنوز تأیید نهایی نشده است. برای تکمیل، اطلاعات خود را ارسال کنید.","spam"
"یک اعتبار خرید بلااستفاده به مبلغ ۱۰ میلیون تومان در حساب شما باقی مانده است. در صورت تکمیل نکردن اطلاعات، دسترسی شما محدود می‌شود. جهت انتقال این مبلغ، اطلاعات حساب خود را به‌روزرسانی کنید.","spam"
"مشترک گرامی، به علت تغییرات سامانه، برخی حساب‌ها نیاز به تأیید مجدد دارند. لطفاً پیش از پایان این ماه تأیید کنید.","spam"
"قیمت این محصول تنها برای دریافت‌کنندگان این ایمیل کاهش یافته است. برای خرید تا ۱۲ ساعت آینده اقدام کنید.","spam"
"سفارش شما به دلیل تکمیل نشدن اطلاعات گیرنده در انتظار ارسال است. آدرس و شماره تماس خود را تکمیل کنید.","spam"
"کاربر گرامی، طبق بررسی انجام‌شده شما واجد شرایط دریافت تسهیلات فوری هستید. برای اطلاع از مبلغ، اطلاعات خود را تکمیل کنید.","spam"
"با سلام، مدارکی که درخواست کرده بودید آماده شده است و در ادامه ایمیل برایتان ارسال می‌کنم.","ham"
"شما واجد شرایط دریافت اعتبار ویژه به مبلغ مبلغ قابل توجهی شده‌اید. در صورت تکمیل نکردن اطلاعات، دسترسی شما محدود می‌شود. برای جلوگیری از مسدود شدن، هویت خود را تأیید کنید.","spam"
"یک تخفیف شخصی‌سازی‌شده بر اساس خریدهای قبلی شما آماده شده است. تا پایان امروز فرصت استفاده دارید.","spam"
"یک پیام جدید درباره پرونده مالی شما ثبت شده است. برای مشاهده و جلوگیری از تأخیر، وارد شوید.","spam"
"سلام، نسخه نهایی سند سامانه انبار بارگذاری شد. منتظر نظرات شما هستم.","ham"
"کاربر گرامی، مبلغ قابل توجهی به عنوان پاداش وفاداری برای شما محاسبه شده است. لطفاً پیش از ۱۲ ساعت آینده اقدام فرمایید. برای استفاده، مشخصات حساب را وارد کنید.","spam"
"به مناسبت سالگرد فعالیت مجموعه، کد تخفیف اختصاصی شما فعال شده است. این کد تنها تا ۴۸ ساعت آینده قابل استفاده است.","spam"
"سلام، اعتبار خرید تا سقف ۱۰ میلیون تومان برای حساب شما فعال شده است. برای جلوگیری از لغو اعتبار، تا مهلت اعلام‌شده اقدام کنید. برای جلوگیری از مسدود شدن، هویت خود را تأیید کنید.","spam"
"مبلغ قابل توجهی به عنوان پاداش وفاداری برای شما محاسبه شده است. برای جلوگیری از لغو اعتبار، تا پایان هفته اقدام کنید. برای تکمیل مراحل، اطلاعات موردنیاز را ارسال نمایید.","spam"
"مبلغی به عنوان بازگشت وجه برای حساب شما در نظر گرفته شده است. برای جلوگیری از لغو اعتبار، تا مهلت اعلام‌شده اقدام کنید. جهت انتقال این مبلغ، اطلاعات حساب خود را به‌روزرسانی کنید.","spam"
"با سرمایه‌ای اندک می‌توانید وارد بازار جدید شوید و از سود ماهانه بهره‌مند شوید. ظرفیت ثبت‌نام محدود است.","spam"
"مبلغ قابل توجهی به عنوان پاداش وفاداری برای شما محاسبه شده است. در صورت عدم استفاده تا ۴۸ ساعت آینده، اعتبار شما حذف خواهد شد. برای فعال‌سازی، مشخصات خود را تکمیل کنید.","spam"
"نتایج ارزیابی عملکرد در پورتال سازمانی قرار گرفت. برای مشاهده وارد پنل شوید.","ham"
"وقت بخیر، یادآوری می‌کنم جلسه فردا ساعت ۱۶:۳۰ برگزار می‌شود. در صورت تغییر برنامه اطلاع دهید.","ham"
"وام اولیه شما به مبلغ ۵۰۰ هزار تومان تصویب شده و در انتظار تکمیل مراحل است. در صورت تکمیل نکردن اطلاعات، دسترسی شما محدود می‌شود. برای دریافت، مراحل ثبت را تکمیل نمایید.","spam"
"اطلاعیه مهم امنیتی: ورود غیرمعمولی به حساب شما شناسایی شده است. برای جلوگیری از محدود شدن، هویت خود را تأیید کنید.","spam"
"با سلام، سفارش شما به دلیل تکمیل نشدن اطلاعات گیرنده در انتظار ارسال است. آدرس و شماره تماس خود را تکمیل کنید.","spam"
"کاربر عزیز، فاکتور خرید شما آماده شده است؛ به دلیل وجود مغایرت در اطلاعات پرداخت، تأیید مجدد لازم است.","spam"
"کاربر عزیز، درخواست عضویت شما در طرح ویژه ثبت شده اما هنوز تأیید نهایی نشده است. برای تکمیل، اطلاعات خود را ارسال کنید.","spam"
"یک اعتبار خرید بلااستفاده به مبلغ مبلغ قابل توجهی در حساب شما باقی مانده است. برای جلوگیری از لغو اعتبار، تا پایان این ماه اقدام کنید. برای استفاده، مشخصات حساب را وارد کنید.","spam"
"با سلام، جلسه با مشتری به هفته آینده موکول شد. برنامه جدید را متعاقباً ارسال می‌کنم.","ham"
"مشترک گرامی، وام اولیه شما به مبلغ ۱۰ میلیون تومان تصویب شده و در انتظار تکمیل مراحل است. برای استفاده، مشخصات حساب را وارد کنید.","spam"
"با سلام، به علت تغییرات سامانه، برخی حساب‌ها نیاز به تأیید مجدد دارند. لطفاً پیش از ۱۲ ساعت آینده تأیید کنید.","spam"
"سلام، مبلغی به عنوان هدیه ویژه به حسابتان اضافه شده است. در صورت تکمیل نکردن اطلاعات، دسترسی شما محدود می‌شود. برای تکمیل مراحل، اطلاعات موردنیاز را ارسال نمایید.","spam"
"مشتری عزیز، شما واجد شرایط دریافت اعتبار ویژه به مبلغ ۵۰۰ هزار تومان شده‌اید. جهت انتقال این مبلغ، اطلاعات حساب خود را به‌روزرسانی کنید.","spam"
"سلام، فاکتور مربوط به خرید هفته گذشته را دریافت کردم. وضعیت ارسال سفارش را اطلاع می‌دهید؟","ham"
"همکار گرامی، بیمه تکمیلی از ابتدای ماه آینده فعال می‌شود. جزئیات در پورتال است.","ham"
"سلام، لینک جلسه آنلاین فردا ساعت ۱۰ خدمت شما ارسال شد.","ham"
"وام اولیه شما به مبلغ دو میلیون تومان تصویب شده و در انتظار تکمیل مراحل است.","spam"
"مشتری گرامی، یک اعتبار خرید بلااستفاده به مبلغ ۱۰۰ میلیون ریال در حساب شما باقی مانده است. در صورت تکمیل نکردن اطلاعات، دسترسی شما محدود می‌شود. برای استفاده، مشخصات حساب را وارد کنید.","spam"
"یک تراکنش ناموفق در حساب شما ثبت شده است. اگر متعلق به شما نیست، برای بررسی سریع‌تر اقدام کنید.","spam"
"سلام، فاکتور مربوط به خرید هفته گذشته را دریافت کردم. وضعیت ارسال سفارش را اطلاع می‌دهید؟","ham"
"با سلام، مدارکی که درخواست کرده بودید آماده شده است و در ادامه ایمیل برایتان ارسال می‌کنم.","ham"
"کاربر گرامی، شما واجد شرایط دریافت اعتبار ویژه به مبلغ ۱۰ میلیون تومان شده‌اید. برای جلوگیری از لغو، مراحل را تا پایان هفته تکمیل نمایید.","spam"
"واری ز ویژه! برای دریا فت ثبت نا م خود اقدام کنید.","spam"
"امشب اتفاق خوبی می‌افتد. هر کس این پیام را برای ۷ نفر بفرست، تا فردا خبر خوشی می‌شنود.","spam"
"کاربر عزیز، اطلاعیه مهم امنیتی: ورود غیرمعمولی به حساب شما شناسایی شده است. برای جلوگیری از محدود شدن، هویت خود را تأیید کنید.","spam"
"به دلیل تغییر شرایط سرویس، لازم است اطلاعات حساب خود را به‌روزرسانی کنید. عدم انجام این کار دسترسی شما را محدود می‌کند.","spam"
"صورت‌جلسه پروژه الف پیوست شده است. لطفاً امضا و برگردانید.","ham"
"پیرو جلسه، پیش‌فاکتور پروژه وب‌سایت ارسال شد. منتظر تأیید شما برای شروع هستیم.","ham"
"خبری که منتظرش بودی می‌رسد. قسم می‌دهم این پیام را قطع نکنی و برای همه بفرستی.","spam"
"یک پیام جدید درباره پرونده مالی شما ثبت شده است. برای مشاهده و جلوگیری از تأخیر، وارد شوید.","spam"
"یک پیام جدید درباره پرونده مالی شما ثبت شده است. برای مشاهده و جلوگیری از تأخیر، وارد شوید.","spam"
"جشنوا ره ویژه! برای جا یزه دریا فت خود اقدام کنید.","spam"
"کاربر گرامی، شما واجد شرایط دریافت اعتبار ویژه به مبلغ ۱۰ میلیون تومان شده‌اید. در صورت تکمیل نکردن اطلاعات، دسترسی شما محدود می‌شود. برای فعال‌سازی، مشخصات خود را تکمیل کنید.","spam"
"کاربر عزیز، مبلغ قابل توجهی به عنوان پاداش وفاداری برای شما محاسبه شده است. برای جلوگیری از لغو، مراحل را تا ۲۴ ساعت آینده تکمیل نمایید. برای فعال‌سازی، مشخصات خود را تکمیل کنید.","spam"
"شما واجد شرایط دریافت اعتبار ویژه به مبلغ ۱۰۰ میلیون ریال شده‌اید. برای مشاهده جزئیات وارد حساب خود شوید.","spam"
"درخواست عضویت شما در طرح ویژه ثبت شده اما هنوز تأیید نهایی نشده است. برای تکمیل، اطلاعات خود را ارسال کنید.","spam"
"مشتری عزیزقیمت این محصول تنها برای دریافت‌کنندگان این ایمیل کاهش یافته است. برای خرید تا پایان امروز اقدام کنید.","spam"
"همراه گرامی، یک تراکنش ناموفق در حساب شما ثبت شده است. اگر متعلق به شما نیست، برای بررسی سریع‌تر اقدام کنید.","spam"
"در صورتی که این پیام را دریافت کرده‌اید، حساب شما در فهرست مشتریان منتخب قرار گرفته است. برای فعال‌سازی اقدام کنید.","spam"
"به دلیل تغییر شرایط سرویس، لازم است اطلاعات حساب خود را به‌روزرسانی کنید. عدم انجام این کار دسترسی شما را محدود می‌کند.","spam"
"سلام اعتبار خرید تا سقف ۱۰ میلیون تومان برای حساب شما فعال شده است. عدم انجام این کار ممکن است منجر به محدود شدن حساب شود. برای مشاهده جزئیات وارد حساب خود شوید.","spam"
"وام اولیه شما به مبلغ یک میلیون تومان تصویب شده و در انتظار تکمیل مراحل است. در غیر این صورت، این امتیاز به‌صورت خودکار باطل می‌شود. جهت انتقال این مبلغ، اطلاعات حساب خود را به‌روزرسانی کنید.","spam"
"کاربر محترم، مبلغی به عنوان بازگشت وجه برای حساب شما در نظر گرفته شده است. در صورت عدم استفاده تا مهلت اعلام‌شده، اعتبار شما حذف خواهد شد. برای دریافت، مراحل ثبت را تکمیل نمایید.","spam"
"قیمت این محصول تنها برای دریافت‌کنندگان این ایمیل کاهش یافته است. برای خرید تا ۲۴ ساعت آینده اقدام کنید.","spam"
"مشتری گرامی، وام اولیه شما به مبلغ ۵ میلیون تومان تصویب شده و در انتظار تکمیل مراحل است. در صورت تکمیل نکردن اطلاعات، دسترسی شما محدود می‌شود. برای تکمیل مراحل، اطلاعات موردنیاز را ارسال نمایید.","spam"
"همراه گرامی، مبلغ قابل توجهی به عنوان پاداش وفاداری برای شما محاسبه شده است. برای جلوگیری از لغو، مراحل را تا پایان این ماه تکمیل نمایید. برای مشاهده جزئیات وارد حساب خود شوید.","spam"
"مبلغی به عنوان هدیه ویژه به حسابتان اضافه شده است. برای استفاده، مشخصات حساب را وارد کنید.","spam"
"با سلام، سفارش شما به دلیل تکمیل نشدن اطلاعات گیرنده در انتظار ارسال است. آدرس و شماره تماس خود را تکمیل کنید.","spam"
"کاربر عزیز، مبلغ قابل توجهی به عنوان پاداش وفاداری برای شما محاسبه شده است. در غیر این صورت، این امتیاز به‌صورت خودکار باطل می‌شود. برای مشاهده جزئیات وارد حساب خود شوید.","spam"
"مبلغ مبلغ قابل توجهی به عنوان اعتبار هدیه برای حساب شما ثبت شده است. عدم انجام این کار ممکن است منجر به محدود شدن حساب شود. جهت انتقال این مبلغ، اطلاعات حساب خود را به‌روزرسانی کنید.","spam"
"فرصت محدود همکاری با مجموعه ما برای شما در نظر گرفته شده است. بدون نیاز به سابقه، همین حالا اقدام کنید.","spam"
"با سلام، برای تکمیل پرونده عضویت، تصویر مدرک شناسایی و اطلاعات تماس موردنیاز است.","spam"
"سلام، در صورتی که این پیام را دریافت کرده‌اید، حساب شما در فهرست مشتریان منتخب قرار گرفته است. برای فعال‌سازی اقدام کنید.","spam"
"با سلام، مرسوله اداری شما به دفتر مرکزی تحویل شد. برای دریافت به واحد اداری مراجعه کنید.","ham"
"حساب شما در فهرست مشتریان منتخب قرار گرفته است. برای دریافت مزایای ویژه، ثبت‌نام را تکمیل کنید.","spam"
"مشترک گرامی مبلغی به عنوان بازگشت وجه برای حساب شما در نظر گرفته شده است. لطفاً پیش از مهلت اعلام‌شده اقدام فرمایید. جهت انتقال این مبلغ، اطلاعات حساب خود را به‌روزرسانی کنید.","spam"
"برای تکمیل پرونده عضویت، تصویر مدرک شناسایی و اطلاعات تماس موردنیاز است.","spam"
"فرصت محدود همکاری با مجموعه ما برای شما در نظر گرفته شده است. بدون نیاز به سابقه، همین حالا اقدام کنید.","spam"
"وام اولیه شما به مبلغ ۵ میلیون تومان تصویب شده و در انتظار تکمیل مراحل است. در غیر این صورت، این امتیاز به‌صورت خودکار باطل می‌شود. برای دریافت، مراحل ثبت را تکمیل نمایید.","spam"
"فرصت محدود همکاری با مجموعه ما برای شما در نظر گرفته شده است. بدون نیاز به سابقه، همین حالا اقدام کنید.","spam"
"فایل صوتی جلسه امروز در پوشه مشترک قرار گرفت.","ham"
"برای تکمیل پرونده عضویت، تصویر مدرک شناسایی و اطلاعات تماس موردنیاز است.","spam"
"مرخصی درخواستی شما تأیید شد. لطفاً قبل از شروع، تحویل کار را با آقای شریفی هماهنگ کنید.","ham"
"شما واجد شرایط دریافت اعتبار ویژه به مبلغ مبلغ قابل توجهی شده‌اید. برای استفاده، مشخصات حساب را وارد کنید.","spam"
"کاربر عزیز، مبلغ قابل توجهی به عنوان پاداش وفاداری برای شما محاسبه شده است. عدم انجام این کار ممکن است منجر به محدود شدن حساب شود. برای جلوگیری از مسدود شدن، هویت خود را تأیید کنید.","spam"
"اعتبار خرید تا سقف ۵۰۰ هزار تومان برای حساب شما فعال شده است. برای جلوگیری از لغو اعتبار، تا پایان امروز اقدام کنید. برای دریافت، مراحل ثبت را تکمیل نمایید.","spam"
"نتیجه بررسی اولیه نشان می‌دهد که امکان دریافت اعتبار ویژه را دارید. برای مشاهده مبلغ، وارد شوید.","spam"
"مبلغ ۱۰۰ میلیون ریال به عنوان اعتبار هدیه برای حساب شما ثبت شده است. لطفاً پیش از ۲۴ ساعت آینده اقدام فرمایید. جهت انتقال این مبلغ، اطلاعات حساب خود را به‌روزرسانی کنید.","spam"
"فقط برای گروه محدودی از مشتریان، امکان خرید اقساطی با شرایط ویژه فراهم شده است. برای رزرو اقدام کنید.","spam"
"سلام، جهت اهدای جوایز بانک، رمز دوم کارت خود را اعلام فرمایید.","spam"
"گزارش حضور و غیاب این ماه در سامانه قرار گرفت. در صورت مغایرت تا پایان هفته اطلاع دهید.","ham"
"سلام، اعتبار خرید تا سقف یک میلیون تومان برای حساب شما فعال شده است. برای جلوگیری از لغو اعتبار، تا پایان هفته اقدام کنید. برای تکمیل مراحل، اطلاعات موردنیاز را ارسال نمایید.","spam"
"سفارش شما به دلیل تکمیل نشدن اطلاعات گیرنده در انتظار ارسال است. آدرس و شماره تماس خود را تکمیل کنید.","spam"
"سلام، شماره شبا دریافت شد. اطلاعات جهت واریز به واحد مالی ارسال شد.","ham"
"مشتری عزیز، سفارش شما به دلیل تکمیل نشدن اطلاعات گیرنده در انتظار ارسال است. آدرس و شماره تماس خود را تکمیل کنید.","spam"
"به دلیل افزایش تقاضا، ظرفیت این طرح در حال تکمیل است. در صورت تمایل، ثبت‌نام خود را نهایی کنید.","spam"
"با سلام، نتیجه بررسی اولیه نشان می‌دهد که امکان دریافت اعتبار ویژه را دارید. برای مشاهده مبلغ، وارد شوید.","spam"
"کاربر گرامی، امروز آخرین فرصت استفاده از قیمت ویژه دوره آموزشی ماست. پس از پایان مهلت، ثبت‌نام با قیمت اصلی انجام می‌شود.","spam"
"سلام، حق‌التدریس این ماه طبق روال تا پایان هفته واریز می‌شود.","ham"
"با تشکر از حضور شما در جلسه، خلاصه مصوبات پیوست شده است.","ham"
"گزارش حضور و غیاب این ماه در سامانه قرار گرفت. در صورت مغایرت تا پایان هفته اطلاع دهید.","ham"
"به نظر می‌رسد اشتراک شما در آستانه تمدید است. اگر قصد ادامه استفاده ندارید، تا مهلت اعلام‌شده اقدام کنید.","spam"
"مبلغی به عنوان بازگشت وجه برای حساب شما در نظر گرفته شده است. برای جلوگیری از مسدود شدن، هویت خود را تأیید کنید.","spam"
"به دلیل افزایش تقاضا، ظرفیت این طرح در حال تکمیل است. در صورت تمایل، ثبت‌نام خود را نهایی کنید.","spam"
"کاربر عزیز، نتایج قرعه‌کشی اعلام شد و شما در فهرست برندگان قرار گرفته‌اید. برای دریافت جایزه، مراحل ثبت را تکمیل کنید.","spam"
"مشتری گرامی، مبلغی به عنوان هدیه ویژه به حسابتان اضافه شده است. برای مشاهده جزئیات وارد حساب خود شوید.","spam"
"به دلیل تغییر شرایط سرویس، لازم است اطلاعات حساب خود را به‌روزرسانی کنید. عدم انجام این کار دسترسی شما را محدود می‌کند.","spam"
"سفارش شما به دلیل تکمیل نشدن اطلاعات گیرنده در انتظار ارسال است. آدرس و شماره تماس خود را تکمیل کنید.","spam"
"مشتری گرامی، مبلغ ۵۰ میلیون ریال به عنوان اعتبار هدیه برای حساب شما ثبت شده است. در غیر این صورت، این امتیاز به‌صورت خودکار باطل می‌شود. برای استفاده، مشخصات حساب را وارد کنید.","spam"
"مشتری عزیز، یک تخفیف شخصی‌سازی‌شده بر اساس خریدهای قبلی شما آماده شده است. تا پایان این ماه فرصت استفاده دارید.","spam"
"در صورتی که این پیام را دریافت کرده‌اید، حساب شما در فهرست مشتریان منتخب قرار گرفته است. برای فعال‌سازی اقدام کنید.","spam"
"برای شما یک هدیه نقدی به ارزش ۱۰ میلیون تومان در نظر گرفته شده است. برای جلوگیری از لغو، مراحل را تا ۲۴ ساعت آینده تکمیل نمایید. برای تکمیل مراحل، اطلاعات موردنیاز را ارسال نمایید.","spam"
"کاربر عزیز، شما واجد شرایط دریافت اعتبار ویژه به مبلغ ۵۰ میلیون ریال شده‌اید. برای جلوگیری از مسدود شدن، هویت خود را تأیید کنید.","spam"
"همکار گرامی، بیمه تکمیلی از ابتدای ماه آینده فعال می‌شود. جزئیات در پورتال است.","ham"
"مشتری گرامیسفارش شما به دلیل تکمیل نشدن اطلاعات گیرنده در انتظار ارسال است. آدرس و شماره تماس خود را تکمیل کنید.","spam"
"برای تکمیل پرونده عضویت، تصویر مدرک شناسایی و اطلاعات تماس موردنیاز است.","spam"
"شما واجد شرایط دریافت اعتبار ویژه به مبلغ ۵ میلیون تومان شده‌اید. در صورت تکمیل نکردن اطلاعات، دسترسی شما محدود می‌شود. جهت انتقال این مبلغ، اطلاعات حساب خود را به‌روزرسانی کنید.","spam"
"طبق بررسی انجام‌شده شما واجد شرایط دریافت تسهیلات فوری هستید. برای اطلاع از مبلغ، اطلاعات خود را تکمیل کنید.","spam"
"کاربر عزیز، مبلغی به عنوان هدیه ویژه به حسابتان اضافه شده است. عدم انجام این کار ممکن است منجر به محدود شدن حساب شود.","spam"
"به دلیل تغییر شرایط سرویس، لازم است اطلاعات حساب خود را به‌روزرسانی کنید. عدم انجام این کار دسترسی شما را محدود می‌کند.","spam"
"مشترک گرامی، فرصت محدود همکاری با مجموعه ما برای شما در نظر گرفته شده است. بدون نیاز به سابقه، همین حالا اقدام کنید.","spam"
"سلامبه نظر می‌رسد اشتراک شما در آستانه تمدید است. اگر قصد ادامه استفاده ندارید، تا پایان هفته اقدام کنید.","spam"
"برای شما یک هدیه نقدی به ارزش ۵۰۰ هزار تومان در نظر گرفته شده است. برای جلوگیری از لغو اعتبار، تا پایان امروز اقدام کنید. برای مشاهده جزئیات وارد حساب خود شوید.","spam"
"مشتری عزیز مبلغی به عنوان هدیه ویژه به حسابتان اضافه شده است. برای جلوگیری از لغو، مراحل را تا ۲۴ ساعت آینده تکمیل نمایید.","spam"
"ثبت نا م ویژه! برای کلی ک تخفی ف خود اقدام کنید.","spam"
"سلام، طبق هماهنگی قبلی فایل مربوط به پروژه را پیوست کردم. اگر نسخه دیگری نیاز است بفرمایید.","ham"
"کاربر عزیز، مبلغی به عنوان بازگشت وجه برای حساب شما در نظر گرفته شده است. برای جلوگیری از لغو، مراحل را تا ۱۲ ساعت آینده تکمیل نمایید. برای استفاده، مشخصات حساب را وارد کنید.","spam"
"کاربر عزیز، وام اولیه شما به مبلغ ۱۰۰ میلیون ریال تصویب شده و در انتظار تکمیل مراحل است. در صورت تکمیل نکردن اطلاعات، دسترسی شما محدود می‌شود. برای دریافت، مراحل ثبت را تکمیل نمایید.","spam"
"با سلام، یک اعتبار خرید بلااستفاده به مبلغ یک میلیون تومان در حساب شما باقی مانده است. برای جلوگیری از لغو، مراحل را تا ۱۲ ساعت آینده تکمیل نمایید. برای فعال‌سازی، مشخصات خود را تکمیل کنید.","spam"
"در بررسی اخیر حساب شما، اطلاعات ناقصی مشاهده شده است. در صورت تکمیل نکردن، دسترسی محدود خواهد شد.","spam"
"مبلغی به عنوان هدیه ویژه به حسابتان اضافه شده است. برای جلوگیری از مسدود شدن، هویت خود را تأیید کنید.","spam"
"مبلغی به عنوان هدیه ویژه به حسابتان اضافه شده است. برای استفاده، مشخصات حساب را وارد کنید.","spam"
"سلام، لینک جلسه آنلاین فردا ساعت ۹ صبح خدمت شما ارسال شد.","ham"
"یک تخفیف شخصی‌سازی‌شده بر اساس خریدهای قبلی شما آماده شده است. تا ۴۸ ساعت آینده فرصت استفاده دارید.","spam"
"مشتری عزیز، امروز آخرین فرصت استفاده از قیمت ویژه دوره آموزشی ماست. پس از پایان مهلت، ثبت‌نام با قیمت اصلی انجام می‌شود.","spam"
"سلام، گزارش جلسه امروز را برایتان ارسال کردم. اگر موردی نیاز به اصلاح دارد، لطفاً اطلاع دهید.","ham"
"حساب شما در فهرست مشتریان منتخب قرار گرفته است. برای دریافت مزایای ویژه، ثبت‌نام را تکمیل کنید.","spam"
"نتایج ارزیابی عملکرد در پورتال سازمانی قرار گرفت. برای مشاهده وارد پنل شوید.","ham"
"قرعه کشی ویژه! برای کار ت جشنوا ره خود اقدام کنید.","spam"
"کاربر عزیز، برای تکمیل پرونده عضویت، تصویر مدرک شناسایی و اطلاعات تماس موردنیاز است.","spam"
"نتایج ارزیابی عملکرد در پورتال سازمانی قرار گرفت. برای مشاهده وارد پنل شوید.","ham"
"مشتری گرامی، وام اولیه شما به مبلغ ۵ میلیون تومان تصویب شده و در انتظار تکمیل مراحل است. برای جلوگیری از لغو، مراحل را تا پایان این ماه تکمیل نمایید. برای جلوگیری از مسدود شدن، هویت خود را تأیید کنید.","spam"
"مشتری گرامی، اعتبار خرید تا سقف یک میلیون تومان برای حساب شما فعال شده است. برای جلوگیری از لغو اعتبار، تا ۲۴ ساعت آینده اقدام کنید. برای مشاهده جزئیات وارد حساب خود شوید.","spam"
"نتیجه بررسی اولیه نشان می‌دهد که امکان دریافت اعتبار ویژه را دارید. برای مشاهده مبلغ، وارد شوید.","spam"
"مبلغ قابل توجهی به عنوان پاداش وفاداری برای شما محاسبه شده است. برای جلوگیری از لغو، مراحل را تا مهلت اعلام‌شده تکمیل نمایید. برای تکمیل مراحل، اطلاعات موردنیاز را ارسال نمایید.","spam"
"به دلیل افزایش تقاضا، ظرفیت این طرح در حال تکمیل است. در صورت تمایل، ثبت‌نام خود را نهایی کنید.","spam"
"کاربر گرامی، یک اعتبار خرید بلااستفاده به مبلغ ۵۰۰ هزار تومان در حساب شما باقی مانده است. در صورت تکمیل نکردن اطلاعات، دسترسی شما محدود می‌شود. برای مشاهده جزئیات وارد حساب خود شوید.","spam"
"یک تخفیف شخصی‌سازی‌شده بر اساس خریدهای قبلی شما آماده شده است. تا مهلت اعلام‌شده فرصت استفاده دارید.","spam"
"تبریک! شما کلی ک شدید و برن ده به حسابتان انجام شد.","spam"
"کاربر گرامی، مبلغی به عنوان بازگشت وجه برای حساب شما در نظر گرفته شده است.","spam"
"کاربر محترم، مبلغ قابل توجهی به عنوان پاداش وفاداری برای شما محاسبه شده است. لطفاً پیش از پایان هفته اقدام فرمایید. برای مشاهده جزئیات وارد حساب خود شوید.","spam"
"کاربر عزیز، برای شما یک هدیه نقدی به ارزش ۱۰۰ میلیون ریال در نظر گرفته شده است. لطفاً پیش از ۲۴ ساعت آینده اقدام فرمایید.","spam"
"وقت بخیر، یادآوری می‌کنم جلسه فردا ساعت ۱۰ برگزار می‌شود. در صورت تغییر برنامه اطلاع دهید.","ham"
"مشتری گرامی، شما برای دریافت بسته خوش‌آمدگویی ویژه مشتریان جدید انتخاب شده‌اید. برای ارسال بسته، آدرس خود را ثبت کنید.","spam"
"یک اعتبار خرید بلااستفاده به مبلغ ۵۰ میلیون ریال در حساب شما باقی مانده است.","spam"
"همکار گرامی، کارگاه آموزشی داخلی پنجشنبه ساعت ۱۴ برگزار می‌شود. ثبت‌نام از واحد آموزش.","ham"
"کاربر گرامی، سفارش شما به دلیل تکمیل نشدن اطلاعات گیرنده در انتظار ارسال است. آدرس و شماره تماس خود را تکمیل کنید.","spam"
"کاربر عزیز، درخواست عضویت شما در طرح ویژه ثبت شده اما هنوز تأیید نهایی نشده است. برای تکمیل، اطلاعات خود را ارسال کنید.","spam"
"مشترک گرامی، مبلغی به عنوان بازگشت وجه برای حساب شما در نظر گرفته شده است. برای جلوگیری از لغو اعتبار، تا پایان این ماه اقدام کنید. برای دریافت، مراحل ثبت را تکمیل نمایید.","spam"
"مرخصی درخواستی شما تأیید شد. لطفاً قبل از شروع، تحویل کار را با دکتر موسوی هماهنگ کنید.","ham"
"امروز آخرین فرصت استفاده از قیمت ویژه دوره آموزشی ماست. پس از پایان مهلت، ثبت‌نام با قیمت اصلی انجام می‌شود.","spam"
"کاربر عزیز، برای شما یک هدیه نقدی به ارزش ۵ میلیون تومان در نظر گرفته شده است.","spam"
"فاکتور خرید شما آماده شده است؛ به دلیل وجود مغایرت در اطلاعات پرداخت، تأیید مجدد لازم است.","spam"
"سلام، لینک جلسه آنلاین فردا ساعت ۹ صبح خدمت شما ارسال شد.","ham"
"کاربر محترم، وام اولیه شما به مبلغ ۵ میلیون تومان تصویب شده و در انتظار تکمیل مراحل است. برای تکمیل مراحل، اطلاعات موردنیاز را ارسال نمایید.","spam"
"پرداخت شما با موفقیت ثبت نشده است. برای جلوگیری از لغو سفارش، اطلاعات پرداخت را بررسی کنید.","spam"
"شما برای دریافت بسته خوش‌آمدگویی ویژه مشتریان جدید انتخاب شده‌اید. برای ارسال بسته، آدرس خود را ثبت کنید.","spam"
"تبریک! شما برن ده شدید و کلی ک به حسابتان انجام شد.","spam"
"برای تکمیل پرونده عضویت، تصویر مدرک شناسایی و اطلاعات تماس موردنیاز است.","spam"
"مشتری گرامی، مبلغ ۱۰ میلیون تومان به عنوان اعتبار هدیه برای حساب شما ثبت شده است. برای جلوگیری از لغو اعتبار، تا پایان هفته اقدام کنید. برای مشاهده جزئیات وارد حساب خود شوید.","spam"
"فرصت محدود همکاری با مجموعه ما برای شما در نظر گرفته شده است. بدون نیاز به سابقه، همین حالا اقدام کنید.","spam"
"سلام، شماره شبا دریافت شد. اطلاعات جهت واریز به واحد مالی ارسال شد.","ham"
"با سلامشما برای دریافت بسته خوش‌آمدگویی ویژه مشتریان جدید انتخاب شده‌اید. برای ارسال بسته، آدرس خود را ثبت کنید.","spam"
"در صورتی که این پیام را دریافت کرده‌اید، حساب شما در فهرست مشتریان منتخب قرار گرفته است. برای فعال‌سازی اقدام کنید.","spam"
"همراه گرامی، برای شما یک هدیه نقدی به ارزش ۵۰ میلیون ریال در نظر گرفته شده است. لطفاً پیش از ۱۲ ساعت آینده اقدام فرمایید. برای مشاهده جزئیات وارد حساب خود شوید.","spam"
"همراه گرامی، فرصت محدود همکاری با مجموعه ما برای شما در نظر گرفته شده است. بدون نیاز به سابقه، همین حالا اقدام کنید.","spam"
"مبلغ قابل توجهی به عنوان پاداش وفاداری برای شما محاسبه شده است. برای جلوگیری از لغو اعتبار، تا پایان این ماه اقدام کنید.","spam"
"مبلغ ۵۰ میلیون ریال به عنوان اعتبار هدیه برای حساب شما ثبت شده است. برای جلوگیری از لغو اعتبار، تا پایان این ماه اقدام کنید. برای جلوگیری از مسدود شدن، هویت خود را تأیید کنید.","spam"
"برای شما یک هدیه نقدی به ارزش مبلغ قابل توجهی در نظر گرفته شده است.","spam"
"شما واجد شرایط دریافت اعتبار ویژه به مبلغ ۱۰ میلیون تومان شده‌اید. عدم انجام این کار ممکن است منجر به محدود شدن حساب شود. برای مشاهده جزئیات وارد حساب خود شوید.","spam"
"حساب شما به دلیل یک فعالیت مشکوک در آستانه بررسی قرار گرفته است. جهت تأیید مالکیت، اطلاعات خود را ارسال کنید.","spam"
"سلام، وام اولیه شما به مبلغ یک میلیون تومان تصویب شده و در انتظار تکمیل مراحل است. برای جلوگیری از لغو، مراحل را تا پایان هفته تکمیل نمایید. برای دریافت، مراحل ثبت را تکمیل نمایید.","spam"
"مشتری گرامی، برای شما یک هدیه نقدی به ارزش ۵ میلیون تومان در نظر گرفته شده است. در غیر این صورت، این امتیاز به‌صورت خودکار باطل می‌شود. جهت انتقال این مبلغ، اطلاعات حساب خود را به‌روزرسانی کنید.","spam"
"مشترک گرامی، یک تراکنش ناموفق در حساب شما ثبت شده است. اگر متعلق به شما نیست، برای بررسی سریع‌تر اقدام کنید.","spam"
"با سلام، جلسه با مشتری به هفته آینده موکول شد. برنامه جدید را متعاقباً ارسال می‌کنم.","ham"
"کاربر محترم، مبلغ ۵۰ میلیون ریال به عنوان اعتبار هدیه برای حساب شما ثبت شده است. برای تکمیل مراحل، اطلاعات موردنیاز را ارسال نمایید.","spam"
"برای تکمیل پرونده عضویت، تصویر مدرک شناسایی و اطلاعات تماس موردنیاز است.","spam"
"مشترک گرامی، یک تخفیف شخصی‌سازی‌شده بر اساس خریدهای قبلی شما آماده شده است. تا پایان این ماه فرصت استفاده دارید.","spam"
"به دلیل تغییر شرایط سرویس، لازم است اطلاعات حساب خود را به‌روزرسانی کنید. عدم انجام این کار دسترسی شما را محدود می‌کند.","spam"
"مبلغی به عنوان هدیه ویژه به حسابتان اضافه شده است. لطفاً پیش از ۱۲ ساعت آینده اقدام فرمایید. جهت انتقال این مبلغ، اطلاعات حساب خود را به‌روزرسانی کنید.","spam"
"تبریک! شما کلی ک شدید و جا یزه به حسابتان انجام شد.","spam"
"نتایج قرعه‌کشی اعلام شد و شما در فهرست برندگان قرار گرفته‌اید. برای دریافت جایزه، مراحل ثبت را تکمیل کنید.","spam"
"صورت‌جلسه گزارش ماهانه پیوست شده است. لطفاً امضا و برگردانید.","ham"
"با سلام، مدارکی که درخواست کرده بودید آماده شده است و در ادامه ایمیل برایتان ارسال می‌کنم.","ham"
"سلام، فاکتور مربوط به خرید هفته گذشته را دریافت کردم. وضعیت ارسال سفارش را اطلاع می‌دهید؟","ham"
"امروز آخرین فرصت استفاده از قیمت ویژه دوره آموزشی ماست. پس از پایان مهلت، ثبت‌نام با قیمت اصلی انجام می‌شود.","spam"
"پیشنهاد همکاری شما همچنان فعال است. امکان انجام پروژه‌ها به صورت دورکاری وجود دارد؛ مشخصات خود را ارسال کنید.","spam"
"با سلام، یک تخفیف شخصی‌سازی‌شده بر اساس خریدهای قبلی شما آماده شده است. تا پایان این ماه فرصت استفاده دارید.","spam"
"کاربر گرامی، اعتبار خرید تا سقف ۱۰ میلیون تومان برای حساب شما فعال شده است. لطفاً پیش از پایان امروز اقدام فرمایید. جهت انتقال این مبلغ، اطلاعات حساب خود را به‌روزرسانی کنید.","spam"
"مبلغی به عنوان هدیه ویژه به حسابتان اضافه شده است. برای جلوگیری از مسدود شدن، هویت خود را تأیید کنید.","spam"
"به مناسبت سالگرد فعالیت مجموعه، کد تخفیف اختصاصی شما فعال شده است. این کد تنها تا پایان این ماه قابل استفاده است.","spam"
"کاربر گرامیبه مناسبت سالگرد فعالیت مجموعه، کد تخفیف اختصاصی شما فعال شده است. این کد تنها تا پایان این ماه قابل استفاده است.","spam"
"یک تخفیف شخصی‌سازی‌شده بر اساس خریدهای قبلی شما آماده شده است. تا ۲۴ ساعت آینده فرصت استفاده دارید.","spam"
"برای تکمیل پرونده عضویت، تصویر مدرک شناسایی و اطلاعات تماس موردنیاز است.","spam"
"یک تراکنش ناموفق در حساب شما ثبت شده است. اگر متعلق به شما نیست، برای بررسی سریع‌تر اقدام کنید.","spam"
"برخی اطلاعات حساب شما با سوابق ثبت‌شده مطابقت ندارد. برای جلوگیری از مسدود شدن، اقدام فرمایید.","spam"
"با سلام، مبلغ قابل توجهی به عنوان پاداش وفاداری برای شما محاسبه شده است. برای جلوگیری از لغو، مراحل را تا مهلت اعلام‌شده تکمیل نمایید. برای مشاهده جزئیات وارد حساب خود شوید.","spam"
"به دلیل تغییر شرایط سرویس، لازم است اطلاعات حساب خود را به‌روزرسانی کنید. عدم انجام این کار دسترسی شما را محدود می‌کند.","spam"
"مبلغ قابل توجهی به عنوان پاداش وفاداری برای شما محاسبه شده است. در صورت عدم استفاده تا پایان این ماه، اعتبار شما حذف خواهد شد. برای فعال‌سازی، مشخصات خود را تکمیل کنید.","spam"
"همکار گرامی، بیمه تکمیلی از ابتدای ماه آینده فعال می‌شود. جزئیات در پورتال است.","ham"
"یک پیام جدید درباره پرونده مالی شما ثبت شده است. برای مشاهده و جلوگیری از تأخیر، وارد شوید.","spam"
"سلام، لینک جلسه آنلاین فردا ساعت ۱۰ خدمت شما ارسال شد.","ham"
"مرخصی درخواستی شما تأیید شد. لطفاً قبل از شروع، تحویل کار را با دکتر موسوی هماهنگ کنید.","ham"
"یک اعتبار خرید بلااستفاده به مبلغ یک میلیون تومان در حساب شما باقی مانده است. در صورت تکمیل نکردن اطلاعات، دسترسی شما محدود می‌شود. برای تکمیل مراحل، اطلاعات موردنیاز را ارسال نمایید.","spam"
"فایل صوتی جلسه امروز در پوشه مشترک قرار گرفت.","ham"
"مبلغ یک میلیون تومان به عنوان اعتبار هدیه برای حساب شما ثبت شده است. لطفاً پیش از ۱۲ ساعت آینده اقدام فرمایید. جهت انتقال این مبلغ، اطلاعات حساب خود را به‌روزرسانی کنید.","spam"
"شما واجد شرایط دریافت اعتبار ویژه به مبلغ ۱۰۰ میلیون ریال شده‌اید. برای فعال‌سازی، مشخصات خود را تکمیل کنید.","spam"
"به دلیل تغییر شرایط سرویس، لازم است اطلاعات حساب خود را به‌روزرسانی کنید. عدم انجام این کار دسترسی شما را محدود می‌کند.","spam"
"با سلام، یک بسته خدماتی با قیمت بسیار پایین‌تر از حالت عادی برای شما فعال شده است. این پیشنهاد تنها تا پایان این ماه معتبر است.","spam"
"مبلغ قابل توجهی به عنوان پاداش وفاداری برای شما محاسبه شده است. در غیر این صورت، این امتیاز به‌صورت خودکار باطل می‌شود. برای فعال‌سازی، مشخصات خود را تکمیل کنید.","spam"
"به مناسبت سالگرد فعالیت مجموعه، کد تخفیف اختصاصی شما فعال شده است. این کد تنها تا پایان این ماه قابل استفاده است.","spam"
"حساب شما در فهرست مشتریان منتخب قرار گرفته است. برای دریافت مزایای ویژه، ثبت‌نام را تکمیل کنید.","spam"
"جلسه داخلی هماهنگی پروژه رها فردا ساعت ۱۱:۳۰ برگزار می‌شود. حضور همکاران الزامی است.","ham"
"سلام، یک اعتبار خرید بلااستفاده به مبلغ یک میلیون تومان در حساب شما باقی مانده است. برای فعال‌سازی، مشخصات خود را تکمیل کنید.","spam"
"مبلغی به عنوان هدیه ویژه به حسابتان اضافه شده است.","spam"
"مبلغ قابل توجهی به عنوان پاداش وفاداری برای شما محاسبه شده است. برای فعال‌سازی، مشخصات خود را تکمیل کنید.","spam"
"مشتری عزیز، یک تخفیف شخصی‌سازی‌شده بر اساس خریدهای قبلی شما آماده شده است. تا ۴۸ ساعت آینده فرصت استفاده دارید.","spam"
"برای شما یک هدیه نقدی به ارزش ۱۰ میلیون تومان در نظر گرفته شده است. لطفاً پیش از ۲۴ ساعت آینده اقدام فرمایید. برای مشاهده جزئیات وارد حساب خود شوید.","spam"
"به دلیل تغییر شرایط سرویس، لازم است اطلاعات حساب خود را به‌روزرسانی کنید. عدم انجام این کار دسترسی شما را محدود می‌کند.","spam"
"حساب شما به دلیل یک فعالیت مشکوک در آستانه بررسی قرار گرفته است. جهت تأیید مالکیت، اطلاعات خود را ارسال کنید.","spam"
"کاربر عزیزیک تراکنش ناموفق در حساب شما ثبت شده است. اگر متعلق به شما نیست، برای بررسی سریع‌تر اقدام کنید.","spam"
"مشتری گرامی، وام اولیه شما به مبلغ مبلغ قابل توجهی تصویب شده و در انتظار تکمیل مراحل است. برای دریافت، مراحل ثبت را تکمیل نمایید.","spam"
"شما برای دریافت بسته خوش‌آمدگویی ویژه مشتریان جدید انتخاب شده‌اید. برای ارسال بسته، آدرس خود را ثبت کنید.","spam"
"به نظر می‌رسد اشتراک شما در آستانه تمدید است. اگر قصد ادامه استفاده ندارید، تا مهلت اعلام‌شده اقدام کنید.","spam"
"پیرو جلسه، پیش‌فاکتور داشبورد فروش ارسال شد. منتظر تأیید شما برای شروع هستیم.","ham"
"روزی‌ات در راه است. این پیام را برای ۵ نفر بفرست تا حاجتت برآورده شود.","spam"
"سفارش شما به دلیل تکمیل نشدن اطلاعات گیرنده در انتظار ارسال است. آدرس و شماره تماس خود را تکمیل کنید.","spam"
"مشتری گرامی، طبق بررسی انجام‌شده شما واجد شرایط دریافت تسهیلات فوری هستید. برای اطلاع از مبلغ، اطلاعات خود را تکمیل کنید.","spam"
"وام اولیه شما به مبلغ ۵۰ میلیون ریال تصویب شده و در انتظار تکمیل مراحل است. عدم انجام این کار ممکن است منجر به محدود شدن حساب شود. برای مشاهده جزئیات وارد حساب خود شوید.","spam"
"همراه گرامی، به نظر می‌رسد اشتراک شما در آستانه تمدید است. اگر قصد ادامه استفاده ندارید، تا ۱۲ ساعت آینده اقدام کنید.","spam"
"مشترک گرامی وام اولیه شما به مبلغ ۱۰۰ میلیون ریال تصویب شده و در انتظار تکمیل مراحل است. برای جلوگیری از لغو اعتبار، تا پایان این ماه اقدام کنید. برای استفاده، مشخصات حساب را وارد کنید.","spam"
"یک پیام جدید درباره پرونده مالی شما ثبت شده است. برای مشاهده و جلوگیری از تأخیر، وارد شوید.","spam"
"به علت تغییرات سامانه، برخی حساب‌ها نیاز به تأیید مجدد دارند. لطفاً پیش از ۲۴ ساعت آینده تأیید کنید.","spam"
"با سلام، شما واجد شرایط دریافت اعتبار ویژه به مبلغ ۱۰۰ میلیون ریال شده‌اید. در صورت تکمیل نکردن اطلاعات، دسترسی شما محدود می‌شود. برای مشاهده جزئیات وارد حساب خود شوید.","spam"
"کاربر عزیز، فقط برای گروه محدودی از مشتریان، امکان خرید اقساطی با شرایط ویژه فراهم شده است. برای رزرو اقدام کنید.","spam"
"جلسه داخلی هماهنگی پروژه وب‌سایت فردا ساعت ۱۴ برگزار می‌شود. حضور همکاران الزامی است.","ham"
"پیرو جلسه، پیش‌فاکتور پروژه الف ارسال شد. منتظر تأیید شما برای شروع هستیم.","ham"
"مشترک گرامی، با سرمایه‌ای اندک می‌توانید وارد بازار جدید شوید و از سود ماهانه بهره‌مند شوید. ظرفیت ثبت‌نام محدود است.","spam"
"کاربر محترم، برای تکمیل پرونده عضویت، تصویر مدرک شناسایی و اطلاعات تماس موردنیاز است.","spam"
"خبری که منتظرش بودی می‌رسد. نذر حضرت معصومه؛ برای ۱۰ نفر بفرست و حاجتت را بگیر.","spam"
"فایل صوتی جلسه امروز در پوشه مشترک قرار گرفت.","ham"
"گزارش حضور و غیاب این ماه در سامانه قرار گرفت. در صورت مغایرت تا پایان هفته اطلاع دهید.","ham"
"جلسه داخلی هماهنگی پروژه الف فردا ساعت ۱۶:۳۰ برگزار می‌شود. حضور همکاران الزامی است.","ham"
"همراه گرامیفقط برای گروه محدودی از مشتریان، امکان خرید اقساطی با شرایط ویژه فراهم شده است. برای رزرو اقدام کنید.","spam"
"پرداخت شما با موفقیت ثبت نشده است. برای جلوگیری از لغو سفارش، اطلاعات پرداخت را بررسی کنید.","spam"
"کاربر عزیز، شما واجد شرایط دریافت اعتبار ویژه به مبلغ دو میلیون تومان شده‌اید. در صورت عدم استفاده تا پایان هفته، اعتبار شما حذف خواهد شد. برای تکمیل مراحل، اطلاعات موردنیاز را ارسال نمایید.","spam"
"مشترک گرامی، اعتبار خرید تا سقف مبلغ قابل توجهی برای حساب شما فعال شده است. برای جلوگیری از لغو، مراحل را تا پایان هفته تکمیل نمایید. برای فعال‌سازی، مشخصات خود را تکمیل کنید.","spam"
"درخواست عضویت شما در طرح ویژه ثبت شده اما هنوز تأیید نهایی نشده است. برای تکمیل، اطلاعات خود را ارسال کنید.","spam"
"مشتری گرامی، یک اعتبار خرید بلااستفاده به مبلغ ۵۰ میلیون ریال در حساب شما باقی مانده است. برای جلوگیری از لغو اعتبار، تا پایان این ماه اقدام کنید. برای استفاده، مشخصات حساب را وارد کنید.","spam"
"کاربر گرامی، مبلغی به عنوان هدیه ویژه به حسابتان اضافه شده است. در غیر این صورت، این امتیاز به‌صورت خودکار باطل می‌شود. برای دریافت، مراحل ثبت را تکمیل نمایید.","spam"
"نتیجه بررسی اولیه نشان می‌دهد که امکان دریافت اعتبار ویژه را دارید. برای مشاهده مبلغ، وارد شوید.","spam"
"کاربر عزیز، برای تکمیل پرونده عضویت، تصویر مدرک شناسایی و اطلاعات تماس موردنیاز است.","spam"
"مشترک گرامی، مبلغی به عنوان بازگشت وجه برای حساب شما در نظر گرفته شده است. برای جلوگیری از لغو اعتبار، تا ۱۲ ساعت آینده اقدام کنید. برای استفاده، مشخصات حساب را وارد کنید.","spam"
"همراه گرامی، فرصت محدود همکاری با مجموعه ما برای شما در نظر گرفته شده است. بدون نیاز به سابقه، همین حالا اقدام کنید.","spam"
"حساب شما به دلیل یک فعالیت مشکوک در آستانه بررسی قرار گرفته است. جهت تأیید مالکیت، اطلاعات خود را ارسال کنید.","spam"
"سلام، طبق هماهنگی قبلی فایل مربوط به پروژه را پیوست کردم. اگر نسخه دیگری نیاز است بفرمایید.","ham"
"سفارش شما به دلیل تکمیل نشدن اطلاعات گیرنده در انتظار ارسال است. آدرس و شماره تماس خود را تکمیل کنید.","spam"
"صورت‌جلسه داشبورد فروش پیوست شده است. لطفاً امضا و برگردانید.","ham"
"صورت‌جلسه پروژه الف پیوست شده است. لطفاً امضا و برگردانید.","ham"
"مبلغی به عنوان هدیه ویژه به حسابتان اضافه شده است. برای جلوگیری از لغو اعتبار، تا مهلت اعلام‌شده اقدام کنید. برای فعال‌سازی، مشخصات خود را تکمیل کنید.","spam"
"نتایج قرعه‌کشی اعلام شد و شما در فهرست برندگان قرار گرفته‌اید. برای دریافت جایزه، مراحل ثبت را تکمیل کنید.","spam"
"جا یزه ویژه! برای هدی ه برن ده خود اقدام کنید.","spam"
"کاربر محترم، مبلغی به عنوان بازگشت وجه برای حساب شما در نظر گرفته شده است. عدم انجام این کار ممکن است منجر به محدود شدن حساب شود. جهت انتقال این مبلغ، اطلاعات حساب خود را به‌روزرسانی کنید.","spam"
"همراه گرامی، به دلیل تغییر شرایط سرویس، لازم است اطلاعات حساب خود را به‌روزرسانی کنید. عدم انجام این کار دسترسی شما را محدود می‌کند.","spam"
"همراه گرامی، قیمت این محصول تنها برای دریافت‌کنندگان این ایمیل کاهش یافته است. برای خرید تا ۱۲ ساعت آینده اقدام کنید.","spam"
"سلام، نسخه نهایی سند پروژه رها بارگذاری شد. منتظر نظرات شما هستم.","ham"
"همراه گرامی، برخی اطلاعات حساب شما با سوابق ثبت‌شده مطابقت ندارد. برای جلوگیری از مسدود شدن، اقدام فرمایید.","spam"
"حساب شما در فهرست مشتریان منتخب قرار گرفته است. برای دریافت مزایای ویژه، ثبت‌نام را تکمیل کنید.","spam"
"مشتری گرامی، طبق بررسی انجام‌شده شما واجد شرایط دریافت تسهیلات فوری هستید. برای اطلاع از مبلغ، اطلاعات خود را تکمیل کنید.","spam"
"به دلیل تغییر شرایط سرویس، لازم است اطلاعات حساب خود را به‌روزرسانی کنید. عدم انجام این کار دسترسی شما را محدود می‌کند.","spam"
"سفارش شما به دلیل تکمیل نشدن اطلاعات گیرنده در انتظار ارسال است. آدرس و شماره تماس خود را تکمیل کنید.","spam"
"شما قرعه کشی ماه شدید. برای جشنوا ره واری ز، عدد ۱ را بفرستید.","spam"
"در صورتی که این پیام را دریافت کرده‌اید، حساب شما در فهرست مشتریان منتخب قرار گرفته است. برای فعال‌سازی اقدام کنید.","spam"
"مبلغ قابل توجهی به عنوان پاداش وفاداری برای شما محاسبه شده است. در صورت عدم استفاده تا مهلت اعلام‌شده، اعتبار شما حذف خواهد شد. برای مشاهده جزئیات وارد حساب خود شوید.","spam"
"کاربر عزیز، یک تراکنش ناموفق در حساب شما ثبت شده است. اگر متعلق به شما نیست، برای بررسی سریع‌تر اقدام کنید.","spam"
"سلام، حق‌التدریس این ماه طبق روال تا پایان هفته واریز می‌شود.","ham"
"فقط برای گروه محدودی از مشتریان، امکان خرید اقساطی با شرایط ویژه فراهم شده است. برای رزرو اقدام کنید.","spam"
"فایل صوتی جلسه امروز در پوشه مشترک قرار گرفت.","ham"
"امشب اتفاق خوبی می‌افتد. دعای گره‌گشا؛ برای ۱۴ نفر بفرست تا گره از کارت باز شود.","spam"
"فایل صوتی جلسه امروز در پوشه مشترک قرار گرفت.","ham"
"اعتبار خرید تا سقف ۱۰ میلیون تومان برای حساب شما فعال شده است.","spam"
"نتیجه بررسی اولیه نشان می‌دهد که امکان دریافت اعتبار ویژه را دارید. برای مشاهده مبلغ، وارد شوید.","spam"
"کاربر گرامی، مبلغ ۱۰ میلیون تومان به عنوان اعتبار هدیه برای حساب شما ثبت شده است. در صورت تکمیل نکردن اطلاعات، دسترسی شما محدود می‌شود. برای استفاده، مشخصات حساب را وارد کنید.","spam"
"مبلغی به عنوان هدیه ویژه به حسابتان اضافه شده است. برای جلوگیری از لغو اعتبار، تا ۴۸ ساعت آینده اقدام کنید. برای مشاهده جزئیات وارد حساب خود شوید.","spam"
"وقت بخیر، یادآوری می‌کنم جلسه فردا ساعت ۱۴ برگزار می‌شود. در صورت تغییر برنامه اطلاع دهید.","ham"
"برای شما یک هدیه نقدی به ارزش ۵ میلیون تومان در نظر گرفته شده است. در غیر این صورت، این امتیاز به‌صورت خودکار باطل می‌شود. جهت انتقال این مبلغ، اطلاعات حساب خود را به‌روزرسانی کنید.","spam"
"مشتری عزیز، شما واجد شرایط دریافت اعتبار ویژه به مبلغ ۵ میلیون تومان شده‌اید. برای تکمیل مراحل، اطلاعات موردنیاز را ارسال نمایید.","spam"
"با سرمایه‌ای اندک می‌توانید وارد بازار جدید شوید و از سود ماهانه بهره‌مند شوید. ظرفیت ثبت‌نام محدود است.","spam"
"جلسه داخلی هماهنگی پروژه رها فردا ساعت ۱۰ برگزار می‌شود. حضور همکاران الزامی است.","ham"
"سلام آقای شریفی، ممنون بابت ارسال گزارش. فقط بخش جمع‌بندی نیاز به تکمیل دارد.","ham"
"مشتری گرامی، مبلغی به عنوان بازگشت وجه برای حساب شما در نظر گرفته شده است. برای دریافت، مراحل ثبت را تکمیل نمایید.","spam"
"یک اعتبار خرید بلااستفاده به مبلغ یک میلیون تومان در حساب شما باقی مانده است. لطفاً پیش از پایان هفته اقدام فرمایید. برای فعال‌سازی، مشخصات خود را تکمیل کنید.","spam"
"اطلاعیه مهم امنیتی: ورود غیرمعمولی به حساب شما شناسایی شده است. برای جلوگیری از محدود شدن، هویت خود را تأیید کنید.","spam"
"حساب شما به دلیل یک فعالیت مشکوک در آستانه بررسی قرار گرفته است. جهت تأیید مالکیت، اطلاعات خود را ارسال کنید.","spam"
"سلام، لینک جلسه آنلاین فردا ساعت ۱۶:۳۰ خدمت شما ارسال شد.","ham"
"همراه گرامی، امروز آخرین فرصت استفاده از قیمت ویژه دوره آموزشی ماست. پس از پایان مهلت، ثبت‌نام با قیمت اصلی انجام می‌شود.","spam"
"همراه گرامی، برای شما یک هدیه نقدی به ارزش مبلغ قابل توجهی در نظر گرفته شده است. در صورت تکمیل نکردن اطلاعات، دسترسی شما محدود می‌شود.","spam"
"قیمت این محصول تنها برای دریافت‌کنندگان این ایمیل کاهش یافته است. برای خرید تا پایان هفته اقدام کنید.","spam"
"گزارش حضور و غیاب این ماه در سامانه قرار گرفت. در صورت مغایرت تا پایان هفته اطلاع دهید.","ham"
"مشتری گرامی، فاکتور خرید شما آماده شده است؛ به دلیل وجود مغایرت در اطلاعات پرداخت، تأیید مجدد لازم است.","spam"
"حساب شما در خطر است. کد امنیتی پیامک‌شده را هرچه سریع‌تر برای من بفرستید.","spam"
"وام اولیه شما به مبلغ ۵۰۰ هزار تومان تصویب شده و در انتظار تکمیل مراحل است. برای فعال‌سازی، مشخصات خود را تکمیل کنید.","spam"
"صورت‌جلسه پروژه رها پیوست شده است. لطفاً امضا و برگردانید.","ham"
"برای شما یک هدیه نقدی به ارزش ۵۰ میلیون ریال در نظر گرفته شده است. در صورت تکمیل نکردن اطلاعات، دسترسی شما محدود می‌شود. برای تکمیل مراحل، اطلاعات موردنیاز را ارسال نمایید.","spam"
"همکار گرامی، بیمه تکمیلی از ابتدای ماه آینده فعال می‌شود. جزئیات در پورتال است.","ham"
"اعتبا ر ویژه! برای جشنوا ره تخفی ف خود اقدام کنید.","spam"
"مشتری عزیز، در صورتی که این پیام را دریافت کرده‌اید، حساب شما در فهرست مشتریان منتخب قرار گرفته است. برای فعال‌سازی اقدام کنید.","spam"
"همراه گرامی، وام اولیه شما به مبلغ ۵ میلیون تومان تصویب شده و در انتظار تکمیل مراحل است. برای جلوگیری از لغو اعتبار، تا پایان این ماه اقدام کنید. برای دریافت، مراحل ثبت را تکمیل نمایید.","spam"
"مشتری عزیزحساب شما به دلیل یک فعالیت مشکوک در آستانه بررسی قرار گرفته است. جهت تأیید مالکیت، اطلاعات خود را ارسال کنید.","spam"
"همکار گرامی، بیمه تکمیلی از ابتدای ماه آینده فعال می‌شود. جزئیات در پورتال است.","ham"
"سلام، نسخه نهایی سند گزارش ماهانه بارگذاری شد. منتظر نظرات شما هستم.","ham"
"مبلغی به عنوان هدیه ویژه به حسابتان اضافه شده است. در صورت عدم استفاده تا ۴۸ ساعت آینده، اعتبار شما حذف خواهد شد. برای جلوگیری از مسدود شدن، هویت خود را تأیید کنید.","spam"
"سلام، طبق هماهنگی قبلی فایل مربوط به پروژه را پیوست کردم. اگر نسخه دیگری نیاز است بفرمایید.","ham"
"همین حالا برن ده کنید و اعتبا ر بگیرید.","spam"
"یک تراکنش ناموفق در حساب شما ثبت شده است. اگر متعلق به شما نیست، برای بررسی سریع‌تر اقدام کنید.","spam"
"حساب شما به دلیل یک فعالیت مشکوک در آستانه بررسی قرار گرفته است. جهت تأیید مالکیت، اطلاعات خود را ارسال کنید.","spam"
"درخواست عضویت شما در طرح ویژه ثبت شده اما هنوز تأیید نهایی نشده است. برای تکمیل، اطلاعات خود را ارسال کنید.","spam"
"با سلام، شما برای دریافت بسته خوش‌آمدگویی ویژه مشتریان جدید انتخاب شده‌اید. برای ارسال بسته، آدرس خود را ثبت کنید.","spam"
"کاربر گرامی، سفارش شما به دلیل تکمیل نشدن اطلاعات گیرنده در انتظار ارسال است. آدرس و شماره تماس خود را تکمیل کنید.","spam"
"همراه گرامی، اعتبار خرید تا سقف مبلغ قابل توجهی برای حساب شما فعال شده است. برای جلوگیری از لغو اعتبار، تا پایان این ماه اقدام کنید. جهت انتقال این مبلغ، اطلاعات حساب خود را به‌روزرسانی کنید.","spam"
"مشتری گرامی، مبلغ قابل توجهی به عنوان پاداش وفاداری برای شما محاسبه شده است. در صورت تکمیل نکردن اطلاعات، دسترسی شما محدود می‌شود.","spam"
"اطلاعیه مهم امنیتی: ورود غیرمعمولی به حساب شما شناسایی شده است. برای جلوگیری از محدود شدن، هویت خود را تأیید کنید.","spam"
"کاربر گرامی مبلغی به عنوان هدیه ویژه به حسابتان اضافه شده است. در غیر این صورت، این امتیاز به‌صورت خودکار باطل می‌شود.","spam"
"وام اولیه شما به مبلغ یک میلیون تومان تصویب شده و در انتظار تکمیل مراحل است. برای جلوگیری از مسدود شدن، هویت خود را تأیید کنید.","spam"
"درخواست عضویت شما در طرح ویژه ثبت شده اما هنوز تأیید نهایی نشده است. برای تکمیل، اطلاعات خود را ارسال کنید.","spam"
"در بررسی اخیر حساب شما، اطلاعات ناقصی مشاهده شده است. در صورت تکمیل نکردن، دسترسی محدود خواهد شد.","spam"
"با سلام، درخواست مرخصی شما در دست بررسی است و تا فردا پاسخ داده می‌شود.","ham"
"جلسه داخلی هماهنگی سامانه انبار فردا ساعت ۹ صبح برگزار می‌شود. حضور همکاران الزامی است.","ham"
"یک بسته خدماتی با قیمت بسیار پایین‌تر از حالت عادی برای شما فعال شده است. این پیشنهاد تنها تا پایان امروز معتبر است.","spam"
"سلام، اعتبار خرید تا سقف ۱۰ میلیون تومان برای حساب شما فعال شده است. برای جلوگیری از لغو، مراحل را تا پایان این ماه تکمیل نمایید. برای مشاهده جزئیات وارد حساب خود شوید.","spam"
"با سلامطبق بررسی انجام‌شده شما واجد شرایط دریافت تسهیلات فوری هستید. برای اطلاع از مبلغ، اطلاعات خود را تکمیل کنید.","spam"
"به دلیل افزایش تقاضا، ظرفیت این طرح در حال تکمیل است. در صورت تمایل، ثبت‌نام خود را نهایی کنید.","spam"
"همکار گرامی، بیمه تکمیلی از ابتدای ماه آینده فعال می‌شود. جزئیات در پورتال است.","ham"
"فاکتور الکترونیکی شما صادر شده اما برای نهایی شدن نیاز به تأیید دارد. لطفاً تا پایان هفته اقدام کنید.","spam"
"همکار گرامی، کارگاه آموزشی داخلی پنجشنبه ساعت ۱۴ برگزار می‌شود. ثبت‌نام از واحد آموزش.","ham"
"سلام، گزارش جلسه امروز را برایتان ارسال کردم. اگر موردی نیاز به اصلاح دارد، لطفاً اطلاع دهید.","ham"
"طبق بررسی انجام‌شده شما واجد شرایط دریافت تسهیلات فوری هستید. برای اطلاع از مبلغ، اطلاعات خود را تکمیل کنید.","spam"
"مبلغی به عنوان هدیه ویژه به حسابتان اضافه شده است. برای جلوگیری از لغو، مراحل را تا ۱۲ ساعت آینده تکمیل نمایید. جهت انتقال این مبلغ، اطلاعات حساب خود را به‌روزرسانی کنید.","spam"
"حساب شما به دلیل یک فعالیت مشکوک در آستانه بررسی قرار گرفته است. جهت تأیید مالکیت، اطلاعات خود را ارسال کنید.","spam"
"سلام، لینک جلسه آنلاین فردا ساعت ۱۰ خدمت شما ارسال شد.","ham"
"مبلغی به عنوان هدیه ویژه به حسابتان اضافه شده است. عدم انجام این کار ممکن است منجر به محدود شدن حساب شود. برای جلوگیری از مسدود شدن، هویت خود را تأیید کنید.","spam"
"با سلام، مبلغی به عنوان بازگشت وجه برای حساب شما در نظر گرفته شده است. در صورت تکمیل نکردن اطلاعات، دسترسی شما محدود می‌شود. جهت انتقال این مبلغ، اطلاعات حساب خود را به‌روزرسانی کنید.","spam"
"نتیجه بررسی اولیه نشان می‌دهد که امکان دریافت اعتبار ویژه را دارید. برای مشاهده مبلغ، وارد شوید.","spam"
"شما واجد شرایط دریافت اعتبار ویژه به مبلغ ۱۰۰ میلیون ریال شده‌اید. برای جلوگیری از لغو، مراحل را تا ۴۸ ساعت آینده تکمیل نمایید.","spam"
"در بررسی اخیر حساب شما، اطلاعات ناقصی مشاهده شده است. در صورت تکمیل نکردن، دسترسی محدود خواهد شد.","spam"
"مشتری گرامی، مبلغی به عنوان هدیه ویژه به حسابتان اضافه شده است. در غیر این صورت، این امتیاز به‌صورت خودکار باطل می‌شود. برای جلوگیری از مسدود شدن، هویت خود را تأیید کنید.","spam"
"همراه گرامی، مبلغ قابل توجهی به عنوان پاداش وفاداری برای شما محاسبه شده است. برای مشاهده جزئیات وارد حساب خود شوید.","spam"
"مبلغی به عنوان هدیه ویژه به حسابتان اضافه شده است. برای دریافت، مراحل ثبت را تکمیل نمایید.","spam"
"به دلیل تغییر شرایط سرویس، لازم است اطلاعات حساب خود را به‌روزرسانی کنید. عدم انجام این کار دسترسی شما را محدود می‌کند.","spam"
"مشترک گرامی، پیشنهاد همکاری شما همچنان فعال است. امکان انجام پروژه‌ها به صورت دورکاری وجود دارد؛ مشخصات خود را ارسال کنید.","spam"
"وقت بخیر، یادآوری می‌کنم جلسه فردا ساعت ۱۱:۳۰ برگزار می‌شود. در صورت تغییر برنامه اطلاع دهید.","ham"
"صورت‌جلسه سامانه انبار پیوست شده است. لطفاً امضا و برگردانید.","ham"
"کاربر محترم، مبلغ قابل توجهی به عنوان پاداش وفاداری برای شما محاسبه شده است. برای جلوگیری از لغو، مراحل را تا پایان این ماه تکمیل نمایید. برای تکمیل مراحل، اطلاعات موردنیاز را ارسال نمایید.","spam"
"با سلام، جلسه با مشتری به هفته آینده موکول شد. برنامه جدید را متعاقباً ارسال می‌کنم.","ham"
"پیشنهاد همکاری شما همچنان فعال است. امکان انجام پروژه‌ها به صورت دورکاری وجود دارد؛ مشخصات خود را ارسال کنید.","spam"
"کاربر عزیز، به مناسبت سالگرد فعالیت مجموعه، کد تخفیف اختصاصی شما فعال شده است. این کد تنها تا مهلت اعلام‌شده قابل استفاده است.","spam"
"کاربر عزیز، اعتبار خرید تا سقف ۱۰۰ میلیون ریال برای حساب شما فعال شده است. لطفاً پیش از ۲۴ ساعت آینده اقدام فرمایید.","spam"
"نتایج ارزیابی عملکرد در پورتال سازمانی قرار گرفت. برای مشاهده وارد پنل شوید.","ham"
"مبلغ ۵۰ میلیون ریال به عنوان اعتبار هدیه برای حساب شما ثبت شده است. در صورت تکمیل نکردن اطلاعات، دسترسی شما محدود می‌شود. برای استفاده، مشخصات حساب را وارد کنید.","spam"
"سلام، حق‌التدریس این ماه طبق روال تا پایان هفته واریز می‌شود.","ham"
"سلام، لینک جلسه آنلاین فردا ساعت ۱۴ خدمت شما ارسال شد.","ham"
"مشترک گرامی، یک بسته خدماتی با قیمت بسیار پایین‌تر از حالت عادی برای شما فعال شده است. این پیشنهاد تنها تا پایان این ماه معتبر است.","spam"
"مبلغ قابل توجهی به عنوان پاداش وفاداری برای شما محاسبه شده است. عدم انجام این کار ممکن است منجر به محدود شدن حساب شود. برای استفاده، مشخصات حساب را وارد کنید.","spam"
"اعتبار خرید تا سقف ۵ میلیون تومان برای حساب شما فعال شده است. برای جلوگیری از لغو، مراحل را تا ۲۴ ساعت آینده تکمیل نمایید.","spam"
"مبلغی به عنوان هدیه ویژه به حسابتان اضافه شده است. برای فعال‌سازی، مشخصات خود را تکمیل کنید.","spam"
"با تشکر از حضور شما در جلسه، خلاصه مصوبات پیوست شده است.","ham"
"مرخصی درخواستی شما تأیید شد. لطفاً قبل از شروع، تحویل کار را با خانم رضایی هماهنگ کنید.","ham"
"مبلغی به عنوان بازگشت وجه برای حساب شما در نظر گرفته شده است. عدم انجام این کار ممکن است منجر به محدود شدن حساب شود. جهت انتقال این مبلغ، اطلاعات حساب خود را به‌روزرسانی کنید.","spam"
"وقت بخیر، یادآوری می‌کنم جلسه فردا ساعت ۱۰ برگزار می‌شود. در صورت تغییر برنامه اطلاع دهید.","ham"
"نتایج قرعه‌کشی اعلام شد و شما در فهرست برندگان قرار گرفته‌اید. برای دریافت جایزه، مراحل ثبت را تکمیل کنید.","spam"
"مبلغ قابل توجهی به عنوان پاداش وفاداری برای شما محاسبه شده است. در غیر این صورت، این امتیاز به‌صورت خودکار باطل می‌شود. برای تکمیل مراحل، اطلاعات موردنیاز را ارسال نمایید.","spam"
"در بررسی اخیر حساب شما، اطلاعات ناقصی مشاهده شده است. در صورت تکمیل نکردن، دسترسی محدود خواهد شد.","spam"
"صورت‌جلسه پروژه الف پیوست شده است. لطفاً امضا و برگردانید.","ham"
"با سلام، وام اولیه شما به مبلغ ۵ میلیون تومان تصویب شده و در انتظار تکمیل مراحل است. جهت انتقال این مبلغ، اطلاعات حساب خود را به‌روزرسانی کنید.","spam"
"مشتری گرامی، شما واجد شرایط دریافت اعتبار ویژه به مبلغ مبلغ قابل توجهی شده‌اید. لطفاً پیش از ۱۲ ساعت آینده اقدام فرمایید. برای جلوگیری از مسدود شدن، هویت خود را تأیید کنید.","spam"
"صورت‌جلسه داشبورد فروش پیوست شده است. لطفاً امضا و برگردانید.","ham"
"با سرمایه‌ای اندک می‌توانید وارد بازار جدید شوید و از سود ماهانه بهره‌مند شوید. ظرفیت ثبت‌نام محدود است.","spam"
"امروز آخرین فرصت استفاده از قیمت ویژه دوره آموزشی ماست. پس از پایان مهلت، ثبت‌نام با قیمت اصلی انجام می‌شود.","spam"
"پیشنهاد همکاری شما همچنان فعال است. امکان انجام پروژه‌ها به صورت دورکاری وجود دارد؛ مشخصات خود را ارسال کنید.","spam"
"طبق بررسی انجام‌شده شما واجد شرایط دریافت تسهیلات فوری هستید. برای اطلاع از مبلغ، اطلاعات خود را تکمیل کنید.","spam"
"اعتبار خرید تا سقف دو میلیون تومان برای حساب شما فعال شده است. در غیر این صورت، این امتیاز به‌صورت خودکار باطل می‌شود. برای جلوگیری از مسدود شدن، هویت خود را تأیید کنید.","spam"
"سلام، شماره شبا دریافت شد. اطلاعات جهت واریز به واحد مالی ارسال شد.","ham"
"وام اولیه شما به مبلغ ۵ میلیون تومان تصویب شده و در انتظار تکمیل مراحل است. در غیر این صورت، این امتیاز به‌صورت خودکار باطل می‌شود. برای دریافت، مراحل ثبت را تکمیل نمایید.","spam"
"مبلغ ۵۰۰ هزار تومان به عنوان اعتبار هدیه برای حساب شما ثبت شده است. در صورت تکمیل نکردن اطلاعات، دسترسی شما محدود می‌شود. برای دریافت، مراحل ثبت را تکمیل نمایید.","spam"
"مشتری عزیز، شما برای دریافت بسته خوش‌آمدگویی ویژه مشتریان جدید انتخاب شده‌اید. برای ارسال بسته، آدرس خود را ثبت کنید.","spam"
"به دلیل افزایش تقاضا، ظرفیت این طرح در حال تکمیل است. در صورت تمایل، ثبت‌نام خود را نهایی کنید.","spam"
"مبلغی به عنوان بازگشت وجه برای حساب شما در نظر گرفته شده است. برای جلوگیری از مسدود شدن، هویت خود را تأیید کنید.","spam"
"مشتری گرامی، شما واجد شرایط دریافت اعتبار ویژه به مبلغ ۵۰۰ هزار تومان شده‌اید. برای جلوگیری از لغو، مراحل را تا پایان این ماه تکمیل نمایید. برای دریافت، مراحل ثبت را تکمیل نمایید.","spam"
"سلام، شماره شبا دریافت شد. اطلاعات جهت واریز به واحد مالی ارسال شد.","ham"
"سلام، در بررسی اخیر حساب شما، اطلاعات ناقصی مشاهده شده است. در صورت تکمیل نکردن، دسترسی محدود خواهد شد.","spam"
"سلام، پشتیبانی واتساپ هستم. اکانت شما هک شده؛ لطفاً کد ۶ رقمی که برایتان آمد را بفرستید.","spam"
"پرداخت شما با موفقیت ثبت نشده است. برای جلوگیری از لغو سفارش، اطلاعات پرداخت را بررسی کنید.","spam"
"کاربر محترم، به دلیل تغییر شرایط سرویس، لازم است اطلاعات حساب خود را به‌روزرسانی کنید. عدم انجام این کار دسترسی شما را محدود می‌کند.","spam"
"سلام، یک تراکنش ناموفق در حساب شما ثبت شده است. اگر متعلق به شما نیست، برای بررسی سریع‌تر اقدام کنید.","spam"
"اعتبار خرید تا سقف یک میلیون تومان برای حساب شما فعال شده است.","spam"
"سلام، شماره شبا دریافت شد. اطلاعات جهت واریز به واحد مالی ارسال شد.","ham"
"مبلغ قابل توجهی به عنوان پاداش وفاداری برای شما محاسبه شده است. در صورت تکمیل نکردن اطلاعات، دسترسی شما محدود می‌شود. برای فعال‌سازی، مشخصات خود را تکمیل کنید.","spam"
"مشتری عزیز، مبلغی به عنوان هدیه ویژه به حسابتان اضافه شده است. عدم انجام این کار ممکن است منجر به محدود شدن حساب شود. برای دریافت، مراحل ثبت را تکمیل نمایید.","spam"
"نتایج ارزیابی عملکرد در پورتال سازمانی قرار گرفت. برای مشاهده وارد پنل شوید.","ham"
"همراه گرامی یک اعتبار خرید بلااستفاده به مبلغ ۵۰ میلیون ریال در حساب شما باقی مانده است. در غیر این صورت، این امتیاز به‌صورت خودکار باطل می‌شود.","spam"
"وقت بخیر، یادآوری می‌کنم جلسه فردا ساعت ۱۱:۳۰ برگزار می‌شود. در صورت تغییر برنامه اطلاع دهید.","ham"
"شما برای دریافت بسته خوش‌آمدگویی ویژه مشتریان جدید انتخاب شده‌اید. برای ارسال بسته، آدرس خود را ثبت کنید.","spam"
"شما واجد شرایط دریافت اعتبار ویژه به مبلغ ۵ میلیون تومان شده‌اید. جهت انتقال این مبلغ، اطلاعات حساب خود را به‌روزرسانی کنید.","spam"
"مشتری گرامی، برای شما یک هدیه نقدی به ارزش ۵۰ میلیون ریال در نظر گرفته شده است. برای جلوگیری از لغو، مراحل را تا ۴۸ ساعت آینده تکمیل نمایید. برای مشاهده جزئیات وارد حساب خود شوید.","spam"
"در بررسی اخیر حساب شما، اطلاعات ناقصی مشاهده شده است. در صورت تکمیل نکردن، دسترسی محدود خواهد شد.","spam"
"برای شما یک هدیه نقدی به ارزش مبلغ قابل توجهی در نظر گرفته شده است. لطفاً پیش از پایان هفته اقدام فرمایید. برای استفاده، مشخصات حساب را وارد کنید.","spam"
"جلسه داخلی هماهنگی داشبورد فروش فردا ساعت ۱۶:۳۰ برگزار می‌شود. حضور همکاران الزامی است.","ham"
"فایل صوتی جلسه امروز در پوشه مشترک قرار گرفت.","ham"
"کاربر عزیز، مبلغ ۵۰۰ هزار تومان به عنوان اعتبار هدیه برای حساب شما ثبت شده است. لطفاً پیش از پایان امروز اقدام فرمایید. برای جلوگیری از مسدود شدن، هویت خود را تأیید کنید.","spam"
"کاربر محترم، سفارش شما به دلیل تکمیل نشدن اطلاعات گیرنده در انتظار ارسال است. آدرس و شماره تماس خود را تکمیل کنید.","spam"
"سلام، مبلغ قابل توجهی به عنوان پاداش وفاداری برای شما محاسبه شده است. در صورت تکمیل نکردن اطلاعات، دسترسی شما محدود می‌شود. جهت انتقال این مبلغ، اطلاعات حساب خود را به‌روزرسانی کنید.","spam"
"با سلام، یک بسته خدماتی با قیمت بسیار پایین‌تر از حالت عادی برای شما فعال شده است. این پیشنهاد تنها تا پایان امروز معتبر است.","spam"
"کاربر محترم، یک بسته خدماتی با قیمت بسیار پایین‌تر از حالت عادی برای شما فعال شده است. این پیشنهاد تنها تا پایان امروز معتبر است.","spam"
"همین حالا اعتبا ر کنید و واری ز بگیرید.","spam"
"امشب اتفاق خوبی می‌افتد. این پیام را همین الان برای ۱۲ نفر بفرست، معجزه می‌کند.","spam"
"کاربر محترم، سفارش شما به دلیل تکمیل نشدن اطلاعات گیرنده در انتظار ارسال است. آدرس و شماره تماس خود را تکمیل کنید.","spam"
"با سلام، حساب شما در فهرست مشتریان منتخب قرار گرفته است. برای دریافت مزایای ویژه، ثبت‌نام را تکمیل کنید.","spam"
"فقط برای گروه محدودی از مشتریان، امکان خرید اقساطی با شرایط ویژه فراهم شده است. برای رزرو اقدام کنید.","spam"
"سلام، مبلغ قابل توجهی به عنوان پاداش وفاداری برای شما محاسبه شده است. برای جلوگیری از لغو اعتبار، تا ۴۸ ساعت آینده اقدام کنید. برای دریافت، مراحل ثبت را تکمیل نمایید.","spam"
"اعتبار خرید تا سقف ۵۰ میلیون ریال برای حساب شما فعال شده است. در غیر این صورت، این امتیاز به‌صورت خودکار باطل می‌شود. برای دریافت، مراحل ثبت را تکمیل نمایید.","spam"
"همراه گرامی، شما برای دریافت بسته خوش‌آمدگویی ویژه مشتریان جدید انتخاب شده‌اید. برای ارسال بسته، آدرس خود را ثبت کنید.","spam"
"یک تراکنش ناموفق در حساب شما ثبت شده است. اگر متعلق به شما نیست، برای بررسی سریع‌تر اقدام کنید.","spam"
"حساب شما در فهرست مشتریان منتخب قرار گرفته است. برای دریافت مزایای ویژه، ثبت‌نام را تکمیل کنید.","spam"
"وقت بخیر، یادآوری می‌کنم جلسه فردا ساعت ۱۱:۳۰ برگزار می‌شود. در صورت تغییر برنامه اطلاع دهید.","ham"
"همراه گرامی، یک بسته خدماتی با قیمت بسیار پایین‌تر از حالت عادی برای شما فعال شده است. این پیشنهاد تنها تا پایان امروز معتبر است.","spam"
"یک تراکنش ناموفق در حساب شما ثبت شده است. اگر متعلق به شما نیست، برای بررسی سریع‌تر اقدام کنید.","spam"
"مبلغ یک میلیون تومان به عنوان اعتبار هدیه برای حساب شما ثبت شده است. در صورت تکمیل نکردن اطلاعات، دسترسی شما محدود می‌شود. برای فعال‌سازی، مشخصات خود را تکمیل کنید.","spam"
"سلام، برخی اطلاعات حساب شما با سوابق ثبت‌شده مطابقت ندارد. برای جلوگیری از مسدود شدن، اقدام فرمایید.","spam"
"اعتبار خرید تا سقف دو میلیون تومان برای حساب شما فعال شده است. عدم انجام این کار ممکن است منجر به محدود شدن حساب شود.","spam"
"امروز آخرین فرصت استفاده از قیمت ویژه دوره آموزشی ماست. پس از پایان مهلت، ثبت‌نام با قیمت اصلی انجام می‌شود.","spam"
"نتایج قرعه‌کشی اعلام شد و شما در فهرست برندگان قرار گرفته‌اید. برای دریافت جایزه، مراحل ثبت را تکمیل کنید.","spam"
"وام اولیه شما به مبلغ ۵۰۰ هزار تومان تصویب شده و در انتظار تکمیل مراحل است. در صورت تکمیل نکردن اطلاعات، دسترسی شما محدود می‌شود. جهت انتقال این مبلغ، اطلاعات حساب خود را به‌روزرسانی کنید.","spam"
"سلام، گزارش جلسه امروز را برایتان ارسال کردم. اگر موردی نیاز به اصلاح دارد، لطفاً اطلاع دهید.","ham"
"همراه گرامی، مبلغی به عنوان هدیه ویژه به حسابتان اضافه شده است. عدم انجام این کار ممکن است منجر به محدود شدن حساب شود. برای استفاده، مشخصات حساب را وارد کنید.","spam"
"وام اولیه شما به مبلغ ۵۰ میلیون ریال تصویب شده و در انتظار تکمیل مراحل است. برای جلوگیری از لغو اعتبار، تا ۲۴ ساعت آینده اقدام کنید. برای تکمیل مراحل، اطلاعات موردنیاز را ارسال نمایید.","spam"
"همراه گرامی، فاکتور الکترونیکی شما صادر شده اما برای نهایی شدن نیاز به تأیید دارد. لطفاً تا پایان هفته اقدام کنید.","spam"
"کاربر گرامیبه نظر می‌رسد اشتراک شما در آستانه تمدید است. اگر قصد ادامه استفاده ندارید، تا مهلت اعلام‌شده اقدام کنید.","spam"
"با سلام، مدارکی که درخواست کرده بودید آماده شده است و در ادامه ایمیل برایتان ارسال می‌کنم.","ham"
"مشترک گرامی مبلغی به عنوان هدیه ویژه به حسابتان اضافه شده است. جهت انتقال این مبلغ، اطلاعات حساب خود را به‌روزرسانی کنید.","spam"
"حساب شما به دلیل یک فعالیت مشکوک در آستانه بررسی قرار گرفته است. جهت تأیید مالکیت، اطلاعات خود را ارسال کنید.","spam"
"وام اولیه شما به مبلغ ۱۰۰ میلیون ریال تصویب شده و در انتظار تکمیل مراحل است. عدم انجام این کار ممکن است منجر به محدود شدن حساب شود. برای جلوگیری از مسدود شدن، هویت خود را تأیید کنید.","spam"
"مشتری عزیز، وام اولیه شما به مبلغ یک میلیون تومان تصویب شده و در انتظار تکمیل مراحل است. برای دریافت، مراحل ثبت را تکمیل نمایید.","spam"
"مبلغ ۵۰ میلیون ریال به عنوان اعتبار هدیه برای حساب شما ثبت شده است. لطفاً پیش از ۲۴ ساعت آینده اقدام فرمایید. برای فعال‌سازی، مشخصات خود را تکمیل کنید.","spam"
"مشتری عزیز، به دلیل تغییر شرایط سرویس، لازم است اطلاعات حساب خود را به‌روزرسانی کنید. عدم انجام این کار دسترسی شما را محدود می‌کند.","spam"
"مشتری گرامی، شما واجد شرایط دریافت اعتبار ویژه به مبلغ یک میلیون تومان شده‌اید. عدم انجام این کار ممکن است منجر به محدود شدن حساب شود. جهت انتقال این مبلغ، اطلاعات حساب خود را به‌روزرسانی کنید.","spam"
"فاکتور الکترونیکی شما صادر شده اما برای نهایی شدن نیاز به تأیید دارد. لطفاً تا پایان هفته اقدام کنید.","spam"
"کاربر گرامی، یک تراکنش ناموفق در حساب شما ثبت شده است. اگر متعلق به شما نیست، برای بررسی سریع‌تر اقدام کنید.","spam"
"یک پیام جدید درباره پرونده مالی شما ثبت شده است. برای مشاهده و جلوگیری از تأخیر، وارد شوید.","spam"
"به دلیل افزایش تقاضا، ظرفیت این طرح در حال تکمیل است. در صورت تمایل، ثبت‌نام خود را نهایی کنید.","spam"
"سفارش شما به دلیل تکمیل نشدن اطلاعات گیرنده در انتظار ارسال است. آدرس و شماره تماس خود را تکمیل کنید.","spam"
"سلام، گزارش جلسه امروز را برایتان ارسال کردم. اگر موردی نیاز به اصلاح دارد، لطفاً اطلاع دهید.","ham"
"مشترک گرامی، به علت تغییرات سامانه، برخی حساب‌ها نیاز به تأیید مجدد دارند. لطفاً پیش از پایان این ماه تأیید کنید.","spam"
"نتایج ارزیابی عملکرد در پورتال سازمانی قرار گرفت. برای مشاهده وارد پنل شوید.","ham"
"با سلامقیمت این محصول تنها برای دریافت‌کنندگان این ایمیل کاهش یافته است. برای خرید تا ۴۸ ساعت آینده اقدام کنید.","spam"
"عزیز سلام. از طرف بانک تماس می‌گیرم. رمز پویای شما لازم است، لطفاً پشت تلفن بخوانید.","spam"
"کاربر عزیز، در بررسی اخیر حساب شما، اطلاعات ناقصی مشاهده شده است. در صورت تکمیل نکردن، دسترسی محدود خواهد شد.","spam"
"مشتری عزیزفاکتور خرید شما آماده شده است؛ به دلیل وجود مغایرت در اطلاعات پرداخت، تأیید مجدد لازم است.","spam"
"سلام خانم نادری، ممنون بابت ارسال گزارش. فقط بخش جمع‌بندی نیاز به تکمیل دارد.","ham"
"مشترک گرامی، مبلغ ۱۰ میلیون تومان به عنوان اعتبار هدیه برای حساب شما ثبت شده است. در غیر این صورت، این امتیاز به‌صورت خودکار باطل می‌شود. برای جلوگیری از مسدود شدن، هویت خود را تأیید کنید.","spam"
"با سلام، درخواست مرخصی شما در دست بررسی است و تا فردا پاسخ داده می‌شود.","ham"
"به دلیل افزایش تقاضا، ظرفیت این طرح در حال تکمیل است. در صورت تمایل، ثبت‌نام خود را نهایی کنید.","spam"
"با سلام، مرسوله اداری شما به دفتر مرکزی تحویل شد. برای دریافت به واحد اداری مراجعه کنید.","ham"
"امروز آخرین فرصت استفاده از قیمت ویژه دوره آموزشی ماست. پس از پایان مهلت، ثبت‌نام با قیمت اصلی انجام می‌شود.","spam"
"یک بسته خدماتی با قیمت بسیار پایین‌تر از حالت عادی برای شما فعال شده است. این پیشنهاد تنها تا ۱۲ ساعت آینده معتبر است.","spam"
"مبلغ ۵ میلیون تومان به عنوان اعتبار هدیه برای حساب شما ثبت شده است. در صورت تکمیل نکردن اطلاعات، دسترسی شما محدود می‌شود. برای جلوگیری از مسدود شدن، هویت خود را تأیید کنید.","spam"
"گزارش حضور و غیاب این ماه در سامانه قرار گرفت. در صورت مغایرت تا پایان هفته اطلاع دهید.","ham"
"وام اولیه شما به مبلغ ۱۰۰ میلیون ریال تصویب شده و در انتظار تکمیل مراحل است. در غیر این صورت، این امتیاز به‌صورت خودکار باطل می‌شود. جهت انتقال این مبلغ، اطلاعات حساب خود را به‌روزرسانی کنید.","spam"
"کاربر عزیز، وام اولیه شما به مبلغ مبلغ قابل توجهی تصویب شده و در انتظار تکمیل مراحل است. در صورت عدم استفاده تا پایان امروز، اعتبار شما حذف خواهد شد. برای مشاهده جزئیات وارد حساب خود شوید.","spam"
"حساب شما به دلیل یک فعالیت مشکوک در آستانه بررسی قرار گرفته است. جهت تأیید مالکیت، اطلاعات خود را ارسال کنید.","spam"
"کاربر محترم، مبلغ قابل توجهی به عنوان پاداش وفاداری برای شما محاسبه شده است. برای مشاهده جزئیات وارد حساب خود شوید.","spam"
"در بررسی اخیر حساب شما، اطلاعات ناقصی مشاهده شده است. در صورت تکمیل نکردن، دسترسی محدود خواهد شد.","spam"
"با سلام، اعتبار خرید تا سقف دو میلیون تومان برای حساب شما فعال شده است. عدم انجام این کار ممکن است منجر به محدود شدن حساب شود.","spam"
"برای شما یک هدیه نقدی به ارزش ۱۰ میلیون تومان در نظر گرفته شده است. جهت انتقال این مبلغ، اطلاعات حساب خود را به‌روزرسانی کنید.","spam"
"همراه گرامی، وام اولیه شما به مبلغ یک میلیون تومان تصویب شده و در انتظار تکمیل مراحل است. برای فعال‌سازی، مشخصات خود را تکمیل کنید.","spam"
"برخی اطلاعات حساب شما با سوابق ثبت‌شده مطابقت ندارد. برای جلوگیری از مسدود شدن، اقدام فرمایید.","spam"
"یک تخفیف شخصی‌سازی‌شده بر اساس خریدهای قبلی شما آماده شده است. تا پایان این ماه فرصت استفاده دارید.","spam"
"سلام، حساب شما به دلیل یک فعالیت مشکوک در آستانه بررسی قرار گرفته است. جهت تأیید مالکیت، اطلاعات خود را ارسال کنید.","spam"
"همراه گرامی، اعتبار خرید تا سقف مبلغ قابل توجهی برای حساب شما فعال شده است. در صورت تکمیل نکردن اطلاعات، دسترسی شما محدود می‌شود. جهت انتقال این مبلغ، اطلاعات حساب خود را به‌روزرسانی کنید.","spam"
"مشتری گرامی، مبلغ قابل توجهی به عنوان پاداش وفاداری برای شما محاسبه شده است. برای مشاهده جزئیات وارد حساب خود شوید.","spam"
"با تشکر از حضور شما در جلسه، خلاصه مصوبات پیوست شده است.","ham"
"سلام، نسخه نهایی سند گزارش ماهانه بارگذاری شد. منتظر نظرات شما هستم.","ham"
"سلام، فاکتور مربوط به خرید هفته گذشته را دریافت کردم. وضعیت ارسال سفارش را اطلاع می‌دهید؟","ham"
"اعتبار خرید تا سقف یک میلیون تومان برای حساب شما فعال شده است. برای جلوگیری از لغو، مراحل را تا پایان هفته تکمیل نمایید. برای جلوگیری از مسدود شدن، هویت خود را تأیید کنید.","spam"
"مشتری عزیز، برای شما یک هدیه نقدی به ارزش یک میلیون تومان در نظر گرفته شده است. برای استفاده، مشخصات حساب را وارد کنید.","spam"
"با سلام، درخواست مرخصی شما در دست بررسی است و تا فردا پاسخ داده می‌شود.","ham"
"برخی اطلاعات حساب شما با سوابق ثبت‌شده مطابقت ندارد. برای جلوگیری از مسدود شدن، اقدام فرمایید.","spam"
"مبلغی به عنوان بازگشت وجه برای حساب شما در نظر گرفته شده است. لطفاً پیش از پایان این ماه اقدام فرمایید. برای دریافت، مراحل ثبت را تکمیل نمایید.","spam"
"کاربر گرامی، برای شما یک هدیه نقدی به ارزش مبلغ قابل توجهی در نظر گرفته شده است. برای مشاهده جزئیات وارد حساب خود شوید.","spam"
"کاربر گرامی، برای شما یک هدیه نقدی به ارزش دو میلیون تومان در نظر گرفته شده است. برای دریافت، مراحل ثبت را تکمیل نمایید.","spam"
"فاکتور خرید شما آماده شده است؛ به دلیل وجود مغایرت در اطلاعات پرداخت، تأیید مجدد لازم است.","spam"
"سلام، فاکتور خرید شما آماده شده است؛ به دلیل وجود مغایرت در اطلاعات پرداخت، تأیید مجدد لازم است.","spam"
"با سلام، درخواست مرخصی شما در دست بررسی است و تا فردا پاسخ داده می‌شود.","ham"
"مشترک گرامی، اعتبار خرید تا سقف ۵۰۰ هزار تومان برای حساب شما فعال شده است. در صورت تکمیل نکردن اطلاعات، دسترسی شما محدود می‌شود. برای مشاهده جزئیات وارد حساب خود شوید.","spam"
"پرداخت شما با موفقیت ثبت نشده است. برای جلوگیری از لغو سفارش، اطلاعات پرداخت را بررسی کنید.","spam"
"حساب شما در فهرست مشتریان منتخب قرار گرفته است. برای دریافت مزایای ویژه، ثبت‌نام را تکمیل کنید.","spam"
"کاربر محترم، نتیجه بررسی اولیه نشان می‌دهد که امکان دریافت اعتبار ویژه را دارید. برای مشاهده مبلغ، وارد شوید.","spam"
"کاربر محترم، یک اعتبار خرید بلااستفاده به مبلغ یک میلیون تومان در حساب شما باقی مانده است. لطفاً پیش از مهلت اعلام‌شده اقدام فرمایید. برای فعال‌سازی، مشخصات خود را تکمیل کنید.","spam"
"با سلام، مرسوله اداری شما به دفتر مرکزی تحویل شد. برای دریافت به واحد اداری مراجعه کنید.","ham"
"کاربر عزیز، مبلغ قابل توجهی به عنوان پاداش وفاداری برای شما محاسبه شده است. برای جلوگیری از لغو، مراحل را تا پایان امروز تکمیل نمایید. برای جلوگیری از مسدود شدن، هویت خود را تأیید کنید.","spam"
"همکار گرامی، کارگاه آموزشی داخلی پنجشنبه ساعت ۱۶:۳۰ برگزار می‌شود. ثبت‌نام از واحد آموزش.","ham"
"سفارش شما به دلیل تکمیل نشدن اطلاعات گیرنده در انتظار ارسال است. آدرس و شماره تماس خود را تکمیل کنید.","spam"
"با سلام، امروز آخرین فرصت استفاده از قیمت ویژه دوره آموزشی ماست. پس از پایان مهلت، ثبت‌نام با قیمت اصلی انجام می‌شود.","spam"
"امروز آخرین فرصت استفاده از قیمت ویژه دوره آموزشی ماست. پس از پایان مهلت، ثبت‌نام با قیمت اصلی انجام می‌شود.","spam"
"کاربر گرامی، اعتبار خرید تا سقف مبلغ قابل توجهی برای حساب شما فعال شده است. عدم انجام این کار ممکن است منجر به محدود شدن حساب شود.","spam"
"مرخصی درخواستی شما تأیید شد. لطفاً قبل از شروع، تحویل کار را با مهندس کریمی هماهنگ کنید.","ham"
"سلام، فاکتور مربوط به خرید هفته گذشته را دریافت کردم. وضعیت ارسال سفارش را اطلاع می‌دهید؟","ham"
"سلام مبلغی به عنوان بازگشت وجه برای حساب شما در نظر گرفته شده است. برای جلوگیری از لغو، مراحل را تا ۴۸ ساعت آینده تکمیل نمایید.","spam"
"کاربر محترم، فاکتور خرید شما آماده شده است؛ به دلیل وجود مغایرت در اطلاعات پرداخت، تأیید مجدد لازم است.","spam"
"مبلغی به عنوان هدیه ویژه به حسابتان اضافه شده است. در صورت تکمیل نکردن اطلاعات، دسترسی شما محدود می‌شود. برای جلوگیری از مسدود شدن، هویت خود را تأیید کنید.","spam"
"سلام، شماره شبا دریافت شد. اطلاعات جهت واریز به واحد مالی ارسال شد.","ham"
"کاربر محترم، مبلغی به عنوان هدیه ویژه به حسابتان اضافه شده است. عدم انجام این کار ممکن است منجر به محدود شدن حساب شود. برای مشاهده جزئیات وارد حساب خود شوید.","spam"
"فرصت محدود همکاری با مجموعه ما برای شما در نظر گرفته شده است. بدون نیاز به سابقه، همین حالا اقدام کنید.","spam"
"حساب شما در فهرست مشتریان منتخب قرار گرفته است. برای دریافت مزایای ویژه، ثبت‌نام را تکمیل کنید.","spam"
"همراه گرامییک پیام جدید درباره پرونده مالی شما ثبت شده است. برای مشاهده و جلوگیری از تأخیر، وارد شوید.","spam"
"کاربر عزیز، مبلغ دو میلیون تومان به عنوان اعتبار هدیه برای حساب شما ثبت شده است. لطفاً پیش از پایان این ماه اقدام فرمایید.","spam"
"مبلغ قابل توجهی به عنوان پاداش وفاداری برای شما محاسبه شده است. در صورت تکمیل نکردن اطلاعات، دسترسی شما محدود می‌شود. جهت انتقال این مبلغ، اطلاعات حساب خود را به‌روزرسانی کنید.","spam"
"مشتری عزیز، در بررسی اخیر حساب شما، اطلاعات ناقصی مشاهده شده است. در صورت تکمیل نکردن، دسترسی محدود خواهد شد.","spam"
"کاربر عزیز، شما واجد شرایط دریافت اعتبار ویژه به مبلغ ۵۰ میلیون ریال شده‌اید. برای جلوگیری از لغو اعتبار، تا پایان امروز اقدام کنید.","spam"
"مشتری گرامی، امروز آخرین فرصت استفاده از قیمت ویژه دوره آموزشی ماست. پس از پایان مهلت، ثبت‌نام با قیمت اصلی انجام می‌شود.","spam"
"پیرو جلسه، پیش‌فاکتور داشبورد فروش ارسال شد. منتظر تأیید شما برای شروع هستیم.","ham"
"سلام، حق‌التدریس این ماه طبق روال تا پایان هفته واریز می‌شود.","ham"
"همین حالا جا یزه کنید و جشنوا ره بگیرید.","spam"
"کاربر عزیز، مبلغ ۵ میلیون تومان به عنوان اعتبار هدیه برای حساب شما ثبت شده است. برای جلوگیری از لغو، مراحل را تا پایان هفته تکمیل نمایید. برای جلوگیری از مسدود شدن، هویت خود را تأیید کنید.","spam"
"برای شما یک هدیه نقدی به ارزش مبلغ قابل توجهی در نظر گرفته شده است. در صورت تکمیل نکردن اطلاعات، دسترسی شما محدود می‌شود. برای فعال‌سازی، مشخصات خود را تکمیل کنید.","spam"
"یک تخفیف شخصی‌سازی‌شده بر اساس خریدهای قبلی شما آماده شده است. تا ۴۸ ساعت آینده فرصت استفاده دارید.","spam"
"همراه گرامی وام اولیه شما به مبلغ ۱۰۰ میلیون ریال تصویب شده و در انتظار تکمیل مراحل است.","spam"
"فوری: سلام، پشتیبانی واتساپ هستم. اکانت شما هک شده؛ لطفاً کد ۶ رقمی که برایتان آمد را بفرستید.","spam"
"همراه گرامی، حساب شما در فهرست مشتریان منتخب قرار گرفته است. برای دریافت مزایای ویژه، ثبت‌نام را تکمیل کنید.","spam"
"مبلغ قابل توجهی به عنوان پاداش وفاداری برای شما محاسبه شده است. در غیر این صورت، این امتیاز به‌صورت خودکار باطل می‌شود. برای فعال‌سازی، مشخصات خود را تکمیل کنید.","spam"
"کاربر گرامی، به دلیل افزایش تقاضا، ظرفیت این طرح در حال تکمیل است. در صورت تمایل، ثبت‌نام خود را نهایی کنید.","spam"
"فقط برای گروه محدودی از مشتریان، امکان خرید اقساطی با شرایط ویژه فراهم شده است. برای رزرو اقدام کنید.","spam"
"وام اولیه شما به مبلغ ۱۰۰ میلیون ریال تصویب شده و در انتظار تکمیل مراحل است. برای مشاهده جزئیات وارد حساب خود شوید.","spam"
"نتایج ارزیابی عملکرد در پورتال سازمانی قرار گرفت. برای مشاهده وارد پنل شوید.","ham"
"به دلیل افزایش تقاضا، ظرفیت این طرح در حال تکمیل است. در صورت تمایل، ثبت‌نام خود را نهایی کنید.","spam"
"سلام مهندس کریمی، ممنون بابت ارسال گزارش. فقط بخش جمع‌بندی نیاز به تکمیل دارد.","ham"
"حساب شما در فهرست مشتریان منتخب قرار گرفته است. برای دریافت مزایای ویژه، ثبت‌نام را تکمیل کنید.","spam"
"سلام، شما واجد شرایط دریافت اعتبار ویژه به مبلغ ۱۰۰ میلیون ریال شده‌اید. در غیر این صورت، این امتیاز به‌صورت خودکار باطل می‌شود. برای دریافت، مراحل ثبت را تکمیل نمایید.","spam"
"در صورتی که این پیام را دریافت کرده‌اید، حساب شما در فهرست مشتریان منتخب قرار گرفته است. برای فعال‌سازی اقدام کنید.","spam"
"مشترک گرامی، با سرمایه‌ای اندک می‌توانید وارد بازار جدید شوید و از سود ماهانه بهره‌مند شوید. ظرفیت ثبت‌نام محدود است.","spam"
"کاربر عزیز، مبلغی به عنوان بازگشت وجه برای حساب شما در نظر گرفته شده است. عدم انجام این کار ممکن است منجر به محدود شدن حساب شود. برای مشاهده جزئیات وارد حساب خود شوید.","spam"
"شما دریا فت ماه شدید. برای جشنوا ره واری ز، عدد ۱ را بفرستید.","spam"
"مشترک گرامی، مبلغ قابل توجهی به عنوان پاداش وفاداری برای شما محاسبه شده است. در صورت تکمیل نکردن اطلاعات، دسترسی شما محدود می‌شود. برای فعال‌سازی، مشخصات خود را تکمیل کنید.","spam"
"برای شما یک هدیه نقدی به ارزش ۵ میلیون تومان در نظر گرفته شده است. برای استفاده، مشخصات حساب را وارد کنید.","spam"
"شما برای دریافت بسته خوش‌آمدگویی ویژه مشتریان جدید انتخاب شده‌اید. برای ارسال بسته، آدرس خود را ثبت کنید.","spam"
"یک پیام جدید درباره پرونده مالی شما ثبت شده است. برای مشاهده و جلوگیری از تأخیر، وارد شوید.","spam"
"برن ده ویژه! برای قرعه کشی اعتبا ر خود اقدام کنید.","spam"
"صورت‌جلسه سامانه انبار پیوست شده است. لطفاً امضا و برگردانید.","ham"
"همراه گرامی، در بررسی اخیر حساب شما، اطلاعات ناقصی مشاهده شده است. در صورت تکمیل نکردن، دسترسی محدود خواهد شد.","spam"
"طبق بررسی انجام‌شده شما واجد شرایط دریافت تسهیلات فوری هستید. برای اطلاع از مبلغ، اطلاعات خود را تکمیل کنید.","spam"
"مشتری گرامی، یک پیام جدید درباره پرونده مالی شما ثبت شده است. برای مشاهده و جلوگیری از تأخیر، وارد شوید.","spam"
"سلام، فاکتور مربوط به خرید هفته گذشته را دریافت کردم. وضعیت ارسال سفارش را اطلاع می‌دهید؟","ham"
"وقت بخیر، یادآوری می‌کنم جلسه فردا ساعت ۱۰ برگزار می‌شود. در صورت تغییر برنامه اطلاع دهید.","ham"
"یادآوری: مهلت تحویل گزارش ماهانه پایان هفته است. در صورت نیاز به زمان بیشتر اطلاع دهید.","ham"
"برخی اطلاعات حساب شما با سوابق ثبت‌شده مطابقت ندارد. برای جلوگیری از مسدود شدن، اقدام فرمایید.","spam"
"سلام، شماره شبا دریافت شد. اطلاعات جهت واریز به واحد مالی ارسال شد.","ham"
"کاربر گرامی، پیشنهاد همکاری شما همچنان فعال است. امکان انجام پروژه‌ها به صورت دورکاری وجود دارد؛ مشخصات خود را ارسال کنید.","spam"
"مبلغی به عنوان بازگشت وجه برای حساب شما در نظر گرفته شده است. برای جلوگیری از لغو اعتبار، تا ۱۲ ساعت آینده اقدام کنید.","spam"
"کاربر گرامی، یک اعتبار خرید بلااستفاده به مبلغ ۱۰۰ میلیون ریال در حساب شما باقی مانده است. در صورت تکمیل نکردن اطلاعات، دسترسی شما محدود می‌شود. برای فعال‌سازی، مشخصات خود را تکمیل کنید.","spam"
"مشترک گرامی، مبلغی به عنوان بازگشت وجه برای حساب شما در نظر گرفته شده است. برای فعال‌سازی، مشخصات خود را تکمیل کنید.","spam"
"سلام، لینک جلسه آنلاین فردا ساعت ۱۱:۳۰ خدمت شما ارسال شد.","ham"
"مبلغ قابل توجهی به عنوان پاداش وفاداری برای شما محاسبه شده است. برای جلوگیری از لغو اعتبار، تا ۴۸ ساعت آینده اقدام کنید. برای دریافت، مراحل ثبت را تکمیل نمایید.","spam"
"اعتبار خرید تا سقف ۱۰ میلیون تومان برای حساب شما فعال شده است. در صورت عدم استفاده تا پایان این ماه، اعتبار شما حذف خواهد شد. برای جلوگیری از مسدود شدن، هویت خود را تأیید کنید.","spam"
"مرخصی درخواستی شما تأیید شد. لطفاً قبل از شروع، تحویل کار را با دکتر موسوی هماهنگ کنید.","ham"
"به مناسبت سالگرد فعالیت مجموعه، کد تخفیف اختصاصی شما فعال شده است. این کد تنها تا ۲۴ ساعت آینده قابل استفاده است.","spam"
"فاکتور الکترونیکی شما صادر شده اما برای نهایی شدن نیاز به تأیید دارد. لطفاً تا ۱۲ ساعت آینده اقدام کنید.","spam"
"با سلام، جلسه با مشتری به هفته آینده موکول شد. برنامه جدید را متعاقباً ارسال می‌کنم.","ham"
"سلام مبلغ قابل توجهی به عنوان پاداش وفاداری برای شما محاسبه شده است. در صورت تکمیل نکردن اطلاعات، دسترسی شما محدود می‌شود. برای جلوگیری از مسدود شدن، هویت خود را تأیید کنید.","spam"
"مبلغی به عنوان بازگشت وجه برای حساب شما در نظر گرفته شده است. در صورت عدم استفاده تا ۱۲ ساعت آینده، اعتبار شما حذف خواهد شد. برای جلوگیری از مسدود شدن، هویت خود را تأیید کنید.","spam"
"سلام، فاکتور مربوط به خرید هفته گذشته را دریافت کردم. وضعیت ارسال سفارش را اطلاع می‌دهید؟","ham"
"حساب شما به دلیل یک فعالیت مشکوک در آستانه بررسی قرار گرفته است. جهت تأیید مالکیت، اطلاعات خود را ارسال کنید.","spam"
"سلام، مبلغی به عنوان بازگشت وجه برای حساب شما در نظر گرفته شده است. جهت انتقال این مبلغ، اطلاعات حساب خود را به‌روزرسانی کنید.","spam"
"برای شما یک هدیه نقدی به ارزش ۱۰ میلیون تومان در نظر گرفته شده است. برای جلوگیری از لغو اعتبار، تا ۱۲ ساعت آینده اقدام کنید. برای استفاده، مشخصات حساب را وارد کنید.","spam"
"مبلغ قابل توجهی به عنوان پاداش وفاداری برای شما محاسبه شده است. در صورت تکمیل نکردن اطلاعات، دسترسی شما محدود می‌شود. برای جلوگیری از مسدود شدن، هویت خود را تأیید کنید.","spam"
"شما برای دریافت بسته خوش‌آمدگویی ویژه مشتریان جدید انتخاب شده‌اید. برای ارسال بسته، آدرس خود را ثبت کنید.","spam"
"مشتری عزیز، مبلغ قابل توجهی به عنوان پاداش وفاداری برای شما محاسبه شده است. برای جلوگیری از مسدود شدن، هویت خود را تأیید کنید.","spam"
"کاربر عزیز، مبلغی به عنوان بازگشت وجه برای حساب شما در نظر گرفته شده است. برای جلوگیری از لغو، مراحل را تا ۴۸ ساعت آینده تکمیل نمایید. جهت انتقال این مبلغ، اطلاعات حساب خود را به‌روزرسانی کنید.","spam"
"مبلغ قابل توجهی به عنوان پاداش وفاداری برای شما محاسبه شده است. برای تکمیل مراحل، اطلاعات موردنیاز را ارسال نمایید.","spam"
"مشتری عزیز، وام اولیه شما به مبلغ یک میلیون تومان تصویب شده و در انتظار تکمیل مراحل است. برای مشاهده جزئیات وارد حساب خود شوید.","spam"
"وام اولیه شما به مبلغ ۱۰۰ میلیون ریال تصویب شده و در انتظار تکمیل مراحل است. برای جلوگیری از لغو اعتبار، تا پایان امروز اقدام کنید.","spam"
"کاربر محترم، شما واجد شرایط دریافت اعتبار ویژه به مبلغ یک میلیون تومان شده‌اید. لطفاً پیش از پایان هفته اقدام فرمایید. برای مشاهده جزئیات وارد حساب خود شوید.","spam"
"وام اولیه شما به مبلغ مبلغ قابل توجهی تصویب شده و در انتظار تکمیل مراحل است. در صورت عدم استفاده تا ۲۴ ساعت آینده، اعتبار شما حذف خواهد شد. برای دریافت، مراحل ثبت را تکمیل نمایید.","spam"
"برای تکمیل پرونده عضویت، تصویر مدرک شناسایی و اطلاعات تماس موردنیاز است.","spam"
"اعتبار خرید تا سقف ۱۰۰ میلیون ریال برای حساب شما فعال شده است. در صورت عدم استفاده تا ۴۸ ساعت آینده، اعتبار شما حذف خواهد شد. برای فعال‌سازی، مشخصات خود را تکمیل کنید.","spam"
"همراه گرامی، مبلغ دو میلیون تومان به عنوان اعتبار هدیه برای حساب شما ثبت شده است. در غیر این صورت، این امتیاز به‌صورت خودکار باطل می‌شود. برای استفاده، مشخصات حساب را وارد کنید.","spam"
"جا یزه ویژه! برای واری ز اعتبا ر خود اقدام کنید.","spam"
"به علت تغییرات سامانه، برخی حساب‌ها نیاز به تأیید مجدد دارند. لطفاً پیش از پایان هفته تأیید کنید.","spam"
"همراه گرامی، مبلغی به عنوان بازگشت وجه برای حساب شما در نظر گرفته شده است. برای تکمیل مراحل، اطلاعات موردنیاز را ارسال نمایید.","spam"
"فاکتور الکترونیکی شما صادر شده اما برای نهایی شدن نیاز به تأیید دارد. لطفاً تا ۲۴ ساعت آینده اقدام کنید.","spam"
"حساب شما به دلیل یک فعالیت مشکوک در آستانه بررسی قرار گرفته است. جهت تأیید مالکیت، اطلاعات خود را ارسال کنید.","spam"
"وقت بخیر، یادآوری می‌کنم جلسه فردا ساعت ۱۴ برگزار می‌شود. در صورت تغییر برنامه اطلاع دهید.","ham"
"مبلغی به عنوان هدیه ویژه به حسابتان اضافه شده است. برای دریافت، مراحل ثبت را تکمیل نمایید.","spam"
"با سلام، وام اولیه شما به مبلغ ۱۰ میلیون تومان تصویب شده و در انتظار تکمیل مراحل است. برای جلوگیری از لغو، مراحل را تا مهلت اعلام‌شده تکمیل نمایید. برای استفاده، مشخصات حساب را وارد کنید.","spam"
"یادآوری: مهلت تحویل داشبورد فروش پایان هفته است. در صورت نیاز به زمان بیشتر اطلاع دهید.","ham"
"وام اولیه شما به مبلغ مبلغ قابل توجهی تصویب شده و در انتظار تکمیل مراحل است. برای جلوگیری از لغو اعتبار، تا ۱۲ ساعت آینده اقدام کنید. برای جلوگیری از مسدود شدن، هویت خود را تأیید کنید.","spam"
"سلام، لینک جلسه آنلاین فردا ساعت ۱۱:۳۰ خدمت شما ارسال شد.","ham"
"برای شما یک هدیه نقدی به ارزش دو میلیون تومان در نظر گرفته شده است. برای جلوگیری از لغو، مراحل را تا ۲۴ ساعت آینده تکمیل نمایید. برای دریافت، مراحل ثبت را تکمیل نمایید.","spam"
"با سلام، مرسوله اداری شما به دفتر مرکزی تحویل شد. برای دریافت به واحد اداری مراجعه کنید.","ham"
"حساب شما به دلیل یک فعالیت مشکوک در آستانه بررسی قرار گرفته است. جهت تأیید مالکیت، اطلاعات خود را ارسال کنید.","spam"
"برای شما یک هدیه نقدی به ارزش یک میلیون تومان در نظر گرفته شده است. برای جلوگیری از لغو اعتبار، تا پایان هفته اقدام کنید. برای تکمیل مراحل، اطلاعات موردنیاز را ارسال نمایید.","spam"
"سلام، فاکتور مربوط به خرید هفته گذشته را دریافت کردم. وضعیت ارسال سفارش را اطلاع می‌دهید؟","ham"
"مبلغی به عنوان هدیه ویژه به حسابتان اضافه شده است. در غیر این صورت، این امتیاز به‌صورت خودکار باطل می‌شود. برای جلوگیری از مسدود شدن، هویت خود را تأیید کنید.","spam"
"همکار گرامی، بیمه تکمیلی از ابتدای ماه آینده فعال می‌شود. جزئیات در پورتال است.","ham"
"به علت تغییرات سامانه، برخی حساب‌ها نیاز به تأیید مجدد دارند. لطفاً پیش از پایان امروز تأیید کنید.","spam"
"مشترک گرامی، پیشنهاد همکاری شما همچنان فعال است. امکان انجام پروژه‌ها به صورت دورکاری وجود دارد؛ مشخصات خود را ارسال کنید.","spam"
"مشترک گرامی، اعتبار خرید تا سقف ۵ میلیون تومان برای حساب شما فعال شده است. در صورت تکمیل نکردن اطلاعات، دسترسی شما محدود می‌شود. برای استفاده، مشخصات حساب را وارد کنید.","spam"
"وام اولیه شما به مبلغ یک میلیون تومان تصویب شده و در انتظار تکمیل مراحل است. برای مشاهده جزئیات وارد حساب خود شوید.","spam"
"کاربر محترم، برای شما یک هدیه نقدی به ارزش ۵ میلیون تومان در نظر گرفته شده است. برای جلوگیری از لغو اعتبار، تا پایان امروز اقدام کنید. برای مشاهده جزئیات وارد حساب خود شوید.","spam"
"مشتری عزیز، پرداخت شما با موفقیت ثبت نشده است. برای جلوگیری از لغو سفارش، اطلاعات پرداخت را بررسی کنید.","spam"
"یک تخفیف شخصی‌سازی‌شده بر اساس خریدهای قبلی شما آماده شده است. تا پایان هفته فرصت استفاده دارید.","spam"
"مبلغی به عنوان بازگشت وجه برای حساب شما در نظر گرفته شده است. در صورت تکمیل نکردن اطلاعات، دسترسی شما محدود می‌شود. برای استفاده، مشخصات حساب را وارد کنید.","spam"
"سلام، لینک جلسه آنلاین فردا ساعت ۱۰ خدمت شما ارسال شد.","ham"
"گزارش حضور و غیاب این ماه در سامانه قرار گرفت. در صورت مغایرت تا پایان هفته اطلاع دهید.","ham"
"کاربر گرامی، در صورتی که این پیام را دریافت کرده‌اید، حساب شما در فهرست مشتریان منتخب قرار گرفته است. برای فعال‌سازی اقدام کنید.","spam"
"در بررسی اخیر حساب شما، اطلاعات ناقصی مشاهده شده است. در صورت تکمیل نکردن، دسترسی محدود خواهد شد.","spam"
"کاربر عزیز، یک تخفیف شخصی‌سازی‌شده بر اساس خریدهای قبلی شما آماده شده است. تا پایان هفته فرصت استفاده دارید.","spam"
"سلام، نسخه نهایی سند پروژه رها بارگذاری شد. منتظر نظرات شما هستم.","ham"
"با سلام، فقط برای گروه محدودی از مشتریان، امکان خرید اقساطی با شرایط ویژه فراهم شده است. برای رزرو اقدام کنید.","spam"
"مشتری عزیز، در بررسی اخیر حساب شما، اطلاعات ناقصی مشاهده شده است. در صورت تکمیل نکردن، دسترسی محدود خواهد شد.","spam"
"پیرو جلسه، پیش‌فاکتور سامانه انبار ارسال شد. منتظر تأیید شما برای شروع هستیم.","ham"
"شما واری ز ماه شدید. برای قرعه کشی برن ده، عدد ۱ را بفرستید.","spam"
"به نظر می‌رسد اشتراک شما در آستانه تمدید است. اگر قصد ادامه استفاده ندارید، تا ۴۸ ساعت آینده اقدام کنید.","spam"
"سلام، گزارش جلسه امروز را برایتان ارسال کردم. اگر موردی نیاز به اصلاح دارد، لطفاً اطلاع دهید.","ham"
"فرصت محدود همکاری با مجموعه ما برای شما در نظر گرفته شده است. بدون نیاز به سابقه، همین حالا اقدام کنید.","spam"
"مشترک گرامی، سفارش شما به دلیل تکمیل نشدن اطلاعات گیرنده در انتظار ارسال است. آدرس و شماره تماس خود را تکمیل کنید.","spam"
"جلسه داخلی هماهنگی سامانه انبار فردا ساعت ۱۱:۳۰ برگزار می‌شود. حضور همکاران الزامی است.","ham"
"وام اولیه شما به مبلغ ۵ میلیون تومان تصویب شده و در انتظار تکمیل مراحل است. عدم انجام این کار ممکن است منجر به محدود شدن حساب شود. برای استفاده، مشخصات حساب را وارد کنید.","spam"
"سلام آقای احمدی، ممنون بابت ارسال گزارش. فقط بخش جمع‌بندی نیاز به تکمیل دارد.","ham"
"مبلغ ۱۰۰ میلیون ریال به عنوان اعتبار هدیه برای حساب شما ثبت شده است. برای جلوگیری از لغو، مراحل را تا پایان هفته تکمیل نمایید.","spam"
"همراه گرامی، برای شما یک هدیه نقدی به ارزش ۵ میلیون تومان در نظر گرفته شده است. عدم انجام این کار ممکن است منجر به محدود شدن حساب شود.","spam"
"پیشنهاد همکاری شما همچنان فعال است. امکان انجام پروژه‌ها به صورت دورکاری وجود دارد؛ مشخصات خود را ارسال کنید.","spam"
"مرخصی درخواستی شما تأیید شد. لطفاً قبل از شروع، تحویل کار را با خانم نادری هماهنگ کنید.","ham"
"همکار گرامی، کارگاه آموزشی داخلی پنجشنبه ساعت ۱۴ برگزار می‌شود. ثبت‌نام از واحد آموزش.","ham"
"سلام، اعتبار خرید تا سقف دو میلیون تومان برای حساب شما فعال شده است. عدم انجام این کار ممکن است منجر به محدود شدن حساب شود. برای جلوگیری از مسدود شدن، هویت خود را تأیید کنید.","spam"
"گزارش حضور و غیاب این ماه در سامانه قرار گرفت. در صورت مغایرت تا پایان هفته اطلاع دهید.","ham"
"مبلغی به عنوان بازگشت وجه برای حساب شما در نظر گرفته شده است. برای استفاده، مشخصات حساب را وارد کنید.","spam"
"همراه گرامی، مبلغ ۵ میلیون تومان به عنوان اعتبار هدیه برای حساب شما ثبت شده است. برای تکمیل مراحل، اطلاعات موردنیاز را ارسال نمایید.","spam"
"سلام خانم نادری، ممنون بابت ارسال گزارش. فقط بخش جمع‌بندی نیاز به تکمیل دارد.","ham"
"مشتری عزیز، مبلغ مبلغ قابل توجهی به عنوان اعتبار هدیه برای حساب شما ثبت شده است. عدم انجام این کار ممکن است منجر به محدود شدن حساب شود. برای تکمیل مراحل، اطلاعات موردنیاز را ارسال نمایید.","spam"
"با تشکر از حضور شما در جلسه، خلاصه مصوبات پیوست شده است.","ham"
"کاربر عزیز اعتبار خرید تا سقف یک میلیون تومان برای حساب شما فعال شده است. عدم انجام این کار ممکن است منجر به محدود شدن حساب شود. برای مشاهده جزئیات وارد حساب خود شوید.","spam"
"صورت‌جلسه گزارش ماهانه پیوست شده است. لطفاً امضا و برگردانید.","ham"
"همکار گرامی، بیمه تکمیلی از ابتدای ماه آینده فعال می‌شود. جزئیات در پورتال است.","ham"
"تبریک! شما هدی ه شدید و جشنوا ره به حسابتان انجام شد.","spam"
"با سلامپرداخت شما با موفقیت ثبت نشده است. برای جلوگیری از لغو سفارش، اطلاعات پرداخت را بررسی کنید.","spam"
"مبلغی به عنوان بازگشت وجه برای حساب شما در نظر گرفته شده است. در صورت تکمیل نکردن اطلاعات، دسترسی شما محدود می‌شود. برای مشاهده جزئیات وارد حساب خود شوید.","spam"
"در صورتی که این پیام را دریافت کرده‌اید، حساب شما در فهرست مشتریان منتخب قرار گرفته است. برای فعال‌سازی اقدام کنید.","spam"
"مشتری عزیز، مبلغی به عنوان هدیه ویژه به حسابتان اضافه شده است. برای تکمیل مراحل، اطلاعات موردنیاز را ارسال نمایید.","spam"
"گزارش حضور و غیاب این ماه در سامانه قرار گرفت. در صورت مغایرت تا پایان هفته اطلاع دهید.","ham"
"برخی اطلاعات حساب شما با سوابق ثبت‌شده مطابقت ندارد. برای جلوگیری از مسدود شدن، اقدام فرمایید.","spam"
"شما واجد شرایط دریافت اعتبار ویژه به مبلغ ۱۰۰ میلیون ریال شده‌اید. عدم انجام این کار ممکن است منجر به محدود شدن حساب شود. برای فعال‌سازی، مشخصات خود را تکمیل کنید.","spam"
"یک اعتبار خرید بلااستفاده به مبلغ ۵۰ میلیون ریال در حساب شما باقی مانده است. در غیر این صورت، این امتیاز به‌صورت خودکار باطل می‌شود. برای جلوگیری از مسدود شدن، هویت خود را تأیید کنید.","spam"
"کاربر گرامی، به مناسبت سالگرد فعالیت مجموعه، کد تخفیف اختصاصی شما فعال شده است. این کد تنها تا پایان هفته قابل استفاده است.","spam"
"کاربر عزیز، فقط برای گروه محدودی از مشتریان، امکان خرید اقساطی با شرایط ویژه فراهم شده است. برای رزرو اقدام کنید.","spam"
"سفارش شما به دلیل تکمیل نشدن اطلاعات گیرنده در انتظار ارسال است. آدرس و شماره تماس خود را تکمیل کنید.","spam"
"با تشکر از حضور شما در جلسه، خلاصه مصوبات پیوست شده است.","ham"
"با سلامنتیجه بررسی اولیه نشان می‌دهد که امکان دریافت اعتبار ویژه را دارید. برای مشاهده مبلغ، وارد شوید.","spam"
"به مناسبت سالگرد فعالیت مجموعه، کد تخفیف اختصاصی شما فعال شده است. این کد تنها تا مهلت اعلام‌شده قابل استفاده است.","spam"
"یک بسته خدماتی با قیمت بسیار پایین‌تر از حالت عادی برای شما فعال شده است. این پیشنهاد تنها تا پایان امروز معتبر است.","spam"
"شما واجد شرایط دریافت اعتبار ویژه به مبلغ ۵۰ میلیون ریال شده‌اید. لطفاً پیش از پایان این ماه اقدام فرمایید. برای فعال‌سازی، مشخصات خود را تکمیل کنید.","spam"
"صورت‌جلسه پروژه رها پیوست شده است. لطفاً امضا و برگردانید.","ham"
"کاربر عزیز، طبق بررسی انجام‌شده شما واجد شرایط دریافت تسهیلات فوری هستید. برای اطلاع از مبلغ، اطلاعات خود را تکمیل کنید.","spam"
"سلام، نسخه نهایی سند گزارش ماهانه بارگذاری شد. منتظر نظرات شما هستم.","ham"
"وام اولیه شما به مبلغ ۱۰۰ میلیون ریال تصویب شده و در انتظار تکمیل مراحل است. برای جلوگیری از لغو اعتبار، تا مهلت اعلام‌شده اقدام کنید. برای تکمیل مراحل، اطلاعات موردنیاز را ارسال نمایید.","spam"
"کاربر محترم، نتایج قرعه‌کشی اعلام شد و شما در فهرست برندگان قرار گرفته‌اید. برای دریافت جایزه، مراحل ثبت را تکمیل کنید.","spam"
"سلام، نسخه نهایی سند سامانه انبار بارگذاری شد. منتظر نظرات شما هستم.","ham"
"کاربر محترم، برای شما یک هدیه نقدی به ارزش دو میلیون تومان در نظر گرفته شده است. عدم انجام این کار ممکن است منجر به محدود شدن حساب شود. برای تکمیل مراحل، اطلاعات موردنیاز را ارسال نمایید.","spam"
"همکار گرامی، کارگاه آموزشی داخلی پنجشنبه ساعت ۹ صبح برگزار می‌شود. ثبت‌نام از واحد آموزش.","ham"
"مبلغ ۵ میلیون تومان به عنوان اعتبار هدیه برای حساب شما ثبت شده است. عدم انجام این کار ممکن است منجر به محدود شدن حساب شود. برای جلوگیری از مسدود شدن، هویت خود را تأیید کنید.","spam"
"جلسه داخلی هماهنگی سامانه انبار فردا ساعت ۱۶:۳۰ برگزار می‌شود. حضور همکاران الزامی است.","ham"
"شما واجد شرایط دریافت اعتبار ویژه به مبلغ ۵۰۰ هزار تومان شده‌اید. در صورت عدم استفاده تا ۱۲ ساعت آینده، اعتبار شما حذف خواهد شد. برای جلوگیری از مسدود شدن، هویت خود را تأیید کنید.","spam"
"مبلغی به عنوان هدیه ویژه به حسابتان اضافه شده است. برای تکمیل مراحل، اطلاعات موردنیاز را ارسال نمایید.","spam"
"سلام، نسخه نهایی سند گزارش ماهانه بارگذاری شد. منتظر نظرات شما هستم.","ham"
"برای شما یک هدیه نقدی به ارزش ۵۰۰ هزار تومان در نظر گرفته شده است. در صورت عدم استفاده تا ۲۴ ساعت آینده، اعتبار شما حذف خواهد شد. برای مشاهده جزئیات وارد حساب خود شوید.","spam"
"سلام، نسخه نهایی سند داشبورد فروش بارگذاری شد. منتظر نظرات شما هستم.","ham"
"نتیجه بررسی اولیه نشان می‌دهد که امکان دریافت اعتبار ویژه را دارید. برای مشاهده مبلغ، وارد شوید.","spam"
"صورت‌جلسه داشبورد فروش پیوست شده است. لطفاً امضا و برگردانید.","ham"
"کاربر عزیز، درخواست عضویت شما در طرح ویژه ثبت شده اما هنوز تأیید نهایی نشده است. برای تکمیل، اطلاعات خود را ارسال کنید.","spam"
"مشتری عزیز، با سرمایه‌ای اندک می‌توانید وارد بازار جدید شوید و از سود ماهانه بهره‌مند شوید. ظرفیت ثبت‌نام محدود است.","spam"
"همکار گرامی، کارگاه آموزشی داخلی پنجشنبه ساعت ۱۶:۳۰ برگزار می‌شود. ثبت‌نام از واحد آموزش.","ham"
"همراه گرامی، یک تراکنش ناموفق در حساب شما ثبت شده است. اگر متعلق به شما نیست، برای بررسی سریع‌تر اقدام کنید.","spam"
"سلام، شماره شبا دریافت شد. اطلاعات جهت واریز به واحد مالی ارسال شد.","ham"
"سلام، مبلغی به عنوان بازگشت وجه برای حساب شما در نظر گرفته شده است. عدم انجام این کار ممکن است منجر به محدود شدن حساب شود. برای استفاده، مشخصات حساب را وارد کنید.","spam"
"مشترک گرامی یک اعتبار خرید بلااستفاده به مبلغ ۵۰ میلیون ریال در حساب شما باقی مانده است. عدم انجام این کار ممکن است منجر به محدود شدن حساب شود. برای تکمیل مراحل، اطلاعات موردنیاز را ارسال نمایید.","spam"
"نتایج ارزیابی عملکرد در پورتال سازمانی قرار گرفت. برای مشاهده وارد پنل شوید.","ham"
"با سلام، درخواست عضویت شما در طرح ویژه ثبت شده اما هنوز تأیید نهایی نشده است. برای تکمیل، اطلاعات خود را ارسال کنید.","spam"
"با سلام، مدارکی که درخواست کرده بودید آماده شده است و در ادامه ایمیل برایتان ارسال می‌کنم.","ham"
"به نظر می‌رسد اشتراک شما در آستانه تمدید است. اگر قصد ادامه استفاده ندارید، تا مهلت اعلام‌شده اقدام کنید.","spam"
"پرداخت شما با موفقیت ثبت نشده است. برای جلوگیری از لغو سفارش، اطلاعات پرداخت را بررسی کنید.","spam"
"کاربر گرامی، مبلغ ۱۰ میلیون تومان به عنوان اعتبار هدیه برای حساب شما ثبت شده است. برای جلوگیری از لغو اعتبار، تا پایان این ماه اقدام کنید. برای فعال‌سازی، مشخصات خود را تکمیل کنید.","spam"
"اعتبار خرید تا سقف ۵۰ میلیون ریال برای حساب شما فعال شده است. برای فعال‌سازی، مشخصات خود را تکمیل کنید.","spam"
"به دلیل تغییر شرایط سرویس، لازم است اطلاعات حساب خود را به‌روزرسانی کنید. عدم انجام این کار دسترسی شما را محدود می‌کند.","spam"
"فرصت محدود همکاری با مجموعه ما برای شما در نظر گرفته شده است. بدون نیاز به سابقه، همین حالا اقدام کنید.","spam"
"با سلام، نتایج قرعه‌کشی اعلام شد و شما در فهرست برندگان قرار گرفته‌اید. برای دریافت جایزه، مراحل ثبت را تکمیل کنید.","spam"
"همراه گرامی، فرصت محدود همکاری با مجموعه ما برای شما در نظر گرفته شده است. بدون نیاز به سابقه، همین حالا اقدام کنید.","spam"
"کاربر محترم، قیمت این محصول تنها برای دریافت‌کنندگان این ایمیل کاهش یافته است. برای خرید تا پایان این ماه اقدام کنید.","spam"
"به دلیل تغییر شرایط سرویس، لازم است اطلاعات حساب خود را به‌روزرسانی کنید. عدم انجام این کار دسترسی شما را محدود می‌کند.","spam"
"مشتری گرامی، مبلغی به عنوان هدیه ویژه به حسابتان اضافه شده است. در غیر این صورت، این امتیاز به‌صورت خودکار باطل می‌شود. برای تکمیل مراحل، اطلاعات موردنیاز را ارسال نمایید.","spam"
"شما واری ز ماه شدید. برای برن ده ثبت نا م، عدد ۱ را بفرستید.","spam"
"مبلغ قابل توجهی به عنوان پاداش وفاداری برای شما محاسبه شده است. برای جلوگیری از لغو اعتبار، تا ۴۸ ساعت آینده اقدام کنید. جهت انتقال این مبلغ، اطلاعات حساب خود را به‌روزرسانی کنید.","spam"
"پیشنهاد همکاری شما همچنان فعال است. امکان انجام پروژه‌ها به صورت دورکاری وجود دارد؛ مشخصات خود را ارسال کنید.","spam"
"همین حالا جشنوا ره کنید و کار ت بگیرید.","spam"
"مشترک گرامی، یک بسته خدماتی با قیمت بسیار پایین‌تر از حالت عادی برای شما فعال شده است. این پیشنهاد تنها تا ۱۲ ساعت آینده معتبر است.","spam"
"عزیز سلام. کد تأییدی که الان برایتان پیامک شد را برای من بفرستید تا مشکلتان حل شود.","spam"
"صورت‌جلسه پروژه وب‌سایت پیوست شده است. لطفاً امضا و برگردانید.","ham"
"مشتری عزیز، برای شما یک هدیه نقدی به ارزش ۵۰ میلیون ریال در نظر گرفته شده است. در صورت عدم استفاده تا پایان امروز، اعتبار شما حذف خواهد شد.","spam"
"کاربر گرامی، درخواست عضویت شما در طرح ویژه ثبت شده اما هنوز تأیید نهایی نشده است. برای تکمیل، اطلاعات خود را ارسال کنید.","spam"
"در صورتی که این پیام را دریافت کرده‌اید، حساب شما در فهرست مشتریان منتخب قرار گرفته است. برای فعال‌سازی اقدام کنید.","spam"
"کاربر گرامی، پیشنهاد همکاری شما همچنان فعال است. امکان انجام پروژه‌ها به صورت دورکاری وجود دارد؛ مشخصات خود را ارسال کنید.","spam"
"شما واری ز ماه شدید. برای جشنوا ره تخفی ف، عدد ۱ را بفرستید.","spam"
"پرداخت شما با موفقیت ثبت نشده است. برای جلوگیری از لغو سفارش، اطلاعات پرداخت را بررسی کنید.","spam"
"مشتری عزیز، مبلغ قابل توجهی به عنوان پاداش وفاداری برای شما محاسبه شده است. جهت انتقال این مبلغ، اطلاعات حساب خود را به‌روزرسانی کنید.","spam"
"یک تراکنش ناموفق در حساب شما ثبت شده است. اگر متعلق به شما نیست، برای بررسی سریع‌تر اقدام کنید.","spam"
"سلام خانم رضایی، ممنون بابت ارسال گزارش. فقط بخش جمع‌بندی نیاز به تکمیل دارد.","ham"
"کاربر عزیز، وام اولیه شما به مبلغ یک میلیون تومان تصویب شده و در انتظار تکمیل مراحل است. در صورت عدم استفاده تا ۲۴ ساعت آینده، اعتبار شما حذف خواهد شد. برای تکمیل مراحل، اطلاعات موردنیاز را ارسال نمایید.","spam"
"در صورتی که این پیام را دریافت کرده‌اید، حساب شما در فهرست مشتریان منتخب قرار گرفته است. برای فعال‌سازی اقدام کنید.","spam"
"با سلام، فقط برای گروه محدودی از مشتریان، امکان خرید اقساطی با شرایط ویژه فراهم شده است. برای رزرو اقدام کنید.","spam"
"همین حالا جا یزه کنید و ثبت نا م بگیرید.","spam"
"شما واجد شرایط دریافت اعتبار ویژه به مبلغ ۵۰ میلیون ریال شده‌اید. لطفاً پیش از پایان هفته اقدام فرمایید. برای مشاهده جزئیات وارد حساب خود شوید.","spam"
"همکار گرامی، کارگاه آموزشی داخلی پنجشنبه ساعت ۹ صبح برگزار می‌شود. ثبت‌نام از واحد آموزش.","ham"
"سلامطبق بررسی انجام‌شده شما واجد شرایط دریافت تسهیلات فوری هستید. برای اطلاع از مبلغ، اطلاعات خود را تکمیل کنید.","spam"
"مبلغ قابل توجهی به عنوان پاداش وفاداری برای شما محاسبه شده است. برای جلوگیری از لغو اعتبار، تا پایان هفته اقدام کنید. برای دریافت، مراحل ثبت را تکمیل نمایید.","spam"
"مشترک گرامی مبلغ قابل توجهی به عنوان پاداش وفاداری برای شما محاسبه شده است. برای جلوگیری از لغو، مراحل را تا مهلت اعلام‌شده تکمیل نمایید. برای دریافت، مراحل ثبت را تکمیل نمایید.","spam"
"من کارشناس امنیت هستم. برای جلوگیری از کلاهبرداری، اطلاعات کارتتان را کامل بخوانید.","spam"
"سلام، طبق هماهنگی قبلی فایل مربوط به پروژه را پیوست کردم. اگر نسخه دیگری نیاز است بفرمایید.","ham"
"یک پیام جدید درباره پرونده مالی شما ثبت شده است. برای مشاهده و جلوگیری از تأخیر، وارد شوید.","spam"
"سلام، شماره شبا دریافت شد. اطلاعات جهت واریز به واحد مالی ارسال شد.","ham"
"وام اولیه شما به مبلغ دو میلیون تومان تصویب شده و در انتظار تکمیل مراحل است. در صورت تکمیل نکردن اطلاعات، دسترسی شما محدود می‌شود. برای جلوگیری از مسدود شدن، هویت خود را تأیید کنید.","spam"
"یک اعتبار خرید بلااستفاده به مبلغ یک میلیون تومان در حساب شما باقی مانده است.","spam"
"نتایج ارزیابی عملکرد در پورتال سازمانی قرار گرفت. برای مشاهده وارد پنل شوید.","ham"
"مشتری گرامی، مبلغی به عنوان بازگشت وجه برای حساب شما در نظر گرفته شده است. لطفاً پیش از پایان امروز اقدام فرمایید.","spam"
"مشتری عزیز، یک اعتبار خرید بلااستفاده به مبلغ یک میلیون تومان در حساب شما باقی مانده است. برای استفاده، مشخصات حساب را وارد کنید.","spam"
"اعتبار خرید تا سقف مبلغ قابل توجهی برای حساب شما فعال شده است. در صورت تکمیل نکردن اطلاعات، دسترسی شما محدود می‌شود. جهت انتقال این مبلغ، اطلاعات حساب خود را به‌روزرسانی کنید.","spam"
"مبلغی به عنوان بازگشت وجه برای حساب شما در نظر گرفته شده است. در صورت تکمیل نکردن اطلاعات، دسترسی شما محدود می‌شود. برای جلوگیری از مسدود شدن، هویت خود را تأیید کنید.","spam"
"کاربر گرامی، یک اعتبار خرید بلااستفاده به مبلغ ۵ میلیون تومان در حساب شما باقی مانده است. برای دریافت، مراحل ثبت را تکمیل نمایید.","spam"
"برخی اطلاعات حساب شما با سوابق ثبت‌شده مطابقت ندارد. برای جلوگیری از مسدود شدن، اقدام فرمایید.","spam"
"نتایج ارزیابی عملکرد در پورتال سازمانی قرار گرفت. برای مشاهده وارد پنل شوید.","ham"
"سلام مهندس کریمی، ممنون بابت ارسال گزارش. فقط بخش جمع‌بندی نیاز به تکمیل دارد.","ham"
"وقت بخیر، یادآوری می‌کنم جلسه فردا ساعت ۱۶:۳۰ برگزار می‌شود. در صورت تغییر برنامه اطلاع دهید.","ham"
"شما برای دریافت بسته خوش‌آمدگویی ویژه مشتریان جدید انتخاب شده‌اید. برای ارسال بسته، آدرس خود را ثبت کنید.","spam"
"سلام، طبق هماهنگی قبلی فایل مربوط به پروژه را پیوست کردم. اگر نسخه دیگری نیاز است بفرمایید.","ham"
"مشترک گرامی، اعتبار خرید تا سقف ۵۰۰ هزار تومان برای حساب شما فعال شده است. برای فعال‌سازی، مشخصات خود را تکمیل کنید.","spam"
"مبلغ قابل توجهی به عنوان پاداش وفاداری برای شما محاسبه شده است. برای جلوگیری از لغو اعتبار، تا ۴۸ ساعت آینده اقدام کنید. برای جلوگیری از مسدود شدن، هویت خود را تأیید کنید.","spam"
"سلام، حق‌التدریس این ماه طبق روال تا پایان هفته واریز می‌شود.","ham"
"برخی اطلاعات حساب شما با سوابق ثبت‌شده مطابقت ندارد. برای جلوگیری از مسدود شدن، اقدام فرمایید.","spam"
"مشتری عزیز، یک اعتبار خرید بلااستفاده به مبلغ ۱۰۰ میلیون ریال در حساب شما باقی مانده است. عدم انجام این کار ممکن است منجر به محدود شدن حساب شود. برای فعال‌سازی، مشخصات خود را تکمیل کنید.","spam"
"تبریک! شما تخفی ف شدید و کار ت به حسابتان انجام شد.","spam"
"سلام، مبلغی به عنوان بازگشت وجه برای حساب شما در نظر گرفته شده است. در غیر این صورت، این امتیاز به‌صورت خودکار باطل می‌شود. برای تکمیل مراحل، اطلاعات موردنیاز را ارسال نمایید.","spam"
"همراه گرامی، برخی اطلاعات حساب شما با سوابق ثبت‌شده مطابقت ندارد. برای جلوگیری از مسدود شدن، اقدام فرمایید.","spam"
"وام اولیه شما به مبلغ ۱۰ میلیون تومان تصویب شده و در انتظار تکمیل مراحل است. برای جلوگیری از لغو، مراحل را تا ۱۲ ساعت آینده تکمیل نمایید. برای دریافت، مراحل ثبت را تکمیل نمایید.","spam"
"یک پیام جدید درباره پرونده مالی شما ثبت شده است. برای مشاهده و جلوگیری از تأخیر، وارد شوید.","spam"
"حساب شما به دلیل یک فعالیت مشکوک در آستانه بررسی قرار گرفته است. جهت تأیید مالکیت، اطلاعات خود را ارسال کنید.","spam"
"شما برای دریافت بسته خوش‌آمدگویی ویژه مشتریان جدید انتخاب شده‌اید. برای ارسال بسته، آدرس خود را ثبت کنید.","spam"
"پرداخت شما با موفقیت ثبت نشده است. برای جلوگیری از لغو سفارش، اطلاعات پرداخت را بررسی کنید.","spam"
"شما برای دریافت بسته خوش‌آمدگویی ویژه مشتریان جدید انتخاب شده‌اید. برای ارسال بسته، آدرس خود را ثبت کنید.","spam"
"برای شما یک هدیه نقدی به ارزش ۵۰۰ هزار تومان در نظر گرفته شده است. برای فعال‌سازی، مشخصات خود را تکمیل کنید.","spam"
"با سلام، مبلغ قابل توجهی به عنوان پاداش وفاداری برای شما محاسبه شده است. برای تکمیل مراحل، اطلاعات موردنیاز را ارسال نمایید.","spam"
"یک بسته خدماتی با قیمت بسیار پایین‌تر از حالت عادی برای شما فعال شده است. این پیشنهاد تنها تا ۲۴ ساعت آینده معتبر است.","spam"
"به مناسبت سالگرد فعالیت مجموعه، کد تخفیف اختصاصی شما فعال شده است. این کد تنها تا پایان امروز قابل استفاده است.","spam"
"مشترک گرامی، شما واجد شرایط دریافت اعتبار ویژه به مبلغ ۵۰۰ هزار تومان شده‌اید. در صورت عدم استفاده تا پایان هفته، اعتبار شما حذف خواهد شد. برای جلوگیری از مسدود شدن، هویت خود را تأیید کنید.","spam"
"همراه گرامی، برای تکمیل پرونده عضویت، تصویر مدرک شناسایی و اطلاعات تماس موردنیاز است.","spam"
"برای شما یک هدیه نقدی به ارزش ۱۰ میلیون تومان در نظر گرفته شده است. در صورت عدم استفاده تا ۲۴ ساعت آینده، اعتبار شما حذف خواهد شد. برای جلوگیری از مسدود شدن، هویت خود را تأیید کنید.","spam"
"اعتبار خرید تا سقف یک میلیون تومان برای حساب شما فعال شده است. عدم انجام این کار ممکن است منجر به محدود شدن حساب شود. برای دریافت، مراحل ثبت را تکمیل نمایید.","spam"
"سلام، گزارش جلسه امروز را برایتان ارسال کردم. اگر موردی نیاز به اصلاح دارد، لطفاً اطلاع دهید.","ham"
"در صورتی که این پیام را دریافت کرده‌اید، حساب شما در فهرست مشتریان منتخب قرار گرفته است. برای فعال‌سازی اقدام کنید.","spam"
"همراه گرامی وام اولیه شما به مبلغ یک میلیون تومان تصویب شده و در انتظار تکمیل مراحل است. برای جلوگیری از لغو اعتبار، تا پایان هفته اقدام کنید. برای استفاده، مشخصات حساب را وارد کنید.","spam"
"کاربر محترم، یک اعتبار خرید بلااستفاده به مبلغ ۵۰ میلیون ریال در حساب شما باقی مانده است. برای تکمیل مراحل، اطلاعات موردنیاز را ارسال نمایید.","spam"
"مبلغی به عنوان بازگشت وجه برای حساب شما در نظر گرفته شده است. برای تکمیل مراحل، اطلاعات موردنیاز را ارسال نمایید.","spam"
"نتایج قرعه‌کشی اعلام شد و شما در فهرست برندگان قرار گرفته‌اید. برای دریافت جایزه، مراحل ثبت را تکمیل کنید.","spam"
"با سلامفاکتور خرید شما آماده شده است؛ به دلیل وجود مغایرت در اطلاعات پرداخت، تأیید مجدد لازم است.","spam"
"کاربر عزیز، وام اولیه شما به مبلغ ۱۰۰ میلیون ریال تصویب شده و در انتظار تکمیل مراحل است. عدم انجام این کار ممکن است منجر به محدود شدن حساب شود. برای تکمیل مراحل، اطلاعات موردنیاز را ارسال نمایید.","spam"
"کاربر محترم، فاکتور الکترونیکی شما صادر شده اما برای نهایی شدن نیاز به تأیید دارد. لطفاً تا پایان این ماه اقدام کنید.","spam"
"به دلیل تغییر شرایط سرویس، لازم است اطلاعات حساب خود را به‌روزرسانی کنید. عدم انجام این کار دسترسی شما را محدود می‌کند.","spam"
"سلام، طبق هماهنگی قبلی فایل مربوط به پروژه را پیوست کردم. اگر نسخه دیگری نیاز است بفرمایید.","ham"
"کاربر محترم، فاکتور خرید شما آماده شده است؛ به دلیل وجود مغایرت در اطلاعات پرداخت، تأیید مجدد لازم است.","spam"
"یک تراکنش ناموفق در حساب شما ثبت شده است. اگر متعلق به شما نیست، برای بررسی سریع‌تر اقدام کنید.","spam"
"حساب شما به دلیل یک فعالیت مشکوک در آستانه بررسی قرار گرفته است. جهت تأیید مالکیت، اطلاعات خود را ارسال کنید.","spam"
"کاربر گرامیفرصت محدود همکاری با مجموعه ما برای شما در نظر گرفته شده است. بدون نیاز به سابقه، همین حالا اقدام کنید.","spam"
"همراه گرامی، نتیجه بررسی اولیه نشان می‌دهد که امکان دریافت اعتبار ویژه را دارید. برای مشاهده مبلغ، وارد شوید.","spam"
"مشتری گرامی، وام اولیه شما به مبلغ دو میلیون تومان تصویب شده و در انتظار تکمیل مراحل است. برای مشاهده جزئیات وارد حساب خود شوید.","spam"
"مشترک گرامی، مبلغ ۵۰ میلیون ریال به عنوان اعتبار هدیه برای حساب شما ثبت شده است. برای جلوگیری از لغو اعتبار، تا پایان این ماه اقدام کنید.","spam"
"مشترک گرامی، مبلغی به عنوان بازگشت وجه برای حساب شما در نظر گرفته شده است. لطفاً پیش از پایان هفته اقدام فرمایید. برای فعال‌سازی، مشخصات خود را تکمیل کنید.","spam"
"پیشنهاد همکاری شما همچنان فعال است. امکان انجام پروژه‌ها به صورت دورکاری وجود دارد؛ مشخصات خود را ارسال کنید.","spam"
"مشتری گرامی، مبلغی به عنوان هدیه ویژه به حسابتان اضافه شده است. در غیر این صورت، این امتیاز به‌صورت خودکار باطل می‌شود. برای مشاهده جزئیات وارد حساب خود شوید.","spam"
"کاربر عزیزنتایج قرعه‌کشی اعلام شد و شما در فهرست برندگان قرار گرفته‌اید. برای دریافت جایزه، مراحل ثبت را تکمیل کنید.","spam"
"کاربر عزیز، یک تراکنش ناموفق در حساب شما ثبت شده است. اگر متعلق به شما نیست، برای بررسی سریع‌تر اقدام کنید.","spam"
"سلام، شماره شبا دریافت شد. اطلاعات جهت واریز به واحد مالی ارسال شد.","ham"
"فرصت محدود همکاری با مجموعه ما برای شما در نظر گرفته شده است. بدون نیاز به سابقه، همین حالا اقدام کنید.","spam"
"مبلغی به عنوان بازگشت وجه برای حساب شما در نظر گرفته شده است. در صورت عدم استفاده تا ۱۲ ساعت آینده، اعتبار شما حذف خواهد شد.","spam"
"با سلام، مدارکی که درخواست کرده بودید آماده شده است و در ادامه ایمیل برایتان ارسال می‌کنم.","ham"
"سلام، شما واجد شرایط دریافت اعتبار ویژه به مبلغ ۵ میلیون تومان شده‌اید. در صورت تکمیل نکردن اطلاعات، دسترسی شما محدود می‌شود. برای دریافت، مراحل ثبت را تکمیل نمایید.","spam"
"مبلغ قابل توجهی به عنوان پاداش وفاداری برای شما محاسبه شده است. در غیر این صورت، این امتیاز به‌صورت خودکار باطل می‌شود. برای مشاهده جزئیات وارد حساب خود شوید.","spam"
"پیشنهاد همکاری شما همچنان فعال است. امکان انجام پروژه‌ها به صورت دورکاری وجود دارد؛ مشخصات خود را ارسال کنید.","spam"
"کاربر گرامی، اعتبار خرید تا سقف ۵ میلیون تومان برای حساب شما فعال شده است. برای جلوگیری از لغو اعتبار، تا پایان امروز اقدام کنید. برای جلوگیری از مسدود شدن، هویت خود را تأیید کنید.","spam"
"مشتری عزیز، یک تخفیف شخصی‌سازی‌شده بر اساس خریدهای قبلی شما آماده شده است. تا ۲۴ ساعت آینده فرصت استفاده دارید.","spam"
"سلام، فاکتور مربوط به خرید هفته گذشته را دریافت کردم. وضعیت ارسال سفارش را اطلاع می‌دهید؟","ham"
"پیشنهاد همکاری شما همچنان فعال است. امکان انجام پروژه‌ها به صورت دورکاری وجود دارد؛ مشخصات خود را ارسال کنید.","spam"
"شما جا یزه ماه شدید. برای برن ده اعتبا ر، عدد ۱ را بفرستید.","spam"
"اعتبار خرید تا سقف ۱۰۰ میلیون ریال برای حساب شما فعال شده است. لطفاً پیش از پایان امروز اقدام فرمایید. برای استفاده، مشخصات حساب را وارد کنید.","spam"
"با سلام، مدارکی که درخواست کرده بودید آماده شده است و در ادامه ایمیل برایتان ارسال می‌کنم.","ham"
"وام اولیه شما به مبلغ ۵۰ میلیون ریال تصویب شده و در انتظار تکمیل مراحل است. برای فعال‌سازی، مشخصات خود را تکمیل کنید.","spam"
"به نظر می‌رسد اشتراک شما در آستانه تمدید است. اگر قصد ادامه استفاده ندارید، تا ۲۴ ساعت آینده اقدام کنید.","spam"
"با تشکر از حضور شما در جلسه، خلاصه مصوبات پیوست شده است.","ham"
"همکار گرامی، کارگاه آموزشی داخلی پنجشنبه ساعت ۹ صبح برگزار می‌شود. ثبت‌نام از واحد آموزش.","ham"
"کاربر عزیز، اطلاعیه مهم امنیتی: ورود غیرمعمولی به حساب شما شناسایی شده است. برای جلوگیری از محدود شدن، هویت خود را تأیید کنید.","spam"
"نتایج ارزیابی عملکرد در پورتال سازمانی قرار گرفت. برای مشاهده وارد پنل شوید.","ham"
"با سلام، درخواست مرخصی شما در دست بررسی است و تا فردا پاسخ داده می‌شود.","ham"
"در بررسی اخیر حساب شما، اطلاعات ناقصی مشاهده شده است. در صورت تکمیل نکردن، دسترسی محدود خواهد شد.","spam"
"مشترک گرامی، برای شما یک هدیه نقدی به ارزش ۵۰ میلیون ریال در نظر گرفته شده است. عدم انجام این کار ممکن است منجر به محدود شدن حساب شود. جهت انتقال این مبلغ، اطلاعات حساب خود را به‌روزرسانی کنید.","spam"
"با سلام، یک اعتبار خرید بلااستفاده به مبلغ یک میلیون تومان در حساب شما باقی مانده است. در غیر این صورت، این امتیاز به‌صورت خودکار باطل می‌شود.","spam"
"به علت تغییرات سامانه، برخی حساب‌ها نیاز به تأیید مجدد دارند. لطفاً پیش از پایان این ماه تأیید کنید.","spam"
"مبلغی به عنوان هدیه ویژه به حسابتان اضافه شده است. برای جلوگیری از لغو اعتبار، تا ۲۴ ساعت آینده اقدام کنید. برای تکمیل مراحل، اطلاعات موردنیاز را ارسال نمایید.","spam"
"همکار گرامی، بیمه تکمیلی از ابتدای ماه آینده فعال می‌شود. جزئیات در پورتال است.","ham"
"با سلام، مرسوله اداری شما به دفتر مرکزی تحویل شد. برای دریافت به واحد اداری مراجعه کنید.","ham"
"شما برای دریافت بسته خوش‌آمدگویی ویژه مشتریان جدید انتخاب شده‌اید. برای ارسال بسته، آدرس خود را ثبت کنید.","spam"
"همراه گرامی، فقط برای گروه محدودی از مشتریان، امکان خرید اقساطی با شرایط ویژه فراهم شده است. برای رزرو اقدام کنید.","spam"
"کاربر گرامی، حساب شما به دلیل یک فعالیت مشکوک در آستانه بررسی قرار گرفته است. جهت تأیید مالکیت، اطلاعات خود را ارسال کنید.","spam"
"کاربر گرامی، مبلغ یک میلیون تومان به عنوان اعتبار هدیه برای حساب شما ثبت شده است. در غیر این صورت، این امتیاز به‌صورت خودکار باطل می‌شود.","spam"
"تبریک! شما کار ت شدید و ثبت نا م به حسابتان انجام شد.","spam"
"با سلام، درخواست مرخصی شما در دست بررسی است و تا فردا پاسخ داده می‌شود.","ham"
"طبق بررسی انجام‌شده شما واجد شرایط دریافت تسهیلات فوری هستید. برای اطلاع از مبلغ، اطلاعات خود را تکمیل کنید.","spam"
"اطلاعیه مهم امنیتی: ورود غیرمعمولی به حساب شما شناسایی شده است. برای جلوگیری از محدود شدن، هویت خود را تأیید کنید.","spam"
"به حق این دعا. دعای گره‌گشا؛ برای ۱۴ نفر بفرست تا گره از کارت باز شود.","spam"
"به دلیل افزایش تقاضا، ظرفیت این طرح در حال تکمیل است. در صورت تمایل، ثبت‌نام خود را نهایی کنید.","spam"
"کاربر محترم، مبلغی به عنوان بازگشت وجه برای حساب شما در نظر گرفته شده است. لطفاً پیش از ۲۴ ساعت آینده اقدام فرمایید.","spam"
"همراه گرامی، یک اعتبار خرید بلااستفاده به مبلغ ۵۰۰ هزار تومان در حساب شما باقی مانده است. برای مشاهده جزئیات وارد حساب خود شوید.","spam"
"مشتری عزیز، حساب شما در فهرست مشتریان منتخب قرار گرفته است. برای دریافت مزایای ویژه، ثبت‌نام را تکمیل کنید.","spam"
"فرصت محدود همکاری با مجموعه ما برای شما در نظر گرفته شده است. بدون نیاز به سابقه، همین حالا اقدام کنید.","spam"
"کاربر گرامی، نتیجه بررسی اولیه نشان می‌دهد که امکان دریافت اعتبار ویژه را دارید. برای مشاهده مبلغ، وارد شوید.","spam"
"با سلام، درخواست مرخصی شما در دست بررسی است و تا فردا پاسخ داده می‌شود.","ham"
"همراه گرامی، فقط برای گروه محدودی از مشتریان، امکان خرید اقساطی با شرایط ویژه فراهم شده است. برای رزرو اقدام کنید.","spam"
"مشترک گرامی، اعتبار خرید تا سقف مبلغ قابل توجهی برای حساب شما فعال شده است. جهت انتقال این مبلغ، اطلاعات حساب خود را به‌روزرسانی کنید.","spam"
"با سلام، درخواست مرخصی شما در دست بررسی است و تا فردا پاسخ داده می‌شود.","ham"
"به حق این دعا. اگر این پیام را فوروارد نکنی اتفاق بدی می‌افتد. باور کن!","spam"
"مبلغی به عنوان بازگشت وجه برای حساب شما در نظر گرفته شده است. در صورت تکمیل نکردن اطلاعات، دسترسی شما محدود می‌شود. برای دریافت، مراحل ثبت را تکمیل نمایید.","spam"
"مبلغی به عنوان بازگشت وجه برای حساب شما در نظر گرفته شده است. در صورت عدم استفاده تا پایان این ماه، اعتبار شما حذف خواهد شد.","spam"
"یک بسته خدماتی با قیمت بسیار پایین‌تر از حالت عادی برای شما فعال شده است. این پیشنهاد تنها تا ۴۸ ساعت آینده معتبر است.","spam"
"خبری که منتظرش بودی می‌رسد. هرکی نخونه ضرر کرده، فوری برای همه بفرست.","spam"
"کاربر محترم، سفارش شما به دلیل تکمیل نشدن اطلاعات گیرنده در انتظار ارسال است. آدرس و شماره تماس خود را تکمیل کنید.","spam"
"اعتبار خرید تا سقف ۵ میلیون تومان برای حساب شما فعال شده است. برای مشاهده جزئیات وارد حساب خود شوید.","spam"
"درخواست عضویت شما در طرح ویژه ثبت شده اما هنوز تأیید نهایی نشده است. برای تکمیل، اطلاعات خود را ارسال کنید.","spam"
"مبلغی به عنوان بازگشت وجه برای حساب شما در نظر گرفته شده است. برای استفاده، مشخصات حساب را وارد کنید.","spam"
"مشترک گرامی، مبلغی به عنوان بازگشت وجه برای حساب شما در نظر گرفته شده است. لطفاً پیش از پایان امروز اقدام فرمایید.","spam"
"نتایج ارزیابی عملکرد در پورتال سازمانی قرار گرفت. برای مشاهده وارد پنل شوید.","ham"
"حساب شما در فهرست مشتریان منتخب قرار گرفته است. برای دریافت مزایای ویژه، ثبت‌نام را تکمیل کنید.","spam"
"یک اعتبار خرید بلااستفاده به مبلغ ۱۰ میلیون تومان در حساب شما باقی مانده است. در صورت تکمیل نکردن اطلاعات، دسترسی شما محدود می‌شود. برای جلوگیری از مسدود شدن، هویت خود را تأیید کنید.","spam"
"کاربر محترم، مبلغ قابل توجهی به عنوان پاداش وفاداری برای شما محاسبه شده است. در غیر این صورت، این امتیاز به‌صورت خودکار باطل می‌شود. برای استفاده، مشخصات حساب را وارد کنید.","spam"
"فاکتور خرید شما آماده شده است؛ به دلیل وجود مغایرت در اطلاعات پرداخت، تأیید مجدد لازم است.","spam"
"یک اعتبار خرید بلااستفاده به مبلغ ۱۰۰ میلیون ریال در حساب شما باقی مانده است. برای جلوگیری از لغو، مراحل را تا پایان امروز تکمیل نمایید. جهت انتقال این مبلغ، اطلاعات حساب خود را به‌روزرسانی کنید.","spam"
"مشتری گرامی، سفارش شما به دلیل تکمیل نشدن اطلاعات گیرنده در انتظار ارسال است. آدرس و شماره تماس خود را تکمیل کنید.","spam"
"نتایج قرعه‌کشی اعلام شد و شما در فهرست برندگان قرار گرفته‌اید. برای دریافت جایزه، مراحل ثبت را تکمیل کنید.","spam"
"صورت‌جلسه داشبورد فروش پیوست شده است. لطفاً امضا و برگردانید.","ham"
"با تشکر از حضور شما در جلسه، خلاصه مصوبات پیوست شده است.","ham"
"مبلغ قابل توجهی به عنوان پاداش وفاداری برای شما محاسبه شده است. جهت انتقال این مبلغ، اطلاعات حساب خود را به‌روزرسانی کنید.","spam"
"شما برای دریافت بسته خوش‌آمدگویی ویژه مشتریان جدید انتخاب شده‌اید. برای ارسال بسته، آدرس خود را ثبت کنید.","spam"
"با تشکر از حضور شما در جلسه، خلاصه مصوبات پیوست شده است.","ham"
"یادآوری: مهلت تحویل پروژه وب‌سایت پایان هفته است. در صورت نیاز به زمان بیشتر اطلاع دهید.","ham"
"حساب شما در فهرست مشتریان منتخب قرار گرفته است. برای دریافت مزایای ویژه، ثبت‌نام را تکمیل کنید.","spam"
"نتایج ارزیابی عملکرد در پورتال سازمانی قرار گرفت. برای مشاهده وارد پنل شوید.","ham"
"فاکتور خرید شما آماده شده است؛ به دلیل وجود مغایرت در اطلاعات پرداخت، تأیید مجدد لازم است.","spam"
"قیمت این محصول تنها برای دریافت‌کنندگان این ایمیل کاهش یافته است. برای خرید تا مهلت اعلام‌شده اقدام کنید.","spam"
"کاربر عزیز، مبلغی به عنوان بازگشت وجه برای حساب شما در نظر گرفته شده است. در غیر این صورت، این امتیاز به‌صورت خودکار باطل می‌شود. برای دریافت، مراحل ثبت را تکمیل نمایید.","spam"
"مبلغ قابل توجهی به عنوان پاداش وفاداری برای شما محاسبه شده است. در صورت تکمیل نکردن اطلاعات، دسترسی شما محدود می‌شود. برای فعال‌سازی، مشخصات خود را تکمیل کنید.","spam"
"حساب شما به دلیل یک فعالیت مشکوک در آستانه بررسی قرار گرفته است. جهت تأیید مالکیت، اطلاعات خود را ارسال کنید.","spam"
"با سلام، درخواست مرخصی شما در دست بررسی است و تا فردا پاسخ داده می‌شود.","ham"
"حساب شما در فهرست مشتریان منتخب قرار گرفته است. برای دریافت مزایای ویژه، ثبت‌نام را تکمیل کنید.","spam"
"مبلغی به عنوان هدیه ویژه به حسابتان اضافه شده است. عدم انجام این کار ممکن است منجر به محدود شدن حساب شود. برای جلوگیری از مسدود شدن، هویت خود را تأیید کنید.","spam"
"کاربر گرامی، اعتبار خرید تا سقف ۵۰ میلیون ریال برای حساب شما فعال شده است. لطفاً پیش از ۲۴ ساعت آینده اقدام فرمایید. برای فعال‌سازی، مشخصات خود را تکمیل کنید.","spam"
"مشتری گرامی، مبلغ قابل توجهی به عنوان پاداش وفاداری برای شما محاسبه شده است. لطفاً پیش از ۴۸ ساعت آینده اقدام فرمایید. برای استفاده، مشخصات حساب را وارد کنید.","spam"
"همین حالا هدی ه کنید و کلی ک بگیرید.","spam"
"کاربر عزیز، به مناسبت سالگرد فعالیت مجموعه، کد تخفیف اختصاصی شما فعال شده است. این کد تنها تا پایان امروز قابل استفاده است.","spam"
"یک اعتبار خرید بلااستفاده به مبلغ ۵ میلیون تومان در حساب شما باقی مانده است. برای جلوگیری از لغو، مراحل را تا مهلت اعلام‌شده تکمیل نمایید. برای تکمیل مراحل، اطلاعات موردنیاز را ارسال نمایید.","spam"
"سلام، گزارش جلسه امروز را برایتان ارسال کردم. اگر موردی نیاز به اصلاح دارد، لطفاً اطلاع دهید.","ham"
"مبلغی به عنوان هدیه ویژه به حسابتان اضافه شده است. در صورت عدم استفاده تا ۴۸ ساعت آینده، اعتبار شما حذف خواهد شد. برای مشاهده جزئیات وارد حساب خود شوید.","spam"
"طبق بررسی انجام‌شده شما واجد شرایط دریافت تسهیلات فوری هستید. برای اطلاع از مبلغ، اطلاعات خود را تکمیل کنید.","spam"
"همین حالا تخفی ف کنید و دریا فت بگیرید.","spam"
"همراه گرامی، مبلغی به عنوان هدیه ویژه به حسابتان اضافه شده است. عدم انجام این کار ممکن است منجر به محدود شدن حساب شود.","spam"
"کاربر گرامی، درخواست عضویت شما در طرح ویژه ثبت شده اما هنوز تأیید نهایی نشده است. برای تکمیل، اطلاعات خود را ارسال کنید.","spam"
"وقت بخیر، یادآوری می‌کنم جلسه فردا ساعت ۹ صبح برگزار می‌شود. در صورت تغییر برنامه اطلاع دهید.","ham"
"یک اعتبار خرید بلااستفاده به مبلغ مبلغ قابل توجهی در حساب شما باقی مانده است. برای دریافت، مراحل ثبت را تکمیل نمایید.","spam"
"مشتری گرامی، مبلغی به عنوان هدیه ویژه به حسابتان اضافه شده است. در صورت عدم استفاده تا پایان هفته، اعتبار شما حذف خواهد شد. برای استفاده، مشخصات حساب را وارد کنید.","spam"
"برای تکمیل پرونده عضویت، تصویر مدرک شناسایی و اطلاعات تماس موردنیاز است.","spam"
"شما واجد شرایط دریافت اعتبار ویژه به مبلغ ۵۰ میلیون ریال شده‌اید. جهت انتقال این مبلغ، اطلاعات حساب خود را به‌روزرسانی کنید.","spam"
"طبق بررسی انجام‌شده شما واجد شرایط دریافت تسهیلات فوری هستید. برای اطلاع از مبلغ، اطلاعات خود را تکمیل کنید.","spam"
"کاربر عزیز، حساب شما به دلیل یک فعالیت مشکوک در آستانه بررسی قرار گرفته است. جهت تأیید مالکیت، اطلاعات خود را ارسال کنید.","spam"
"کاربر عزیز، اعتبار خرید تا سقف ۵۰ میلیون ریال برای حساب شما فعال شده است. برای استفاده، مشخصات حساب را وارد کنید.","spam"
"پرداخت شما با موفقیت ثبت نشده است. برای جلوگیری از لغو سفارش، اطلاعات پرداخت را بررسی کنید.","spam"
"کاربر گرامی، اعتبار خرید تا سقف ۵۰ میلیون ریال برای حساب شما فعال شده است. برای جلوگیری از لغو اعتبار، تا پایان هفته اقدام کنید. جهت انتقال این مبلغ، اطلاعات حساب خود را به‌روزرسانی کنید.","spam"
"مشتری عزیز، مبلغ ۵۰ میلیون ریال به عنوان اعتبار هدیه برای حساب شما ثبت شده است. لطفاً پیش از ۲۴ ساعت آینده اقدام فرمایید.","spam"
"کاربر محترم، مبلغ ۵ میلیون تومان به عنوان اعتبار هدیه برای حساب شما ثبت شده است. برای مشاهده جزئیات وارد حساب خود شوید.","spam"
"با تشکر از حضور شما در جلسه، خلاصه مصوبات پیوست شده است.","ham"
"نتایج ارزیابی عملکرد در پورتال سازمانی قرار گرفت. برای مشاهده وارد پنل شوید.","ham"
"مشترک گرامی، یک تراکنش ناموفق در حساب شما ثبت شده است. اگر متعلق به شما نیست، برای بررسی سریع‌تر اقدام کنید.","spam"
"یک اعتبار خرید بلااستفاده به مبلغ ۵۰ میلیون ریال در حساب شما باقی مانده است. در صورت تکمیل نکردن اطلاعات، دسترسی شما محدود می‌شود.","spam"
"برای شما یک هدیه نقدی به ارزش ۵۰۰ هزار تومان در نظر گرفته شده است. برای جلوگیری از لغو اعتبار، تا مهلت اعلام‌شده اقدام کنید. جهت انتقال این مبلغ، اطلاعات حساب خود را به‌روزرسانی کنید.","spam"
"سلام، فاکتور مربوط به خرید هفته گذشته را دریافت کردم. وضعیت ارسال سفارش را اطلاع می‌دهید؟","ham"
"یک پیام جدید درباره پرونده مالی شما ثبت شده است. برای مشاهده و جلوگیری از تأخیر، وارد شوید.","spam"
"روزی‌ات در راه است. قسم می‌دهم این پیام را قطع نکنی و برای همه بفرستی.","spam"
"کاربر محترم، سفارش شما به دلیل تکمیل نشدن اطلاعات گیرنده در انتظار ارسال است. آدرس و شماره تماس خود را تکمیل کنید.","spam"
"سفارش شما به دلیل تکمیل نشدن اطلاعات گیرنده در انتظار ارسال است. آدرس و شماره تماس خود را تکمیل کنید.","spam"
"مشتری گرامی، مبلغی به عنوان بازگشت وجه برای حساب شما در نظر گرفته شده است. لطفاً پیش از پایان این ماه اقدام فرمایید. برای فعال‌سازی، مشخصات خود را تکمیل کنید.","spam"
"صورت‌جلسه پروژه وب‌سایت پیوست شده است. لطفاً امضا و برگردانید.","ham"
"به نیت چهارده معصوم. اگه اینو فوروارد نکنی تا ۷ روز بدبیاری میاری!","spam"
"مشتری گرامی، شما واجد شرایط دریافت اعتبار ویژه به مبلغ مبلغ قابل توجهی شده‌اید.","spam"
"خبری که منتظرش بودی می‌رسد. این پیام را برای ۵ نفر بفرست تا حاجتت برآورده شود.","spam"
"با سرمایه‌ای اندک می‌توانید وارد بازار جدید شوید و از سود ماهانه بهره‌مند شوید. ظرفیت ثبت‌نام محدود است.","spam"
"فایل صوتی جلسه امروز در پوشه مشترک قرار گرفت.","ham"
"برای شما یک هدیه نقدی به ارزش ۱۰ میلیون تومان در نظر گرفته شده است. در صورت عدم استفاده تا پایان هفته، اعتبار شما حذف خواهد شد. برای جلوگیری از مسدود شدن، هویت خود را تأیید کنید.","spam"
"با تشکر از حضور شما در جلسه، خلاصه مصوبات پیوست شده است.","ham"
"به علت تغییرات سامانه، برخی حساب‌ها نیاز به تأیید مجدد دارند. لطفاً پیش از پایان هفته تأیید کنید.","spam"
"سلام خانم نادری، ممنون بابت ارسال گزارش. فقط بخش جمع‌بندی نیاز به تکمیل دارد.","ham"
"اطلاعیه مهم امنیتی: ورود غیرمعمولی به حساب شما شناسایی شده است. برای جلوگیری از محدود شدن، هویت خود را تأیید کنید.","spam"
"فرصت محدود همکاری با مجموعه ما برای شما در نظر گرفته شده است. بدون نیاز به سابقه، همین حالا اقدام کنید.","spam"
"سلام، فرصت محدود همکاری با مجموعه ما برای شما در نظر گرفته شده است. بدون نیاز به سابقه، همین حالا اقدام کنید.","spam"
"همراه گرامی، برای شما یک هدیه نقدی به ارزش دو میلیون تومان در نظر گرفته شده است. لطفاً پیش از ۱۲ ساعت آینده اقدام فرمایید. برای تکمیل مراحل، اطلاعات موردنیاز را ارسال نمایید.","spam"
"سلام، فاکتور مربوط به خرید هفته گذشته را دریافت کردم. وضعیت ارسال سفارش را اطلاع می‌دهید؟","ham"
"یادآوری: مهلت تحویل داشبورد فروش پایان هفته است. در صورت نیاز به زمان بیشتر اطلاع دهید.","ham"
"خبری که منتظرش بودی می‌رسد. این پیام را برای ۱۰ نفر بفرست وگرنه ضرر می‌کنی.","spam"
"حساب شما در فهرست مشتریان منتخب قرار گرفته است. برای دریافت مزایای ویژه، ثبت‌نام را تکمیل کنید.","spam"
"درخواست عضویت شما در طرح ویژه ثبت شده اما هنوز تأیید نهایی نشده است. برای تکمیل، اطلاعات خود را ارسال کنید.","spam"
"در بررسی اخیر حساب شما، اطلاعات ناقصی مشاهده شده است. در صورت تکمیل نکردن، دسترسی محدود خواهد شد.","spam"
"با سلام، حساب شما به دلیل یک فعالیت مشکوک در آستانه بررسی قرار گرفته است. جهت تأیید مالکیت، اطلاعات خود را ارسال کنید.","spam"
"مشتری عزیز، حساب شما در فهرست مشتریان منتخب قرار گرفته است. برای دریافت مزایای ویژه، ثبت‌نام را تکمیل کنید.","spam"
"با سلام، امروز آخرین فرصت استفاده از قیمت ویژه دوره آموزشی ماست. پس از پایان مهلت، ثبت‌نام با قیمت اصلی انجام می‌شود.","spam"
"با سلام، یک تراکنش ناموفق در حساب شما ثبت شده است. اگر متعلق به شما نیست، برای بررسی سریع‌تر اقدام کنید.","spam"
"اطلاعیه مهم امنیتی: ورود غیرمعمولی به حساب شما شناسایی شده است. برای جلوگیری از محدود شدن، هویت خود را تأیید کنید.","spam"
"به علت تغییرات سامانه، برخی حساب‌ها نیاز به تأیید مجدد دارند. لطفاً پیش از پایان این ماه تأیید کنید.","spam"
"با سرمایه‌ای اندک می‌توانید وارد بازار جدید شوید و از سود ماهانه بهره‌مند شوید. ظرفیت ثبت‌نام محدود است.","spam"
"وقت بخیر، یادآوری می‌کنم جلسه فردا ساعت ۱۰ برگزار می‌شود. در صورت تغییر برنامه اطلاع دهید.","ham"
"مشتری عزیز، پیشنهاد همکاری شما همچنان فعال است. امکان انجام پروژه‌ها به صورت دورکاری وجود دارد؛ مشخصات خود را ارسال کنید.","spam"
"با سلام، جلسه با مشتری به هفته آینده موکول شد. برنامه جدید را متعاقباً ارسال می‌کنم.","ham"
"فایل صوتی جلسه امروز در پوشه مشترک قرار گرفت.","ham"
"مشتری عزیز، به دلیل تغییر شرایط سرویس، لازم است اطلاعات حساب خود را به‌روزرسانی کنید. عدم انجام این کار دسترسی شما را محدود می‌کند.","spam"
"برای شما یک هدیه نقدی به ارزش دو میلیون تومان در نظر گرفته شده است. برای استفاده، مشخصات حساب را وارد کنید.","spam"
"همراه گرامی، برخی اطلاعات حساب شما با سوابق ثبت‌شده مطابقت ندارد. برای جلوگیری از مسدود شدن، اقدام فرمایید.","spam"
"یک تراکنش ناموفق در حساب شما ثبت شده است. اگر متعلق به شما نیست، برای بررسی سریع‌تر اقدام کنید.","spam"
"به دلیل تغییر شرایط سرویس، لازم است اطلاعات حساب خود را به‌روزرسانی کنید. عدم انجام این کار دسترسی شما را محدود می‌کند.","spam"
"مشتری عزیز، اعتبار خرید تا سقف ۵ میلیون تومان برای حساب شما فعال شده است. در صورت عدم استفاده تا پایان این ماه، اعتبار شما حذف خواهد شد. برای استفاده، مشخصات حساب را وارد کنید.","spam"
"یک تراکنش ناموفق در حساب شما ثبت شده است. اگر متعلق به شما نیست، برای بررسی سریع‌تر اقدام کنید.","spam"
"مبلغی به عنوان هدیه ویژه به حسابتان اضافه شده است. عدم انجام این کار ممکن است منجر به محدود شدن حساب شود. برای فعال‌سازی، مشخصات خود را تکمیل کنید.","spam"
"پرداخت شما با موفقیت ثبت نشده است. برای جلوگیری از لغو سفارش، اطلاعات پرداخت را بررسی کنید.","spam"
"مشتری گرامی، مبلغ مبلغ قابل توجهی به عنوان اعتبار هدیه برای حساب شما ثبت شده است. برای استفاده، مشخصات حساب را وارد کنید.","spam"
"وام اولیه شما به مبلغ ۱۰۰ میلیون ریال تصویب شده و در انتظار تکمیل مراحل است. برای فعال‌سازی، مشخصات خود را تکمیل کنید.","spam"
"سلام، لینک جلسه آنلاین فردا ساعت ۱۶:۳۰ خدمت شما ارسال شد.","ham"
"صورت‌جلسه سامانه انبار پیوست شده است. لطفاً امضا و برگردانید.","ham"
"در بررسی اخیر حساب شما، اطلاعات ناقصی مشاهده شده است. در صورت تکمیل نکردن، دسترسی محدود خواهد شد.","spam"
"کاربر محترم، مبلغی به عنوان بازگشت وجه برای حساب شما در نظر گرفته شده است. برای جلوگیری از لغو، مراحل را تا ۲۴ ساعت آینده تکمیل نمایید. جهت انتقال این مبلغ، اطلاعات حساب خود را به‌روزرسانی کنید.","spam"
"نتایج ارزیابی عملکرد در پورتال سازمانی قرار گرفت. برای مشاهده وارد پنل شوید.","ham"
"یک اعتبار خرید بلااستفاده به مبلغ ۱۰۰ میلیون ریال در حساب شما باقی مانده است. برای تکمیل مراحل، اطلاعات موردنیاز را ارسال نمایید.","spam"
"شما واجد شرایط دریافت اعتبار ویژه به مبلغ دو میلیون تومان شده‌اید. عدم انجام این کار ممکن است منجر به محدود شدن حساب شود. برای مشاهده جزئیات وارد حساب خود شوید.","spam"
"برخی اطلاعات حساب شما با سوابق ثبت‌شده مطابقت ندارد. برای جلوگیری از مسدود شدن، اقدام فرمایید.","spam"
"همراه گرامی، یک اعتبار خرید بلااستفاده به مبلغ ۱۰ میلیون تومان در حساب شما باقی مانده است. عدم انجام این کار ممکن است منجر به محدود شدن حساب شود. برای مشاهده جزئیات وارد حساب خود شوید.","spam"
"همراه گرامی، فاکتور خرید شما آماده شده است؛ به دلیل وجود مغایرت در اطلاعات پرداخت، تأیید مجدد لازم است.","spam"
"شما واجد شرایط دریافت اعتبار ویژه به مبلغ ۵ میلیون تومان شده‌اید. برای جلوگیری از لغو اعتبار، تا ۱۲ ساعت آینده اقدام کنید. برای جلوگیری از مسدود شدن، هویت خود را تأیید کنید.","spam"
"اطلاعیه مهم امنیتی: ورود غیرمعمولی به حساب شما شناسایی شده است. برای جلوگیری از محدود شدن، هویت خود را تأیید کنید.","spam"
"فاکتور خرید شما آماده شده است؛ به دلیل وجود مغایرت در اطلاعات پرداخت، تأیید مجدد لازم است.","spam"
"تبریک! شما کار ت شدید و ثبت نا م به حسابتان انجام شد.","spam"
"با سلام مبلغی به عنوان بازگشت وجه برای حساب شما در نظر گرفته شده است. برای استفاده، مشخصات حساب را وارد کنید.","spam"
"کاربر گرامی، برای شما یک هدیه نقدی به ارزش دو میلیون تومان در نظر گرفته شده است. برای فعال‌سازی، مشخصات خود را تکمیل کنید.","spam"
"با سلام، برای شما یک هدیه نقدی به ارزش مبلغ قابل توجهی در نظر گرفته شده است. در صورت تکمیل نکردن اطلاعات، دسترسی شما محدود می‌شود. برای فعال‌سازی، مشخصات خود را تکمیل کنید.","spam"
"همین حالا جا یزه کنید و برن ده بگیرید.","spam"
"همراه گرامی، مبلغی به عنوان هدیه ویژه به حسابتان اضافه شده است. عدم انجام این کار ممکن است منجر به محدود شدن حساب شود. برای دریافت، مراحل ثبت را تکمیل نمایید.","spam"
"مبلغی به عنوان هدیه ویژه به حسابتان اضافه شده است. لطفاً پیش از ۱۲ ساعت آینده اقدام فرمایید. برای تکمیل مراحل، اطلاعات موردنیاز را ارسال نمایید.","spam"
"وام اولیه شما به مبلغ مبلغ قابل توجهی تصویب شده و در انتظار تکمیل مراحل است. برای جلوگیری از لغو، مراحل را تا ۱۲ ساعت آینده تکمیل نمایید. برای استفاده، مشخصات حساب را وارد کنید.","spam"
"کاربر گرامی، مبلغ مبلغ قابل توجهی به عنوان اعتبار هدیه برای حساب شما ثبت شده است. در غیر این صورت، این امتیاز به‌صورت خودکار باطل می‌شود. برای فعال‌سازی، مشخصات خود را تکمیل کنید.","spam"
"کاربر عزیز، مبلغی به عنوان هدیه ویژه به حسابتان اضافه شده است. در صورت عدم استفاده تا مهلت اعلام‌شده، اعتبار شما حذف خواهد شد.","spam"
"مشتری گرامی، به دلیل افزایش تقاضا، ظرفیت این طرح در حال تکمیل است. در صورت تمایل، ثبت‌نام خود را نهایی کنید.","spam"
"با سلام، مدارکی که درخواست کرده بودید آماده شده است و در ادامه ایمیل برایتان ارسال می‌کنم.","ham"
"کاربر محترم، مبلغی به عنوان بازگشت وجه برای حساب شما در نظر گرفته شده است. برای دریافت، مراحل ثبت را تکمیل نمایید.","spam"
"شما برای دریافت بسته خوش‌آمدگویی ویژه مشتریان جدید انتخاب شده‌اید. برای ارسال بسته، آدرس خود را ثبت کنید.","spam"
"به دلیل تغییر شرایط سرویس، لازم است اطلاعات حساب خود را به‌روزرسانی کنید. عدم انجام این کار دسترسی شما را محدود می‌کند.","spam"
"به دلیل افزایش تقاضا، ظرفیت این طرح در حال تکمیل است. در صورت تمایل، ثبت‌نام خود را نهایی کنید.","spam"
"مشتری عزیز، مبلغ ۱۰۰ میلیون ریال به عنوان اعتبار هدیه برای حساب شما ثبت شده است.","spam"
"برخی اطلاعات حساب شما با سوابق ثبت‌شده مطابقت ندارد. برای جلوگیری از مسدود شدن، اقدام فرمایید.","spam"
"همراه گرامی، اعتبار خرید تا سقف یک میلیون تومان برای حساب شما فعال شده است. لطفاً پیش از ۱۲ ساعت آینده اقدام فرمایید. برای دریافت، مراحل ثبت را تکمیل نمایید.","spam"
"همکار گرامی، بیمه تکمیلی از ابتدای ماه آینده فعال می‌شود. جزئیات در پورتال است.","ham"
"مشترک گرامی، یک بسته خدماتی با قیمت بسیار پایین‌تر از حالت عادی برای شما فعال شده است. این پیشنهاد تنها تا ۱۲ ساعت آینده معتبر است.","spam"
"مبلغی به عنوان بازگشت وجه برای حساب شما در نظر گرفته شده است. برای استفاده، مشخصات حساب را وارد کنید.","spam"
"وقت بخیر، یادآوری می‌کنم جلسه فردا ساعت ۱۱:۳۰ برگزار می‌شود. در صورت تغییر برنامه اطلاع دهید.","ham"
"با سلام، درخواست مرخصی شما در دست بررسی است و تا فردا پاسخ داده می‌شود.","ham"
"با سلام، قیمت این محصول تنها برای دریافت‌کنندگان این ایمیل کاهش یافته است. برای خرید تا ۴۸ ساعت آینده اقدام کنید.","spam"
"مشترک گرامی، مبلغ یک میلیون تومان به عنوان اعتبار هدیه برای حساب شما ثبت شده است. در غیر این صورت، این امتیاز به‌صورت خودکار باطل می‌شود. جهت انتقال این مبلغ، اطلاعات حساب خود را به‌روزرسانی کنید.","spam"
"نتایج قرعه‌کشی اعلام شد و شما در فهرست برندگان قرار گرفته‌اید. برای دریافت جایزه، مراحل ثبت را تکمیل کنید.","spam"
"همکار گرامی، بیمه تکمیلی از ابتدای ماه آینده فعال می‌شود. جزئیات در پورتال است.","ham"
"همکار گرامی، بیمه تکمیلی از ابتدای ماه آینده فعال می‌شود. جزئیات در پورتال است.","ham"
"همراه گرامی، برای تکمیل پرونده عضویت، تصویر مدرک شناسایی و اطلاعات تماس موردنیاز است.","spam"
"کاربر عزیز، برخی اطلاعات حساب شما با سوابق ثبت‌شده مطابقت ندارد. برای جلوگیری از مسدود شدن، اقدام فرمایید.","spam"
"مشتری عزیز، مبلغ قابل توجهی به عنوان پاداش وفاداری برای شما محاسبه شده است.","spam"
"سلام، حق‌التدریس این ماه طبق روال تا پایان هفته واریز می‌شود.","ham"
"حساب شما به دلیل یک فعالیت مشکوک در آستانه بررسی قرار گرفته است. جهت تأیید مالکیت، اطلاعات خود را ارسال کنید.","spam"
"سلام، به دلیل افزایش تقاضا، ظرفیت این طرح در حال تکمیل است. در صورت تمایل، ثبت‌نام خود را نهایی کنید.","spam"
"برای شما یک هدیه نقدی به ارزش ۵۰۰ هزار تومان در نظر گرفته شده است. در صورت عدم استفاده تا پایان این ماه، اعتبار شما حذف خواهد شد.","spam"
"مبلغ ۱۰ میلیون تومان به عنوان اعتبار هدیه برای حساب شما ثبت شده است. در صورت تکمیل نکردن اطلاعات، دسترسی شما محدود می‌شود. جهت انتقال این مبلغ، اطلاعات حساب خود را به‌روزرسانی کنید.","spam"
"کاربر گرامی، وام اولیه شما به مبلغ ۱۰۰ میلیون ریال تصویب شده و در انتظار تکمیل مراحل است. برای استفاده، مشخصات حساب را وارد کنید.","spam"
"با سلام، به دلیل افزایش تقاضا، ظرفیت این طرح در حال تکمیل است. در صورت تمایل، ثبت‌نام خود را نهایی کنید.","spam"
"پیرو جلسه، پیش‌فاکتور پروژه وب‌سایت ارسال شد. منتظر تأیید شما برای شروع هستیم.","ham"
"کاربر عزیز، به دلیل افزایش تقاضا، ظرفیت این طرح در حال تکمیل است. در صورت تمایل، ثبت‌نام خود را نهایی کنید.","spam"
"مبلغی به عنوان بازگشت وجه برای حساب شما در نظر گرفته شده است. لطفاً پیش از پایان هفته اقدام فرمایید.","spam"
"عزیز سلام. حساب شما در خطر است. کد امنیتی پیامک‌شده را هرچه سریع‌تر برای من بفرستید.","spam"
"یک تراکنش ناموفق در حساب شما ثبت شده است. اگر متعلق به شما نیست، برای بررسی سریع‌تر اقدام کنید.","spam"
"سلام آقای احمدی، ممنون بابت ارسال گزارش. فقط بخش جمع‌بندی نیاز به تکمیل دارد.","ham"
"شما واجد شرایط دریافت اعتبار ویژه به مبلغ ۵۰ میلیون ریال شده‌اید. عدم انجام این کار ممکن است منجر به محدود شدن حساب شود. برای جلوگیری از مسدود شدن، هویت خود را تأیید کنید.","spam"
"یادآوری: مهلت تحویل گزارش ماهانه پایان هفته است. در صورت نیاز به زمان بیشتر اطلاع دهید.","ham"
"فاکتور خرید شما آماده شده است؛ به دلیل وجود مغایرت در اطلاعات پرداخت، تأیید مجدد لازم است.","spam"
"مبلغی به عنوان هدیه ویژه به حسابتان اضافه شده است. برای جلوگیری از لغو اعتبار، تا پایان هفته اقدام کنید.","spam"
"مبلغ ۵۰ میلیون ریال به عنوان اعتبار هدیه برای حساب شما ثبت شده است. برای دریافت، مراحل ثبت را تکمیل نمایید.","spam"
"حساب شما به دلیل یک فعالیت مشکوک در آستانه بررسی قرار گرفته است. جهت تأیید مالکیت، اطلاعات خود را ارسال کنید.","spam"
"با سلام، مرسوله اداری شما به دفتر مرکزی تحویل شد. برای دریافت به واحد اداری مراجعه کنید.","ham"
"یک اعتبار خرید بلااستفاده به مبلغ ۵۰ میلیون ریال در حساب شما باقی مانده است. لطفاً پیش از ۴۸ ساعت آینده اقدام فرمایید. برای استفاده، مشخصات حساب را وارد کنید.","spam"
"مبلغ ۵ میلیون تومان به عنوان اعتبار هدیه برای حساب شما ثبت شده است. در صورت تکمیل نکردن اطلاعات، دسترسی شما محدود می‌شود. برای تکمیل مراحل، اطلاعات موردنیاز را ارسال نمایید.","spam"
"همکار گرامی، کارگاه آموزشی داخلی پنجشنبه ساعت ۱۶:۳۰ برگزار می‌شود. ثبت‌نام از واحد آموزش.","ham"
"شما واجد شرایط دریافت اعتبار ویژه به مبلغ ۱۰۰ میلیون ریال شده‌اید. عدم انجام این کار ممکن است منجر به محدود شدن حساب شود. برای جلوگیری از مسدود شدن، هویت خود را تأیید کنید.","spam"
"فاکتور خرید شما آماده شده است؛ به دلیل وجود مغایرت در اطلاعات پرداخت، تأیید مجدد لازم است.","spam"
"نتیجه بررسی اولیه نشان می‌دهد که امکان دریافت اعتبار ویژه را دارید. برای مشاهده مبلغ، وارد شوید.","spam"
"سلام، طبق هماهنگی قبلی فایل مربوط به پروژه را پیوست کردم. اگر نسخه دیگری نیاز است بفرمایید.","ham"
"کاربر محترم، برای شما یک هدیه نقدی به ارزش ۵۰ میلیون ریال در نظر گرفته شده است. برای جلوگیری از لغو، مراحل را تا ۱۲ ساعت آینده تکمیل نمایید. برای مشاهده جزئیات وارد حساب خود شوید.","spam"
"به علت تغییرات سامانه، برخی حساب‌ها نیاز به تأیید مجدد دارند. لطفاً پیش از پایان این ماه تأیید کنید.","spam"
"همراه گرامی، به علت تغییرات سامانه، برخی حساب‌ها نیاز به تأیید مجدد دارند. لطفاً پیش از ۱۲ ساعت آینده تأیید کنید.","spam"
"نتایج قرعه‌کشی اعلام شد و شما در فهرست برندگان قرار گرفته‌اید. برای دریافت جایزه، مراحل ثبت را تکمیل کنید.","spam"
"با سلام، درخواست مرخصی شما در دست بررسی است و تا فردا پاسخ داده می‌شود.","ham"
"مشتری گرامی، اعتبار خرید تا سقف ۱۰ میلیون تومان برای حساب شما فعال شده است. در صورت تکمیل نکردن اطلاعات، دسترسی شما محدود می‌شود. برای استفاده، مشخصات حساب را وارد کنید.","spam"
"شما واجد شرایط دریافت اعتبار ویژه به مبلغ ۱۰ میلیون تومان شده‌اید. عدم انجام این کار ممکن است منجر به محدود شدن حساب شود. برای دریافت، مراحل ثبت را تکمیل نمایید.","spam"
"سلام، درخواست عضویت شما در طرح ویژه ثبت شده اما هنوز تأیید نهایی نشده است. برای تکمیل، اطلاعات خود را ارسال کنید.","spam"
"کاربر محترم، اطلاعیه مهم امنیتی: ورود غیرمعمولی به حساب شما شناسایی شده است. برای جلوگیری از محدود شدن، هویت خود را تأیید کنید.","spam"
"یادآوری: مهلت تحویل داشبورد فروش پایان هفته است. در صورت نیاز به زمان بیشتر اطلاع دهید.","ham"
"سلام، برای شما یک هدیه نقدی به ارزش ۱۰ میلیون تومان در نظر گرفته شده است. در صورت عدم استفاده تا ۲۴ ساعت آینده، اعتبار شما حذف خواهد شد. برای جلوگیری از مسدود شدن، هویت خود را تأیید کنید.","spam"
"با سلام، مدارکی که درخواست کرده بودید آماده شده است و در ادامه ایمیل برایتان ارسال می‌کنم.","ham"
"حساب شما در فهرست مشتریان منتخب قرار گرفته است. برای دریافت مزایای ویژه، ثبت‌نام را تکمیل کنید.","spam"
"تبریک! شما اعتبا ر شدید و دریا فت به حسابتان انجام شد.","spam"
"مبلغی به عنوان هدیه ویژه به حسابتان اضافه شده است. لطفاً پیش از مهلت اعلام‌شده اقدام فرمایید. برای مشاهده جزئیات وارد حساب خود شوید.","spam"
"فایل صوتی جلسه امروز در پوشه مشترک قرار گرفت.","ham"
"نتیجه بررسی اولیه نشان می‌دهد که امکان دریافت اعتبار ویژه را دارید. برای مشاهده مبلغ، وارد شوید.","spam"
"وام اولیه شما به مبلغ ۱۰ میلیون تومان تصویب شده و در انتظار تکمیل مراحل است. در صورت عدم استفاده تا پایان هفته، اعتبار شما حذف خواهد شد. جهت انتقال این مبلغ، اطلاعات حساب خود را به‌روزرسانی کنید.","spam"
"برای تکمیل پرونده عضویت، تصویر مدرک شناسایی و اطلاعات تماس موردنیاز است.","spam"
"برای شما یک هدیه نقدی به ارزش ۵۰۰ هزار تومان در نظر گرفته شده است. برای جلوگیری از لغو اعتبار، تا ۱۲ ساعت آینده اقدام کنید. برای فعال‌سازی، مشخصات خود را تکمیل کنید.","spam"
"با سلام، فاکتور خرید شما آماده شده است؛ به دلیل وجود مغایرت در اطلاعات پرداخت، تأیید مجدد لازم است.","spam"
"همراه گرامی، مبلغ ۵۰ میلیون ریال به عنوان اعتبار هدیه برای حساب شما ثبت شده است. در صورت عدم استفاده تا ۱۲ ساعت آینده، اعتبار شما حذف خواهد شد. برای تکمیل مراحل، اطلاعات موردنیاز را ارسال نمایید.","spam"
"امروز آخرین فرصت استفاده از قیمت ویژه دوره آموزشی ماست. پس از پایان مهلت، ثبت‌نام با قیمت اصلی انجام می‌شود.","spam"
"برای تکمیل پرونده عضویت، تصویر مدرک شناسایی و اطلاعات تماس موردنیاز است.","spam"
"وام اولیه شما به مبلغ ۱۰ میلیون تومان تصویب شده و در انتظار تکمیل مراحل است. لطفاً پیش از ۴۸ ساعت آینده اقدام فرمایید. جهت انتقال این مبلغ، اطلاعات حساب خود را به‌روزرسانی کنید.","spam"
"وام اولیه شما به مبلغ ۵۰۰ هزار تومان تصویب شده و در انتظار تکمیل مراحل است. لطفاً پیش از ۴۸ ساعت آینده اقدام فرمایید. برای دریافت، مراحل ثبت را تکمیل نمایید.","spam"
"فقط برای گروه محدودی از مشتریان، امکان خرید اقساطی با شرایط ویژه فراهم شده است. برای رزرو اقدام کنید.","spam"
"مبلغ قابل توجهی به عنوان پاداش وفاداری برای شما محاسبه شده است. برای جلوگیری از لغو، مراحل را تا پایان امروز تکمیل نمایید. جهت انتقال این مبلغ، اطلاعات حساب خود را به‌روزرسانی کنید.","spam"
"در بررسی اخیر حساب شما، اطلاعات ناقصی مشاهده شده است. در صورت تکمیل نکردن، دسترسی محدود خواهد شد.","spam"
"با سلام، درخواست مرخصی شما در دست بررسی است و تا فردا پاسخ داده می‌شود.","ham"
"کاربر گرامی، برای شما یک هدیه نقدی به ارزش دو میلیون تومان در نظر گرفته شده است. برای استفاده، مشخصات حساب را وارد کنید.","spam"
"برخی اطلاعات حساب شما با سوابق ثبت‌شده مطابقت ندارد. برای جلوگیری از مسدود شدن، اقدام فرمایید.","spam"
"کاربر عزیز، برای شما یک هدیه نقدی به ارزش مبلغ قابل توجهی در نظر گرفته شده است. لطفاً پیش از پایان این ماه اقدام فرمایید. برای مشاهده جزئیات وارد حساب خود شوید.","spam"
"سلام، نسخه نهایی سند پروژه وب‌سایت بارگذاری شد. منتظر نظرات شما هستم.","ham"
"اعتبار خرید تا سقف یک میلیون تومان برای حساب شما فعال شده است. برای جلوگیری از لغو، مراحل را تا پایان هفته تکمیل نمایید. برای استفاده، مشخصات حساب را وارد کنید.","spam"
"کاربر گرامی شما واجد شرایط دریافت اعتبار ویژه به مبلغ دو میلیون تومان شده‌اید.","spam"
"همکار گرامی، کارگاه آموزشی داخلی پنجشنبه ساعت ۱۴ برگزار می‌شود. ثبت‌نام از واحد آموزش.","ham"
"گزارش حضور و غیاب این ماه در سامانه قرار گرفت. در صورت مغایرت تا پایان هفته اطلاع دهید.","ham"
"گزارش حضور و غیاب این ماه در سامانه قرار گرفت. در صورت مغایرت تا پایان هفته اطلاع دهید.","ham"
"همراه گرامی، حساب شما در فهرست مشتریان منتخب قرار گرفته است. برای دریافت مزایای ویژه، ثبت‌نام را تکمیل کنید.","spam"
"مبلغی به عنوان بازگشت وجه برای حساب شما در نظر گرفته شده است. عدم انجام این کار ممکن است منجر به محدود شدن حساب شود.","spam"
"کاربر محترم، به مناسبت سالگرد فعالیت مجموعه، کد تخفیف اختصاصی شما فعال شده است. این کد تنها تا ۱۲ ساعت آینده قابل استفاده است.","spam"
"نتایج ارزیابی عملکرد در پورتال سازمانی قرار گرفت. برای مشاهده وارد پنل شوید.","ham"
"به نیت چهارده معصوم. پیام را برای ۲۰ نفر بفرست تا پول غیرمنتظره‌ای به دستت برسد.","spam"
"از طرف بانک تماس می‌گیرم. رمز پویای شما لازم است، لطفاً پشت تلفن بخوانید.","spam"
"در بررسی اخیر حساب شما، اطلاعات ناقصی مشاهده شده است. در صورت تکمیل نکردن، دسترسی محدود خواهد شد.","spam"
"کاربر گرامی، مبلغی به عنوان هدیه ویژه به حسابتان اضافه شده است. در صورت تکمیل نکردن اطلاعات، دسترسی شما محدود می‌شود. برای مشاهده جزئیات وارد حساب خود شوید.","spam"
"سلام، فرصت محدود همکاری با مجموعه ما برای شما در نظر گرفته شده است. بدون نیاز به سابقه، همین حالا اقدام کنید.","spam"
"با تشکر از حضور شما در جلسه، خلاصه مصوبات پیوست شده است.","ham"
"با سرمایه‌ای اندک می‌توانید وارد بازار جدید شوید و از سود ماهانه بهره‌مند شوید. ظرفیت ثبت‌نام محدود است.","spam"
"با سلام، مدارکی که درخواست کرده بودید آماده شده است و در ادامه ایمیل برایتان ارسال می‌کنم.","ham"
"سلام، حساب شما در فهرست مشتریان منتخب قرار گرفته است. برای دریافت مزایای ویژه، ثبت‌نام را تکمیل کنید.","spam"
"کاربر عزیز، فاکتور الکترونیکی شما صادر شده اما برای نهایی شدن نیاز به تأیید دارد. لطفاً تا ۲۴ ساعت آینده اقدام کنید.","spam"
"کاربر گرامی، فقط برای گروه محدودی از مشتریان، امکان خرید اقساطی با شرایط ویژه فراهم شده است. برای رزرو اقدام کنید.","spam"
"مبلغی به عنوان بازگشت وجه برای حساب شما در نظر گرفته شده است. عدم انجام این کار ممکن است منجر به محدود شدن حساب شود. برای تکمیل مراحل، اطلاعات موردنیاز را ارسال نمایید.","spam"
"مشتری عزیز، یک بسته خدماتی با قیمت بسیار پایین‌تر از حالت عادی برای شما فعال شده است. این پیشنهاد تنها تا پایان این ماه معتبر است.","spam"
"تبریک! شما هدی ه شدید و اعتبا ر به حسابتان انجام شد.","spam"
"شما واجد شرایط دریافت اعتبار ویژه به مبلغ یک میلیون تومان شده‌اید. در غیر این صورت، این امتیاز به‌صورت خودکار باطل می‌شود.","spam"
"قیمت این محصول تنها برای دریافت‌کنندگان این ایمیل کاهش یافته است. برای خرید تا پایان هفته اقدام کنید.","spam"
"به علت تغییرات سامانه، برخی حساب‌ها نیاز به تأیید مجدد دارند. لطفاً پیش از پایان این ماه تأیید کنید.","spam"
"طبق بررسی انجام‌شده شما واجد شرایط دریافت تسهیلات فوری هستید. برای اطلاع از مبلغ، اطلاعات خود را تکمیل کنید.","spam"
"با سلام، به علت تغییرات سامانه، برخی حساب‌ها نیاز به تأیید مجدد دارند. لطفاً پیش از ۱۲ ساعت آینده تأیید کنید.","spam"
"با سلام مبلغی به عنوان هدیه ویژه به حسابتان اضافه شده است. در غیر این صورت، این امتیاز به‌صورت خودکار باطل می‌شود. برای دریافت، مراحل ثبت را تکمیل نمایید.","spam"
"وقت بخیر، یادآوری می‌کنم جلسه فردا ساعت ۹ صبح برگزار می‌شود. در صورت تغییر برنامه اطلاع دهید.","ham"
"حساب شما در فهرست مشتریان منتخب قرار گرفته است. برای دریافت مزایای ویژه، ثبت‌نام را تکمیل کنید.","spam"
"کاربر گرامی، به علت تغییرات سامانه، برخی حساب‌ها نیاز به تأیید مجدد دارند. لطفاً پیش از ۱۲ ساعت آینده تأیید کنید.","spam"
"سلام، فرصت محدود همکاری با مجموعه ما برای شما در نظر گرفته شده است. بدون نیاز به سابقه، همین حالا اقدام کنید.","spam"
"شما برای دریافت بسته خوش‌آمدگویی ویژه مشتریان جدید انتخاب شده‌اید. برای ارسال بسته، آدرس خود را ثبت کنید.","spam"
"برای شما یک هدیه نقدی به ارزش مبلغ قابل توجهی در نظر گرفته شده است. لطفاً پیش از پایان این ماه اقدام فرمایید. برای دریافت، مراحل ثبت را تکمیل نمایید.","spam"
"یک بسته خدماتی با قیمت بسیار پایین‌تر از حالت عادی برای شما فعال شده است. این پیشنهاد تنها تا ۴۸ ساعت آینده معتبر است.","spam"
"سلام، لینک جلسه آنلاین فردا ساعت ۱۰ خدمت شما ارسال شد.","ham"
"با سلام، جلسه با مشتری به هفته آینده موکول شد. برنامه جدید را متعاقباً ارسال می‌کنم.","ham"
"شما واجد شرایط دریافت اعتبار ویژه به مبلغ دو میلیون تومان شده‌اید. برای جلوگیری از لغو، مراحل را تا ۲۴ ساعت آینده تکمیل نمایید. برای فعال‌سازی، مشخصات خود را تکمیل کنید.","spam"
"به مناسبت سالگرد فعالیت مجموعه، کد تخفیف اختصاصی شما فعال شده است. این کد تنها تا پایان این ماه قابل استفاده است.","spam"
"برخی اطلاعات حساب شما با سوابق ثبت‌شده مطابقت ندارد. برای جلوگیری از مسدود شدن، اقدام فرمایید.","spam"
"سلام، فاکتور مربوط به خرید هفته گذشته را دریافت کردم. وضعیت ارسال سفارش را اطلاع می‌دهید؟","ham"
"کاربر عزیز، نتایج قرعه‌کشی اعلام شد و شما در فهرست برندگان قرار گرفته‌اید. برای دریافت جایزه، مراحل ثبت را تکمیل کنید.","spam"
"مبلغ قابل توجهی به عنوان پاداش وفاداری برای شما محاسبه شده است. برای فعال‌سازی، مشخصات خود را تکمیل کنید.","spam"
"مبلغ قابل توجهی به عنوان پاداش وفاداری برای شما محاسبه شده است. عدم انجام این کار ممکن است منجر به محدود شدن حساب شود. برای دریافت، مراحل ثبت را تکمیل نمایید.","spam"
"وقت بخیر، یادآوری می‌کنم جلسه فردا ساعت ۹ صبح برگزار می‌شود. در صورت تغییر برنامه اطلاع دهید.","ham"
"همکار گرامی، بیمه تکمیلی از ابتدای ماه آینده فعال می‌شود. جزئیات در پورتال است.","ham"
"نتایج ارزیابی عملکرد در پورتال سازمانی قرار گرفت. برای مشاهده وارد پنل شوید.","ham"
"اعتبار خرید تا سقف دو میلیون تومان برای حساب شما فعال شده است. جهت انتقال این مبلغ، اطلاعات حساب خود را به‌روزرسانی کنید.","spam"
"مشتری گرامی، شما واجد شرایط دریافت اعتبار ویژه به مبلغ دو میلیون تومان شده‌اید. برای جلوگیری از لغو اعتبار، تا مهلت اعلام‌شده اقدام کنید. برای جلوگیری از مسدود شدن، هویت خود را تأیید کنید.","spam"
"سلام آقای شریفی، ممنون بابت ارسال گزارش. فقط بخش جمع‌بندی نیاز به تکمیل دارد.","ham"
"حساب شما به دلیل یک فعالیت مشکوک در آستانه بررسی قرار گرفته است. جهت تأیید مالکیت، اطلاعات خود را ارسال کنید.","spam"
"مشترک گرامی، مبلغی به عنوان بازگشت وجه برای حساب شما در نظر گرفته شده است. جهت انتقال این مبلغ، اطلاعات حساب خود را به‌روزرسانی کنید.","spam"
"سلام، فاکتور مربوط به خرید هفته گذشته را دریافت کردم. وضعیت ارسال سفارش را اطلاع می‌دهید؟","ham"
"مشتری عزیز، وام اولیه شما به مبلغ ۱۰۰ میلیون ریال تصویب شده و در انتظار تکمیل مراحل است. لطفاً پیش از پایان این ماه اقدام فرمایید. برای مشاهده جزئیات وارد حساب خود شوید.","spam"
"پیرو جلسه، پیش‌فاکتور گزارش ماهانه ارسال شد. منتظر تأیید شما برای شروع هستیم.","ham"
"مشتری عزیز، برای شما یک هدیه نقدی به ارزش ۵ میلیون تومان در نظر گرفته شده است. برای جلوگیری از لغو، مراحل را تا ۴۸ ساعت آینده تکمیل نمایید. برای تکمیل مراحل، اطلاعات موردنیاز را ارسال نمایید.","spam"
"فرصت محدود همکاری با مجموعه ما برای شما در نظر گرفته شده است. بدون نیاز به سابقه، همین حالا اقدام کنید.","spam"
"نتایج ارزیابی عملکرد در پورتال سازمانی قرار گرفت. برای مشاهده وارد پنل شوید.","ham"
"سلام، فاکتور مربوط به خرید هفته گذشته را دریافت کردم. وضعیت ارسال سفارش را اطلاع می‌دهید؟","ham"
"مشتری عزیز، پرداخت شما با موفقیت ثبت نشده است. برای جلوگیری از لغو سفارش، اطلاعات پرداخت را بررسی کنید.","spam"
"مشتری عزیز، یک تراکنش ناموفق در حساب شما ثبت شده است. اگر متعلق به شما نیست، برای بررسی سریع‌تر اقدام کنید.","spam"
"یک بسته خدماتی با قیمت بسیار پایین‌تر از حالت عادی برای شما فعال شده است. این پیشنهاد تنها تا پایان هفته معتبر است.","spam"
"کاربر عزیز، مبلغی به عنوان بازگشت وجه برای حساب شما در نظر گرفته شده است. در صورت عدم استفاده تا ۲۴ ساعت آینده، اعتبار شما حذف خواهد شد. جهت انتقال این مبلغ، اطلاعات حساب خود را به‌روزرسانی کنید.","spam"
"کاربر گرامی، مبلغ قابل توجهی به عنوان پاداش وفاداری برای شما محاسبه شده است. عدم انجام این کار ممکن است منجر به محدود شدن حساب شود. برای فعال‌سازی، مشخصات خود را تکمیل کنید.","spam"
"سلام، گزارش جلسه امروز را برایتان ارسال کردم. اگر موردی نیاز به اصلاح دارد، لطفاً اطلاع دهید.","ham"
"مشترک گرامی، برای تکمیل پرونده عضویت، تصویر مدرک شناسایی و اطلاعات تماس موردنیاز است.","spam"
"مشترک گرامی، در صورتی که این پیام را دریافت کرده‌اید، حساب شما در فهرست مشتریان منتخب قرار گرفته است. برای فعال‌سازی اقدام کنید.","spam"
"شما دریا فت ماه شدید. برای جشنوا ره تخفی ف، عدد ۱ را بفرستید.","spam"
"کاربر محترم، اعتبار خرید تا سقف دو میلیون تومان برای حساب شما فعال شده است. در صورت عدم استفاده تا پایان امروز، اعتبار شما حذف خواهد شد. برای تکمیل مراحل، اطلاعات موردنیاز را ارسال نمایید.","spam"
"نتایج ارزیابی عملکرد در پورتال سازمانی قرار گرفت. برای مشاهده وارد پنل شوید.","ham"
"مشتری گرامی، برای تکمیل پرونده عضویت، تصویر مدرک شناسایی و اطلاعات تماس موردنیاز است.","spam"
"به نظر می‌رسد اشتراک شما در آستانه تمدید است. اگر قصد ادامه استفاده ندارید، تا ۲۴ ساعت آینده اقدام کنید.","spam"
"سلام، برای فعال‌سازی مجدد اکانتتان به کد ارسال‌شده به گوشی شما نیاز دارم.","spam"
"مشتری گرامی، با سرمایه‌ای اندک می‌توانید وارد بازار جدید شوید و از سود ماهانه بهره‌مند شوید. ظرفیت ثبت‌نام محدود است.","spam"
"مشتری عزیز، فرصت محدود همکاری با مجموعه ما برای شما در نظر گرفته شده است. بدون نیاز به سابقه، همین حالا اقدام کنید.","spam"
"به حق این دعا. تا آخر بخوان و برای دیگران بفرست، ثواب دارد.","spam"
"کاربر محترم، یک اعتبار خرید بلااستفاده به مبلغ ۵ میلیون تومان در حساب شما باقی مانده است. برای جلوگیری از لغو، مراحل را تا ۱۲ ساعت آینده تکمیل نمایید. جهت انتقال این مبلغ، اطلاعات حساب خود را به‌روزرسانی کنید.","spam"
"سلام، شماره شبا دریافت شد. اطلاعات جهت واریز به واحد مالی ارسال شد.","ham"
"مشتری گرامی، یک بسته خدماتی با قیمت بسیار پایین‌تر از حالت عادی برای شما فعال شده است. این پیشنهاد تنها تا مهلت اعلام‌شده معتبر است.","spam"
"مشتری عزیز، یک بسته خدماتی با قیمت بسیار پایین‌تر از حالت عادی برای شما فعال شده است. این پیشنهاد تنها تا ۲۴ ساعت آینده معتبر است.","spam"
"کاربر گرامی، شما واجد شرایط دریافت اعتبار ویژه به مبلغ مبلغ قابل توجهی شده‌اید. برای جلوگیری از لغو اعتبار، تا پایان هفته اقدام کنید. جهت انتقال این مبلغ، اطلاعات حساب خود را به‌روزرسانی کنید.","spam"
"پیشنهاد همکاری شما همچنان فعال است. امکان انجام پروژه‌ها به صورت دورکاری وجود دارد؛ مشخصات خود را ارسال کنید.","spam"
"مبلغ ۱۰ میلیون تومان به عنوان اعتبار هدیه برای حساب شما ثبت شده است. در صورت تکمیل نکردن اطلاعات، دسترسی شما محدود می‌شود. برای استفاده، مشخصات حساب را وارد کنید.","spam"
"شما واجد شرایط دریافت اعتبار ویژه به مبلغ ۱۰۰ میلیون ریال شده‌اید. جهت انتقال این مبلغ، اطلاعات حساب خود را به‌روزرسانی کنید.","spam"
"سلام، طبق هماهنگی قبلی فایل مربوط به پروژه را پیوست کردم. اگر نسخه دیگری نیاز است بفرمایید.","ham"
"وام اولیه شما به مبلغ ۵۰۰ هزار تومان تصویب شده و در انتظار تکمیل مراحل است. در صورت تکمیل نکردن اطلاعات، دسترسی شما محدود می‌شود. برای استفاده، مشخصات حساب را وارد کنید.","spam"
"کاربر عزیز، مبلغ ۵۰ میلیون ریال به عنوان اعتبار هدیه برای حساب شما ثبت شده است. در غیر این صورت، این امتیاز به‌صورت خودکار باطل می‌شود. برای مشاهده جزئیات وارد حساب خود شوید.","spam"
"به نظر می‌رسد اشتراک شما در آستانه تمدید است. اگر قصد ادامه استفاده ندارید، تا پایان هفته اقدام کنید.","spam"
"نتایج ارزیابی عملکرد در پورتال سازمانی قرار گرفت. برای مشاهده وارد پنل شوید.","ham"
"مشترک گرامی، برای شما یک هدیه نقدی به ارزش ۱۰ میلیون تومان در نظر گرفته شده است. در غیر این صورت، این امتیاز به‌صورت خودکار باطل می‌شود. برای دریافت، مراحل ثبت را تکمیل نمایید.","spam"
"در صورتی که این پیام را دریافت کرده‌اید، حساب شما در فهرست مشتریان منتخب قرار گرفته است. برای فعال‌سازی اقدام کنید.","spam"
"یادآوری: مهلت تحویل سامانه انبار پایان هفته است. در صورت نیاز به زمان بیشتر اطلاع دهید.","ham"
"در بررسی اخیر حساب شما، اطلاعات ناقصی مشاهده شده است. در صورت تکمیل نکردن، دسترسی محدود خواهد شد.","spam"
"سلام، حق‌التدریس این ماه طبق روال تا پایان هفته واریز می‌شود.","ham"
"کاربر محترم، به مناسبت سالگرد فعالیت مجموعه، کد تخفیف اختصاصی شما فعال شده است. این کد تنها تا پایان امروز قابل استفاده است.","spam"
"سلام من کارمند بانک هستم و برای تمدید کارت شما نیاز به کد پیامک‌شده دارم.","spam"
"مشتری گرامی، طبق بررسی انجام‌شده شما واجد شرایط دریافت تسهیلات فوری هستید. برای اطلاع از مبلغ، اطلاعات خود را تکمیل کنید.","spam"
"به علت تغییرات سامانه، برخی حساب‌ها نیاز به تأیید مجدد دارند. لطفاً پیش از ۴۸ ساعت آینده تأیید کنید.","spam"
"با سلام، فرصت محدود همکاری با مجموعه ما برای شما در نظر گرفته شده است. بدون نیاز به سابقه، همین حالا اقدام کنید.","spam"
"پرداخت شما با موفقیت ثبت نشده است. برای جلوگیری از لغو سفارش، اطلاعات پرداخت را بررسی کنید.","spam"
"یک پیام جدید درباره پرونده مالی شما ثبت شده است. برای مشاهده و جلوگیری از تأخیر، وارد شوید.","spam"
"سلام، شماره شبا دریافت شد. اطلاعات جهت واریز به واحد مالی ارسال شد.","ham"
"سلام، یک تخفیف شخصی‌سازی‌شده بر اساس خریدهای قبلی شما آماده شده است. تا مهلت اعلام‌شده فرصت استفاده دارید.","spam"
"تخفی ف ویژه! برای کلی ک اعتبا ر خود اقدام کنید.","spam"
"فرصت محدود همکاری با مجموعه ما برای شما در نظر گرفته شده است. بدون نیاز به سابقه، همین حالا اقدام کنید.","spam"
"با سلام، مرسوله اداری شما به دفتر مرکزی تحویل شد. برای دریافت به واحد اداری مراجعه کنید.","ham"
"مشتری گرامی، سفارش شما به دلیل تکمیل نشدن اطلاعات گیرنده در انتظار ارسال است. آدرس و شماره تماس خود را تکمیل کنید.","spam"
"کاربر عزیز، فاکتور خرید شما آماده شده است؛ به دلیل وجود مغایرت در اطلاعات پرداخت، تأیید مجدد لازم است.","spam"
"مبلغی به عنوان هدیه ویژه به حسابتان اضافه شده است. در صورت عدم استفاده تا مهلت اعلام‌شده، اعتبار شما حذف خواهد شد. برای فعال‌سازی، مشخصات خود را تکمیل کنید.","spam"
"یک بسته خدماتی با قیمت بسیار پایین‌تر از حالت عادی برای شما فعال شده است. این پیشنهاد تنها تا ۲۴ ساعت آینده معتبر است.","spam"
"یک تخفیف شخصی‌سازی‌شده بر اساس خریدهای قبلی شما آماده شده است. تا ۱۲ ساعت آینده فرصت استفاده دارید.","spam"
"به دلیل تغییر شرایط سرویس، لازم است اطلاعات حساب خود را به‌روزرسانی کنید. عدم انجام این کار دسترسی شما را محدود می‌کند.","spam"
"نتیجه بررسی اولیه نشان می‌دهد که امکان دریافت اعتبار ویژه را دارید. برای مشاهده مبلغ، وارد شوید.","spam"
"تبریک! شما برن ده شدید و ثبت نا م به حسابتان انجام شد.","spam"
"سلام، حق‌التدریس این ماه طبق روال تا پایان هفته واریز می‌شود.","ham"
"مبلغی به عنوان هدیه ویژه به حسابتان اضافه شده است. در صورت تکمیل نکردن اطلاعات، دسترسی شما محدود می‌شود. برای تکمیل مراحل، اطلاعات موردنیاز را ارسال نمایید.","spam"
"مبلغی به عنوان بازگشت وجه برای حساب شما در نظر گرفته شده است. در صورت تکمیل نکردن اطلاعات، دسترسی شما محدود می‌شود. برای جلوگیری از مسدود شدن، هویت خود را تأیید کنید.","spam"
"برای شما یک هدیه نقدی به ارزش ۱۰ میلیون تومان در نظر گرفته شده است. لطفاً پیش از پایان هفته اقدام فرمایید. برای مشاهده جزئیات وارد حساب خود شوید.","spam"
"شما واجد شرایط دریافت اعتبار ویژه به مبلغ ۵۰۰ هزار تومان شده‌اید. لطفاً پیش از پایان هفته اقدام فرمایید. برای دریافت، مراحل ثبت را تکمیل نمایید.","spam"
"یک پیام جدید درباره پرونده مالی شما ثبت شده است. برای مشاهده و جلوگیری از تأخیر، وارد شوید.","spam"
"گزارش حضور و غیاب این ماه در سامانه قرار گرفت. در صورت مغایرت تا پایان هفته اطلاع دهید.","ham"
"همراه گرامی، مبلغی به عنوان بازگشت وجه برای حساب شما در نظر گرفته شده است. در صورت عدم استفاده تا پایان امروز، اعتبار شما حذف خواهد شد. جهت انتقال این مبلغ، اطلاعات حساب خود را به‌روزرسانی کنید.","spam"
"قیمت این محصول تنها برای دریافت‌کنندگان این ایمیل کاهش یافته است. برای خرید تا پایان هفته اقدام کنید.","spam"
"مشترک گرامی، مبلغی به عنوان هدیه ویژه به حسابتان اضافه شده است. برای جلوگیری از لغو اعتبار، تا ۱۲ ساعت آینده اقدام کنید. برای تکمیل مراحل، اطلاعات موردنیاز را ارسال نمایید.","spam"
"فاکتور الکترونیکی شما صادر شده اما برای نهایی شدن نیاز به تأیید دارد. لطفاً تا ۲۴ ساعت آینده اقدام کنید.","spam"
"گزارش حضور و غیاب این ماه در سامانه قرار گرفت. در صورت مغایرت تا پایان هفته اطلاع دهید.","ham"
"فایل صوتی جلسه امروز در پوشه مشترک قرار گرفت.","ham"
"حساب شما به دلیل یک فعالیت مشکوک در آستانه بررسی قرار گرفته است. جهت تأیید مالکیت، اطلاعات خود را ارسال کنید.","spam"
"سلام آقای شریفی، ممنون بابت ارسال گزارش. فقط بخش جمع‌بندی نیاز به تکمیل دارد.","ham"
"همراه گرامی، اعتبار خرید تا سقف دو میلیون تومان برای حساب شما فعال شده است. در غیر این صورت، این امتیاز به‌صورت خودکار باطل می‌شود. برای استفاده، مشخصات حساب را وارد کنید.","spam"
"کاربر گرامی، مبلغ یک میلیون تومان به عنوان اعتبار هدیه برای حساب شما ثبت شده است. در غیر این صورت، این امتیاز به‌صورت خودکار باطل می‌شود. برای دریافت، مراحل ثبت را تکمیل نمایید.","spam"
"مبلغ ۱۰ میلیون تومان به عنوان اعتبار هدیه برای حساب شما ثبت شده است. در غیر این صورت، این امتیاز به‌صورت خودکار باطل می‌شود. برای تکمیل مراحل، اطلاعات موردنیاز را ارسال نمایید.","spam"
"سلام، فاکتور مربوط به خرید هفته گذشته را دریافت کردم. وضعیت ارسال سفارش را اطلاع می‌دهید؟","ham"
"همراه گرامی، یک اعتبار خرید بلااستفاده به مبلغ مبلغ قابل توجهی در حساب شما باقی مانده است. برای مشاهده جزئیات وارد حساب خود شوید.","spam"
"برای شما یک هدیه نقدی به ارزش ۵۰۰ هزار تومان در نظر گرفته شده است. لطفاً پیش از پایان هفته اقدام فرمایید.","spam"
"امروز آخرین فرصت استفاده از قیمت ویژه دوره آموزشی ماست. پس از پایان مهلت، ثبت‌نام با قیمت اصلی انجام می‌شود.","spam"
"همراه گرامی، نتیجه بررسی اولیه نشان می‌دهد که امکان دریافت اعتبار ویژه را دارید. برای مشاهده مبلغ، وارد شوید.","spam"
"مبلغی به عنوان بازگشت وجه برای حساب شما در نظر گرفته شده است. برای جلوگیری از لغو اعتبار، تا ۱۲ ساعت آینده اقدام کنید. برای فعال‌سازی، مشخصات خود را تکمیل کنید.","spam"
"پیرو جلسه، پیش‌فاکتور سامانه انبار ارسال شد. منتظر تأیید شما برای شروع هستیم.","ham"
"فوری: حساب شما در خطر است. کد امنیتی پیامک‌شده را هرچه سریع‌تر برای من بفرستید.","spam"
"مبلغ ۱۰ میلیون تومان به عنوان اعتبار هدیه برای حساب شما ثبت شده است. در صورت تکمیل نکردن اطلاعات، دسترسی شما محدود می‌شود. برای تکمیل مراحل، اطلاعات موردنیاز را ارسال نمایید.","spam"
"کاربر عزیز، مبلغی به عنوان بازگشت وجه برای حساب شما در نظر گرفته شده است. در صورت تکمیل نکردن اطلاعات، دسترسی شما محدود می‌شود. برای استفاده، مشخصات حساب را وارد کنید.","spam"
"پیرو جلسه، پیش‌فاکتور پروژه الف ارسال شد. منتظر تأیید شما برای شروع هستیم.","ham"
"گزارش حضور و غیاب این ماه در سامانه قرار گرفت. در صورت مغایرت تا پایان هفته اطلاع دهید.","ham"
"امروز آخرین فرصت استفاده از قیمت ویژه دوره آموزشی ماست. پس از پایان مهلت، ثبت‌نام با قیمت اصلی انجام می‌شود.","spam"
"سلام، درخواست عضویت شما در طرح ویژه ثبت شده اما هنوز تأیید نهایی نشده است. برای تکمیل، اطلاعات خود را ارسال کنید.","spam"
"جلسه داخلی هماهنگی سامانه انبار فردا ساعت ۱۴ برگزار می‌شود. حضور همکاران الزامی است.","ham"
"کاربر محترم، مبلغ قابل توجهی به عنوان پاداش وفاداری برای شما محاسبه شده است. در صورت عدم استفاده تا پایان امروز، اعتبار شما حذف خواهد شد. برای جلوگیری از مسدود شدن، هویت خود را تأیید کنید.","spam"
"تبریک! شما تخفی ف شدید و اعتبا ر به حسابتان انجام شد.","spam"
"برخی اطلاعات حساب شما با سوابق ثبت‌شده مطابقت ندارد. برای جلوگیری از مسدود شدن، اقدام فرمایید.","spam"
"سلام، گزارش جلسه امروز را برایتان ارسال کردم. اگر موردی نیاز به اصلاح دارد، لطفاً اطلاع دهید.","ham"
"حساب شما به دلیل یک فعالیت مشکوک در آستانه بررسی قرار گرفته است. جهت تأیید مالکیت، اطلاعات خود را ارسال کنید.","spam"
"امروز آخرین فرصت استفاده از قیمت ویژه دوره آموزشی ماست. پس از پایان مهلت، ثبت‌نام با قیمت اصلی انجام می‌شود.","spam"
"شما واجد شرایط دریافت اعتبار ویژه به مبلغ یک میلیون تومان شده‌اید. برای دریافت، مراحل ثبت را تکمیل نمایید.","spam"
"سفارش شما به دلیل تکمیل نشدن اطلاعات گیرنده در انتظار ارسال است. آدرس و شماره تماس خود را تکمیل کنید.","spam"
"پیرو جلسه، پیش‌فاکتور پروژه وب‌سایت ارسال شد. منتظر تأیید شما برای شروع هستیم.","ham"
"همراه گرامی، مبلغ قابل توجهی به عنوان پاداش وفاداری برای شما محاسبه شده است. عدم انجام این کار ممکن است منجر به محدود شدن حساب شود. برای استفاده، مشخصات حساب را وارد کنید.","spam"
"کاربر محترم، اعتبار خرید تا سقف ۵ میلیون تومان برای حساب شما فعال شده است. در غیر این صورت، این امتیاز به‌صورت خودکار باطل می‌شود. برای جلوگیری از مسدود شدن، هویت خود را تأیید کنید.","spam"
"کاربر عزیز، فقط برای گروه محدودی از مشتریان، امکان خرید اقساطی با شرایط ویژه فراهم شده است. برای رزرو اقدام کنید.","spam"
"سلام، طبق هماهنگی قبلی فایل مربوط به پروژه را پیوست کردم. اگر نسخه دیگری نیاز است بفرمایید.","ham"
"با سرمایه‌ای اندک می‌توانید وارد بازار جدید شوید و از سود ماهانه بهره‌مند شوید. ظرفیت ثبت‌نام محدود است.","spam"
"سلام، شماره شبا دریافت شد. اطلاعات جهت واریز به واحد مالی ارسال شد.","ham"
"مشتری عزیز، شما واجد شرایط دریافت اعتبار ویژه به مبلغ ۱۰ میلیون تومان شده‌اید. برای جلوگیری از لغو، مراحل را تا مهلت اعلام‌شده تکمیل نمایید. برای استفاده، مشخصات حساب را وارد کنید.","spam"
"مشترک گرامی، یک اعتبار خرید بلااستفاده به مبلغ ۵۰۰ هزار تومان در حساب شما باقی مانده است. در صورت تکمیل نکردن اطلاعات، دسترسی شما محدود می‌شود. برای استفاده، مشخصات حساب را وارد کنید.","spam"
"سلام، برای شما یک هدیه نقدی به ارزش ۵۰۰ هزار تومان در نظر گرفته شده است. برای جلوگیری از لغو اعتبار، تا ۲۴ ساعت آینده اقدام کنید. برای جلوگیری از مسدود شدن، هویت خود را تأیید کنید.","spam"
"با سلام، مبلغ ۵۰ میلیون ریال به عنوان اعتبار هدیه برای حساب شما ثبت شده است. لطفاً پیش از ۱۲ ساعت آینده اقدام فرمایید. برای مشاهده جزئیات وارد حساب خود شوید.","spam"
"مبلغی به عنوان هدیه ویژه به حسابتان اضافه شده است. برای جلوگیری از لغو، مراحل را تا مهلت اعلام‌شده تکمیل نمایید. برای فعال‌سازی، مشخصات خود را تکمیل کنید.","spam"
"مشتری گرامی برای شما یک هدیه نقدی به ارزش دو میلیون تومان در نظر گرفته شده است. برای تکمیل مراحل، اطلاعات موردنیاز را ارسال نمایید.","spam"
"برای شما یک هدیه نقدی به ارزش ۱۰۰ میلیون ریال در نظر گرفته شده است. برای جلوگیری از لغو اعتبار، تا ۱۲ ساعت آینده اقدام کنید. برای استفاده، مشخصات حساب را وارد کنید.","spam"
"مبلغی به عنوان بازگشت وجه برای حساب شما در نظر گرفته شده است. برای تکمیل مراحل، اطلاعات موردنیاز را ارسال نمایید.","spam"
"همکار گرامی، کارگاه آموزشی داخلی پنجشنبه ساعت ۹ صبح برگزار می‌شود. ثبت‌نام از واحد آموزش.","ham"
"همکار گرامی، کارگاه آموزشی داخلی پنجشنبه ساعت ۱۴ برگزار می‌شود. ثبت‌نام از واحد آموزش.","ham"
"تبریک! شما اعتبا ر شدید و واری ز به حسابتان انجام شد.","spam"
"صورت‌جلسه پروژه الف پیوست شده است. لطفاً امضا و برگردانید.","ham"
"مبلغی به عنوان بازگشت وجه برای حساب شما در نظر گرفته شده است. برای جلوگیری از مسدود شدن، هویت خود را تأیید کنید.","spam"
"نتیجه بررسی اولیه نشان می‌دهد که امکان دریافت اعتبار ویژه را دارید. برای مشاهده مبلغ، وارد شوید.","spam"
"سلام، وام اولیه شما به مبلغ ۵ میلیون تومان تصویب شده و در انتظار تکمیل مراحل است. برای جلوگیری از لغو اعتبار، تا مهلت اعلام‌شده اقدام کنید. برای جلوگیری از مسدود شدن، هویت خود را تأیید کنید.","spam"
"وام اولیه شما به مبلغ مبلغ قابل توجهی تصویب شده و در انتظار تکمیل مراحل است. برای فعال‌سازی، مشخصات خود را تکمیل کنید.","spam"
