"text","label"
"آرش تولدش چهارشنبه هست، کادو چی بگیریم؟","ham"
"آرش جان، الو؟","ham"
"آرش جان، باشه باشه","ham"
"آره حتماً","ham"
"آره حتماً 👌","ham"
"آره حتماً، قربون لطفتم","ham"
"آسانسور برای سرویس دوره‌ای جمعه از ساعت ۱۰ تا ۱۲ خاموش خواهد بود.","ham"
"آسانسور برای سرویس دوره‌ای سه‌شنبه از ساعت ۱۰ تا ۱۲ خاموش خواهد بود.","ham"
"آسانسور برای سرویس دوره‌ای شنبه از ساعت ۱۰ تا ۱۲ خاموش خواهد بود.","ham"
"آسانسور برای سرویس دوره‌ای پنجشنبه از ساعت ۱۰ تا ۱۲ خاموش خواهد بود.","ham"
"آسانسور برای سرویس دوره‌ای چهارشنبه از ساعت ۱۰ تا ۱۲ خاموش خواهد بود.","ham"
"آفرین بهت","ham"
"آفرین بهت 🌸","ham"
"آفرین بهت، مراقب خودت باش","ham"
"اشتراک شما تمدید شد و تا 1/9 معتبر است. از همراهی شما سپاسگزاریم.","ham"
"اشتراک شما تمدید شد و تا 10/10 معتبر است. از همراهی شما سپاسگزاریم.","ham"
"اشتراک شما تمدید شد و تا 10/8 معتبر است. از همراهی شما سپاسگزاریم.","ham"
"اشتراک شما تمدید شد و تا 11/9 معتبر است. از همراهی شما سپاسگزاریم.","ham"
"اشتراک شما تمدید شد و تا 22/8 معتبر است. از همراهی شما سپاسگزاریم.","ham"
"اشتراک شما تمدید شد و تا 22/9 معتبر است. از همراهی شما سپاسگزاریم.","ham"
"اشتراک شما تمدید شد و تا 23/8 معتبر است. از همراهی شما سپاسگزاریم.","ham"
"اشتراک شما تمدید شد و تا 24/9 معتبر است. از همراهی شما سپاسگزاریم.","ham"
"اشتراک شما تمدید شد و تا 25/8 معتبر است. از همراهی شما سپاسگزاریم.","ham"
"اشتراک شما تمدید شد و تا 27/10 معتبر است. از همراهی شما سپاسگزاریم.","ham"
"اشتراک شما تمدید شد و تا 28/12 معتبر است. از همراهی شما سپاسگزاریم.","ham"
"اشتراک شما تمدید شد و تا 28/8 معتبر است. از همراهی شما سپاسگزاریم.","ham"
"اشتراک شما تمدید شد و تا 7/11 معتبر است. از همراهی شما سپاسگزاریم.","ham"
"الو؟","ham"
"الو؟ 💚","ham"
"الو؟، خبرم کن","ham"
"امتحان درس آمار کاربردی به جمعه موکول شد. ساعت و مکان بدون تغییر است.","ham"
"امتحان درس آمار کاربردی به سه‌شنبه موکول شد. ساعت و مکان بدون تغییر است.","ham"
"امتحان درس آمار کاربردی به چهارشنبه موکول شد. ساعت و مکان بدون تغییر است.","ham"
"امتحان درس ترمودینامیک به سه‌شنبه موکول شد. ساعت و مکان بدون تغییر است.","ham"
"امتحان درس حسابداری ۲ به یکشنبه موکول شد. ساعت و مکان بدون تغییر است.","ham"
"امتحان درس روانشناسی عمومی به سه‌شنبه موکول شد. ساعت و مکان بدون تغییر است.","ham"
"امتحان درس روانشناسی عمومی به شنبه موکول شد. ساعت و مکان بدون تغییر است.","ham"
"امتحان درس روانشناسی عمومی به پنجشنبه موکول شد. ساعت و مکان بدون تغییر است.","ham"
"امتحان درس ریاضی مهندسی به جمعه موکول شد. ساعت و مکان بدون تغییر است.","ham"
"امتحان درس زبان تخصصی به دوشنبه موکول شد. ساعت و مکان بدون تغییر است.","ham"
"امتحان درس زبان تخصصی به پنجشنبه موکول شد. ساعت و مکان بدون تغییر است.","ham"
"امتحان درس مدار الکتریکی به جمعه موکول شد. ساعت و مکان بدون تغییر است.","ham"
"امتحان درس مدار الکتریکی به دوشنبه موکول شد. ساعت و مکان بدون تغییر است.","ham"
"امتحان درس مدار الکتریکی به چهارشنبه موکول شد. ساعت و مکان بدون تغییر است.","ham"
"امتحان درس مدار الکتریکی به یکشنبه موکول شد. ساعت و مکان بدون تغییر است.","ham"
"امتحان درس مدار منطقی به شنبه موکول شد. ساعت و مکان بدون تغییر است.","ham"
"امشب تلویزیون چی هست؟","ham"
"امیر جان، بزن بریم","ham"
"امیر جان، خبر جدیدی نیست","ham"
"انتخاب واحد نیم‌سال جدید از جمعه آغاز می‌شود. مهلت حذف و اضافه: یک هفته.","ham"
"انتخاب واحد نیم‌سال جدید از دوشنبه آغاز می‌شود. مهلت حذف و اضافه: یک هفته.","ham"
"انتخاب واحد نیم‌سال جدید از سه‌شنبه آغاز می‌شود. مهلت حذف و اضافه: یک هفته.","ham"
"انتخاب واحد نیم‌سال جدید از شنبه آغاز می‌شود. مهلت حذف و اضافه: یک هفته.","ham"
"انتخاب واحد نیم‌سال جدید از پنجشنبه آغاز می‌شود. مهلت حذف و اضافه: یک هفته.","ham"
"انتخاب واحد نیم‌سال جدید از چهارشنبه آغاز می‌شود. مهلت حذف و اضافه: یک هفته.","ham"
"انتخاب واحد نیم‌سال جدید از یکشنبه آغاز می‌شود. مهلت حذف و اضافه: یک هفته.","ham"
"انتقال کارت به کارت به مبلغ ۱,۲۰۰,۰۰۰ ریال انجام شد. کارمزد: ۱,۰۰۰ ریال.","ham"
"انتقال کارت به کارت به مبلغ ۱,۲۰۰,۰۰۰ ریال انجام شد. کارمزد: ۷۲۰ ریال.","ham"
"انتقال کارت به کارت به مبلغ ۱۲,۵۰۰,۰۰۰ ریال انجام شد. کارمزد: ۲,۵۰۰ ریال.","ham"
"انتقال کارت به کارت به مبلغ ۱۲,۵۰۰,۰۰۰ ریال انجام شد. کارمزد: ۷۲۰ ریال.","ham"
"انتقال کارت به کارت به مبلغ ۲,۳۰۰,۰۰۰ ریال انجام شد. کارمزد: ۱,۰۰۰ ریال.","ham"
"انتقال کارت به کارت به مبلغ ۲,۳۰۰,۰۰۰ ریال انجام شد. کارمزد: ۲,۵۰۰ ریال.","ham"
"انتقال کارت به کارت به مبلغ ۲,۳۰۰,۰۰۰ ریال انجام شد. کارمزد: ۷۲۰ ریال.","ham"
"انتقال کارت به کارت به مبلغ ۳۵۰,۰۰۰ ریال انجام شد. کارمزد: ۲,۵۰۰ ریال.","ham"
"انتقال کارت به کارت به مبلغ ۳۵۰,۰۰۰ ریال انجام شد. کارمزد: ۷۲۰ ریال.","ham"
"انتقال کارت به کارت به مبلغ ۵,۶۰۰,۰۰۰ ریال انجام شد. کارمزد: ۱,۰۰۰ ریال.","ham"
"انتقال کارت به کارت به مبلغ ۵,۶۰۰,۰۰۰ ریال انجام شد. کارمزد: ۷۲۰ ریال.","ham"
"انتقال کارت به کارت به مبلغ ۵۰۰,۰۰۰ ریال انجام شد. کارمزد: ۱,۰۰۰ ریال.","ham"
"انتقال کارت به کارت به مبلغ ۸۰۰,۰۰۰ ریال انجام شد. کارمزد: ۷۲۰ ریال.","ham"
"اولیای گرامی، فرزند شما جمعه در مدرسه غایب بود. لطفا هماهنگی فرمایید.","ham"
"اولیای گرامی، فرزند شما دوشنبه در مدرسه غایب بود. لطفا هماهنگی فرمایید.","ham"
"اولیای گرامی، فرزند شما سه‌شنبه در مدرسه غایب بود. لطفا هماهنگی فرمایید.","ham"
"اولیای گرامی، فرزند شما شنبه در مدرسه غایب بود. لطفا هماهنگی فرمایید.","ham"
"اولیای گرامی، فرزند شما پنجشنبه در مدرسه غایب بود. لطفا هماهنگی فرمایید.","ham"
"اولیای گرامی، فرزند شما چهارشنبه در مدرسه غایب بود. لطفا هماهنگی فرمایید.","ham"
"اولیای گرامی، فرزند شما یکشنبه در مدرسه غایب بود. لطفا هماهنگی فرمایید.","ham"
"اون کتابی که گفته بودی رو پیدا کردم، بیارم برات؟","ham"
"اوکیه","ham"
"اوکیه ☀️","ham"
"اوکیه، فردا می‌بینمت","ham"
"این جزوه مال جلسه قبله، برات عکس گرفتم.","ham"
"ایول","ham"
"ایول 👍","ham"
"ایول، قربون لطفتم","ham"
"با تشکر از حضور شما در جلسه اپلیکیشن مشتریان، خلاصه مصوبات پیوست شده است.","ham"
"با تشکر از حضور شما در جلسه داشبورد فروش، خلاصه مصوبات پیوست شده است.","ham"
"با تشکر از حضور شما در جلسه داکیومنت فنی، خلاصه مصوبات پیوست شده است.","ham"
"با تشکر از حضور شما در جلسه سامانه انبار، خلاصه مصوبات پیوست شده است.","ham"
"با تشکر از حضور شما در جلسه سامانه تیکت، خلاصه مصوبات پیوست شده است.","ham"
"با تشکر از حضور شما در جلسه سامانه حضور و غیاب، خلاصه مصوبات پیوست شده است.","ham"
"با تشکر از حضور شما در جلسه پروژه آرشیو، خلاصه مصوبات پیوست شده است.","ham"
"با تشکر از حضور شما در جلسه پروژه الف، خلاصه مصوبات پیوست شده است.","ham"
"با تشکر از حضور شما در جلسه پروژه رها، خلاصه مصوبات پیوست شده است.","ham"
"با تشکر از حضور شما در جلسه پروژه وب‌سایت، خلاصه مصوبات پیوست شده است.","ham"
"با تشکر از حضور شما در جلسه کمپین نوروزی، خلاصه مصوبات پیوست شده است.","ham"
"با تشکر از حضور شما در جلسه گزارش ماهانه، خلاصه مصوبات پیوست شده است.","ham"
"با سلام، درخواست خرید مربوط به داشبورد فروش تایید شد. خرید تا پایان هفته انجام می‌شود.","ham"
"با سلام، درخواست خرید مربوط به داکیومنت فنی تایید شد. خرید تا پایان هفته انجام می‌شود.","ham"
"با سلام، درخواست خرید مربوط به سامانه انبار تایید شد. خرید تا پایان هفته انجام می‌شود.","ham"
"با سلام، درخواست خرید مربوط به سامانه تیکت تایید شد. خرید تا پایان هفته انجام می‌شود.","ham"
"با سلام، درخواست خرید مربوط به سامانه حضور و غیاب تایید شد. خرید تا پایان هفته انجام می‌شود.","ham"
"با سلام، درخواست خرید مربوط به پروژه آرشیو تایید شد. خرید تا پایان هفته انجام می‌شود.","ham"
"با سلام، درخواست خرید مربوط به پروژه الف تایید شد. خرید تا پایان هفته انجام می‌شود.","ham"
"با سلام، درخواست خرید مربوط به پروژه رها تایید شد. خرید تا پایان هفته انجام می‌شود.","ham"
"با سلام، درخواست خرید مربوط به پروژه وب‌سایت تایید شد. خرید تا پایان هفته انجام می‌شود.","ham"
"با سلام، درخواست خرید مربوط به کمپین نوروزی تایید شد. خرید تا پایان هفته انجام می‌شود.","ham"
"با سلام، فاکتور مربوط به خرید جمعه را دریافت کردم. وضعیت ارسال سفارش را اطلاع می‌دهید؟","ham"
"با سلام، فاکتور مربوط به خرید دوشنبه را دریافت کردم. وضعیت ارسال سفارش را اطلاع می‌دهید؟","ham"
"با سلام، فاکتور مربوط به خرید سه‌شنبه را دریافت کردم. وضعیت ارسال سفارش را اطلاع می‌دهید؟","ham"
"با سلام، فاکتور مربوط به خرید پنجشنبه را دریافت کردم. وضعیت ارسال سفارش را اطلاع می‌دهید؟","ham"
"با سلام، فاکتور مربوط به خرید یکشنبه را دریافت کردم. وضعیت ارسال سفارش را اطلاع می‌دهید؟","ham"
"با سلام، مدارک مربوط به اپلیکیشن مشتریان آماده شده است و در ادامه ایمیل برایتان ارسال می‌کنم.","ham"
"با سلام، مدارک مربوط به داشبورد فروش آماده شده است و در ادامه ایمیل برایتان ارسال می‌کنم.","ham"
"با سلام، مدارک مربوط به داکیومنت فنی آماده شده است و در ادامه ایمیل برایتان ارسال می‌کنم.","ham"
"با سلام، مدارک مربوط به سامانه انبار آماده شده است و در ادامه ایمیل برایتان ارسال می‌کنم.","ham"
"با سلام، مدارک مربوط به سامانه تیکت آماده شده است و در ادامه ایمیل برایتان ارسال می‌کنم.","ham"
"با سلام، مدارک مربوط به سامانه حضور و غیاب آماده شده است و در ادامه ایمیل برایتان ارسال می‌کنم.","ham"
"با سلام، مدارک مربوط به پروژه الف آماده شده است و در ادامه ایمیل برایتان ارسال می‌کنم.","ham"
"با سلام، مدارک مربوط به پروژه رها آماده شده است و در ادامه ایمیل برایتان ارسال می‌کنم.","ham"
"با سلام، مدارک مربوط به پروژه وب‌سایت آماده شده است و در ادامه ایمیل برایتان ارسال می‌کنم.","ham"
"با سلام، مدارک مربوط به کمپین نوروزی آماده شده است و در ادامه ایمیل برایتان ارسال می‌کنم.","ham"
"باشه باشه","ham"
"باشه باشه ☀️","ham"
"باشه باشه، قربون لطفتم","ham"
"ببخشید دیر شد","ham"
"ببخشید دیر شد 🙏","ham"
"ببخشید دیر شد، مراقب خودت باش","ham"
"برنامه سینمای هفته: فیلم جدید از جمعه اکران می‌شود.","ham"
"برنامه سینمای هفته: فیلم جدید از دوشنبه اکران می‌شود.","ham"
"برنامه سینمای هفته: فیلم جدید از سه‌شنبه اکران می‌شود.","ham"
"برنامه سینمای هفته: فیلم جدید از شنبه اکران می‌شود.","ham"
"برنامه سینمای هفته: فیلم جدید از پنجشنبه اکران می‌شود.","ham"
"برنامه سینمای هفته: فیلم جدید از چهارشنبه اکران می‌شود.","ham"
"بریم کافه؟","ham"
"بریم کافه؟ 😂","ham"
"بریم کافه؟، خبرم کن","ham"
"بزن بریم","ham"
"بزن بریم 😊","ham"
"بزن بریم، مراقب خودت باش","ham"
"بسته شما 1/12 بین ساعت ۱۶ تا ۲۰ تحویل می‌شود.","ham"
"بسته شما 1/12 بین ساعت ۹ تا ۲۰ تحویل می‌شود.","ham"
"بسته شما 1/9 بین ساعت ۹ تا ۱۸ تحویل می‌شود.","ham"
"بسته شما 10/8 بین ساعت ۱۴ تا ۲۰ تحویل می‌شود.","ham"
"بسته شما 10/8 بین ساعت ۱۶ تا ۱۸ تحویل می‌شود.","ham"
"بسته شما 10/8 بین ساعت ۹ تا ۱۲ تحویل می‌شود.","ham"
"بسته شما 10/9 بین ساعت ۱۴ تا ۱۲ تحویل می‌شود.","ham"
"بسته شما 11/7 بین ساعت ۹ تا ۱۲ تحویل می‌شود.","ham"
"بسته شما 18/7 بین ساعت ۹ تا ۱۲ تحویل می‌شود.","ham"
"بسته شما 21/12 بین ساعت ۹ تا ۲۰ تحویل می‌شود.","ham"
"بسته شما 23/8 بین ساعت ۱۶ تا ۱۸ تحویل می‌شود.","ham"
"بسته شما 26/9 بین ساعت ۱۶ تا ۱۸ تحویل می‌شود.","ham"
"بسته شما 4/7 بین ساعت ۱۴ تا ۱۲ تحویل می‌شود.","ham"
"بسته شما 5/8 بین ساعت ۱۴ تا ۱۲ تحویل می‌شود.","ham"
"بسته شما 7/11 بین ساعت ۱۶ تا ۱۸ تحویل می‌شود.","ham"
"بلیت شما برای سانس ۱۰ رزرو شد. صندلی: ردیف باغ بهار.","ham"
"بلیت شما برای سانس ۱۲ رزرو شد. صندلی: ردیف رستوران شب.","ham"
"بلیت شما برای سانس ۱۴ رزرو شد. صندلی: ردیف نارنج.","ham"
"بلیت شما برای سانس ۱۵ رزرو شد. صندلی: ردیف دیزی‌سرا.","ham"
"بلیت شما برای سانس ۱۵ رزرو شد. صندلی: ردیف نارنج.","ham"
"بلیت شما برای سانس ۱۵ رزرو شد. صندلی: ردیف کباب سرا.","ham"
"بلیت شما برای سانس ۱۶:۴۵ رزرو شد. صندلی: ردیف پیتزا هات.","ham"
"بلیت شما برای سانس ۲۰ رزرو شد. صندلی: ردیف پیتزا هات.","ham"
"بلیت شما برای سانس ۸ رزرو شد. صندلی: ردیف رستوران شب.","ham"
"بلیت‌ها رو گرفتم، ردیف 12.","ham"
"بلیت‌ها رو گرفتم، ردیف 4.","ham"
"بلیت‌ها رو گرفتم، ردیف 7.","ham"
"بلیت‌ها رو گرفتم، ردیف 9.","ham"
"بهنام جان، کجایی؟","ham"
"بچه‌ها برای کوه جمعه هماهنگن، تو هم بیا.","ham"
"بچه‌ها برای کوه دوشنبه هماهنگن، تو هم بیا.","ham"
"بچه‌ها برای کوه سه‌شنبه هماهنگن، تو هم بیا.","ham"
"بچه‌ها برای کوه شنبه هماهنگن، تو هم بیا.","ham"
"بچه‌ها برای کوه پنجشنبه هماهنگن، تو هم بیا.","ham"
"بچه‌ها برای کوه چهارشنبه هماهنگن، تو هم بیا.","ham"
"بچه‌ها برای کوه یکشنبه هماهنگن، تو هم بیا.","ham"
"بچه‌ها جمعه پارک، پایه‌اید؟","ham"
"بچه‌ها دوشنبه پارک، پایه‌اید؟","ham"
"بچه‌ها سه‌شنبه پارک، پایه‌اید؟","ham"
"بچه‌ها شنبه پارک، پایه‌اید؟","ham"
"بچه‌ها پنجشنبه پارک، پایه‌اید؟","ham"
"بچه‌ها چهارشنبه پارک، پایه‌اید؟","ham"
"بچه‌ها یکشنبه پارک، پایه‌اید؟","ham"
"بیمه تکمیلی از ابتدای ماه آینده فعال می‌شود. جزئیات در پورتال کارکنان است.","ham"
"تعرفه مکالمه شما طبق بسته «دانشجویی» محاسبه می‌شود.","ham"
"تعرفه مکالمه شما طبق بسته «نامحدود شبانه» محاسبه می‌شود.","ham"
"تعرفه مکالمه شما طبق بسته «ویژه» محاسبه می‌شود.","ham"
"تعرفه مکالمه شما طبق بسته «پایه» محاسبه می‌شود.","ham"
"تیکت شماره 1030728 شما پاسخ داده شد. برای مشاهده به پنل پشتیبانی مراجعه کنید.","ham"
"تیکت شماره 1321124 شما پاسخ داده شد. برای مشاهده به پنل پشتیبانی مراجعه کنید.","ham"
"تیکت شماره 2702228 شما پاسخ داده شد. برای مشاهده به پنل پشتیبانی مراجعه کنید.","ham"
"تیکت شماره 3257638 شما پاسخ داده شد. برای مشاهده به پنل پشتیبانی مراجعه کنید.","ham"
"تیکت شماره 3302467 شما پاسخ داده شد. برای مشاهده به پنل پشتیبانی مراجعه کنید.","ham"
"تیکت شماره 4517335 شما پاسخ داده شد. برای مشاهده به پنل پشتیبانی مراجعه کنید.","ham"
"تیکت شماره 4575717 شما پاسخ داده شد. برای مشاهده به پنل پشتیبانی مراجعه کنید.","ham"
"تیکت شماره 489850 شما پاسخ داده شد. برای مشاهده به پنل پشتیبانی مراجعه کنید.","ham"
"تیکت شماره 5040761 شما پاسخ داده شد. برای مشاهده به پنل پشتیبانی مراجعه کنید.","ham"
"تیکت شماره 5332948 شما پاسخ داده شد. برای مشاهده به پنل پشتیبانی مراجعه کنید.","ham"
"تیکت شماره 6202891 شما پاسخ داده شد. برای مشاهده به پنل پشتیبانی مراجعه کنید.","ham"
"تیکت شماره 654894 شما پاسخ داده شد. برای مشاهده به پنل پشتیبانی مراجعه کنید.","ham"
"تیکت شماره 6634417 شما پاسخ داده شد. برای مشاهده به پنل پشتیبانی مراجعه کنید.","ham"
"تیکت شماره 6661394 شما پاسخ داده شد. برای مشاهده به پنل پشتیبانی مراجعه کنید.","ham"
"تیکت شماره 7039635 شما پاسخ داده شد. برای مشاهده به پنل پشتیبانی مراجعه کنید.","ham"
"تیکت شماره 7239889 شما پاسخ داده شد. برای مشاهده به پنل پشتیبانی مراجعه کنید.","ham"
"تیکت شماره 785801 شما پاسخ داده شد. برای مشاهده به پنل پشتیبانی مراجعه کنید.","ham"
"تیکت شماره 9157752 شما پاسخ داده شد. برای مشاهده به پنل پشتیبانی مراجعه کنید.","ham"
"ثبت‌نام وام دانشجویی تا جمعه در سامانه رفاهی امکان‌پذیر است.","ham"
"ثبت‌نام وام دانشجویی تا دوشنبه در سامانه رفاهی امکان‌پذیر است.","ham"
"ثبت‌نام وام دانشجویی تا سه‌شنبه در سامانه رفاهی امکان‌پذیر است.","ham"
"ثبت‌نام وام دانشجویی تا شنبه در سامانه رفاهی امکان‌پذیر است.","ham"
"ثبت‌نام وام دانشجویی تا پنجشنبه در سامانه رفاهی امکان‌پذیر است.","ham"
"ثبت‌نام وام دانشجویی تا چهارشنبه در سامانه رفاهی امکان‌پذیر است.","ham"
"ثبت‌نام وام دانشجویی تا یکشنبه در سامانه رفاهی امکان‌پذیر است.","ham"
"جزوه جلسه جمعه درس آمار کاربردی در کانال درس بارگذاری شد.","ham"
"جزوه جلسه جمعه درس برنامه‌نویسی پیشرفته در کانال درس بارگذاری شد.","ham"
"جزوه جلسه جمعه درس حسابداری ۲ در کانال درس بارگذاری شد.","ham"
"جزوه جلسه جمعه درس مدار الکتریکی در کانال درس بارگذاری شد.","ham"
"جزوه جلسه جمعه درس مکانیک سیالات در کانال درس بارگذاری شد.","ham"
"جزوه جلسه دوشنبه درس ترمودینامیک در کانال درس بارگذاری شد.","ham"
"جزوه جلسه دوشنبه درس حسابداری ۲ در کانال درس بارگذاری شد.","ham"
"جزوه جلسه دوشنبه درس زبان تخصصی در کانال درس بارگذاری شد.","ham"
"جزوه جلسه سه‌شنبه درس آمار کاربردی در کانال درس بارگذاری شد.","ham"
"جزوه جلسه سه‌شنبه درس برنامه‌نویسی پیشرفته در کانال درس بارگذاری شد.","ham"
"جزوه جلسه سه‌شنبه درس ریاضی مهندسی در کانال درس بارگذاری شد.","ham"
"جزوه جلسه شنبه درس برنامه‌نویسی پیشرفته در کانال درس بارگذاری شد.","ham"
"جزوه جلسه شنبه درس حقوق اساسی در کانال درس بارگذاری شد.","ham"
"جزوه جلسه شنبه درس روانشناسی عمومی در کانال درس بارگذاری شد.","ham"
"جزوه جلسه شنبه درس ریاضی مهندسی در کانال درس بارگذاری شد.","ham"
"جزوه جلسه پنجشنبه درس آمار کاربردی در کانال درس بارگذاری شد.","ham"
"جزوه جلسه پنجشنبه درس ریاضی مهندسی در کانال درس بارگذاری شد.","ham"
"جزوه جلسه پنجشنبه درس زبان تخصصی در کانال درس بارگذاری شد.","ham"
"جزوه جلسه پنجشنبه درس ساختمان داده در کانال درس بارگذاری شد.","ham"
"جزوه جلسه پنجشنبه درس مدار منطقی در کانال درس بارگذاری شد.","ham"
"جزوه جلسه چهارشنبه درس حسابداری ۲ در کانال درس بارگذاری شد.","ham"
"جزوه جلسه چهارشنبه درس زبان تخصصی در کانال درس بارگذاری شد.","ham"
"جزوه جلسه چهارشنبه درس مدار منطقی در کانال درس بارگذاری شد.","ham"
"جزوه جلسه یکشنبه درس ساختمان داده در کانال درس بارگذاری شد.","ham"
"جزوه جلسه یکشنبه درس مکانیک سیالات در کانال درس بارگذاری شد.","ham"
"جلسه اولیا و مربیان جمعه ساعت ۱۱ در مدرسه برگزار می‌شود.","ham"
"جلسه اولیا و مربیان دوشنبه ساعت ۱۰ در مدرسه برگزار می‌شود.","ham"
"جلسه اولیا و مربیان دوشنبه ساعت ۲۰ در مدرسه برگزار می‌شود.","ham"
"جلسه اولیا و مربیان دوشنبه ساعت ۸ در مدرسه برگزار می‌شود.","ham"
"جلسه اولیا و مربیان سه‌شنبه ساعت ۱۰ در مدرسه برگزار می‌شود.","ham"
"جلسه اولیا و مربیان شنبه ساعت ۱۲ در مدرسه برگزار می‌شود.","ham"
"جلسه اولیا و مربیان پنجشنبه ساعت ۱۰ در مدرسه برگزار می‌شود.","ham"
"جلسه اولیا و مربیان پنجشنبه ساعت ۱۲ در مدرسه برگزار می‌شود.","ham"
"جلسه اولیا و مربیان پنجشنبه ساعت ۱۴ در مدرسه برگزار می‌شود.","ham"
"جلسه اولیا و مربیان پنجشنبه ساعت ۱۹ در مدرسه برگزار می‌شود.","ham"
"جلسه اولیا و مربیان پنجشنبه ساعت ۲۰ در مدرسه برگزار می‌شود.","ham"
"جلسه اولیا و مربیان پنجشنبه ساعت ۸ در مدرسه برگزار می‌شود.","ham"
"جلسه اولیا و مربیان یکشنبه ساعت ۱۰ در مدرسه برگزار می‌شود.","ham"
"جلسه اولیا و مربیان یکشنبه ساعت ۱۶ در مدرسه برگزار می‌شود.","ham"
"جلسه با مشتری اپلیکیشن مشتریان به هفته آینده موکول شد. برنامه جدید را متعاقباً ارسال می‌کنم.","ham"
"جلسه با مشتری داشبورد فروش به هفته آینده موکول شد. برنامه جدید را متعاقباً ارسال می‌کنم.","ham"
"جلسه با مشتری داکیومنت فنی به هفته آینده موکول شد. برنامه جدید را متعاقباً ارسال می‌کنم.","ham"
"جلسه با مشتری سامانه حضور و غیاب به هفته آینده موکول شد. برنامه جدید را متعاقباً ارسال می‌کنم.","ham"
"جلسه با مشتری پروژه الف به هفته آینده موکول شد. برنامه جدید را متعاقباً ارسال می‌کنم.","ham"
"جلسه با مشتری پروژه رها به هفته آینده موکول شد. برنامه جدید را متعاقباً ارسال می‌کنم.","ham"
"جلسه با مشتری پروژه وب‌سایت به هفته آینده موکول شد. برنامه جدید را متعاقباً ارسال می‌کنم.","ham"
"جلسه با مشتری کمپین نوروزی به هفته آینده موکول شد. برنامه جدید را متعاقباً ارسال می‌کنم.","ham"
"جلسه با مشتری گزارش ماهانه به هفته آینده موکول شد. برنامه جدید را متعاقباً ارسال می‌کنم.","ham"
"جلسه دفاع پایان‌نامه با موضوع «داکیومنت فنی»، دوشنبه ساعت ۱۵ در سالن جلسات برگزار می‌شود.","ham"
"جلسه دفاع پایان‌نامه با موضوع «داکیومنت فنی»، سه‌شنبه ساعت ۲۰ در سالن جلسات برگزار می‌شود.","ham"
"جلسه دفاع پایان‌نامه با موضوع «سامانه انبار»، شنبه ساعت ۱۶:۴۵ در سالن جلسات برگزار می‌شود.","ham"
"جلسه دفاع پایان‌نامه با موضوع «سامانه انبار»، پنجشنبه ساعت ۱۴ در سالن جلسات برگزار می‌شود.","ham"
"جلسه دفاع پایان‌نامه با موضوع «سامانه انبار»، یکشنبه ساعت ۱۶ در سالن جلسات برگزار می‌شود.","ham"
"جلسه دفاع پایان‌نامه با موضوع «سامانه تیکت»، چهارشنبه ساعت ۱۱:۳۰ در سالن جلسات برگزار می‌شود.","ham"
"جلسه دفاع پایان‌نامه با موضوع «سامانه تیکت»، چهارشنبه ساعت ۹ در سالن جلسات برگزار می‌شود.","ham"
"جلسه دفاع پایان‌نامه با موضوع «سامانه تیکت»، یکشنبه ساعت ۱۹ در سالن جلسات برگزار می‌شود.","ham"
"جلسه دفاع پایان‌نامه با موضوع «سامانه حضور و غیاب»، یکشنبه ساعت ۲۰ در سالن جلسات برگزار می‌شود.","ham"
"جلسه دفاع پایان‌نامه با موضوع «پروژه آرشیو»، دوشنبه ساعت ۱۹ در سالن جلسات برگزار می‌شود.","ham"
"جلسه دفاع پایان‌نامه با موضوع «پروژه آرشیو»، یکشنبه ساعت ۹ در سالن جلسات برگزار می‌شود.","ham"
"جلسه دفاع پایان‌نامه با موضوع «پروژه الف»، جمعه ساعت ۹:۳۰ در سالن جلسات برگزار می‌شود.","ham"
"جلسه دفاع پایان‌نامه با موضوع «پروژه الف»، سه‌شنبه ساعت ۱۸ در سالن جلسات برگزار می‌شود.","ham"
"جلسه دفاع پایان‌نامه با موضوع «پروژه الف»، شنبه ساعت ۱۱:۳۰ در سالن جلسات برگزار می‌شود.","ham"
"جلسه دفاع پایان‌نامه با موضوع «پروژه وب‌سایت»، پنجشنبه ساعت ۲۰ در سالن جلسات برگزار می‌شود.","ham"
"جلسه دفاع پایان‌نامه با موضوع «پروژه وب‌سایت»، چهارشنبه ساعت ۱۱:۳۰ در سالن جلسات برگزار می‌شود.","ham"
"جلسه دفاع پایان‌نامه با موضوع «گزارش ماهانه»، چهارشنبه ساعت ۱۶:۴۵ در سالن جلسات برگزار می‌شود.","ham"
"جلسه هماهنگی اپلیکیشن مشتریان، پنجشنبه ساعت ۱۱ برگزار می‌شود. حضور اعضای تیم الزامی است.","ham"
"جلسه هماهنگی داشبورد فروش، سه‌شنبه ساعت ۱۹ برگزار می‌شود. حضور اعضای تیم الزامی است.","ham"
"جلسه هماهنگی داشبورد فروش، سه‌شنبه ساعت ۹ برگزار می‌شود. حضور اعضای تیم الزامی است.","ham"
"جلسه هماهنگی داشبورد فروش، شنبه ساعت ۱۶:۴۵ برگزار می‌شود. حضور اعضای تیم الزامی است.","ham"
"جلسه هماهنگی سامانه انبار، جمعه ساعت ۱۴ برگزار می‌شود. حضور اعضای تیم الزامی است.","ham"
"جلسه هماهنگی سامانه انبار، دوشنبه ساعت ۱۴ برگزار می‌شود. حضور اعضای تیم الزامی است.","ham"
"جلسه هماهنگی سامانه انبار، شنبه ساعت ۱۶ برگزار می‌شود. حضور اعضای تیم الزامی است.","ham"
"جلسه هماهنگی سامانه تیکت، سه‌شنبه ساعت ۹:۳۰ برگزار می‌شود. حضور اعضای تیم الزامی است.","ham"
"جلسه هماهنگی سامانه تیکت، پنجشنبه ساعت ۹ برگزار می‌شود. حضور اعضای تیم الزامی است.","ham"
"جلسه هماهنگی سامانه تیکت، چهارشنبه ساعت ۲۰ برگزار می‌شود. حضور اعضای تیم الزامی است.","ham"
"جلسه هماهنگی سامانه تیکت، یکشنبه ساعت ۱۰ برگزار می‌شود. حضور اعضای تیم الزامی است.","ham"
"جلسه هماهنگی سامانه حضور و غیاب، سه‌شنبه ساعت ۱۰ برگزار می‌شود. حضور اعضای تیم الزامی است.","ham"
"جلسه هماهنگی پروژه آرشیو، جمعه ساعت ۱۱:۳۰ برگزار می‌شود. حضور اعضای تیم الزامی است.","ham"
"جلسه هماهنگی پروژه آرشیو، شنبه ساعت ۱۰ برگزار می‌شود. حضور اعضای تیم الزامی است.","ham"
"جلسه هماهنگی پروژه رها، یکشنبه ساعت ۸ برگزار می‌شود. حضور اعضای تیم الزامی است.","ham"
"جلسه هماهنگی پروژه وب‌سایت، سه‌شنبه ساعت ۱۸ برگزار می‌شود. حضور اعضای تیم الزامی است.","ham"
"جلسه هماهنگی گزارش ماهانه، جمعه ساعت ۱۰ برگزار می‌شود. حضور اعضای تیم الزامی است.","ham"
"جمعه بازار بودم، چیزی لازم داری؟","ham"
"جواب آزمایش شما آماده شده است. کد پذیرش: 12039. برای دریافت مراجعه کنید.","ham"
"جواب آزمایش شما آماده شده است. کد پذیرش: 15929. برای دریافت مراجعه کنید.","ham"
"جواب آزمایش شما آماده شده است. کد پذیرش: 20619. برای دریافت مراجعه کنید.","ham"
"جواب آزمایش شما آماده شده است. کد پذیرش: 23408. برای دریافت مراجعه کنید.","ham"
"جواب آزمایش شما آماده شده است. کد پذیرش: 24071. برای دریافت مراجعه کنید.","ham"
"جواب آزمایش شما آماده شده است. کد پذیرش: 27473. برای دریافت مراجعه کنید.","ham"
"جواب آزمایش شما آماده شده است. کد پذیرش: 28116. برای دریافت مراجعه کنید.","ham"
"جواب آزمایش شما آماده شده است. کد پذیرش: 37970. برای دریافت مراجعه کنید.","ham"
"جواب آزمایش شما آماده شده است. کد پذیرش: 38125. برای دریافت مراجعه کنید.","ham"
"جواب آزمایش شما آماده شده است. کد پذیرش: 41059. برای دریافت مراجعه کنید.","ham"
"جواب آزمایش شما آماده شده است. کد پذیرش: 45950. برای دریافت مراجعه کنید.","ham"
"جواب آزمایش شما آماده شده است. کد پذیرش: 47389. برای دریافت مراجعه کنید.","ham"
"جواب آزمایش شما آماده شده است. کد پذیرش: 49205. برای دریافت مراجعه کنید.","ham"
"جواب آزمایش شما آماده شده است. کد پذیرش: 49770. برای دریافت مراجعه کنید.","ham"
"جواب آزمایش شما آماده شده است. کد پذیرش: 53455. برای دریافت مراجعه کنید.","ham"
"جواب آزمایش شما آماده شده است. کد پذیرش: 53748. برای دریافت مراجعه کنید.","ham"
"جواب آزمایش شما آماده شده است. کد پذیرش: 56113. برای دریافت مراجعه کنید.","ham"
"جواب آزمایش شما آماده شده است. کد پذیرش: 57057. برای دریافت مراجعه کنید.","ham"
"جواب آزمایش شما آماده شده است. کد پذیرش: 58788. برای دریافت مراجعه کنید.","ham"
"جواب آزمایش شما آماده شده است. کد پذیرش: 64651. برای دریافت مراجعه کنید.","ham"
"جواب آزمایش شما آماده شده است. کد پذیرش: 67044. برای دریافت مراجعه کنید.","ham"
"جواب آزمایش شما آماده شده است. کد پذیرش: 69368. برای دریافت مراجعه کنید.","ham"
"جواب آزمایش شما آماده شده است. کد پذیرش: 71877. برای دریافت مراجعه کنید.","ham"
"جواب آزمایش شما آماده شده است. کد پذیرش: 72308. برای دریافت مراجعه کنید.","ham"
"جواب آزمایش شما آماده شده است. کد پذیرش: 75726. برای دریافت مراجعه کنید.","ham"
"جواب آزمایش شما آماده شده است. کد پذیرش: 76778. برای دریافت مراجعه کنید.","ham"
"جواب آزمایش شما آماده شده است. کد پذیرش: 86119. برای دریافت مراجعه کنید.","ham"
"جواب آزمایش شما آماده شده است. کد پذیرش: 86661. برای دریافت مراجعه کنید.","ham"
"جواب آزمایش شما آماده شده است. کد پذیرش: 91290. برای دریافت مراجعه کنید.","ham"
"جواب آزمایش شما آماده شده است. کد پذیرش: 93559. برای دریافت مراجعه کنید.","ham"
"جواب آزمایش شما آماده شده است. کد پذیرش: 93841. برای دریافت مراجعه کنید.","ham"
"جواب آزمایش شما آماده شده است. کد پذیرش: 95159. برای دریافت مراجعه کنید.","ham"
"جواب آزمایش شما آماده شده است. کد پذیرش: 98432. برای دریافت مراجعه کنید.","ham"
"جواب آزمایش شما آماده شده است. کد پذیرش: 98466. برای دریافت مراجعه کنید.","ham"
"حالت خوبه؟ دیروز صدات خوب نبود.","ham"
"حامد تولدش پنجشنبه هست، کادو چی بگیریم؟","ham"
"حامد تولدش یکشنبه هست، کادو چی بگیریم؟","ham"
"حامد زنگ زد، کار داشت. یه زنگ بهش بزن.","ham"
"حسین جان، خسته نباشی","ham"
"حسین زنگ زد، کار داشت. یه زنگ بهش بزن.","ham"
"حضور و غیاب درس برنامه‌نویسی پیشرفته: شما 1 جلسه غیبت دارید. حد مجاز سه جلسه است.","ham"
"حضور و غیاب درس برنامه‌نویسی پیشرفته: شما 2 جلسه غیبت دارید. حد مجاز سه جلسه است.","ham"
"حضور و غیاب درس ترمودینامیک: شما 1 جلسه غیبت دارید. حد مجاز سه جلسه است.","ham"
"حضور و غیاب درس ترمودینامیک: شما 2 جلسه غیبت دارید. حد مجاز سه جلسه است.","ham"
"حضور و غیاب درس حسابداری ۲: شما 1 جلسه غیبت دارید. حد مجاز سه جلسه است.","ham"
"حضور و غیاب درس حسابداری ۲: شما 2 جلسه غیبت دارید. حد مجاز سه جلسه است.","ham"
"حضور و غیاب درس حقوق اساسی: شما 1 جلسه غیبت دارید. حد مجاز سه جلسه است.","ham"
"حضور و غیاب درس روانشناسی عمومی: شما 1 جلسه غیبت دارید. حد مجاز سه جلسه است.","ham"
"حضور و غیاب درس روانشناسی عمومی: شما 2 جلسه غیبت دارید. حد مجاز سه جلسه است.","ham"
"حضور و غیاب درس ریاضی مهندسی: شما 1 جلسه غیبت دارید. حد مجاز سه جلسه است.","ham"
"حضور و غیاب درس زبان تخصصی: شما 1 جلسه غیبت دارید. حد مجاز سه جلسه است.","ham"
"حضور و غیاب درس زبان تخصصی: شما 2 جلسه غیبت دارید. حد مجاز سه جلسه است.","ham"
"حضور و غیاب درس مدار الکتریکی: شما 2 جلسه غیبت دارید. حد مجاز سه جلسه است.","ham"
"حضور و غیاب درس مکانیک سیالات: شما 1 جلسه غیبت دارید. حد مجاز سه جلسه است.","ham"
"حضور و غیاب درس مکانیک سیالات: شما 2 جلسه غیبت دارید. حد مجاز سه جلسه است.","ham"
"حله","ham"
"حله 💚","ham"
"حله، قربون لطفتم","ham"
"خبر جدیدی نیست","ham"
"خبر جدیدی نیست 🎉","ham"
"خبر جدیدی نیست، مراقب خودت باش","ham"
"خبر خوبی دارم، دوشنبه حضوری میگم.","ham"
"خبر خوبی دارم، سه‌شنبه حضوری میگم.","ham"
"خبر خوبی دارم، پنجشنبه حضوری میگم.","ham"
"خبر خوبی دارم، چهارشنبه حضوری میگم.","ham"
"خبر خوبی دارم، یکشنبه حضوری میگم.","ham"
"خسته نباشی","ham"
"خسته نباشی داداش. جمعه شب میام پیشت.","ham"
"خسته نباشی داداش. دوشنبه شب میام پیشت.","ham"
"خسته نباشی داداش. سه‌شنبه شب میام پیشت.","ham"
"خسته نباشی داداش. شنبه شب میام پیشت.","ham"
"خسته نباشی داداش. چهارشنبه شب میام پیشت.","ham"
"خسته نباشی داداش. یکشنبه شب میام پیشت.","ham"
"خسته نباشی 🌸","ham"
"خسته نباشی، شب می‌بینمت","ham"
"خوابگاه: شارژ کارت تغذیه شما به مبلغ ۱,۲۰۰,۰۰۰ ریال انجام شد.","ham"
"خوابگاه: شارژ کارت تغذیه شما به مبلغ ۱۲,۵۰۰,۰۰۰ ریال انجام شد.","ham"
"خوابگاه: شارژ کارت تغذیه شما به مبلغ ۲,۳۰۰,۰۰۰ ریال انجام شد.","ham"
"خوابگاه: شارژ کارت تغذیه شما به مبلغ ۳,۸۰۰,۰۰۰ ریال انجام شد.","ham"
"خوابگاه: شارژ کارت تغذیه شما به مبلغ ۳۵۰,۰۰۰ ریال انجام شد.","ham"
"خوابگاه: شارژ کارت تغذیه شما به مبلغ ۵,۶۰۰,۰۰۰ ریال انجام شد.","ham"
"خوابگاه: شارژ کارت تغذیه شما به مبلغ ۵۰۰,۰۰۰ ریال انجام شد.","ham"
"خوابگاه: شارژ کارت تغذیه شما به مبلغ ۷,۹۰۰,۰۰۰ ریال انجام شد.","ham"
"خوابگاه: شارژ کارت تغذیه شما به مبلغ ۸۰۰,۰۰۰ ریال انجام شد.","ham"
"خیریه محله: گزارش عملکرد آبان در تابلوی اعلانات نصب شده است.","ham"
"خیریه محله: گزارش عملکرد آذر در تابلوی اعلانات نصب شده است.","ham"
"خیریه محله: گزارش عملکرد اردیبهشت در تابلوی اعلانات نصب شده است.","ham"
"خیریه محله: گزارش عملکرد اسفند در تابلوی اعلانات نصب شده است.","ham"
"خیریه محله: گزارش عملکرد تیر در تابلوی اعلانات نصب شده است.","ham"
"خیریه محله: گزارش عملکرد خرداد در تابلوی اعلانات نصب شده است.","ham"
"خیریه محله: گزارش عملکرد دی در تابلوی اعلانات نصب شده است.","ham"
"خیریه محله: گزارش عملکرد مهر در تابلوی اعلانات نصب شده است.","ham"
"دارم میام، 10 دیقه دیگه اونجام.","ham"
"دارم میام، 15 دیقه دیگه اونجام.","ham"
"دارم میام، 20 دیقه دیگه اونجام.","ham"
"دارم میام، 30 دیقه دیگه اونجام.","ham"
"دارم میام، 5 دیقه دیگه اونجام.","ham"
"درخواست مرجوعی سفارش 144212283 ثبت شد. مبلغ طی ۳ تا ۵ روز کاری به حسابتان برمی‌گردد.","ham"
"درخواست مرجوعی سفارش 215626439 ثبت شد. مبلغ طی ۳ تا ۵ روز کاری به حسابتان برمی‌گردد.","ham"
"درخواست مرجوعی سفارش 255321048 ثبت شد. مبلغ طی ۳ تا ۵ روز کاری به حسابتان برمی‌گردد.","ham"
"درخواست مرجوعی سفارش 27541476 ثبت شد. مبلغ طی ۳ تا ۵ روز کاری به حسابتان برمی‌گردد.","ham"
"درخواست مرجوعی سفارش 298338017 ثبت شد. مبلغ طی ۳ تا ۵ روز کاری به حسابتان برمی‌گردد.","ham"
"درخواست مرجوعی سفارش 342614728 ثبت شد. مبلغ طی ۳ تا ۵ روز کاری به حسابتان برمی‌گردد.","ham"
"درخواست مرجوعی سفارش 383272038 ثبت شد. مبلغ طی ۳ تا ۵ روز کاری به حسابتان برمی‌گردد.","ham"
"درخواست مرجوعی سفارش 392269388 ثبت شد. مبلغ طی ۳ تا ۵ روز کاری به حسابتان برمی‌گردد.","ham"
"درخواست مرجوعی سفارش 421113972 ثبت شد. مبلغ طی ۳ تا ۵ روز کاری به حسابتان برمی‌گردد.","ham"
"درخواست مرجوعی سفارش 570689334 ثبت شد. مبلغ طی ۳ تا ۵ روز کاری به حسابتان برمی‌گردد.","ham"
"درخواست مرجوعی سفارش 590965456 ثبت شد. مبلغ طی ۳ تا ۵ روز کاری به حسابتان برمی‌گردد.","ham"
"درخواست مرجوعی سفارش 596546958 ثبت شد. مبلغ طی ۳ تا ۵ روز کاری به حسابتان برمی‌گردد.","ham"
"درخواست مرجوعی سفارش 607463239 ثبت شد. مبلغ طی ۳ تا ۵ روز کاری به حسابتان برمی‌گردد.","ham"
"درخواست مرجوعی سفارش 609827223 ثبت شد. مبلغ طی ۳ تا ۵ روز کاری به حسابتان برمی‌گردد.","ham"
"درخواست مرجوعی سفارش 635234872 ثبت شد. مبلغ طی ۳ تا ۵ روز کاری به حسابتان برمی‌گردد.","ham"
"درخواست مرجوعی سفارش 740031778 ثبت شد. مبلغ طی ۳ تا ۵ روز کاری به حسابتان برمی‌گردد.","ham"
"درخواست مرجوعی سفارش 745514221 ثبت شد. مبلغ طی ۳ تا ۵ روز کاری به حسابتان برمی‌گردد.","ham"
"درخواست مرجوعی سفارش 755058296 ثبت شد. مبلغ طی ۳ تا ۵ روز کاری به حسابتان برمی‌گردد.","ham"
"درخواست مرجوعی سفارش 758443448 ثبت شد. مبلغ طی ۳ تا ۵ روز کاری به حسابتان برمی‌گردد.","ham"
"درخواست مرجوعی سفارش 774447670 ثبت شد. مبلغ طی ۳ تا ۵ روز کاری به حسابتان برمی‌گردد.","ham"
"درخواست مرجوعی سفارش 867315773 ثبت شد. مبلغ طی ۳ تا ۵ روز کاری به حسابتان برمی‌گردد.","ham"
"درخواست مرخصی شما در دست بررسی است و تا جمعه پاسخ داده می‌شود.","ham"
"درخواست مرخصی شما در دست بررسی است و تا دوشنبه پاسخ داده می‌شود.","ham"
"درخواست مرخصی شما در دست بررسی است و تا سه‌شنبه پاسخ داده می‌شود.","ham"
"درخواست مرخصی شما در دست بررسی است و تا شنبه پاسخ داده می‌شود.","ham"
"درخواست مرخصی شما در دست بررسی است و تا پنجشنبه پاسخ داده می‌شود.","ham"
"درخواست مرخصی شما در دست بررسی است و تا چهارشنبه پاسخ داده می‌شود.","ham"
"درخواست مرخصی شما در دست بررسی است و تا یکشنبه پاسخ داده می‌شود.","ham"
"درگاه پرداخت برای تراکنش 1389675 در دسترس نبود. لطفا دوباره تلاش کنید.","ham"
"درگاه پرداخت برای تراکنش 1942111 در دسترس نبود. لطفا دوباره تلاش کنید.","ham"
"درگاه پرداخت برای تراکنش 2141888 در دسترس نبود. لطفا دوباره تلاش کنید.","ham"
"درگاه پرداخت برای تراکنش 2584141 در دسترس نبود. لطفا دوباره تلاش کنید.","ham"
"درگاه پرداخت برای تراکنش 4932058 در دسترس نبود. لطفا دوباره تلاش کنید.","ham"
"درگاه پرداخت برای تراکنش 5451129 در دسترس نبود. لطفا دوباره تلاش کنید.","ham"
"درگاه پرداخت برای تراکنش 6131288 در دسترس نبود. لطفا دوباره تلاش کنید.","ham"
"درگاه پرداخت برای تراکنش 7682021 در دسترس نبود. لطفا دوباره تلاش کنید.","ham"
"درگاه پرداخت برای تراکنش 7812558 در دسترس نبود. لطفا دوباره تلاش کنید.","ham"
"درگاه پرداخت برای تراکنش 782949 در دسترس نبود. لطفا دوباره تلاش کنید.","ham"
"درگاه پرداخت برای تراکنش 8532571 در دسترس نبود. لطفا دوباره تلاش کنید.","ham"
"درگاه پرداخت برای تراکنش 9856102 در دسترس نبود. لطفا دوباره تلاش کنید.","ham"
"دمت گرم","ham"
"دمت گرم داداش","ham"
"دمت گرم داداش 👌","ham"
"دمت گرم داداش، خبرم کن","ham"
"دمت گرم 🌙","ham"
"دمت گرم، شب می‌بینمت","ham"
"دوشنبه بازار بودم، چیزی لازم داری؟","ham"
"دیر می‌رسم","ham"
"دیر می‌رسم 🎉","ham"
"دیر می‌رسم، خبرم کن","ham"
"رزرو میز شما برای سه‌شنبه ساعت ۱۰ ثبت شد. رستوران رستوران شب.","ham"
"رزرو میز شما برای سه‌شنبه ساعت ۱۵ ثبت شد. رستوران کباب سرا.","ham"
"رزرو میز شما برای شنبه ساعت ۱۲ ثبت شد. رستوران سیب.","ham"
"رزرو میز شما برای پنجشنبه ساعت ۱۶:۴۵ ثبت شد. رستوران کباب سرا.","ham"
"رزرو میز شما برای پنجشنبه ساعت ۹:۳۰ ثبت شد. رستوران سیب.","ham"
"رزرو میز شما برای چهارشنبه ساعت ۱۵ ثبت شد. رستوران نارنج.","ham"
"رزرو میز شما برای یکشنبه ساعت ۱۶ ثبت شد. رستوران رستوران شب.","ham"
"رزرو میز شما برای یکشنبه ساعت ۱۷ ثبت شد. رستوران رستوران شب.","ham"
"رسیدم","ham"
"رسیدم 🎉","ham"
"رسیدم، مراقب خودت باش","ham"
"رسیدی خبر بده نگران نباشیم.","ham"
"رضا زنگ زد، کار داشت. یه زنگ بهش بزن.","ham"
"رمز حساب کاربری شما با موفقیت تغییر کرد. اگر شما نبودید با پشتیبانی تماس بگیرید.","ham"
"رمز یکبارمصرف شما 10681 است و تا 5 دقیقه اعتبار دارد.","ham"
"رمز یکبارمصرف شما 13491 است و تا 5 دقیقه اعتبار دارد.","ham"
"رمز یکبارمصرف شما 13613 است و تا 2 دقیقه اعتبار دارد.","ham"
"رمز یکبارمصرف شما 19872 است و تا 2 دقیقه اعتبار دارد.","ham"
"رمز یکبارمصرف شما 26160 است و تا 3 دقیقه اعتبار دارد.","ham"
"رمز یکبارمصرف شما 27946 است و تا 5 دقیقه اعتبار دارد.","ham"
"رمز یکبارمصرف شما 28029 است و تا 5 دقیقه اعتبار دارد.","ham"
"رمز یکبارمصرف شما 29196 است و تا 5 دقیقه اعتبار دارد.","ham"
"رمز یکبارمصرف شما 31496 است و تا 3 دقیقه اعتبار دارد.","ham"
"رمز یکبارمصرف شما 34295 است و تا 2 دقیقه اعتبار دارد.","ham"
"رمز یکبارمصرف شما 34439 است و تا 2 دقیقه اعتبار دارد.","ham"
"رمز یکبارمصرف شما 45142 است و تا 3 دقیقه اعتبار دارد.","ham"
"رمز یکبارمصرف شما 48484 است و تا 3 دقیقه اعتبار دارد.","ham"
"رمز یکبارمصرف شما 49823 است و تا 2 دقیقه اعتبار دارد.","ham"
"رمز یکبارمصرف شما 56091 است و تا 3 دقیقه اعتبار دارد.","ham"
"رمز یکبارمصرف شما 56422 است و تا 3 دقیقه اعتبار دارد.","ham"
"رمز یکبارمصرف شما 61526 است و تا 2 دقیقه اعتبار دارد.","ham"
"رمز یکبارمصرف شما 61783 است و تا 5 دقیقه اعتبار دارد.","ham"
"رمز یکبارمصرف شما 61800 است و تا 5 دقیقه اعتبار دارد.","ham"
"رمز یکبارمصرف شما 62943 است و تا 2 دقیقه اعتبار دارد.","ham"
"رمز یکبارمصرف شما 64266 است و تا 5 دقیقه اعتبار دارد.","ham"
"رمز یکبارمصرف شما 73240 است و تا 5 دقیقه اعتبار دارد.","ham"
"رمز یکبارمصرف شما 73854 است و تا 5 دقیقه اعتبار دارد.","ham"
"رمز یکبارمصرف شما 73985 است و تا 2 دقیقه اعتبار دارد.","ham"
"رمز یکبارمصرف شما 76227 است و تا 5 دقیقه اعتبار دارد.","ham"
"رمز یکبارمصرف شما 78212 است و تا 3 دقیقه اعتبار دارد.","ham"
"رمز یکبارمصرف شما 80468 است و تا 5 دقیقه اعتبار دارد.","ham"
"رمز یکبارمصرف شما 82710 است و تا 5 دقیقه اعتبار دارد.","ham"
"رمز یکبارمصرف شما 83319 است و تا 3 دقیقه اعتبار دارد.","ham"
"رمز یکبارمصرف شما 86068 است و تا 5 دقیقه اعتبار دارد.","ham"
"رمز یکبارمصرف شما 88735 است و تا 5 دقیقه اعتبار دارد.","ham"
"رمز یکبارمصرف شما 93565 است و تا 5 دقیقه اعتبار دارد.","ham"
"رمز یکبارمصرف شما 95439 است و تا 2 دقیقه اعتبار دارد.","ham"
"زهرا تولدش یکشنبه هست، کادو چی بگیریم؟","ham"
"زهرا جان، مرسی","ham"
"زهرا زنگ زد، کار داشت. یه زنگ بهش بزن.","ham"
"سارا تولدش شنبه هست، کادو چی بگیریم؟","ham"
"سارا جان، آره حتماً","ham"
"سارا جان، من اومدم","ham"
"سارا جان، پارک کردم","ham"
"سارا زنگ زد، کار داشت. یه زنگ بهش بزن.","ham"
"سرویس مدرسه از جمعه مسیر جدید را پوشش می‌دهد.","ham"
"سرویس مدرسه از دوشنبه مسیر جدید را پوشش می‌دهد.","ham"
"سرویس مدرسه از سه‌شنبه مسیر جدید را پوشش می‌دهد.","ham"
"سرویس مدرسه از شنبه مسیر جدید را پوشش می‌دهد.","ham"
"سرویس مدرسه از پنجشنبه مسیر جدید را پوشش می‌دهد.","ham"
"سرویس مدرسه از چهارشنبه مسیر جدید را پوشش می‌دهد.","ham"
"سرویس مدرسه از یکشنبه مسیر جدید را پوشش می‌دهد.","ham"
"سعید تولدش شنبه هست، کادو چی بگیریم؟","ham"
"سعید تولدش یکشنبه هست، کادو چی بگیریم؟","ham"
"سعید جان، بریم کافه؟","ham"
"سعید زنگ زد، کار داشت. یه زنگ بهش بزن.","ham"
"سفارش 101270415 آماده شد و در انتظار پرداخت است. برای مشاهده به سبد خرید مراجعه کنید.","ham"
"سفارش 145217589 آماده شد و در انتظار پرداخت است. برای مشاهده به سبد خرید مراجعه کنید.","ham"
"سفارش 155529856 آماده شد و در انتظار پرداخت است. برای مشاهده به سبد خرید مراجعه کنید.","ham"
"سفارش 201306294 آماده شد و در انتظار پرداخت است. برای مشاهده به سبد خرید مراجعه کنید.","ham"
"سفارش 23718490 آماده شد و در انتظار پرداخت است. برای مشاهده به سبد خرید مراجعه کنید.","ham"
"سفارش 340492640 آماده شد و در انتظار پرداخت است. برای مشاهده به سبد خرید مراجعه کنید.","ham"
"سفارش 34885771 آماده شد و در انتظار پرداخت است. برای مشاهده به سبد خرید مراجعه کنید.","ham"
"سفارش 366741339 آماده شد و در انتظار پرداخت است. برای مشاهده به سبد خرید مراجعه کنید.","ham"
"سفارش 457740376 آماده شد و در انتظار پرداخت است. برای مشاهده به سبد خرید مراجعه کنید.","ham"
"سفارش 50921657 آماده شد و در انتظار پرداخت است. برای مشاهده به سبد خرید مراجعه کنید.","ham"
"سفارش 570941419 آماده شد و در انتظار پرداخت است. برای مشاهده به سبد خرید مراجعه کنید.","ham"
"سفارش 622883532 آماده شد و در انتظار پرداخت است. برای مشاهده به سبد خرید مراجعه کنید.","ham"
"سفارش 723577723 آماده شد و در انتظار پرداخت است. برای مشاهده به سبد خرید مراجعه کنید.","ham"
"سفارش 757679738 آماده شد و در انتظار پرداخت است. برای مشاهده به سبد خرید مراجعه کنید.","ham"
"سفارش 838485774 آماده شد و در انتظار پرداخت است. برای مشاهده به سبد خرید مراجعه کنید.","ham"
"سفارش 868660022 آماده شد و در انتظار پرداخت است. برای مشاهده به سبد خرید مراجعه کنید.","ham"
"سفارش 973074607 آماده شد و در انتظار پرداخت است. برای مشاهده به سبد خرید مراجعه کنید.","ham"
"سفارش شما با کد 130418550 به دفتر پست محله تحویل شد. برای دریافت با کارت ملی مراجعه کنید.","ham"
"سفارش شما با کد 163677075 به دفتر پست محله تحویل شد. برای دریافت با کارت ملی مراجعه کنید.","ham"
"سفارش شما با کد 241107119 به دفتر پست محله تحویل شد. برای دریافت با کارت ملی مراجعه کنید.","ham"
"سفارش شما با کد 294798936 به دفتر پست محله تحویل شد. برای دریافت با کارت ملی مراجعه کنید.","ham"
"سفارش شما با کد 308782028 به دفتر پست محله تحویل شد. برای دریافت با کارت ملی مراجعه کنید.","ham"
"سفارش شما با کد 325146810 به دفتر پست محله تحویل شد. برای دریافت با کارت ملی مراجعه کنید.","ham"
"سفارش شما با کد 329284927 به دفتر پست محله تحویل شد. برای دریافت با کارت ملی مراجعه کنید.","ham"
"سفارش شما با کد 366716618 به دفتر پست محله تحویل شد. برای دریافت با کارت ملی مراجعه کنید.","ham"
"سفارش شما با کد 394951431 به دفتر پست محله تحویل شد. برای دریافت با کارت ملی مراجعه کنید.","ham"
"سفارش شما با کد 443913422 به دفتر پست محله تحویل شد. برای دریافت با کارت ملی مراجعه کنید.","ham"
"سفارش شما با کد 445122333 به دفتر پست محله تحویل شد. برای دریافت با کارت ملی مراجعه کنید.","ham"
"سفارش شما با کد 520104091 به دفتر پست محله تحویل شد. برای دریافت با کارت ملی مراجعه کنید.","ham"
"سفارش شما با کد 545776976 به دفتر پست محله تحویل شد. برای دریافت با کارت ملی مراجعه کنید.","ham"
"سفارش شما با کد 555654137 به دفتر پست محله تحویل شد. برای دریافت با کارت ملی مراجعه کنید.","ham"
"سفارش شما با کد 653816253 به دفتر پست محله تحویل شد. برای دریافت با کارت ملی مراجعه کنید.","ham"
"سفارش شما با کد 712319931 به دفتر پست محله تحویل شد. برای دریافت با کارت ملی مراجعه کنید.","ham"
"سفارش شما با کد 751064553 به دفتر پست محله تحویل شد. برای دریافت با کارت ملی مراجعه کنید.","ham"
"سفارش شما با کد 769689256 به دفتر پست محله تحویل شد. برای دریافت با کارت ملی مراجعه کنید.","ham"
"سفارش شما با کد 769928358 به دفتر پست محله تحویل شد. برای دریافت با کارت ملی مراجعه کنید.","ham"
"سفارش شما با کد 770734820 به دفتر پست محله تحویل شد. برای دریافت با کارت ملی مراجعه کنید.","ham"
"سفارش شما با کد 901955291 به دفتر پست محله تحویل شد. برای دریافت با کارت ملی مراجعه کنید.","ham"
"سفارش شما با کد 918146526 به دفتر پست محله تحویل شد. برای دریافت با کارت ملی مراجعه کنید.","ham"
"سفارش شما با کد 933738109 به دفتر پست محله تحویل شد. برای دریافت با کارت ملی مراجعه کنید.","ham"
"سفارش شما تحویل پیک شد. از خرید شما متشکریم.","ham"
"سلام آرش جان، سه‌شنبه میای خونه ما؟","ham"
"سلام آرش جان، شنبه میای خونه ما؟","ham"
"سلام آرش جان، پنجشنبه میای خونه ما؟","ham"
"سلام آرش جان، چهارشنبه میای خونه ما؟","ham"
"سلام الهام جان، جمعه میای خونه ما؟","ham"
"سلام امیر جان، چهارشنبه میای خونه ما؟","ham"
"سلام امیر جان، یکشنبه میای خونه ما؟","ham"
"سلام حامد جان، یکشنبه میای خونه ما؟","ham"
"سلام حسین جان، سه‌شنبه میای خونه ما؟","ham"
"سلام حسین جان، پنجشنبه میای خونه ما؟","ham"
"سلام زهرا جان، شنبه میای خونه ما؟","ham"
"سلام علی جان، شنبه میای خونه ما؟","ham"
"سلام فاطمه جان، دوشنبه میای خونه ما؟","ham"
"سلام نرگس جان، سه‌شنبه میای خونه ما؟","ham"
"سلام کاوه جان، پنجشنبه میای خونه ما؟","ham"
"سلام، برای جلسه جمعه درباره داشبورد فروش پروژکتور آماده شده است. فایل را خودتان بیاورید.","ham"
"سلام، برای جلسه جمعه درباره سامانه تیکت پروژکتور آماده شده است. فایل را خودتان بیاورید.","ham"
"سلام، برای جلسه جمعه درباره پروژه وب‌سایت پروژکتور آماده شده است. فایل را خودتان بیاورید.","ham"
"سلام، برای جلسه دوشنبه درباره سامانه انبار پروژکتور آماده شده است. فایل را خودتان بیاورید.","ham"
"سلام، برای جلسه سه‌شنبه درباره اپلیکیشن مشتریان پروژکتور آماده شده است. فایل را خودتان بیاورید.","ham"
"سلام، برای جلسه سه‌شنبه درباره پروژه رها پروژکتور آماده شده است. فایل را خودتان بیاورید.","ham"
"سلام، برای جلسه سه‌شنبه درباره گزارش ماهانه پروژکتور آماده شده است. فایل را خودتان بیاورید.","ham"
"سلام، برای جلسه شنبه درباره سامانه تیکت پروژکتور آماده شده است. فایل را خودتان بیاورید.","ham"
"سلام، برای جلسه شنبه درباره کمپین نوروزی پروژکتور آماده شده است. فایل را خودتان بیاورید.","ham"
"سلام، برای جلسه پنجشنبه درباره پروژه الف پروژکتور آماده شده است. فایل را خودتان بیاورید.","ham"
"سلام، برای جلسه چهارشنبه درباره پروژه رها پروژکتور آماده شده است. فایل را خودتان بیاورید.","ham"
"سلام، برای جلسه چهارشنبه درباره کمپین نوروزی پروژکتور آماده شده است. فایل را خودتان بیاورید.","ham"
"سلام، برای جلسه چهارشنبه درباره گزارش ماهانه پروژکتور آماده شده است. فایل را خودتان بیاورید.","ham"
"سلام، برای جلسه یکشنبه درباره داشبورد فروش پروژکتور آماده شده است. فایل را خودتان بیاورید.","ham"
"سلام، برای جلسه یکشنبه درباره داکیومنت فنی پروژکتور آماده شده است. فایل را خودتان بیاورید.","ham"
"سلام، برای جلسه یکشنبه درباره پروژه رها پروژکتور آماده شده است. فایل را خودتان بیاورید.","ham"
"سلام، طبق هماهنگی قبلی فایل اپلیکیشن مشتریان را پیوست کردم. اگر نسخه دیگری از فایل موردنیاز است بفرمایید.","ham"
"سلام، طبق هماهنگی قبلی فایل داشبورد فروش را پیوست کردم. اگر نسخه دیگری از فایل موردنیاز است بفرمایید.","ham"
"سلام، طبق هماهنگی قبلی فایل سامانه انبار را پیوست کردم. اگر نسخه دیگری از فایل موردنیاز است بفرمایید.","ham"
"سلام، طبق هماهنگی قبلی فایل پروژه آرشیو را پیوست کردم. اگر نسخه دیگری از فایل موردنیاز است بفرمایید.","ham"
"سلام، طبق هماهنگی قبلی فایل پروژه رها را پیوست کردم. اگر نسخه دیگری از فایل موردنیاز است بفرمایید.","ham"
"سلام، طبق هماهنگی قبلی فایل پروژه وب‌سایت را پیوست کردم. اگر نسخه دیگری از فایل موردنیاز است بفرمایید.","ham"
"سلام، طبق هماهنگی قبلی فایل کمپین نوروزی را پیوست کردم. اگر نسخه دیگری از فایل موردنیاز است بفرمایید.","ham"
"سلام، گزارش جلسه جمعه درباره داشبورد فروش را برایتان ارسال کردم. اگر موردی نیاز به اصلاح دارد، اطلاع دهید.","ham"
"سلام، گزارش جلسه جمعه درباره پروژه رها را برایتان ارسال کردم. اگر موردی نیاز به اصلاح دارد، اطلاع دهید.","ham"
"سلام، گزارش جلسه جمعه درباره گزارش ماهانه را برایتان ارسال کردم. اگر موردی نیاز به اصلاح دارد، اطلاع دهید.","ham"
"سلام، گزارش جلسه دوشنبه درباره داکیومنت فنی را برایتان ارسال کردم. اگر موردی نیاز به اصلاح دارد، اطلاع دهید.","ham"
"سلام، گزارش جلسه دوشنبه درباره پروژه آرشیو را برایتان ارسال کردم. اگر موردی نیاز به اصلاح دارد، اطلاع دهید.","ham"
"سلام، گزارش جلسه سه‌شنبه درباره اپلیکیشن مشتریان را برایتان ارسال کردم. اگر موردی نیاز به اصلاح دارد، اطلاع دهید.","ham"
"سلام، گزارش جلسه سه‌شنبه درباره داشبورد فروش را برایتان ارسال کردم. اگر موردی نیاز به اصلاح دارد، اطلاع دهید.","ham"
"سلام، گزارش جلسه سه‌شنبه درباره گزارش ماهانه را برایتان ارسال کردم. اگر موردی نیاز به اصلاح دارد، اطلاع دهید.","ham"
"سلام، گزارش جلسه شنبه درباره سامانه انبار را برایتان ارسال کردم. اگر موردی نیاز به اصلاح دارد، اطلاع دهید.","ham"
"سلام، گزارش جلسه پنجشنبه درباره اپلیکیشن مشتریان را برایتان ارسال کردم. اگر موردی نیاز به اصلاح دارد، اطلاع دهید.","ham"
"سلام، گزارش جلسه چهارشنبه درباره داکیومنت فنی را برایتان ارسال کردم. اگر موردی نیاز به اصلاح دارد، اطلاع دهید.","ham"
"سلام، گزارش جلسه چهارشنبه درباره پروژه آرشیو را برایتان ارسال کردم. اگر موردی نیاز به اصلاح دارد، اطلاع دهید.","ham"
"سلام، گزارش جلسه یکشنبه درباره پروژه الف را برایتان ارسال کردم. اگر موردی نیاز به اصلاح دارد، اطلاع دهید.","ham"
"سلام، گزارش جلسه یکشنبه درباره گزارش ماهانه را برایتان ارسال کردم. اگر موردی نیاز به اصلاح دارد، اطلاع دهید.","ham"
"سه‌شنبه بازار بودم، چیزی لازم داری؟","ham"
"سیستم جمعه از ساعت ۱۱:۳۰ برای به‌روزرسانی در دسترس نخواهد بود.","ham"
"سیستم جمعه از ساعت ۱۷ برای به‌روزرسانی در دسترس نخواهد بود.","ham"
"سیستم جمعه از ساعت ۹:۳۰ برای به‌روزرسانی در دسترس نخواهد بود.","ham"
"سیستم دوشنبه از ساعت ۱۶ برای به‌روزرسانی در دسترس نخواهد بود.","ham"
"سیستم دوشنبه از ساعت ۱۸ برای به‌روزرسانی در دسترس نخواهد بود.","ham"
"سیستم دوشنبه از ساعت ۲۰ برای به‌روزرسانی در دسترس نخواهد بود.","ham"
"سیستم سه‌شنبه از ساعت ۱۱ برای به‌روزرسانی در دسترس نخواهد بود.","ham"
"سیستم سه‌شنبه از ساعت ۱۱:۳۰ برای به‌روزرسانی در دسترس نخواهد بود.","ham"
"سیستم سه‌شنبه از ساعت ۲۰ برای به‌روزرسانی در دسترس نخواهد بود.","ham"
"سیستم شنبه از ساعت ۲۰ برای به‌روزرسانی در دسترس نخواهد بود.","ham"
"سیستم پنجشنبه از ساعت ۱۱ برای به‌روزرسانی در دسترس نخواهد بود.","ham"
"سیستم پنجشنبه از ساعت ۱۴ برای به‌روزرسانی در دسترس نخواهد بود.","ham"
"سیستم پنجشنبه از ساعت ۱۵ برای به‌روزرسانی در دسترس نخواهد بود.","ham"
"سیستم پنجشنبه از ساعت ۱۶ برای به‌روزرسانی در دسترس نخواهد بود.","ham"
"سیستم پنجشنبه از ساعت ۱۸ برای به‌روزرسانی در دسترس نخواهد بود.","ham"
"سیستم چهارشنبه از ساعت ۱۶:۴۵ برای به‌روزرسانی در دسترس نخواهد بود.","ham"
"سیستم چهارشنبه از ساعت ۲۰ برای به‌روزرسانی در دسترس نخواهد بود.","ham"
"سیستم چهارشنبه از ساعت ۹:۳۰ برای به‌روزرسانی در دسترس نخواهد بود.","ham"
"سیستم یکشنبه از ساعت ۱۰ برای به‌روزرسانی در دسترس نخواهد بود.","ham"
"سیستم یکشنبه از ساعت ۱۱ برای به‌روزرسانی در دسترس نخواهد بود.","ham"
"سیستم یکشنبه از ساعت ۱۲ برای به‌روزرسانی در دسترس نخواهد بود.","ham"
"سیستم یکشنبه از ساعت ۱۶ برای به‌روزرسانی در دسترس نخواهد بود.","ham"
"سیم‌کارت شما به‌صورت دائمی فعال شد. از همراهی شما متشکریم.","ham"
"شارژ ساختمان این ماه ۱ میلیون و دویست تومان شد. لطفا تا پانزدهم واریز کنید.","ham"
"شارژ ساختمان این ماه ۳۵۰ هزار تومان شد. لطفا تا پانزدهم واریز کنید.","ham"
"شارژ ساختمان این ماه ۵۰۰ هزار تومان شد. لطفا تا پانزدهم واریز کنید.","ham"
"شارژ ساختمان این ماه ۷۰۰ هزار تومان شد. لطفا تا پانزدهم واریز کنید.","ham"
"شارژرم رو جا گذاشتم خونه شما، جمعه میارمش.","ham"
"شارژرم رو جا گذاشتم خونه شما، دوشنبه میارمش.","ham"
"شارژرم رو جا گذاشتم خونه شما، سه‌شنبه میارمش.","ham"
"شارژرم رو جا گذاشتم خونه شما، شنبه میارمش.","ham"
"شارژرم رو جا گذاشتم خونه شما، پنجشنبه میارمش.","ham"
"شارژرم رو جا گذاشتم خونه شما، چهارشنبه میارمش.","ham"
"شارژرم رو جا گذاشتم خونه شما، یکشنبه میارمش.","ham"
"شبنم جان، اوکیه","ham"
"شبنم جان، چشم","ham"
"شماره شبای امیر دریافت شد و جهت واریز به واحد مالی ارسال گردید.","ham"
"شماره شبای حسین دریافت شد و جهت واریز به واحد مالی ارسال گردید.","ham"
"شماره شبای رضا دریافت شد و جهت واریز به واحد مالی ارسال گردید.","ham"
"شماره شبای سارا دریافت شد و جهت واریز به واحد مالی ارسال گردید.","ham"
"شماره شبای سعید دریافت شد و جهت واریز به واحد مالی ارسال گردید.","ham"
"شماره شبای شبنم دریافت شد و جهت واریز به واحد مالی ارسال گردید.","ham"
"شماره شبای علی دریافت شد و جهت واریز به واحد مالی ارسال گردید.","ham"
"شماره شبای لیلا دریافت شد و جهت واریز به واحد مالی ارسال گردید.","ham"
"شماره شبای مریم دریافت شد و جهت واریز به واحد مالی ارسال گردید.","ham"
"شماره شبای مهدی دریافت شد و جهت واریز به واحد مالی ارسال گردید.","ham"
"شماره شبای مینا دریافت شد و جهت واریز به واحد مالی ارسال گردید.","ham"
"شماره شبای نرگس دریافت شد و جهت واریز به واحد مالی ارسال گردید.","ham"
"شماره شبای پریسا دریافت شد و جهت واریز به واحد مالی ارسال گردید.","ham"
"شماره شبای کاوه دریافت شد و جهت واریز به واحد مالی ارسال گردید.","ham"
"شنبه بازار بودم، چیزی لازم داری؟","ham"
"صدا میاد؟","ham"
"صدا میاد؟ 😊","ham"
"صدا میاد؟، قربون لطفتم","ham"
"صورت‌جلسه اپلیکیشن مشتریان پیوست شده است. لطفا امضا و تا دوشنبه برگردانید.","ham"
"صورت‌جلسه اپلیکیشن مشتریان پیوست شده است. لطفا امضا و تا سه‌شنبه برگردانید.","ham"
"صورت‌جلسه اپلیکیشن مشتریان پیوست شده است. لطفا امضا و تا پنجشنبه برگردانید.","ham"
"صورت‌جلسه داشبورد فروش پیوست شده است. لطفا امضا و تا دوشنبه برگردانید.","ham"
"صورت‌جلسه داشبورد فروش پیوست شده است. لطفا امضا و تا سه‌شنبه برگردانید.","ham"
"صورت‌جلسه داشبورد فروش پیوست شده است. لطفا امضا و تا شنبه برگردانید.","ham"
"صورت‌جلسه سامانه انبار پیوست شده است. لطفا امضا و تا پنجشنبه برگردانید.","ham"
"صورت‌جلسه سامانه انبار پیوست شده است. لطفا امضا و تا یکشنبه برگردانید.","ham"
"صورت‌جلسه سامانه تیکت پیوست شده است. لطفا امضا و تا سه‌شنبه برگردانید.","ham"
"صورت‌جلسه سامانه تیکت پیوست شده است. لطفا امضا و تا چهارشنبه برگردانید.","ham"
"صورت‌جلسه سامانه حضور و غیاب پیوست شده است. لطفا امضا و تا جمعه برگردانید.","ham"
"صورت‌جلسه سامانه حضور و غیاب پیوست شده است. لطفا امضا و تا چهارشنبه برگردانید.","ham"
"صورت‌جلسه پروژه آرشیو پیوست شده است. لطفا امضا و تا جمعه برگردانید.","ham"
"صورت‌جلسه پروژه آرشیو پیوست شده است. لطفا امضا و تا شنبه برگردانید.","ham"
"صورت‌جلسه پروژه الف پیوست شده است. لطفا امضا و تا دوشنبه برگردانید.","ham"
"صورت‌جلسه پروژه الف پیوست شده است. لطفا امضا و تا شنبه برگردانید.","ham"
"صورت‌جلسه پروژه رها پیوست شده است. لطفا امضا و تا یکشنبه برگردانید.","ham"
"صورت‌جلسه پروژه وب‌سایت پیوست شده است. لطفا امضا و تا دوشنبه برگردانید.","ham"
"صورت‌جلسه پروژه وب‌سایت پیوست شده است. لطفا امضا و تا شنبه برگردانید.","ham"
"صورت‌جلسه کمپین نوروزی پیوست شده است. لطفا امضا و تا شنبه برگردانید.","ham"
"صورت‌جلسه گزارش ماهانه پیوست شده است. لطفا امضا و تا جمعه برگردانید.","ham"
"عالی بود","ham"
"عالی بود 🌙","ham"
"عالی بود، خبرم کن","ham"
"علی تولدش جمعه هست، کادو چی بگیریم؟","ham"
"علی زنگ زد، کار داشت. یه زنگ بهش بزن.","ham"
"عکس‌های جمعه رو برام بفرست لطفاً.","ham"
"عکس‌های دوشنبه رو برام بفرست لطفاً.","ham"
"عکس‌های سه‌شنبه رو برام بفرست لطفاً.","ham"
"عکس‌های شنبه رو برام بفرست لطفاً.","ham"
"عکس‌های پنجشنبه رو برام بفرست لطفاً.","ham"
"عکس‌های چهارشنبه رو برام بفرست لطفاً.","ham"
"عکس‌های یکشنبه رو برام بفرست لطفاً.","ham"
"غذای دوشنبه چی درست کنم؟","ham"
"غذای سه‌شنبه چی درست کنم؟","ham"
"غذای شنبه چی درست کنم؟","ham"
"غذای چهارشنبه چی درست کنم؟","ham"
"غذای یکشنبه چی درست کنم؟","ham"
"فاطمه تولدش چهارشنبه هست، کادو چی بگیریم؟","ham"
"فاطمه جان، حله","ham"
"فاطمه جان، دمت گرم","ham"
"فاطمه جان، منتظرتم","ham"
"فاکتور خرید 11/7 شما به ایمیل‌تان ارسال شد. از اعتماد شما سپاسگزاریم.","ham"
"فاکتور خرید 11/9 شما به ایمیل‌تان ارسال شد. از اعتماد شما سپاسگزاریم.","ham"
"فاکتور خرید 13/9 شما به ایمیل‌تان ارسال شد. از اعتماد شما سپاسگزاریم.","ham"
"فاکتور خرید 2/11 شما به ایمیل‌تان ارسال شد. از اعتماد شما سپاسگزاریم.","ham"
"فاکتور خرید 2/8 شما به ایمیل‌تان ارسال شد. از اعتماد شما سپاسگزاریم.","ham"
"فاکتور خرید 22/9 شما به ایمیل‌تان ارسال شد. از اعتماد شما سپاسگزاریم.","ham"
"فاکتور خرید 25/7 شما به ایمیل‌تان ارسال شد. از اعتماد شما سپاسگزاریم.","ham"
"فاکتور خرید 25/8 شما به ایمیل‌تان ارسال شد. از اعتماد شما سپاسگزاریم.","ham"
"فاکتور خرید 28/8 شما به ایمیل‌تان ارسال شد. از اعتماد شما سپاسگزاریم.","ham"
"فاکتور خرید 4/7 شما به ایمیل‌تان ارسال شد. از اعتماد شما سپاسگزاریم.","ham"
"فاکتور خرید 5/8 شما به ایمیل‌تان ارسال شد. از اعتماد شما سپاسگزاریم.","ham"
"فاکتور خرید 6/10 شما به ایمیل‌تان ارسال شد. از اعتماد شما سپاسگزاریم.","ham"
"فاکتور خرید 6/9 شما به ایمیل‌تان ارسال شد. از اعتماد شما سپاسگزاریم.","ham"
"فاکتور خرید 7/8 شما به ایمیل‌تان ارسال شد. از اعتماد شما سپاسگزاریم.","ham"
"فاکتور خرید 7/9 شما به ایمیل‌تان ارسال شد. از اعتماد شما سپاسگزاریم.","ham"
"فاکتور خرید 8/7 شما به ایمیل‌تان ارسال شد. از اعتماد شما سپاسگزاریم.","ham"
"فایل صوتی جلسه جمعه درباره داشبورد فروش در پوشه مشترک قرار گرفت.","ham"
"فایل صوتی جلسه جمعه درباره سامانه انبار در پوشه مشترک قرار گرفت.","ham"
"فایل صوتی جلسه جمعه درباره کمپین نوروزی در پوشه مشترک قرار گرفت.","ham"
"فایل صوتی جلسه دوشنبه درباره داکیومنت فنی در پوشه مشترک قرار گرفت.","ham"
"فایل صوتی جلسه دوشنبه درباره سامانه تیکت در پوشه مشترک قرار گرفت.","ham"
"فایل صوتی جلسه دوشنبه درباره سامانه حضور و غیاب در پوشه مشترک قرار گرفت.","ham"
"فایل صوتی جلسه دوشنبه درباره پروژه رها در پوشه مشترک قرار گرفت.","ham"
"فایل صوتی جلسه سه‌شنبه درباره سامانه انبار در پوشه مشترک قرار گرفت.","ham"
"فایل صوتی جلسه سه‌شنبه درباره پروژه الف در پوشه مشترک قرار گرفت.","ham"
"فایل صوتی جلسه سه‌شنبه درباره کمپین نوروزی در پوشه مشترک قرار گرفت.","ham"
"فایل صوتی جلسه شنبه درباره اپلیکیشن مشتریان در پوشه مشترک قرار گرفت.","ham"
"فایل صوتی جلسه شنبه درباره داشبورد فروش در پوشه مشترک قرار گرفت.","ham"
"فایل صوتی جلسه شنبه درباره داکیومنت فنی در پوشه مشترک قرار گرفت.","ham"
"فایل صوتی جلسه شنبه درباره گزارش ماهانه در پوشه مشترک قرار گرفت.","ham"
"فایل صوتی جلسه پنجشنبه درباره اپلیکیشن مشتریان در پوشه مشترک قرار گرفت.","ham"
"فایل صوتی جلسه پنجشنبه درباره داکیومنت فنی در پوشه مشترک قرار گرفت.","ham"
"فایل صوتی جلسه پنجشنبه درباره پروژه آرشیو در پوشه مشترک قرار گرفت.","ham"
"فایل صوتی جلسه چهارشنبه درباره اپلیکیشن مشتریان در پوشه مشترک قرار گرفت.","ham"
"فایل صوتی جلسه چهارشنبه درباره پروژه الف در پوشه مشترک قرار گرفت.","ham"
"فایل صوتی جلسه یکشنبه درباره پروژه الف در پوشه مشترک قرار گرفت.","ham"
"فردا ناهار خونه ما باشید. آرش هم میاد.","ham"
"فردا ناهار خونه ما باشید. الهام هم میاد.","ham"
"فردا ناهار خونه ما باشید. امیر هم میاد.","ham"
"فردا ناهار خونه ما باشید. بهنام هم میاد.","ham"
"فردا ناهار خونه ما باشید. حامد هم میاد.","ham"
"فردا ناهار خونه ما باشید. حسین هم میاد.","ham"
"فردا ناهار خونه ما باشید. شبنم هم میاد.","ham"
"فردا ناهار خونه ما باشید. مینا هم میاد.","ham"
"فردا ناهار خونه ما باشید. پریسا هم میاد.","ham"
"فردا ناهار خونه ما باشید. کاوه هم میاد.","ham"
"قبض تلفن اومده، پرداختش کردم.","ham"
"قرارداد همکاری مربوط به اپلیکیشن مشتریان برای امضا آماده است. لطفا به واحد منابع انسانی مراجعه کنید.","ham"
"قرارداد همکاری مربوط به داشبورد فروش برای امضا آماده است. لطفا به واحد منابع انسانی مراجعه کنید.","ham"
"قرارداد همکاری مربوط به داکیومنت فنی برای امضا آماده است. لطفا به واحد منابع انسانی مراجعه کنید.","ham"
"قرارداد همکاری مربوط به سامانه انبار برای امضا آماده است. لطفا به واحد منابع انسانی مراجعه کنید.","ham"
"قرارداد همکاری مربوط به سامانه تیکت برای امضا آماده است. لطفا به واحد منابع انسانی مراجعه کنید.","ham"
"قرارداد همکاری مربوط به پروژه آرشیو برای امضا آماده است. لطفا به واحد منابع انسانی مراجعه کنید.","ham"
"قرارداد همکاری مربوط به پروژه رها برای امضا آماده است. لطفا به واحد منابع انسانی مراجعه کنید.","ham"
"قرارداد همکاری مربوط به پروژه وب‌سایت برای امضا آماده است. لطفا به واحد منابع انسانی مراجعه کنید.","ham"
"قرارداد همکاری مربوط به کمپین نوروزی برای امضا آماده است. لطفا به واحد منابع انسانی مراجعه کنید.","ham"
"قرارداد همکاری مربوط به گزارش ماهانه برای امضا آماده است. لطفا به واحد منابع انسانی مراجعه کنید.","ham"
"قربونت","ham"
"قربونت 🙏","ham"
"قربونت، شب می‌بینمت","ham"
"لوکیشن فرستادم، همون آدرس رو بزن.","ham"
"لیست نیازمندی‌های داشبورد فروش را پیوست کردم. لطفا بررسی و تا جمعه اعلام نظر کنید.","ham"
"لیست نیازمندی‌های داشبورد فروش را پیوست کردم. لطفا بررسی و تا دوشنبه اعلام نظر کنید.","ham"
"لیست نیازمندی‌های داشبورد فروش را پیوست کردم. لطفا بررسی و تا چهارشنبه اعلام نظر کنید.","ham"
"لیست نیازمندی‌های داکیومنت فنی را پیوست کردم. لطفا بررسی و تا جمعه اعلام نظر کنید.","ham"
"لیست نیازمندی‌های داکیومنت فنی را پیوست کردم. لطفا بررسی و تا دوشنبه اعلام نظر کنید.","ham"
"لیست نیازمندی‌های داکیومنت فنی را پیوست کردم. لطفا بررسی و تا یکشنبه اعلام نظر کنید.","ham"
"لیست نیازمندی‌های سامانه انبار را پیوست کردم. لطفا بررسی و تا پنجشنبه اعلام نظر کنید.","ham"
"لیست نیازمندی‌های سامانه تیکت را پیوست کردم. لطفا بررسی و تا دوشنبه اعلام نظر کنید.","ham"
"لیست نیازمندی‌های سامانه حضور و غیاب را پیوست کردم. لطفا بررسی و تا جمعه اعلام نظر کنید.","ham"
"لیست نیازمندی‌های پروژه الف را پیوست کردم. لطفا بررسی و تا یکشنبه اعلام نظر کنید.","ham"
"لیست نیازمندی‌های پروژه رها را پیوست کردم. لطفا بررسی و تا پنجشنبه اعلام نظر کنید.","ham"
"لیست نیازمندی‌های پروژه وب‌سایت را پیوست کردم. لطفا بررسی و تا پنجشنبه اعلام نظر کنید.","ham"
"لیست نیازمندی‌های پروژه وب‌سایت را پیوست کردم. لطفا بررسی و تا چهارشنبه اعلام نظر کنید.","ham"
"لیست نیازمندی‌های پروژه وب‌سایت را پیوست کردم. لطفا بررسی و تا یکشنبه اعلام نظر کنید.","ham"
"لیست نیازمندی‌های کمپین نوروزی را پیوست کردم. لطفا بررسی و تا جمعه اعلام نظر کنید.","ham"
"لیست نیازمندی‌های کمپین نوروزی را پیوست کردم. لطفا بررسی و تا پنجشنبه اعلام نظر کنید.","ham"
"لیست نیازمندی‌های گزارش ماهانه را پیوست کردم. لطفا بررسی و تا جمعه اعلام نظر کنید.","ham"
"لیست نیازمندی‌های گزارش ماهانه را پیوست کردم. لطفا بررسی و تا سه‌شنبه اعلام نظر کنید.","ham"
"لیست نیازمندی‌های گزارش ماهانه را پیوست کردم. لطفا بررسی و تا شنبه اعلام نظر کنید.","ham"
"لیست نیازمندی‌های گزارش ماهانه را پیوست کردم. لطفا بررسی و تا پنجشنبه اعلام نظر کنید.","ham"
"لیست نیازمندی‌های گزارش ماهانه را پیوست کردم. لطفا بررسی و تا یکشنبه اعلام نظر کنید.","ham"
"لیلا تولدش دوشنبه هست، کادو چی بگیریم؟","ham"
"لینک جلسه آنلاین اپلیکیشن مشتریان برای دوشنبه ساعت ۱۱:۳۰ خدمت شما ارسال شد.","ham"
"لینک جلسه آنلاین داشبورد فروش برای جمعه ساعت ۱۷ خدمت شما ارسال شد.","ham"
"لینک جلسه آنلاین داشبورد فروش برای شنبه ساعت ۲۰ خدمت شما ارسال شد.","ham"
"لینک جلسه آنلاین داشبورد فروش برای پنجشنبه ساعت ۹ خدمت شما ارسال شد.","ham"
"لینک جلسه آنلاین داشبورد فروش برای چهارشنبه ساعت ۸ خدمت شما ارسال شد.","ham"
"لینک جلسه آنلاین داکیومنت فنی برای دوشنبه ساعت ۱۹ خدمت شما ارسال شد.","ham"
"لینک جلسه آنلاین داکیومنت فنی برای پنجشنبه ساعت ۸ خدمت شما ارسال شد.","ham"
"لینک جلسه آنلاین داکیومنت فنی برای چهارشنبه ساعت ۲۰ خدمت شما ارسال شد.","ham"
"لینک جلسه آنلاین سامانه انبار برای پنجشنبه ساعت ۱۱:۳۰ خدمت شما ارسال شد.","ham"
"لینک جلسه آنلاین سامانه انبار برای یکشنبه ساعت ۱۰ خدمت شما ارسال شد.","ham"
"لینک جلسه آنلاین سامانه تیکت برای جمعه ساعت ۲۰ خدمت شما ارسال شد.","ham"
"لینک جلسه آنلاین سامانه تیکت برای سه‌شنبه ساعت ۸ خدمت شما ارسال شد.","ham"
"لینک جلسه آنلاین سامانه حضور و غیاب برای شنبه ساعت ۹:۳۰ خدمت شما ارسال شد.","ham"
"لینک جلسه آنلاین سامانه حضور و غیاب برای پنجشنبه ساعت ۱۹ خدمت شما ارسال شد.","ham"
"لینک جلسه آنلاین سامانه حضور و غیاب برای پنجشنبه ساعت ۲۰ خدمت شما ارسال شد.","ham"
"لینک جلسه آنلاین پروژه آرشیو برای دوشنبه ساعت ۱۶ خدمت شما ارسال شد.","ham"
"لینک جلسه آنلاین پروژه الف برای پنجشنبه ساعت ۱۱:۳۰ خدمت شما ارسال شد.","ham"
"لینک جلسه آنلاین پروژه رها برای شنبه ساعت ۱۱:۳۰ خدمت شما ارسال شد.","ham"
"لینک جلسه آنلاین پروژه وب‌سایت برای سه‌شنبه ساعت ۸ خدمت شما ارسال شد.","ham"
"لینک جلسه آنلاین پروژه وب‌سایت برای چهارشنبه ساعت ۱۹ خدمت شما ارسال شد.","ham"
"لینک جلسه آنلاین کمپین نوروزی برای یکشنبه ساعت ۱۱:۳۰ خدمت شما ارسال شد.","ham"
"لینک جلسه آنلاین کمپین نوروزی برای یکشنبه ساعت ۹ خدمت شما ارسال شد.","ham"
"ماشین رو بردم تنظیم، 10 هزار شد.","ham"
"ماشین رو بردم تنظیم، 15 هزار شد.","ham"
"ماشین رو بردم تنظیم، 20 هزار شد.","ham"
"ماشین رو بردم تنظیم، 30 هزار شد.","ham"
"ماشین رو بردم تنظیم، 5 هزار شد.","ham"
"مرخصی درخواستی شما از جمعه تایید شد. تحویل کار را با رضا هماهنگ کنید.","ham"
"مرخصی درخواستی شما از شنبه تایید شد. تحویل کار را با آرش هماهنگ کنید.","ham"
"مرخصی درخواستی شما از شنبه تایید شد. تحویل کار را با حسین هماهنگ کنید.","ham"
"مرخصی درخواستی شما از شنبه تایید شد. تحویل کار را با رضا هماهنگ کنید.","ham"
"مرخصی درخواستی شما از شنبه تایید شد. تحویل کار را با مریم هماهنگ کنید.","ham"
"مرخصی درخواستی شما از شنبه تایید شد. تحویل کار را با پریسا هماهنگ کنید.","ham"
"مرخصی درخواستی شما از پنجشنبه تایید شد. تحویل کار را با سعید هماهنگ کنید.","ham"
"مرخصی درخواستی شما از پنجشنبه تایید شد. تحویل کار را با مینا هماهنگ کنید.","ham"
"مرخصی درخواستی شما از چهارشنبه تایید شد. تحویل کار را با سعید هماهنگ کنید.","ham"
"مرخصی درخواستی شما از چهارشنبه تایید شد. تحویل کار را با مهدی هماهنگ کنید.","ham"
"مرخصی درخواستی شما از یکشنبه تایید شد. تحویل کار را با حامد هماهنگ کنید.","ham"
"مرخصی درخواستی شما از یکشنبه تایید شد. تحویل کار را با رضا هماهنگ کنید.","ham"
"مرخصی درخواستی شما از یکشنبه تایید شد. تحویل کار را با شبنم هماهنگ کنید.","ham"
"مرخصی درخواستی شما از یکشنبه تایید شد. تحویل کار را با لیلا هماهنگ کنید.","ham"
"مرسوله 11814507 در حال حرکت به سمت کرج است. تخمین تحویل: 13/10.","ham"
"مرسوله 119006258 در حال حرکت به سمت یزد است. تخمین تحویل: 11/9.","ham"
"مرسوله 141073343 در حال حرکت به سمت کرمان است. تخمین تحویل: 8/11.","ham"
"مرسوله 187861740 در حال حرکت به سمت کرج است. تخمین تحویل: 15/9.","ham"
"مرسوله 20068045 در حال حرکت به سمت یزد است. تخمین تحویل: 8/11.","ham"
"مرسوله 332723063 در حال حرکت به سمت تبریز است. تخمین تحویل: 5/11.","ham"
"مرسوله 341200684 در حال حرکت به سمت اصفهان است. تخمین تحویل: 8/7.","ham"
"مرسوله 393867448 در حال حرکت به سمت مشهد است. تخمین تحویل: 22/10.","ham"
"مرسوله 424608591 در حال حرکت به سمت تبریز است. تخمین تحویل: 23/8.","ham"
"مرسوله 500107157 در حال حرکت به سمت یزد است. تخمین تحویل: 7/8.","ham"
"مرسوله 519620305 در حال حرکت به سمت قم است. تخمین تحویل: 10/8.","ham"
"مرسوله 545382523 در حال حرکت به سمت رشت است. تخمین تحویل: 22/8.","ham"
"مرسوله 608097822 در حال حرکت به سمت تهران است. تخمین تحویل: 10/10.","ham"
"مرسوله 613829441 در حال حرکت به سمت مشهد است. تخمین تحویل: 3/10.","ham"
"مرسوله 629518146 در حال حرکت به سمت شیراز است. تخمین تحویل: 28/8.","ham"
"مرسوله 667429545 در حال حرکت به سمت یزد است. تخمین تحویل: 1/12.","ham"
"مرسوله 675747865 در حال حرکت به سمت مشهد است. تخمین تحویل: 6/12.","ham"
"مرسوله 711815623 در حال حرکت به سمت تهران است. تخمین تحویل: 21/12.","ham"
"مرسوله 712912832 در حال حرکت به سمت مشهد است. تخمین تحویل: 10/10.","ham"
"مرسوله 729849148 در حال حرکت به سمت یزد است. تخمین تحویل: 1/8.","ham"
"مرسوله 74808370 در حال حرکت به سمت یزد است. تخمین تحویل: 22/8.","ham"
"مرسوله 757399541 در حال حرکت به سمت شیراز است. تخمین تحویل: 27/10.","ham"
"مرسوله 819490408 در حال حرکت به سمت رشت است. تخمین تحویل: 24/8.","ham"
"مرسوله 825768747 در حال حرکت به سمت رشت است. تخمین تحویل: 24/8.","ham"
"مرسوله 82953496 در حال حرکت به سمت تبریز است. تخمین تحویل: 1/10.","ham"
"مرسوله 888168774 در حال حرکت به سمت یزد است. تخمین تحویل: 2/11.","ham"
"مرسوله 91978979 در حال حرکت به سمت اصفهان است. تخمین تحویل: 10/8.","ham"
"مرسوله 928855489 در حال حرکت به سمت شیراز است. تخمین تحویل: 1/12.","ham"
"مرسوله 937558802 در حال حرکت به سمت رشت است. تخمین تحویل: 10/10.","ham"
"مرسوله 983386322 در حال حرکت به سمت کرج است. تخمین تحویل: 28/12.","ham"
"مرسوله اداری داشبورد فروش به دفتر مرکزی تحویل شد. برای دریافت به واحد اداری مراجعه کنید.","ham"
"مرسوله اداری داکیومنت فنی به دفتر مرکزی تحویل شد. برای دریافت به واحد اداری مراجعه کنید.","ham"
"مرسوله اداری سامانه انبار به دفتر مرکزی تحویل شد. برای دریافت به واحد اداری مراجعه کنید.","ham"
"مرسوله اداری سامانه حضور و غیاب به دفتر مرکزی تحویل شد. برای دریافت به واحد اداری مراجعه کنید.","ham"
"مرسوله اداری پروژه آرشیو به دفتر مرکزی تحویل شد. برای دریافت به واحد اداری مراجعه کنید.","ham"
"مرسوله اداری پروژه رها به دفتر مرکزی تحویل شد. برای دریافت به واحد اداری مراجعه کنید.","ham"
"مرسوله اداری پروژه وب‌سایت به دفتر مرکزی تحویل شد. برای دریافت به واحد اداری مراجعه کنید.","ham"
"مرسوله اداری کمپین نوروزی به دفتر مرکزی تحویل شد. برای دریافت به واحد اداری مراجعه کنید.","ham"
"مرسوله اداری گزارش ماهانه به دفتر مرکزی تحویل شد. برای دریافت به واحد اداری مراجعه کنید.","ham"
"مرسی","ham"
"مرسی 🙏","ham"
"مرسی، خبرم کن","ham"
"مریم تولدش سه‌شنبه هست، کادو چی بگیریم؟","ham"
"مریم تولدش پنجشنبه هست، کادو چی بگیریم؟","ham"
"مریم جان، دمت گرم داداش","ham"
"مریم جان، عالی بود","ham"
"مشترک گرامی، بسته اینترنت شما 1/8 منقضی می‌شود. برای تمدید از اپلیکیشن یا کد دستوری اقدام کنید.","ham"
"مشترک گرامی، بسته اینترنت شما 1/9 منقضی می‌شود. برای تمدید از اپلیکیشن یا کد دستوری اقدام کنید.","ham"
"مشترک گرامی، بسته اینترنت شما 10/7 منقضی می‌شود. برای تمدید از اپلیکیشن یا کد دستوری اقدام کنید.","ham"
"مشترک گرامی، بسته اینترنت شما 10/8 منقضی می‌شود. برای تمدید از اپلیکیشن یا کد دستوری اقدام کنید.","ham"
"مشترک گرامی، بسته اینترنت شما 11/9 منقضی می‌شود. برای تمدید از اپلیکیشن یا کد دستوری اقدام کنید.","ham"
"مشترک گرامی، بسته اینترنت شما 13/7 منقضی می‌شود. برای تمدید از اپلیکیشن یا کد دستوری اقدام کنید.","ham"
"مشترک گرامی، بسته اینترنت شما 13/9 منقضی می‌شود. برای تمدید از اپلیکیشن یا کد دستوری اقدام کنید.","ham"
"مشترک گرامی، بسته اینترنت شما 15/9 منقضی می‌شود. برای تمدید از اپلیکیشن یا کد دستوری اقدام کنید.","ham"
"مشترک گرامی، بسته اینترنت شما 18/7 منقضی می‌شود. برای تمدید از اپلیکیشن یا کد دستوری اقدام کنید.","ham"
"مشترک گرامی، بسته اینترنت شما 2/10 منقضی می‌شود. برای تمدید از اپلیکیشن یا کد دستوری اقدام کنید.","ham"
"مشترک گرامی، بسته اینترنت شما 2/11 منقضی می‌شود. برای تمدید از اپلیکیشن یا کد دستوری اقدام کنید.","ham"
"مشترک گرامی، بسته اینترنت شما 22/9 منقضی می‌شود. برای تمدید از اپلیکیشن یا کد دستوری اقدام کنید.","ham"
"مشترک گرامی، بسته اینترنت شما 26/9 منقضی می‌شود. برای تمدید از اپلیکیشن یا کد دستوری اقدام کنید.","ham"
"مشترک گرامی، بسته اینترنت شما 28/8 منقضی می‌شود. برای تمدید از اپلیکیشن یا کد دستوری اقدام کنید.","ham"
"مشترک گرامی، بسته اینترنت شما 3/10 منقضی می‌شود. برای تمدید از اپلیکیشن یا کد دستوری اقدام کنید.","ham"
"مشترک گرامی، بسته اینترنت شما 6/10 منقضی می‌شود. برای تمدید از اپلیکیشن یا کد دستوری اقدام کنید.","ham"
"مشترک گرامی، بسته اینترنت شما 6/9 منقضی می‌شود. برای تمدید از اپلیکیشن یا کد دستوری اقدام کنید.","ham"
"مشترک گرامی، بسته اینترنت شما 7/7 منقضی می‌شود. برای تمدید از اپلیکیشن یا کد دستوری اقدام کنید.","ham"
"مشترک گرامی، بسته اینترنت شما 8/7 منقضی می‌شود. برای تمدید از اپلیکیشن یا کد دستوری اقدام کنید.","ham"
"مشتری گرامی، برداشت از حساب شما به مبلغ ۱,۲۰۰,۰۰۰ ریال در ساعت ۱۱ انجام شد. موجودی: ۳,۸۰۰,۰۰۰ ریال.","ham"
"مشتری گرامی، برداشت از حساب شما به مبلغ ۱,۲۰۰,۰۰۰ ریال در ساعت ۱۲ انجام شد. موجودی: ۳,۸۰۰,۰۰۰ ریال.","ham"
"مشتری گرامی، برداشت از حساب شما به مبلغ ۱,۲۰۰,۰۰۰ ریال در ساعت ۱۴ انجام شد. موجودی: ۱۲,۵۰۰,۰۰۰ ریال.","ham"
"مشتری گرامی، برداشت از حساب شما به مبلغ ۱,۲۰۰,۰۰۰ ریال در ساعت ۱۹ انجام شد. موجودی: ۳,۸۰۰,۰۰۰ ریال.","ham"
"مشتری گرامی، برداشت از حساب شما به مبلغ ۱,۵۰۰,۰۰۰ ریال در ساعت ۱۰ انجام شد. موجودی: ۸۰۰,۰۰۰ ریال.","ham"
"مشتری گرامی، برداشت از حساب شما به مبلغ ۱,۵۰۰,۰۰۰ ریال در ساعت ۹:۳۰ انجام شد. موجودی: ۱۲,۵۰۰,۰۰۰ ریال.","ham"
"مشتری گرامی، برداشت از حساب شما به مبلغ ۱۲,۵۰۰,۰۰۰ ریال در ساعت ۱۴ انجام شد. موجودی: ۳,۸۰۰,۰۰۰ ریال.","ham"
"مشتری گرامی، برداشت از حساب شما به مبلغ ۱۲,۵۰۰,۰۰۰ ریال در ساعت ۹:۳۰ انجام شد. موجودی: ۱۲,۵۰۰,۰۰۰ ریال.","ham"
"مشتری گرامی، برداشت از حساب شما به مبلغ ۲,۳۰۰,۰۰۰ ریال در ساعت ۱۱ انجام شد. موجودی: ۵,۶۰۰,۰۰۰ ریال.","ham"
"مشتری گرامی، برداشت از حساب شما به مبلغ ۲,۳۰۰,۰۰۰ ریال در ساعت ۱۲ انجام شد. موجودی: ۲,۳۰۰,۰۰۰ ریال.","ham"
"مشتری گرامی، برداشت از حساب شما به مبلغ ۳,۸۰۰,۰۰۰ ریال در ساعت ۱۷ انجام شد. موجودی: ۱,۵۰۰,۰۰۰ ریال.","ham"
"مشتری گرامی، برداشت از حساب شما به مبلغ ۳,۸۰۰,۰۰۰ ریال در ساعت ۲۰ انجام شد. موجودی: ۵,۶۰۰,۰۰۰ ریال.","ham"
"مشتری گرامی، برداشت از حساب شما به مبلغ ۳,۸۰۰,۰۰۰ ریال در ساعت ۲۰ انجام شد. موجودی: ۵۰۰,۰۰۰ ریال.","ham"
"مشتری گرامی، برداشت از حساب شما به مبلغ ۳۵۰,۰۰۰ ریال در ساعت ۱۲ انجام شد. موجودی: ۱۲,۵۰۰,۰۰۰ ریال.","ham"
"مشتری گرامی، برداشت از حساب شما به مبلغ ۳۵۰,۰۰۰ ریال در ساعت ۱۶ انجام شد. موجودی: ۱,۵۰۰,۰۰۰ ریال.","ham"
"مشتری گرامی، برداشت از حساب شما به مبلغ ۳۵۰,۰۰۰ ریال در ساعت ۱۷ انجام شد. موجودی: ۱۲,۵۰۰,۰۰۰ ریال.","ham"
"مشتری گرامی، برداشت از حساب شما به مبلغ ۵,۶۰۰,۰۰۰ ریال در ساعت ۱۱:۳۰ انجام شد. موجودی: ۸۰۰,۰۰۰ ریال.","ham"
"مشتری گرامی، برداشت از حساب شما به مبلغ ۵,۶۰۰,۰۰۰ ریال در ساعت ۲۰ انجام شد. موجودی: ۱,۲۰۰,۰۰۰ ریال.","ham"
"مشتری گرامی، برداشت از حساب شما به مبلغ ۵۰۰,۰۰۰ ریال در ساعت ۱۰ انجام شد. موجودی: ۳۵۰,۰۰۰ ریال.","ham"
"مشتری گرامی، برداشت از حساب شما به مبلغ ۷,۹۰۰,۰۰۰ ریال در ساعت ۱۰ انجام شد. موجودی: ۵۰۰,۰۰۰ ریال.","ham"
"مشتری گرامی، برداشت از حساب شما به مبلغ ۷,۹۰۰,۰۰۰ ریال در ساعت ۱۸ انجام شد. موجودی: ۸۰۰,۰۰۰ ریال.","ham"
"مشتری گرامی، برداشت از حساب شما به مبلغ ۸۰۰,۰۰۰ ریال در ساعت ۱۵ انجام شد. موجودی: ۳,۸۰۰,۰۰۰ ریال.","ham"
"مشتری گرامی، برداشت از حساب شما به مبلغ ۸۰۰,۰۰۰ ریال در ساعت ۱۶ انجام شد. موجودی: ۲,۳۰۰,۰۰۰ ریال.","ham"
"مشتری گرامی، سقف برداشت روزانه شما ۱,۲۰۰,۰۰۰ ریال است.","ham"
"مشتری گرامی، سقف برداشت روزانه شما ۱,۵۰۰,۰۰۰ ریال است.","ham"
"مشتری گرامی، سقف برداشت روزانه شما ۱۲,۵۰۰,۰۰۰ ریال است.","ham"
"مشتری گرامی، سقف برداشت روزانه شما ۲,۳۰۰,۰۰۰ ریال است.","ham"
"مشتری گرامی، سقف برداشت روزانه شما ۳,۸۰۰,۰۰۰ ریال است.","ham"
"مشتری گرامی، سقف برداشت روزانه شما ۳۵۰,۰۰۰ ریال است.","ham"
"مشتری گرامی، سقف برداشت روزانه شما ۵,۶۰۰,۰۰۰ ریال است.","ham"
"مشتری گرامی، سقف برداشت روزانه شما ۵۰۰,۰۰۰ ریال است.","ham"
"مشتری گرامی، سقف برداشت روزانه شما ۷,۹۰۰,۰۰۰ ریال است.","ham"
"مشتری گرامی، صورتحساب ماه آبان شما در همراه بانک قابل مشاهده است.","ham"
"مشتری گرامی، صورتحساب ماه اسفند شما در همراه بانک قابل مشاهده است.","ham"
"مشتری گرامی، صورتحساب ماه بهمن شما در همراه بانک قابل مشاهده است.","ham"
"مشتری گرامی، صورتحساب ماه تیر شما در همراه بانک قابل مشاهده است.","ham"
"مشتری گرامی، صورتحساب ماه خرداد شما در همراه بانک قابل مشاهده است.","ham"
"مشتری گرامی، صورتحساب ماه دی شما در همراه بانک قابل مشاهده است.","ham"
"مشتری گرامی، صورتحساب ماه شهریور شما در همراه بانک قابل مشاهده است.","ham"
"مشتری گرامی، صورتحساب ماه فروردین شما در همراه بانک قابل مشاهده است.","ham"
"مشتری گرامی، صورتحساب ماه مرداد شما در همراه بانک قابل مشاهده است.","ham"
"مشتری گرامی، صورتحساب ماه مهر شما در همراه بانک قابل مشاهده است.","ham"
"مشتری گرامی، قسط تسهیلات شما به مبلغ ۱,۲۰۰,۰۰۰ ریال در تاریخ 1/8 سررسید می‌شود.","ham"
"مشتری گرامی، قسط تسهیلات شما به مبلغ ۱,۵۰۰,۰۰۰ ریال در تاریخ 1/10 سررسید می‌شود.","ham"
"مشتری گرامی، قسط تسهیلات شما به مبلغ ۱,۵۰۰,۰۰۰ ریال در تاریخ 10/9 سررسید می‌شود.","ham"
"مشتری گرامی، قسط تسهیلات شما به مبلغ ۱,۵۰۰,۰۰۰ ریال در تاریخ 8/7 سررسید می‌شود.","ham"
"مشتری گرامی، قسط تسهیلات شما به مبلغ ۱۲,۵۰۰,۰۰۰ ریال در تاریخ 3/10 سررسید می‌شود.","ham"
"مشتری گرامی، قسط تسهیلات شما به مبلغ ۲,۳۰۰,۰۰۰ ریال در تاریخ 13/7 سررسید می‌شود.","ham"
"مشتری گرامی، قسط تسهیلات شما به مبلغ ۲,۳۰۰,۰۰۰ ریال در تاریخ 13/9 سررسید می‌شود.","ham"
"مشتری گرامی، قسط تسهیلات شما به مبلغ ۲,۳۰۰,۰۰۰ ریال در تاریخ 28/8 سررسید می‌شود.","ham"
"مشتری گرامی، قسط تسهیلات شما به مبلغ ۲,۳۰۰,۰۰۰ ریال در تاریخ 6/10 سررسید می‌شود.","ham"
"مشتری گرامی، قسط تسهیلات شما به مبلغ ۳,۸۰۰,۰۰۰ ریال در تاریخ 22/10 سررسید می‌شود.","ham"
"مشتری گرامی، قسط تسهیلات شما به مبلغ ۳,۸۰۰,۰۰۰ ریال در تاریخ 5/8 سررسید می‌شود.","ham"
"مشتری گرامی، قسط تسهیلات شما به مبلغ ۳۵۰,۰۰۰ ریال در تاریخ 11/9 سررسید می‌شود.","ham"
"مشتری گرامی، قسط تسهیلات شما به مبلغ ۵,۶۰۰,۰۰۰ ریال در تاریخ 1/10 سررسید می‌شود.","ham"
"مشتری گرامی، قسط تسهیلات شما به مبلغ ۵,۶۰۰,۰۰۰ ریال در تاریخ 22/8 سررسید می‌شود.","ham"
"مشتری گرامی، قسط تسهیلات شما به مبلغ ۵,۶۰۰,۰۰۰ ریال در تاریخ 28/8 سررسید می‌شود.","ham"
"مشتری گرامی، قسط تسهیلات شما به مبلغ ۵,۶۰۰,۰۰۰ ریال در تاریخ 6/9 سررسید می‌شود.","ham"
"مشتری گرامی، قسط تسهیلات شما به مبلغ ۵۰۰,۰۰۰ ریال در تاریخ 10/7 سررسید می‌شود.","ham"
"مشتری گرامی، قسط تسهیلات شما به مبلغ ۷,۹۰۰,۰۰۰ ریال در تاریخ 2/10 سررسید می‌شود.","ham"
"مشتری گرامی، قسط تسهیلات شما به مبلغ ۸۰۰,۰۰۰ ریال در تاریخ 24/9 سررسید می‌شود.","ham"
"مشتری گرامی، قسط تسهیلات شما به مبلغ ۸۰۰,۰۰۰ ریال در تاریخ 3/10 سررسید می‌شود.","ham"
"مشتری گرامی، واریز به مبلغ ۱,۲۰۰,۰۰۰ ریال از طرف مریم به حساب شما انجام شد.","ham"
"مشتری گرامی، واریز به مبلغ ۱,۵۰۰,۰۰۰ ریال از طرف امیر به حساب شما انجام شد.","ham"
"مشتری گرامی، واریز به مبلغ ۱,۵۰۰,۰۰۰ ریال از طرف علی به حساب شما انجام شد.","ham"
"مشتری گرامی، واریز به مبلغ ۱,۵۰۰,۰۰۰ ریال از طرف لیلا به حساب شما انجام شد.","ham"
"مشتری گرامی، واریز به مبلغ ۱۲,۵۰۰,۰۰۰ ریال از طرف بهنام به حساب شما انجام شد.","ham"
"مشتری گرامی، واریز به مبلغ ۱۲,۵۰۰,۰۰۰ ریال از طرف سعید به حساب شما انجام شد.","ham"
"مشتری گرامی، واریز به مبلغ ۱۲,۵۰۰,۰۰۰ ریال از طرف شبنم به حساب شما انجام شد.","ham"
"مشتری گرامی، واریز به مبلغ ۲,۳۰۰,۰۰۰ ریال از طرف الهام به حساب شما انجام شد.","ham"
"مشتری گرامی، واریز به مبلغ ۲,۳۰۰,۰۰۰ ریال از طرف علی به حساب شما انجام شد.","ham"
"مشتری گرامی، واریز به مبلغ ۳,۸۰۰,۰۰۰ ریال از طرف بهنام به حساب شما انجام شد.","ham"
"مشتری گرامی، واریز به مبلغ ۵,۶۰۰,۰۰۰ ریال از طرف امیر به حساب شما انجام شد.","ham"
"مشتری گرامی، واریز به مبلغ ۵,۶۰۰,۰۰۰ ریال از طرف علی به حساب شما انجام شد.","ham"
"مشتری گرامی، واریز به مبلغ ۵,۶۰۰,۰۰۰ ریال از طرف پریسا به حساب شما انجام شد.","ham"
"مشتری گرامی، واریز به مبلغ ۵۰۰,۰۰۰ ریال از طرف حامد به حساب شما انجام شد.","ham"
"مشتری گرامی، واریز به مبلغ ۵۰۰,۰۰۰ ریال از طرف فاطمه به حساب شما انجام شد.","ham"
"مشتری گرامی، واریز به مبلغ ۵۰۰,۰۰۰ ریال از طرف لیلا به حساب شما انجام شد.","ham"
"مشتری گرامی، واریز به مبلغ ۵۰۰,۰۰۰ ریال از طرف مریم به حساب شما انجام شد.","ham"
"مشتری گرامی، واریز به مبلغ ۷,۹۰۰,۰۰۰ ریال از طرف فاطمه به حساب شما انجام شد.","ham"
"مشتری گرامی، واریز به مبلغ ۸۰۰,۰۰۰ ریال از طرف الهام به حساب شما انجام شد.","ham"
"مشتری گرامی، واریز به مبلغ ۸۰۰,۰۰۰ ریال از طرف پریسا به حساب شما انجام شد.","ham"
"ممنون بابت ارسال گزارش داشبورد فروش. فقط بخش جمع‌بندی نیاز به تکمیل دارد.","ham"
"ممنون بابت ارسال گزارش داکیومنت فنی. فقط بخش جمع‌بندی نیاز به تکمیل دارد.","ham"
"ممنون بابت ارسال گزارش سامانه انبار. فقط بخش جمع‌بندی نیاز به تکمیل دارد.","ham"
"ممنون بابت ارسال گزارش سامانه تیکت. فقط بخش جمع‌بندی نیاز به تکمیل دارد.","ham"
"ممنون بابت ارسال گزارش سامانه حضور و غیاب. فقط بخش جمع‌بندی نیاز به تکمیل دارد.","ham"
"ممنون بابت ارسال گزارش پروژه الف. فقط بخش جمع‌بندی نیاز به تکمیل دارد.","ham"
"ممنون بابت ارسال گزارش پروژه رها. فقط بخش جمع‌بندی نیاز به تکمیل دارد.","ham"
"ممنون بابت ارسال گزارش کمپین نوروزی. فقط بخش جمع‌بندی نیاز به تکمیل دارد.","ham"
"ممنون بابت ارسال گزارش گزارش ماهانه. فقط بخش جمع‌بندی نیاز به تکمیل دارد.","ham"
"من اومدم","ham"
"من اومدم 👍","ham"
"من اومدم، مراقب خودت باش","ham"
"منتظرتم","ham"
"منتظرتم ☀️","ham"
"منتظرتم، شب می‌بینمت","ham"
"مهدی زنگ زد، کار داشت. یه زنگ بهش بزن.","ham"
"مهلت تحویل اپلیکیشن مشتریان پایان هفته است. در صورت نیاز به زمان بیشتر تا سه‌شنبه اطلاع دهید.","ham"
"مهلت تحویل اپلیکیشن مشتریان پایان هفته است. در صورت نیاز به زمان بیشتر تا شنبه اطلاع دهید.","ham"
"مهلت تحویل داشبورد فروش پایان هفته است. در صورت نیاز به زمان بیشتر تا یکشنبه اطلاع دهید.","ham"
"مهلت تحویل داکیومنت فنی پایان هفته است. در صورت نیاز به زمان بیشتر تا سه‌شنبه اطلاع دهید.","ham"
"مهلت تحویل داکیومنت فنی پایان هفته است. در صورت نیاز به زمان بیشتر تا شنبه اطلاع دهید.","ham"
"مهلت تحویل داکیومنت فنی پایان هفته است. در صورت نیاز به زمان بیشتر تا پنجشنبه اطلاع دهید.","ham"
"مهلت تحویل سامانه انبار پایان هفته است. در صورت نیاز به زمان بیشتر تا جمعه اطلاع دهید.","ham"
"مهلت تحویل سامانه انبار پایان هفته است. در صورت نیاز به زمان بیشتر تا یکشنبه اطلاع دهید.","ham"
"مهلت تحویل سامانه تیکت پایان هفته است. در صورت نیاز به زمان بیشتر تا سه‌شنبه اطلاع دهید.","ham"
"مهلت تحویل سامانه تیکت پایان هفته است. در صورت نیاز به زمان بیشتر تا شنبه اطلاع دهید.","ham"
"مهلت تحویل سامانه تیکت پایان هفته است. در صورت نیاز به زمان بیشتر تا پنجشنبه اطلاع دهید.","ham"
"مهلت تحویل پروژه آرشیو پایان هفته است. در صورت نیاز به زمان بیشتر تا جمعه اطلاع دهید.","ham"
"مهلت تحویل پروژه آرشیو پایان هفته است. در صورت نیاز به زمان بیشتر تا دوشنبه اطلاع دهید.","ham"
"مهلت تحویل پروژه آرشیو پایان هفته است. در صورت نیاز به زمان بیشتر تا پنجشنبه اطلاع دهید.","ham"
"مهلت تحویل پروژه آرشیو پایان هفته است. در صورت نیاز به زمان بیشتر تا چهارشنبه اطلاع دهید.","ham"
"مهلت تحویل پروژه آرشیو پایان هفته است. در صورت نیاز به زمان بیشتر تا یکشنبه اطلاع دهید.","ham"
"مهلت تحویل پروژه الف پایان هفته است. در صورت نیاز به زمان بیشتر تا شنبه اطلاع دهید.","ham"
"مهلت تحویل پروژه رها پایان هفته است. در صورت نیاز به زمان بیشتر تا شنبه اطلاع دهید.","ham"
"مهلت تحویل پروژه رها پایان هفته است. در صورت نیاز به زمان بیشتر تا پنجشنبه اطلاع دهید.","ham"
"مهلت تحویل پروژه وب‌سایت پایان هفته است. در صورت نیاز به زمان بیشتر تا دوشنبه اطلاع دهید.","ham"
"مهلت تحویل پروژه وب‌سایت پایان هفته است. در صورت نیاز به زمان بیشتر تا سه‌شنبه اطلاع دهید.","ham"
"مهلت تحویل کمپین نوروزی پایان هفته است. در صورت نیاز به زمان بیشتر تا جمعه اطلاع دهید.","ham"
"مهلت تحویل کمپین نوروزی پایان هفته است. در صورت نیاز به زمان بیشتر تا یکشنبه اطلاع دهید.","ham"
"مهلت تحویل گزارش ماهانه پایان هفته است. در صورت نیاز به زمان بیشتر تا چهارشنبه اطلاع دهید.","ham"
"میزان باقی‌مانده بسته شما: 1 گیگابایت. مهلت استفاده تا 1/12.","ham"
"میزان باقی‌مانده بسته شما: 1 گیگابایت. مهلت استفاده تا 15/9.","ham"
"میزان باقی‌مانده بسته شما: 1 گیگابایت. مهلت استفاده تا 28/12.","ham"
"میزان باقی‌مانده بسته شما: 1 گیگابایت. مهلت استفاده تا 6/12.","ham"
"میزان باقی‌مانده بسته شما: 12 گیگابایت. مهلت استفاده تا 1/10.","ham"
"میزان باقی‌مانده بسته شما: 12 گیگابایت. مهلت استفاده تا 10/10.","ham"
"میزان باقی‌مانده بسته شما: 12 گیگابایت. مهلت استفاده تا 15/9.","ham"
"میزان باقی‌مانده بسته شما: 12 گیگابایت. مهلت استفاده تا 19/12.","ham"
"میزان باقی‌مانده بسته شما: 12 گیگابایت. مهلت استفاده تا 8/11.","ham"
"میزان باقی‌مانده بسته شما: 12 گیگابایت. مهلت استفاده تا 8/7.","ham"
"میزان باقی‌مانده بسته شما: 2 گیگابایت. مهلت استفاده تا 11/7.","ham"
"میزان باقی‌مانده بسته شما: 2 گیگابایت. مهلت استفاده تا 11/9.","ham"
"میزان باقی‌مانده بسته شما: 2 گیگابایت. مهلت استفاده تا 19/12.","ham"
"میزان باقی‌مانده بسته شما: 2 گیگابایت. مهلت استفاده تا 21/12.","ham"
"میزان باقی‌مانده بسته شما: 2 گیگابایت. مهلت استفاده تا 22/10.","ham"
"میزان باقی‌مانده بسته شما: 4 گیگابایت. مهلت استفاده تا 1/9.","ham"
"میزان باقی‌مانده بسته شما: 4 گیگابایت. مهلت استفاده تا 27/10.","ham"
"میزان باقی‌مانده بسته شما: 7 گیگابایت. مهلت استفاده تا 15/9.","ham"
"میزان باقی‌مانده بسته شما: 7 گیگابایت. مهلت استفاده تا 2/8.","ham"
"میزان باقی‌مانده بسته شما: 7 گیگابایت. مهلت استفاده تا 8/7.","ham"
"مینا تولدش پنجشنبه هست، کادو چی بگیریم؟","ham"
"مینا زنگ زد، کار داشت. یه زنگ بهش بزن.","ham"
"نتایج ارزیابی عملکرد فصل گذشته در پورتال سازمانی قرار گرفت.","ham"
"نتیجه بازی دیشب رو دیدی؟ باورم نمیشه!","ham"
"نتیجه درخواست شما در سامانه ثبت شد. کد پیگیری: 1066499.","ham"
"نتیجه درخواست شما در سامانه ثبت شد. کد پیگیری: 2322897.","ham"
"نتیجه درخواست شما در سامانه ثبت شد. کد پیگیری: 2524362.","ham"
"نتیجه درخواست شما در سامانه ثبت شد. کد پیگیری: 3201322.","ham"
"نتیجه درخواست شما در سامانه ثبت شد. کد پیگیری: 3432956.","ham"
"نتیجه درخواست شما در سامانه ثبت شد. کد پیگیری: 4682581.","ham"
"نتیجه درخواست شما در سامانه ثبت شد. کد پیگیری: 6036333.","ham"
"نتیجه درخواست شما در سامانه ثبت شد. کد پیگیری: 6703464.","ham"
"نتیجه درخواست شما در سامانه ثبت شد. کد پیگیری: 6834466.","ham"
"نتیجه درخواست شما در سامانه ثبت شد. کد پیگیری: 7010989.","ham"
"نتیجه درخواست شما در سامانه ثبت شد. کد پیگیری: 7208017.","ham"
"نتیجه درخواست شما در سامانه ثبت شد. کد پیگیری: 8740896.","ham"
"نتیجه درخواست شما در سامانه ثبت شد. کد پیگیری: 9573567.","ham"
"نتیجه درخواست شما در سامانه ثبت شد. کد پیگیری: 9668419.","ham"
"نتیجه درخواست شما در سامانه ثبت شد. کد پیگیری: 9875673.","ham"
"نتیجه سونوگرافی شما در سامانه بارگذاری شد. کد مشاهده: 18425.","ham"
"نتیجه سونوگرافی شما در سامانه بارگذاری شد. کد مشاهده: 24949.","ham"
"نتیجه سونوگرافی شما در سامانه بارگذاری شد. کد مشاهده: 33960.","ham"
"نتیجه سونوگرافی شما در سامانه بارگذاری شد. کد مشاهده: 34194.","ham"
"نتیجه سونوگرافی شما در سامانه بارگذاری شد. کد مشاهده: 34960.","ham"
"نتیجه سونوگرافی شما در سامانه بارگذاری شد. کد مشاهده: 37673.","ham"
"نتیجه سونوگرافی شما در سامانه بارگذاری شد. کد مشاهده: 39817.","ham"
"نتیجه سونوگرافی شما در سامانه بارگذاری شد. کد مشاهده: 46766.","ham"
"نتیجه سونوگرافی شما در سامانه بارگذاری شد. کد مشاهده: 48474.","ham"
"نتیجه سونوگرافی شما در سامانه بارگذاری شد. کد مشاهده: 49816.","ham"
"نتیجه سونوگرافی شما در سامانه بارگذاری شد. کد مشاهده: 50236.","ham"
"نتیجه سونوگرافی شما در سامانه بارگذاری شد. کد مشاهده: 52405.","ham"
"نتیجه سونوگرافی شما در سامانه بارگذاری شد. کد مشاهده: 52647.","ham"
"نتیجه سونوگرافی شما در سامانه بارگذاری شد. کد مشاهده: 52682.","ham"
"نتیجه سونوگرافی شما در سامانه بارگذاری شد. کد مشاهده: 52863.","ham"
"نتیجه سونوگرافی شما در سامانه بارگذاری شد. کد مشاهده: 54331.","ham"
"نتیجه سونوگرافی شما در سامانه بارگذاری شد. کد مشاهده: 54687.","ham"
"نتیجه سونوگرافی شما در سامانه بارگذاری شد. کد مشاهده: 55459.","ham"
"نتیجه سونوگرافی شما در سامانه بارگذاری شد. کد مشاهده: 59549.","ham"
"نتیجه سونوگرافی شما در سامانه بارگذاری شد. کد مشاهده: 62592.","ham"
"نتیجه سونوگرافی شما در سامانه بارگذاری شد. کد مشاهده: 64330.","ham"
"نتیجه سونوگرافی شما در سامانه بارگذاری شد. کد مشاهده: 64648.","ham"
"نتیجه سونوگرافی شما در سامانه بارگذاری شد. کد مشاهده: 68863.","ham"
"نتیجه سونوگرافی شما در سامانه بارگذاری شد. کد مشاهده: 71887.","ham"
"نتیجه سونوگرافی شما در سامانه بارگذاری شد. کد مشاهده: 74882.","ham"
"نتیجه سونوگرافی شما در سامانه بارگذاری شد. کد مشاهده: 75677.","ham"
"نتیجه سونوگرافی شما در سامانه بارگذاری شد. کد مشاهده: 82834.","ham"
"نتیجه سونوگرافی شما در سامانه بارگذاری شد. کد مشاهده: 84714.","ham"
"نتیجه سونوگرافی شما در سامانه بارگذاری شد. کد مشاهده: 84962.","ham"
"نتیجه سونوگرافی شما در سامانه بارگذاری شد. کد مشاهده: 87492.","ham"
"نتیجه سونوگرافی شما در سامانه بارگذاری شد. کد مشاهده: 89204.","ham"
"نتیجه سونوگرافی شما در سامانه بارگذاری شد. کد مشاهده: 89321.","ham"
"نتیجه سونوگرافی شما در سامانه بارگذاری شد. کد مشاهده: 89421.","ham"
"نتیجه سونوگرافی شما در سامانه بارگذاری شد. کد مشاهده: 89497.","ham"
"نتیجه سونوگرافی شما در سامانه بارگذاری شد. کد مشاهده: 91501.","ham"
"نتیجه سونوگرافی شما در سامانه بارگذاری شد. کد مشاهده: 92939.","ham"
"نتیجه سونوگرافی شما در سامانه بارگذاری شد. کد مشاهده: 93582.","ham"
"نرگس جان، ایول","ham"
"نسخه نهایی سند اپلیکیشن مشتریان بارگذاری شد. منتظر نظرات شما هستم.","ham"
"نسخه نهایی سند داشبورد فروش بارگذاری شد. منتظر نظرات شما هستم.","ham"
"نسخه نهایی سند داکیومنت فنی بارگذاری شد. منتظر نظرات شما هستم.","ham"
"نسخه نهایی سند سامانه انبار بارگذاری شد. منتظر نظرات شما هستم.","ham"
"نسخه نهایی سند سامانه حضور و غیاب بارگذاری شد. منتظر نظرات شما هستم.","ham"
"نسخه نهایی سند پروژه آرشیو بارگذاری شد. منتظر نظرات شما هستم.","ham"
"نسخه نهایی سند پروژه الف بارگذاری شد. منتظر نظرات شما هستم.","ham"
"نسخه نهایی سند پروژه وب‌سایت بارگذاری شد. منتظر نظرات شما هستم.","ham"
"نسخه نهایی سند کمپین نوروزی بارگذاری شد. منتظر نظرات شما هستم.","ham"
"نسخه نهایی سند گزارش ماهانه بارگذاری شد. منتظر نظرات شما هستم.","ham"
"نظرتان درباره سفارش 13624834 چیست؟ پاسخ شما برای بهبود خدمات ثبت می‌شود.","ham"
"نظرتان درباره سفارش 195363545 چیست؟ پاسخ شما برای بهبود خدمات ثبت می‌شود.","ham"
"نظرتان درباره سفارش 228381424 چیست؟ پاسخ شما برای بهبود خدمات ثبت می‌شود.","ham"
"نظرتان درباره سفارش 310352014 چیست؟ پاسخ شما برای بهبود خدمات ثبت می‌شود.","ham"
"نظرتان درباره سفارش 31820623 چیست؟ پاسخ شما برای بهبود خدمات ثبت می‌شود.","ham"
"نظرتان درباره سفارش 323767638 چیست؟ پاسخ شما برای بهبود خدمات ثبت می‌شود.","ham"
"نظرتان درباره سفارش 368196159 چیست؟ پاسخ شما برای بهبود خدمات ثبت می‌شود.","ham"
"نظرتان درباره سفارش 370741075 چیست؟ پاسخ شما برای بهبود خدمات ثبت می‌شود.","ham"
"نظرتان درباره سفارش 511708011 چیست؟ پاسخ شما برای بهبود خدمات ثبت می‌شود.","ham"
"نظرتان درباره سفارش 535831047 چیست؟ پاسخ شما برای بهبود خدمات ثبت می‌شود.","ham"
"نظرتان درباره سفارش 541718162 چیست؟ پاسخ شما برای بهبود خدمات ثبت می‌شود.","ham"
"نظرتان درباره سفارش 557576422 چیست؟ پاسخ شما برای بهبود خدمات ثبت می‌شود.","ham"
"نظرتان درباره سفارش 591665966 چیست؟ پاسخ شما برای بهبود خدمات ثبت می‌شود.","ham"
"نظرتان درباره سفارش 628166537 چیست؟ پاسخ شما برای بهبود خدمات ثبت می‌شود.","ham"
"نظرتان درباره سفارش 727029490 چیست؟ پاسخ شما برای بهبود خدمات ثبت می‌شود.","ham"
"نظرتان درباره سفارش 769086117 چیست؟ پاسخ شما برای بهبود خدمات ثبت می‌شود.","ham"
"نظرتان درباره سفارش 772476747 چیست؟ پاسخ شما برای بهبود خدمات ثبت می‌شود.","ham"
"نظرتان درباره سفارش 788461760 چیست؟ پاسخ شما برای بهبود خدمات ثبت می‌شود.","ham"
"نظرتان درباره سفارش 907872920 چیست؟ پاسخ شما برای بهبود خدمات ثبت می‌شود.","ham"
"نظرتان درباره سفارش 909437721 چیست؟ پاسخ شما برای بهبود خدمات ثبت می‌شود.","ham"
"نظرتان درباره سفارش 972198395 چیست؟ پاسخ شما برای بهبود خدمات ثبت می‌شود.","ham"
"نظرسنجی پایان ترم فعال شد. پاسخ‌دهی تا جمعه در سامانه آموزش.","ham"
"نظرسنجی پایان ترم فعال شد. پاسخ‌دهی تا دوشنبه در سامانه آموزش.","ham"
"نظرسنجی پایان ترم فعال شد. پاسخ‌دهی تا سه‌شنبه در سامانه آموزش.","ham"
"نظرسنجی پایان ترم فعال شد. پاسخ‌دهی تا پنجشنبه در سامانه آموزش.","ham"
"نظرسنجی پایان ترم فعال شد. پاسخ‌دهی تا چهارشنبه در سامانه آموزش.","ham"
"نظرسنجی پایان ترم فعال شد. پاسخ‌دهی تا یکشنبه در سامانه آموزش.","ham"
"نمره میان‌ترم درس آمار کاربردی در سامانه آموزش ثبت شد.","ham"
"نمره میان‌ترم درس برنامه‌نویسی پیشرفته در سامانه آموزش ثبت شد.","ham"
"نمره میان‌ترم درس ترمودینامیک در سامانه آموزش ثبت شد.","ham"
"نمره میان‌ترم درس حقوق اساسی در سامانه آموزش ثبت شد.","ham"
"نمره میان‌ترم درس روانشناسی عمومی در سامانه آموزش ثبت شد.","ham"
"نمره میان‌ترم درس ریاضی مهندسی در سامانه آموزش ثبت شد.","ham"
"نمره میان‌ترم درس زبان تخصصی در سامانه آموزش ثبت شد.","ham"
"نمره میان‌ترم درس ساختمان داده در سامانه آموزش ثبت شد.","ham"
"نمره میان‌ترم درس مدار الکتریکی در سامانه آموزش ثبت شد.","ham"
"نمره میان‌ترم درس مکانیک سیالات در سامانه آموزش ثبت شد.","ham"
"نمیدونم والا","ham"
"نمیدونم والا 🎉","ham"
"نمیدونم والا، فردا می‌بینمت","ham"
"نوبت دندانپزشکی شما جمعه ساعت ۱۰ ثبت شد. کلینیک دکتر پریسا.","ham"
"نوبت دندانپزشکی شما جمعه ساعت ۱۱ ثبت شد. کلینیک دکتر مریم.","ham"
"نوبت دندانپزشکی شما جمعه ساعت ۱۴ ثبت شد. کلینیک دکتر آرش.","ham"
"نوبت دندانپزشکی شما جمعه ساعت ۱۴ ثبت شد. کلینیک دکتر سعید.","ham"
"نوبت دندانپزشکی شما دوشنبه ساعت ۱۱:۳۰ ثبت شد. کلینیک دکتر سعید.","ham"
"نوبت دندانپزشکی شما دوشنبه ساعت ۱۶ ثبت شد. کلینیک دکتر مینا.","ham"
"نوبت دندانپزشکی شما دوشنبه ساعت ۱۶:۴۵ ثبت شد. کلینیک دکتر حسین.","ham"
"نوبت دندانپزشکی شما سه‌شنبه ساعت ۱۱:۳۰ ثبت شد. کلینیک دکتر شبنم.","ham"
"نوبت دندانپزشکی شما سه‌شنبه ساعت ۱۵ ثبت شد. کلینیک دکتر حسین.","ham"
"نوبت دندانپزشکی شما شنبه ساعت ۱۰ ثبت شد. کلینیک دکتر پریسا.","ham"
"نوبت دندانپزشکی شما شنبه ساعت ۱۰ ثبت شد. کلینیک دکتر کاوه.","ham"
"نوبت دندانپزشکی شما شنبه ساعت ۱۷ ثبت شد. کلینیک دکتر مینا.","ham"
"نوبت دندانپزشکی شما شنبه ساعت ۱۸ ثبت شد. کلینیک دکتر سعید.","ham"
"نوبت دندانپزشکی شما شنبه ساعت ۱۹ ثبت شد. کلینیک دکتر علی.","ham"
"نوبت دندانپزشکی شما شنبه ساعت ۲۰ ثبت شد. کلینیک دکتر حامد.","ham"
"نوبت دندانپزشکی شما شنبه ساعت ۸ ثبت شد. کلینیک دکتر امیر.","ham"
"نوبت دندانپزشکی شما پنجشنبه ساعت ۱۲ ثبت شد. کلینیک دکتر کاوه.","ham"
"نوبت دندانپزشکی شما پنجشنبه ساعت ۱۴ ثبت شد. کلینیک دکتر مینا.","ham"
"نوبت دندانپزشکی شما پنجشنبه ساعت ۱۶ ثبت شد. کلینیک دکتر نرگس.","ham"
"نوبت دندانپزشکی شما پنجشنبه ساعت ۱۷ ثبت شد. کلینیک دکتر لیلا.","ham"
"نوبت دندانپزشکی شما چهارشنبه ساعت ۸ ثبت شد. کلینیک دکتر مریم.","ham"
"نوبت دندانپزشکی شما یکشنبه ساعت ۹ ثبت شد. کلینیک دکتر سارا.","ham"
"نوبت شما در دفتر پیشخوان دوشنبه ساعت ۱۲ ثبت شده است. همراه داشتن کارت ملی الزامی است.","ham"
"نوبت شما در دفتر پیشخوان دوشنبه ساعت ۱۵ ثبت شده است. همراه داشتن کارت ملی الزامی است.","ham"
"نوبت شما در دفتر پیشخوان سه‌شنبه ساعت ۱۱ ثبت شده است. همراه داشتن کارت ملی الزامی است.","ham"
"نوبت شما در دفتر پیشخوان سه‌شنبه ساعت ۱۷ ثبت شده است. همراه داشتن کارت ملی الزامی است.","ham"
"نوبت شما در دفتر پیشخوان سه‌شنبه ساعت ۱۹ ثبت شده است. همراه داشتن کارت ملی الزامی است.","ham"
"نوبت شما در دفتر پیشخوان سه‌شنبه ساعت ۸ ثبت شده است. همراه داشتن کارت ملی الزامی است.","ham"
"نوبت شما در دفتر پیشخوان شنبه ساعت ۱۱:۳۰ ثبت شده است. همراه داشتن کارت ملی الزامی است.","ham"
"نوبت شما در دفتر پیشخوان شنبه ساعت ۱۴ ثبت شده است. همراه داشتن کارت ملی الزامی است.","ham"
"نوبت شما در دفتر پیشخوان شنبه ساعت ۱۵ ثبت شده است. همراه داشتن کارت ملی الزامی است.","ham"
"نوبت شما در دفتر پیشخوان شنبه ساعت ۱۹ ثبت شده است. همراه داشتن کارت ملی الزامی است.","ham"
"نوبت شما در دفتر پیشخوان شنبه ساعت ۸ ثبت شده است. همراه داشتن کارت ملی الزامی است.","ham"
"نوبت شما در دفتر پیشخوان پنجشنبه ساعت ۱۰ ثبت شده است. همراه داشتن کارت ملی الزامی است.","ham"
"نوبت شما در دفتر پیشخوان پنجشنبه ساعت ۱۶:۴۵ ثبت شده است. همراه داشتن کارت ملی الزامی است.","ham"
"نوبت شما در دفتر پیشخوان پنجشنبه ساعت ۲۰ ثبت شده است. همراه داشتن کارت ملی الزامی است.","ham"
"نوبت شما در دفتر پیشخوان چهارشنبه ساعت ۱۴ ثبت شده است. همراه داشتن کارت ملی الزامی است.","ham"
"نوبت شما در دفتر پیشخوان یکشنبه ساعت ۱۰ ثبت شده است. همراه داشتن کارت ملی الزامی است.","ham"
"نوبت شما در دفتر پیشخوان یکشنبه ساعت ۱۴ ثبت شده است. همراه داشتن کارت ملی الزامی است.","ham"
"نوبت شما در دفتر پیشخوان یکشنبه ساعت ۱۶ ثبت شده است. همراه داشتن کارت ملی الزامی است.","ham"
"نوبت شما در دفتر پیشخوان یکشنبه ساعت ۱۹ ثبت شده است. همراه داشتن کارت ملی الزامی است.","ham"
"نوبت شما در دفتر پیشخوان یکشنبه ساعت ۸ ثبت شده است. همراه داشتن کارت ملی الزامی است.","ham"
"نوبت شما در صف رسیدگی ثبت شد. کد پیگیری: 1526455. زمان تقریبی رسیدگی: 2 روز کاری.","ham"
"نوبت شما در صف رسیدگی ثبت شد. کد پیگیری: 1531472. زمان تقریبی رسیدگی: 5 روز کاری.","ham"
"نوبت شما در صف رسیدگی ثبت شد. کد پیگیری: 350673. زمان تقریبی رسیدگی: 2 روز کاری.","ham"
"نوبت شما در صف رسیدگی ثبت شد. کد پیگیری: 3717528. زمان تقریبی رسیدگی: 5 روز کاری.","ham"
"نوبت شما در صف رسیدگی ثبت شد. کد پیگیری: 4099476. زمان تقریبی رسیدگی: 3 روز کاری.","ham"
"نوبت شما در صف رسیدگی ثبت شد. کد پیگیری: 4638614. زمان تقریبی رسیدگی: 3 روز کاری.","ham"
"نوبت شما در صف رسیدگی ثبت شد. کد پیگیری: 465857. زمان تقریبی رسیدگی: 5 روز کاری.","ham"
"نوبت شما در صف رسیدگی ثبت شد. کد پیگیری: 480079. زمان تقریبی رسیدگی: 5 روز کاری.","ham"
"نوبت شما در صف رسیدگی ثبت شد. کد پیگیری: 4836655. زمان تقریبی رسیدگی: 2 روز کاری.","ham"
"نوبت شما در صف رسیدگی ثبت شد. کد پیگیری: 5504361. زمان تقریبی رسیدگی: 7 روز کاری.","ham"
"نوبت شما در صف رسیدگی ثبت شد. کد پیگیری: 6136274. زمان تقریبی رسیدگی: 2 روز کاری.","ham"
"نوبت شما در صف رسیدگی ثبت شد. کد پیگیری: 6424714. زمان تقریبی رسیدگی: 5 روز کاری.","ham"
"نوبت شما در صف رسیدگی ثبت شد. کد پیگیری: 6583134. زمان تقریبی رسیدگی: 5 روز کاری.","ham"
"نوبت شما در صف رسیدگی ثبت شد. کد پیگیری: 6811692. زمان تقریبی رسیدگی: 3 روز کاری.","ham"
"نوبت شما در صف رسیدگی ثبت شد. کد پیگیری: 698788. زمان تقریبی رسیدگی: 3 روز کاری.","ham"
"نوبت شما در صف رسیدگی ثبت شد. کد پیگیری: 7062758. زمان تقریبی رسیدگی: 2 روز کاری.","ham"
"نوبت شما در صف رسیدگی ثبت شد. کد پیگیری: 7533371. زمان تقریبی رسیدگی: 5 روز کاری.","ham"
"نوبت شما در صف رسیدگی ثبت شد. کد پیگیری: 8026761. زمان تقریبی رسیدگی: 7 روز کاری.","ham"
"نوبت شما در صف رسیدگی ثبت شد. کد پیگیری: 8803403. زمان تقریبی رسیدگی: 3 روز کاری.","ham"
"نوبت شما در صف رسیدگی ثبت شد. کد پیگیری: 886812. زمان تقریبی رسیدگی: 5 روز کاری.","ham"
"نوبت شما در صف رسیدگی ثبت شد. کد پیگیری: 9308318. زمان تقریبی رسیدگی: 7 روز کاری.","ham"
"نوبت شما در صف رسیدگی ثبت شد. کد پیگیری: 9684051. زمان تقریبی رسیدگی: 2 روز کاری.","ham"
"نوبت فیزیوتراپی شما جمعه ساعت ۱۹ در کلینیک بهنام ثبت شد.","ham"
"نوبت فیزیوتراپی شما دوشنبه ساعت ۱۰ در کلینیک سعید ثبت شد.","ham"
"نوبت فیزیوتراپی شما دوشنبه ساعت ۱۶ در کلینیک حامد ثبت شد.","ham"
"نوبت فیزیوتراپی شما دوشنبه ساعت ۱۶ در کلینیک فاطمه ثبت شد.","ham"
"نوبت فیزیوتراپی شما دوشنبه ساعت ۱۶:۴۵ در کلینیک علی ثبت شد.","ham"
"نوبت فیزیوتراپی شما دوشنبه ساعت ۲۰ در کلینیک الهام ثبت شد.","ham"
"نوبت فیزیوتراپی شما سه‌شنبه ساعت ۱۵ در کلینیک رضا ثبت شد.","ham"
"نوبت فیزیوتراپی شما سه‌شنبه ساعت ۱۶ در کلینیک شبنم ثبت شد.","ham"
"نوبت فیزیوتراپی شما سه‌شنبه ساعت ۱۶ در کلینیک مینا ثبت شد.","ham"
"نوبت فیزیوتراپی شما سه‌شنبه ساعت ۱۷ در کلینیک شبنم ثبت شد.","ham"
"نوبت فیزیوتراپی شما سه‌شنبه ساعت ۲۰ در کلینیک علی ثبت شد.","ham"
"نوبت فیزیوتراپی شما شنبه ساعت ۱۶:۴۵ در کلینیک حامد ثبت شد.","ham"
"نوبت فیزیوتراپی شما شنبه ساعت ۱۶:۴۵ در کلینیک سارا ثبت شد.","ham"
"نوبت فیزیوتراپی شما شنبه ساعت ۱۸ در کلینیک امیر ثبت شد.","ham"
"نوبت فیزیوتراپی شما شنبه ساعت ۱۸ در کلینیک شبنم ثبت شد.","ham"
"نوبت فیزیوتراپی شما شنبه ساعت ۸ در کلینیک پریسا ثبت شد.","ham"
"نوبت فیزیوتراپی شما پنجشنبه ساعت ۱۴ در کلینیک علی ثبت شد.","ham"
"نوبت فیزیوتراپی شما پنجشنبه ساعت ۱۵ در کلینیک آرش ثبت شد.","ham"
"نوبت فیزیوتراپی شما پنجشنبه ساعت ۱۶ در کلینیک کاوه ثبت شد.","ham"
"نوبت فیزیوتراپی شما پنجشنبه ساعت ۱۹ در کلینیک مریم ثبت شد.","ham"
"نوبت فیزیوتراپی شما پنجشنبه ساعت ۲۰ در کلینیک لیلا ثبت شد.","ham"
"نوبت فیزیوتراپی شما چهارشنبه ساعت ۱۰ در کلینیک نرگس ثبت شد.","ham"
"نوبت فیزیوتراپی شما چهارشنبه ساعت ۱۱ در کلینیک مینا ثبت شد.","ham"
"نوبت فیزیوتراپی شما چهارشنبه ساعت ۸ در کلینیک نرگس ثبت شد.","ham"
"نوبت فیزیوتراپی شما یکشنبه ساعت ۱۵ در کلینیک سعید ثبت شد.","ham"
"نوبت فیزیوتراپی شما یکشنبه ساعت ۱۶ در کلینیک رضا ثبت شد.","ham"
"نوبت فیزیوتراپی شما یکشنبه ساعت ۱۷ در کلینیک پریسا ثبت شد.","ham"
"نوبت فیزیوتراپی شما یکشنبه ساعت ۸ در کلینیک الهام ثبت شد.","ham"
"نوبت فیزیوتراپی شما یکشنبه ساعت ۸ در کلینیک حامد ثبت شد.","ham"
"نوبت فیزیوتراپی شما یکشنبه ساعت ۹:۳۰ در کلینیک بهنام ثبت شد.","ham"
"نوبت فیزیوتراپی شما یکشنبه ساعت ۹:۳۰ در کلینیک علی ثبت شد.","ham"
"نوبت معاینه چشم شما جمعه ساعت ۱۰ تایید شد. لطفا 15 دقیقه زودتر حضور یابید.","ham"
"نوبت معاینه چشم شما جمعه ساعت ۱۱:۳۰ تایید شد. لطفا 20 دقیقه زودتر حضور یابید.","ham"
"نوبت معاینه چشم شما جمعه ساعت ۱۶ تایید شد. لطفا 10 دقیقه زودتر حضور یابید.","ham"
"نوبت معاینه چشم شما جمعه ساعت ۲۰ تایید شد. لطفا 15 دقیقه زودتر حضور یابید.","ham"
"نوبت معاینه چشم شما دوشنبه ساعت ۱۰ تایید شد. لطفا 15 دقیقه زودتر حضور یابید.","ham"
"نوبت معاینه چشم شما دوشنبه ساعت ۱۴ تایید شد. لطفا 20 دقیقه زودتر حضور یابید.","ham"
"نوبت معاینه چشم شما دوشنبه ساعت ۱۸ تایید شد. لطفا 10 دقیقه زودتر حضور یابید.","ham"
"نوبت معاینه چشم شما سه‌شنبه ساعت ۱۲ تایید شد. لطفا 20 دقیقه زودتر حضور یابید.","ham"
"نوبت معاینه چشم شما سه‌شنبه ساعت ۱۶:۴۵ تایید شد. لطفا 20 دقیقه زودتر حضور یابید.","ham"
"نوبت معاینه چشم شما سه‌شنبه ساعت ۱۷ تایید شد. لطفا 10 دقیقه زودتر حضور یابید.","ham"
"نوبت معاینه چشم شما سه‌شنبه ساعت ۲۰ تایید شد. لطفا 10 دقیقه زودتر حضور یابید.","ham"
"نوبت معاینه چشم شما سه‌شنبه ساعت ۸ تایید شد. لطفا 15 دقیقه زودتر حضور یابید.","ham"
"نوبت معاینه چشم شما سه‌شنبه ساعت ۹:۳۰ تایید شد. لطفا 10 دقیقه زودتر حضور یابید.","ham"
"نوبت معاینه چشم شما سه‌شنبه ساعت ۹:۳۰ تایید شد. لطفا 20 دقیقه زودتر حضور یابید.","ham"
"نوبت معاینه چشم شما شنبه ساعت ۱۱ تایید شد. لطفا 15 دقیقه زودتر حضور یابید.","ham"
"نوبت معاینه چشم شما شنبه ساعت ۱۷ تایید شد. لطفا 15 دقیقه زودتر حضور یابید.","ham"
"نوبت معاینه چشم شما شنبه ساعت ۱۹ تایید شد. لطفا 10 دقیقه زودتر حضور یابید.","ham"
"نوبت معاینه چشم شما شنبه ساعت ۲۰ تایید شد. لطفا 20 دقیقه زودتر حضور یابید.","ham"
"نوبت معاینه چشم شما پنجشنبه ساعت ۱۰ تایید شد. لطفا 20 دقیقه زودتر حضور یابید.","ham"
"نوبت معاینه چشم شما پنجشنبه ساعت ۱۱:۳۰ تایید شد. لطفا 20 دقیقه زودتر حضور یابید.","ham"
"نوبت معاینه چشم شما پنجشنبه ساعت ۱۵ تایید شد. لطفا 10 دقیقه زودتر حضور یابید.","ham"
"نوبت معاینه چشم شما پنجشنبه ساعت ۱۵ تایید شد. لطفا 15 دقیقه زودتر حضور یابید.","ham"
"نوبت معاینه چشم شما پنجشنبه ساعت ۱۶:۴۵ تایید شد. لطفا 10 دقیقه زودتر حضور یابید.","ham"
"نوبت معاینه چشم شما پنجشنبه ساعت ۱۸ تایید شد. لطفا 10 دقیقه زودتر حضور یابید.","ham"
"نوبت معاینه چشم شما چهارشنبه ساعت ۱۵ تایید شد. لطفا 10 دقیقه زودتر حضور یابید.","ham"
"نوبت معاینه چشم شما چهارشنبه ساعت ۱۸ تایید شد. لطفا 10 دقیقه زودتر حضور یابید.","ham"
"نوبت معاینه چشم شما چهارشنبه ساعت ۱۸ تایید شد. لطفا 15 دقیقه زودتر حضور یابید.","ham"
"نوبت معاینه چشم شما چهارشنبه ساعت ۲۰ تایید شد. لطفا 15 دقیقه زودتر حضور یابید.","ham"
"نوبت معاینه چشم شما چهارشنبه ساعت ۸ تایید شد. لطفا 15 دقیقه زودتر حضور یابید.","ham"
"نوبت معاینه چشم شما یکشنبه ساعت ۱۰ تایید شد. لطفا 15 دقیقه زودتر حضور یابید.","ham"
"نوبت معاینه چشم شما یکشنبه ساعت ۱۱:۳۰ تایید شد. لطفا 15 دقیقه زودتر حضور یابید.","ham"
"نوبت معاینه چشم شما یکشنبه ساعت ۱۶:۴۵ تایید شد. لطفا 15 دقیقه زودتر حضور یابید.","ham"
"نوبت معاینه چشم شما یکشنبه ساعت ۱۷ تایید شد. لطفا 15 دقیقه زودتر حضور یابید.","ham"
"نوبت معاینه چشم شما یکشنبه ساعت ۹:۳۰ تایید شد. لطفا 15 دقیقه زودتر حضور یابید.","ham"
"هزینه اشتراک باشگاه شما تا دوشنبه تمدید شد.","ham"
"هزینه اشتراک باشگاه شما تا سه‌شنبه تمدید شد.","ham"
"هزینه اشتراک باشگاه شما تا شنبه تمدید شد.","ham"
"هزینه اشتراک باشگاه شما تا پنجشنبه تمدید شد.","ham"
"هزینه اشتراک باشگاه شما تا چهارشنبه تمدید شد.","ham"
"هزینه اشتراک باشگاه شما تا یکشنبه تمدید شد.","ham"
"هزینه تعمیر خودرو شما ۱ میلیون و دویست تومان شد. برای هماهنگی تحویل تماس بگیرید.","ham"
"هزینه تعمیر خودرو شما ۳۵۰ هزار تومان شد. برای هماهنگی تحویل تماس بگیرید.","ham"
"هزینه تعمیر خودرو شما ۵۰۰ هزار تومان شد. برای هماهنگی تحویل تماس بگیرید.","ham"
"هزینه تعمیر خودرو شما ۷۰۰ هزار تومان شد. برای هماهنگی تحویل تماس بگیرید.","ham"
"هزینه تعمیر خودرو شما ۸۵۰ هزار تومان شد. برای هماهنگی تحویل تماس بگیرید.","ham"
"هزینه تعمیر خودرو شما ۹۰۰ هزار تومان شد. برای هماهنگی تحویل تماس بگیرید.","ham"
"هماهنگی لازم برای ماموریت اصفهان در تاریخ دوشنبه انجام شد. بلیت و اقامت رزرو شده است.","ham"
"هماهنگی لازم برای ماموریت اصفهان در تاریخ چهارشنبه انجام شد. بلیت و اقامت رزرو شده است.","ham"
"هماهنگی لازم برای ماموریت تبریز در تاریخ دوشنبه انجام شد. بلیت و اقامت رزرو شده است.","ham"
"هماهنگی لازم برای ماموریت تبریز در تاریخ چهارشنبه انجام شد. بلیت و اقامت رزرو شده است.","ham"
"هماهنگی لازم برای ماموریت تهران در تاریخ پنجشنبه انجام شد. بلیت و اقامت رزرو شده است.","ham"
"هماهنگی لازم برای ماموریت تهران در تاریخ یکشنبه انجام شد. بلیت و اقامت رزرو شده است.","ham"
"هماهنگی لازم برای ماموریت رشت در تاریخ دوشنبه انجام شد. بلیت و اقامت رزرو شده است.","ham"
"هماهنگی لازم برای ماموریت رشت در تاریخ چهارشنبه انجام شد. بلیت و اقامت رزرو شده است.","ham"
"هماهنگی لازم برای ماموریت قم در تاریخ سه‌شنبه انجام شد. بلیت و اقامت رزرو شده است.","ham"
"هماهنگی لازم برای ماموریت مشهد در تاریخ جمعه انجام شد. بلیت و اقامت رزرو شده است.","ham"
"هماهنگی لازم برای ماموریت مشهد در تاریخ دوشنبه انجام شد. بلیت و اقامت رزرو شده است.","ham"
"هماهنگی لازم برای ماموریت مشهد در تاریخ پنجشنبه انجام شد. بلیت و اقامت رزرو شده است.","ham"
"هماهنگی لازم برای ماموریت مشهد در تاریخ یکشنبه انجام شد. بلیت و اقامت رزرو شده است.","ham"
"هماهنگی لازم برای ماموریت کرج در تاریخ جمعه انجام شد. بلیت و اقامت رزرو شده است.","ham"
"هماهنگی لازم برای ماموریت کرج در تاریخ دوشنبه انجام شد. بلیت و اقامت رزرو شده است.","ham"
"هماهنگی لازم برای ماموریت کرج در تاریخ پنجشنبه انجام شد. بلیت و اقامت رزرو شده است.","ham"
"هماهنگی لازم برای ماموریت کرمان در تاریخ سه‌شنبه انجام شد. بلیت و اقامت رزرو شده است.","ham"
"هماهنگی لازم برای ماموریت کرمان در تاریخ چهارشنبه انجام شد. بلیت و اقامت رزرو شده است.","ham"
"هماهنگی لازم برای ماموریت یزد در تاریخ دوشنبه انجام شد. بلیت و اقامت رزرو شده است.","ham"
"هوا سرد شده، لباس گرم بپوش.","ham"
"وقت بخیر، یادآوری می‌کنم جلسه اپلیکیشن مشتریان، جمعه ساعت ۸ برگزار می‌شود. در صورت تغییر برنامه اطلاع دهید.","ham"
"وقت بخیر، یادآوری می‌کنم جلسه اپلیکیشن مشتریان، شنبه ساعت ۱۸ برگزار می‌شود. در صورت تغییر برنامه اطلاع دهید.","ham"
"وقت بخیر، یادآوری می‌کنم جلسه اپلیکیشن مشتریان، پنجشنبه ساعت ۱۱:۳۰ برگزار می‌شود. در صورت تغییر برنامه اطلاع دهید.","ham"
"وقت بخیر، یادآوری می‌کنم جلسه اپلیکیشن مشتریان، پنجشنبه ساعت ۸ برگزار می‌شود. در صورت تغییر برنامه اطلاع دهید.","ham"
"وقت بخیر، یادآوری می‌کنم جلسه اپلیکیشن مشتریان، یکشنبه ساعت ۱۷ برگزار می‌شود. در صورت تغییر برنامه اطلاع دهید.","ham"
"وقت بخیر، یادآوری می‌کنم جلسه داشبورد فروش، چهارشنبه ساعت ۹:۳۰ برگزار می‌شود. در صورت تغییر برنامه اطلاع دهید.","ham"
"وقت بخیر، یادآوری می‌کنم جلسه داکیومنت فنی، جمعه ساعت ۱۱:۳۰ برگزار می‌شود. در صورت تغییر برنامه اطلاع دهید.","ham"
"وقت بخیر، یادآوری می‌کنم جلسه داکیومنت فنی، جمعه ساعت ۱۶ برگزار می‌شود. در صورت تغییر برنامه اطلاع دهید.","ham"
"وقت بخیر، یادآوری می‌کنم جلسه داکیومنت فنی، سه‌شنبه ساعت ۲۰ برگزار می‌شود. در صورت تغییر برنامه اطلاع دهید.","ham"
"وقت بخیر، یادآوری می‌کنم جلسه داکیومنت فنی، یکشنبه ساعت ۱۸ برگزار می‌شود. در صورت تغییر برنامه اطلاع دهید.","ham"
"وقت بخیر، یادآوری می‌کنم جلسه سامانه انبار، پنجشنبه ساعت ۹:۳۰ برگزار می‌شود. در صورت تغییر برنامه اطلاع دهید.","ham"
"وقت بخیر، یادآوری می‌کنم جلسه سامانه تیکت، سه‌شنبه ساعت ۱۵ برگزار می‌شود. در صورت تغییر برنامه اطلاع دهید.","ham"
"وقت بخیر، یادآوری می‌کنم جلسه سامانه تیکت، چهارشنبه ساعت ۸ برگزار می‌شود. در صورت تغییر برنامه اطلاع دهید.","ham"
"وقت بخیر، یادآوری می‌کنم جلسه سامانه حضور و غیاب، شنبه ساعت ۹ برگزار می‌شود. در صورت تغییر برنامه اطلاع دهید.","ham"
"وقت بخیر، یادآوری می‌کنم جلسه پروژه آرشیو، پنجشنبه ساعت ۱۱ برگزار می‌شود. در صورت تغییر برنامه اطلاع دهید.","ham"
"وقت بخیر، یادآوری می‌کنم جلسه پروژه الف، سه‌شنبه ساعت ۱۱:۳۰ برگزار می‌شود. در صورت تغییر برنامه اطلاع دهید.","ham"
"وقت بخیر، یادآوری می‌کنم جلسه پروژه الف، چهارشنبه ساعت ۱۶ برگزار می‌شود. در صورت تغییر برنامه اطلاع دهید.","ham"
"وقت بخیر، یادآوری می‌کنم جلسه پروژه الف، چهارشنبه ساعت ۱۸ برگزار می‌شود. در صورت تغییر برنامه اطلاع دهید.","ham"
"وقت بخیر، یادآوری می‌کنم جلسه پروژه رها، جمعه ساعت ۸ برگزار می‌شود. در صورت تغییر برنامه اطلاع دهید.","ham"
"وقت بخیر، یادآوری می‌کنم جلسه پروژه رها، چهارشنبه ساعت ۱۱ برگزار می‌شود. در صورت تغییر برنامه اطلاع دهید.","ham"
"وقت بخیر، یادآوری می‌کنم جلسه کمپین نوروزی، پنجشنبه ساعت ۹:۳۰ برگزار می‌شود. در صورت تغییر برنامه اطلاع دهید.","ham"
"پارک کردم","ham"
"پارک کردم 🎉","ham"
"پارک کردم، خبرم کن","ham"
"پارکینگ طبقاتی از جمعه برای تعمیرات تعطیل است.","ham"
"پارکینگ طبقاتی از دوشنبه برای تعمیرات تعطیل است.","ham"
"پارکینگ طبقاتی از سه‌شنبه برای تعمیرات تعطیل است.","ham"
"پارکینگ طبقاتی از شنبه برای تعمیرات تعطیل است.","ham"
"پارکینگ طبقاتی از پنجشنبه برای تعمیرات تعطیل است.","ham"
"پارکینگ طبقاتی از چهارشنبه برای تعمیرات تعطیل است.","ham"
"پارکینگ طبقاتی از یکشنبه برای تعمیرات تعطیل است.","ham"
"پارکینگ پر بود، کوچه بعدی پارک کردم.","ham"
"پایان‌نامه شما با موضوع «اپلیکیشن مشتریان» برای داوری ارسال شد. نتیجه تا دو هفته دیگر اعلام می‌شود.","ham"
"پایان‌نامه شما با موضوع «داشبورد فروش» برای داوری ارسال شد. نتیجه تا دو هفته دیگر اعلام می‌شود.","ham"
"پایان‌نامه شما با موضوع «داکیومنت فنی» برای داوری ارسال شد. نتیجه تا دو هفته دیگر اعلام می‌شود.","ham"
"پایان‌نامه شما با موضوع «سامانه تیکت» برای داوری ارسال شد. نتیجه تا دو هفته دیگر اعلام می‌شود.","ham"
"پایان‌نامه شما با موضوع «سامانه حضور و غیاب» برای داوری ارسال شد. نتیجه تا دو هفته دیگر اعلام می‌شود.","ham"
"پایان‌نامه شما با موضوع «پروژه آرشیو» برای داوری ارسال شد. نتیجه تا دو هفته دیگر اعلام می‌شود.","ham"
"پایان‌نامه شما با موضوع «پروژه الف» برای داوری ارسال شد. نتیجه تا دو هفته دیگر اعلام می‌شود.","ham"
"پایان‌نامه شما با موضوع «پروژه رها» برای داوری ارسال شد. نتیجه تا دو هفته دیگر اعلام می‌شود.","ham"
"پایان‌نامه شما با موضوع «پروژه وب‌سایت» برای داوری ارسال شد. نتیجه تا دو هفته دیگر اعلام می‌شود.","ham"
"پایان‌نامه شما با موضوع «کمپین نوروزی» برای داوری ارسال شد. نتیجه تا دو هفته دیگر اعلام می‌شود.","ham"
"پایان‌نامه شما با موضوع «گزارش ماهانه» برای داوری ارسال شد. نتیجه تا دو هفته دیگر اعلام می‌شود.","ham"
"پرداخت حقوق آبان طبق روال تا پایان هفته انجام می‌شود.","ham"
"پرداخت حقوق آذر طبق روال تا پایان هفته انجام می‌شود.","ham"
"پرداخت حقوق اردیبهشت طبق روال تا پایان هفته انجام می‌شود.","ham"
"پرداخت حقوق بهمن طبق روال تا پایان هفته انجام می‌شود.","ham"
"پرداخت حقوق خرداد طبق روال تا پایان هفته انجام می‌شود.","ham"
"پرداخت حقوق دی طبق روال تا پایان هفته انجام می‌شود.","ham"
"پرداخت حقوق شهریور طبق روال تا پایان هفته انجام می‌شود.","ham"
"پرداخت حقوق فروردین طبق روال تا پایان هفته انجام می‌شود.","ham"
"پرداخت حقوق مهر طبق روال تا پایان هفته انجام می‌شود.","ham"
"پرداخت قبض شما به مبلغ ۱,۲۰۰,۰۰۰ ریال با موفقیت انجام شد. کد پیگیری: 40921.","ham"
"پرداخت قبض شما به مبلغ ۱,۲۰۰,۰۰۰ ریال با موفقیت انجام شد. کد پیگیری: 57369.","ham"
"پرداخت قبض شما به مبلغ ۱,۲۰۰,۰۰۰ ریال با موفقیت انجام شد. کد پیگیری: 73629.","ham"
"پرداخت قبض شما به مبلغ ۱,۵۰۰,۰۰۰ ریال با موفقیت انجام شد. کد پیگیری: 23950.","ham"
"پرداخت قبض شما به مبلغ ۱,۵۰۰,۰۰۰ ریال با موفقیت انجام شد. کد پیگیری: 30829.","ham"
"پرداخت قبض شما به مبلغ ۱,۵۰۰,۰۰۰ ریال با موفقیت انجام شد. کد پیگیری: 45373.","ham"
"پرداخت قبض شما به مبلغ ۱,۵۰۰,۰۰۰ ریال با موفقیت انجام شد. کد پیگیری: 87223.","ham"
"پرداخت قبض شما به مبلغ ۱۲,۵۰۰,۰۰۰ ریال با موفقیت انجام شد. کد پیگیری: 32402.","ham"
"پرداخت قبض شما به مبلغ ۲,۳۰۰,۰۰۰ ریال با موفقیت انجام شد. کد پیگیری: 34931.","ham"
"پرداخت قبض شما به مبلغ ۲,۳۰۰,۰۰۰ ریال با موفقیت انجام شد. کد پیگیری: 75058.","ham"
"پرداخت قبض شما به مبلغ ۳,۸۰۰,۰۰۰ ریال با موفقیت انجام شد. کد پیگیری: 62312.","ham"
"پرداخت قبض شما به مبلغ ۳۵۰,۰۰۰ ریال با موفقیت انجام شد. کد پیگیری: 24341.","ham"
"پرداخت قبض شما به مبلغ ۳۵۰,۰۰۰ ریال با موفقیت انجام شد. کد پیگیری: 67719.","ham"
"پرداخت قبض شما به مبلغ ۵۰۰,۰۰۰ ریال با موفقیت انجام شد. کد پیگیری: 14763.","ham"
"پرداخت قبض شما به مبلغ ۵۰۰,۰۰۰ ریال با موفقیت انجام شد. کد پیگیری: 70706.","ham"
"پرداخت قبض شما به مبلغ ۵۰۰,۰۰۰ ریال با موفقیت انجام شد. کد پیگیری: 71902.","ham"
"پرداخت قبض شما به مبلغ ۷,۹۰۰,۰۰۰ ریال با موفقیت انجام شد. کد پیگیری: 34049.","ham"
"پرداخت قبض شما به مبلغ ۸۰۰,۰۰۰ ریال با موفقیت انجام شد. کد پیگیری: 59973.","ham"
"پرداخت قبض شما به مبلغ ۸۰۰,۰۰۰ ریال با موفقیت انجام شد. کد پیگیری: 89216.","ham"
"پرونده شما در سامانه به‌روزرسانی شد. برای مشاهده جزئیات به پنل مراجعه کنید.","ham"
"پریسا جان، آفرین بهت","ham"
"پریسا جان، رسیدم","ham"
"پریسا جان، صدا میاد؟","ham"
"پریسا جان، قربونت","ham"
"پشت در منتظرتم، زود بیا.","ham"
"پنجشنبه بازار بودم، چیزی لازم داری؟","ham"
"پول شارژ رو کارت به کارت کردم.","ham"
"پیتزا سفارش بدم یا غذا داری؟","ham"
"پیرو جلسه، پیش‌فاکتور اپلیکیشن مشتریان ارسال شد. منتظر تایید شما برای شروع هستیم.","ham"
"پیرو جلسه، پیش‌فاکتور داشبورد فروش ارسال شد. منتظر تایید شما برای شروع هستیم.","ham"
"پیرو جلسه، پیش‌فاکتور داکیومنت فنی ارسال شد. منتظر تایید شما برای شروع هستیم.","ham"
"پیرو جلسه، پیش‌فاکتور پروژه آرشیو ارسال شد. منتظر تایید شما برای شروع هستیم.","ham"
"پیرو جلسه، پیش‌فاکتور پروژه الف ارسال شد. منتظر تایید شما برای شروع هستیم.","ham"
"پیرو جلسه، پیش‌فاکتور پروژه رها ارسال شد. منتظر تایید شما برای شروع هستیم.","ham"
"پیرو جلسه، پیش‌فاکتور پروژه وب‌سایت ارسال شد. منتظر تایید شما برای شروع هستیم.","ham"
"پیرو جلسه، پیش‌فاکتور کمپین نوروزی ارسال شد. منتظر تایید شما برای شروع هستیم.","ham"
"پیرو جلسه، پیش‌فاکتور گزارش ماهانه ارسال شد. منتظر تایید شما برای شروع هستیم.","ham"
"پیرو مکاتبه قبلی، قرارداد اپلیکیشن مشتریان در دو نسخه امضا و یک نسخه نزد شما می‌ماند.","ham"
"پیرو مکاتبه قبلی، قرارداد داشبورد فروش در دو نسخه امضا و یک نسخه نزد شما می‌ماند.","ham"
"پیرو مکاتبه قبلی، قرارداد سامانه انبار در دو نسخه امضا و یک نسخه نزد شما می‌ماند.","ham"
"پیرو مکاتبه قبلی، قرارداد سامانه تیکت در دو نسخه امضا و یک نسخه نزد شما می‌ماند.","ham"
"پیرو مکاتبه قبلی، قرارداد سامانه حضور و غیاب در دو نسخه امضا و یک نسخه نزد شما می‌ماند.","ham"
"پیرو مکاتبه قبلی، قرارداد پروژه آرشیو در دو نسخه امضا و یک نسخه نزد شما می‌ماند.","ham"
"پیرو مکاتبه قبلی، قرارداد پروژه وب‌سایت در دو نسخه امضا و یک نسخه نزد شما می‌ماند.","ham"
"پیرو مکاتبه قبلی، قرارداد کمپین نوروزی در دو نسخه امضا و یک نسخه نزد شما می‌ماند.","ham"
"پیرو مکاتبه قبلی، قرارداد گزارش ماهانه در دو نسخه امضا و یک نسخه نزد شما می‌ماند.","ham"
"پیک در محدوده شماست. برای هماهنگی تحویل سفارش 117231920 پاسخ دهید.","ham"
"پیک در محدوده شماست. برای هماهنگی تحویل سفارش 12616799 پاسخ دهید.","ham"
"پیک در محدوده شماست. برای هماهنگی تحویل سفارش 141530135 پاسخ دهید.","ham"
"پیک در محدوده شماست. برای هماهنگی تحویل سفارش 155064579 پاسخ دهید.","ham"
"پیک در محدوده شماست. برای هماهنگی تحویل سفارش 171410036 پاسخ دهید.","ham"
"پیک در محدوده شماست. برای هماهنگی تحویل سفارش 278546037 پاسخ دهید.","ham"
"پیک در محدوده شماست. برای هماهنگی تحویل سفارش 414273428 پاسخ دهید.","ham"
"پیک در محدوده شماست. برای هماهنگی تحویل سفارش 420879423 پاسخ دهید.","ham"
"پیک در محدوده شماست. برای هماهنگی تحویل سفارش 431941175 پاسخ دهید.","ham"
"پیک در محدوده شماست. برای هماهنگی تحویل سفارش 434001985 پاسخ دهید.","ham"
"پیک در محدوده شماست. برای هماهنگی تحویل سفارش 434603570 پاسخ دهید.","ham"
"پیک در محدوده شماست. برای هماهنگی تحویل سفارش 454466545 پاسخ دهید.","ham"
"پیک در محدوده شماست. برای هماهنگی تحویل سفارش 507639998 پاسخ دهید.","ham"
"پیک در محدوده شماست. برای هماهنگی تحویل سفارش 522772158 پاسخ دهید.","ham"
"پیک در محدوده شماست. برای هماهنگی تحویل سفارش 590207872 پاسخ دهید.","ham"
"پیک در محدوده شماست. برای هماهنگی تحویل سفارش 629973211 پاسخ دهید.","ham"
"پیک در محدوده شماست. برای هماهنگی تحویل سفارش 712816898 پاسخ دهید.","ham"
"پیک در محدوده شماست. برای هماهنگی تحویل سفارش 744833027 پاسخ دهید.","ham"
"پیک در محدوده شماست. برای هماهنگی تحویل سفارش 807797112 پاسخ دهید.","ham"
"پیک در محدوده شماست. برای هماهنگی تحویل سفارش 808107947 پاسخ دهید.","ham"
"پیک در محدوده شماست. برای هماهنگی تحویل سفارش 818385358 پاسخ دهید.","ham"
"پیک در محدوده شماست. برای هماهنگی تحویل سفارش 82444215 پاسخ دهید.","ham"
"پیک در محدوده شماست. برای هماهنگی تحویل سفارش 860683768 پاسخ دهید.","ham"
"پیک در محدوده شماست. برای هماهنگی تحویل سفارش 879651621 پاسخ دهید.","ham"
"پیک در محدوده شماست. برای هماهنگی تحویل سفارش 920288619 پاسخ دهید.","ham"
"پیک در محدوده شماست. برای هماهنگی تحویل سفارش 920812939 پاسخ دهید.","ham"
"پیک در محدوده شماست. برای هماهنگی تحویل سفارش 924407834 پاسخ دهید.","ham"
"پیک در محدوده شماست. برای هماهنگی تحویل سفارش 963783534 پاسخ دهید.","ham"
"پیک در محدوده شماست. برای هماهنگی تحویل سفارش 972607742 پاسخ دهید.","ham"
"چشم","ham"
"چشم 🌙","ham"
"چشم، مراقب خودت باش","ham"
"کاربر گرامی، ورود شما از دستگاه جدید ثبت شد. اگر شما بودید این پیام را نادیده بگیرید.","ham"
"کارگاه آشنایی با کتابخانه جمعه ساعت ۱۴ برگزار می‌شود. شرکت برای ورودی‌های جدید آزاد است.","ham"
"کارگاه آشنایی با کتابخانه جمعه ساعت ۱۶ برگزار می‌شود. شرکت برای ورودی‌های جدید آزاد است.","ham"
"کارگاه آشنایی با کتابخانه جمعه ساعت ۹:۳۰ برگزار می‌شود. شرکت برای ورودی‌های جدید آزاد است.","ham"
"کارگاه آشنایی با کتابخانه دوشنبه ساعت ۱۱ برگزار می‌شود. شرکت برای ورودی‌های جدید آزاد است.","ham"
"کارگاه آشنایی با کتابخانه دوشنبه ساعت ۱۱:۳۰ برگزار می‌شود. شرکت برای ورودی‌های جدید آزاد است.","ham"
"کارگاه آشنایی با کتابخانه دوشنبه ساعت ۱۴ برگزار می‌شود. شرکت برای ورودی‌های جدید آزاد است.","ham"
"کارگاه آشنایی با کتابخانه سه‌شنبه ساعت ۱۱ برگزار می‌شود. شرکت برای ورودی‌های جدید آزاد است.","ham"
"کارگاه آشنایی با کتابخانه سه‌شنبه ساعت ۱۲ برگزار می‌شود. شرکت برای ورودی‌های جدید آزاد است.","ham"
"کارگاه آشنایی با کتابخانه سه‌شنبه ساعت ۹:۳۰ برگزار می‌شود. شرکت برای ورودی‌های جدید آزاد است.","ham"
"کارگاه آشنایی با کتابخانه شنبه ساعت ۸ برگزار می‌شود. شرکت برای ورودی‌های جدید آزاد است.","ham"
"کارگاه آشنایی با کتابخانه پنجشنبه ساعت ۱۱:۳۰ برگزار می‌شود. شرکت برای ورودی‌های جدید آزاد است.","ham"
"کارگاه آشنایی با کتابخانه پنجشنبه ساعت ۱۶ برگزار می‌شود. شرکت برای ورودی‌های جدید آزاد است.","ham"
"کارگاه آشنایی با کتابخانه پنجشنبه ساعت ۱۶:۴۵ برگزار می‌شود. شرکت برای ورودی‌های جدید آزاد است.","ham"
"کارگاه آشنایی با کتابخانه پنجشنبه ساعت ۱۷ برگزار می‌شود. شرکت برای ورودی‌های جدید آزاد است.","ham"
"کارگاه آشنایی با کتابخانه پنجشنبه ساعت ۸ برگزار می‌شود. شرکت برای ورودی‌های جدید آزاد است.","ham"
"کارگاه آشنایی با کتابخانه چهارشنبه ساعت ۱۱ برگزار می‌شود. شرکت برای ورودی‌های جدید آزاد است.","ham"
"کارگاه آشنایی با کتابخانه چهارشنبه ساعت ۱۵ برگزار می‌شود. شرکت برای ورودی‌های جدید آزاد است.","ham"
"کارگاه آشنایی با کتابخانه چهارشنبه ساعت ۲۰ برگزار می‌شود. شرکت برای ورودی‌های جدید آزاد است.","ham"
"کارگاه آشنایی با کتابخانه یکشنبه ساعت ۱۱:۳۰ برگزار می‌شود. شرکت برای ورودی‌های جدید آزاد است.","ham"
"کارگاه آشنایی با کتابخانه یکشنبه ساعت ۱۵ برگزار می‌شود. شرکت برای ورودی‌های جدید آزاد است.","ham"
"کارگاه آشنایی با کتابخانه یکشنبه ساعت ۱۶ برگزار می‌شود. شرکت برای ورودی‌های جدید آزاد است.","ham"
"کارگاه آشنایی با کتابخانه یکشنبه ساعت ۱۶:۴۵ برگزار می‌شود. شرکت برای ورودی‌های جدید آزاد است.","ham"
"کارگاه آشنایی با کتابخانه یکشنبه ساعت ۹:۳۰ برگزار می‌شود. شرکت برای ورودی‌های جدید آزاد است.","ham"
"کارگاه آموزشی اپلیکیشن مشتریان، جمعه ساعت ۱۵ برگزار می‌شود. ثبت‌نام از واحد آموزش.","ham"
"کارگاه آموزشی اپلیکیشن مشتریان، یکشنبه ساعت ۱۲ برگزار می‌شود. ثبت‌نام از واحد آموزش.","ham"
"کارگاه آموزشی داشبورد فروش، یکشنبه ساعت ۹:۳۰ برگزار می‌شود. ثبت‌نام از واحد آموزش.","ham"
"کارگاه آموزشی داکیومنت فنی، سه‌شنبه ساعت ۱۴ برگزار می‌شود. ثبت‌نام از واحد آموزش.","ham"
"کارگاه آموزشی سامانه انبار، جمعه ساعت ۱۸ برگزار می‌شود. ثبت‌نام از واحد آموزش.","ham"
"کارگاه آموزشی سامانه تیکت، دوشنبه ساعت ۲۰ برگزار می‌شود. ثبت‌نام از واحد آموزش.","ham"
"کارگاه آموزشی سامانه حضور و غیاب، پنجشنبه ساعت ۲۰ برگزار می‌شود. ثبت‌نام از واحد آموزش.","ham"
"کارگاه آموزشی پروژه آرشیو، سه‌شنبه ساعت ۱۶:۴۵ برگزار می‌شود. ثبت‌نام از واحد آموزش.","ham"
"کارگاه آموزشی پروژه آرشیو، سه‌شنبه ساعت ۹:۳۰ برگزار می‌شود. ثبت‌نام از واحد آموزش.","ham"
"کارگاه آموزشی پروژه آرشیو، پنجشنبه ساعت ۱۱ برگزار می‌شود. ثبت‌نام از واحد آموزش.","ham"
"کارگاه آموزشی پروژه آرشیو، یکشنبه ساعت ۱۹ برگزار می‌شود. ثبت‌نام از واحد آموزش.","ham"
"کارگاه آموزشی پروژه الف، جمعه ساعت ۱۱:۳۰ برگزار می‌شود. ثبت‌نام از واحد آموزش.","ham"
"کارگاه آموزشی پروژه الف، دوشنبه ساعت ۱۵ برگزار می‌شود. ثبت‌نام از واحد آموزش.","ham"
"کارگاه آموزشی پروژه الف، شنبه ساعت ۱۵ برگزار می‌شود. ثبت‌نام از واحد آموزش.","ham"
"کارگاه آموزشی پروژه الف، پنجشنبه ساعت ۹:۳۰ برگزار می‌شود. ثبت‌نام از واحد آموزش.","ham"
"کارگاه آموزشی پروژه رها، شنبه ساعت ۸ برگزار می‌شود. ثبت‌نام از واحد آموزش.","ham"
"کارگاه آموزشی پروژه وب‌سایت، جمعه ساعت ۱۴ برگزار می‌شود. ثبت‌نام از واحد آموزش.","ham"
"کارگاه آموزشی گزارش ماهانه، پنجشنبه ساعت ۱۵ برگزار می‌شود. ثبت‌نام از واحد آموزش.","ham"
"کارگاه آموزشی گزارش ماهانه، یکشنبه ساعت ۱۵ برگزار می‌شود. ثبت‌نام از واحد آموزش.","ham"
"کالای درخواستی شما موجود شد. برای تکمیل خرید تا 1/8 فرصت دارید.","ham"
"کالای درخواستی شما موجود شد. برای تکمیل خرید تا 1/9 فرصت دارید.","ham"
"کالای درخواستی شما موجود شد. برای تکمیل خرید تا 10/10 فرصت دارید.","ham"
"کالای درخواستی شما موجود شد. برای تکمیل خرید تا 11/9 فرصت دارید.","ham"
"کالای درخواستی شما موجود شد. برای تکمیل خرید تا 13/10 فرصت دارید.","ham"
"کالای درخواستی شما موجود شد. برای تکمیل خرید تا 13/9 فرصت دارید.","ham"
"کالای درخواستی شما موجود شد. برای تکمیل خرید تا 18/7 فرصت دارید.","ham"
"کالای درخواستی شما موجود شد. برای تکمیل خرید تا 2/10 فرصت دارید.","ham"
"کالای درخواستی شما موجود شد. برای تکمیل خرید تا 2/8 فرصت دارید.","ham"
"کالای درخواستی شما موجود شد. برای تکمیل خرید تا 4/12 فرصت دارید.","ham"
"کالای درخواستی شما موجود شد. برای تکمیل خرید تا 6/9 فرصت دارید.","ham"
"کالای درخواستی شما موجود شد. برای تکمیل خرید تا 7/8 فرصت دارید.","ham"
"کالای درخواستی شما موجود شد. برای تکمیل خرید تا 8/11 فرصت دارید.","ham"
"کالای درخواستی شما موجود شد. برای تکمیل خرید تا 8/7 فرصت دارید.","ham"
"کاوه تولدش پنجشنبه هست، کادو چی بگیریم؟","ham"
"کاوه جان، ببخشید دیر شد","ham"
"کاوه جان، دیر می‌رسم","ham"
"کاوه جان، نمیدونم والا","ham"
"کاوه جان، کمکم کن لطفاً","ham"
"کاوه زنگ زد، کار داشت. یه زنگ بهش بزن.","ham"
"کتاب درخواستی شما به کتابخانه رسید. تا یک هفته در امانت شما خواهد بود.","ham"
"کتاب رو گرفتم از کتابخونه، جمعه پس میدم.","ham"
"کتاب رو گرفتم از کتابخونه، سه‌شنبه پس میدم.","ham"
"کتاب رو گرفتم از کتابخونه، پنجشنبه پس میدم.","ham"
"کجایی؟","ham"
"کجایی؟ 👌","ham"
"کجایی؟، خبرم کن","ham"
"کد تایید شما 11748 است. این کد را با هیچ‌کس به اشتراک نگذارید.","ham"
"کد تایید شما 13086 است. این کد را با هیچ‌کس به اشتراک نگذارید.","ham"
"کد تایید شما 13747 است. این کد را با هیچ‌کس به اشتراک نگذارید.","ham"
"کد تایید شما 15409 است. این کد را با هیچ‌کس به اشتراک نگذارید.","ham"
"کد تایید شما 15649 است. این کد را با هیچ‌کس به اشتراک نگذارید.","ham"
"کد تایید شما 20031 است. این کد را با هیچ‌کس به اشتراک نگذارید.","ham"
"کد تایید شما 32656 است. این کد را با هیچ‌کس به اشتراک نگذارید.","ham"
"کد تایید شما 34592 است. این کد را با هیچ‌کس به اشتراک نگذارید.","ham"
"کد تایید شما 35587 است. این کد را با هیچ‌کس به اشتراک نگذارید.","ham"
"کد تایید شما 39314 است. این کد را با هیچ‌کس به اشتراک نگذارید.","ham"
"کد تایید شما 44311 است. این کد را با هیچ‌کس به اشتراک نگذارید.","ham"
"کد تایید شما 50256 است. این کد را با هیچ‌کس به اشتراک نگذارید.","ham"
"کد تایید شما 53348 است. این کد را با هیچ‌کس به اشتراک نگذارید.","ham"
"کد تایید شما 54388 است. این کد را با هیچ‌کس به اشتراک نگذارید.","ham"
"کد تایید شما 59664 است. این کد را با هیچ‌کس به اشتراک نگذارید.","ham"
"کد تایید شما 68755 است. این کد را با هیچ‌کس به اشتراک نگذارید.","ham"
"کد تایید شما 84358 است. این کد را با هیچ‌کس به اشتراک نگذارید.","ham"
"کد تایید شما 84693 است. این کد را با هیچ‌کس به اشتراک نگذارید.","ham"
"کد تایید شما 92966 است. این کد را با هیچ‌کس به اشتراک نگذارید.","ham"
"کد تایید شما 95474 است. این کد را با هیچ‌کس به اشتراک نگذارید.","ham"
"کد تایید شما 96253 است. این کد را با هیچ‌کس به اشتراک نگذارید.","ham"
"کلاس برنامه‌نویسی پیشرفته شنبه تشکیل نمی‌شود. جلسه جبرانی متعاقباً اعلام می‌گردد.","ham"
"کلاس جبرانی آمار کاربردی جمعه ساعت ۱۵ برگزار می‌شود.","ham"
"کلاس جبرانی آمار کاربردی دوشنبه ساعت ۸ برگزار می‌شود.","ham"
"کلاس جبرانی برنامه‌نویسی پیشرفته دوشنبه ساعت ۹ برگزار می‌شود.","ham"
"کلاس جبرانی برنامه‌نویسی پیشرفته شنبه ساعت ۱۲ برگزار می‌شود.","ham"
"کلاس جبرانی برنامه‌نویسی پیشرفته شنبه ساعت ۹ برگزار می‌شود.","ham"
"کلاس جبرانی برنامه‌نویسی پیشرفته یکشنبه ساعت ۱۱:۳۰ برگزار می‌شود.","ham"
"کلاس جبرانی ترمودینامیک جمعه ساعت ۱۷ برگزار می‌شود.","ham"
"کلاس جبرانی ترمودینامیک شنبه ساعت ۱۶ برگزار می‌شود.","ham"
"کلاس جبرانی حسابداری ۲ شنبه ساعت ۸ برگزار می‌شود.","ham"
"کلاس جبرانی حسابداری ۲ چهارشنبه ساعت ۱۰ برگزار می‌شود.","ham"
"کلاس جبرانی حسابداری ۲ چهارشنبه ساعت ۱۷ برگزار می‌شود.","ham"
"کلاس جبرانی حقوق اساسی چهارشنبه ساعت ۸ برگزار می‌شود.","ham"
"کلاس جبرانی حقوق اساسی یکشنبه ساعت ۹:۳۰ برگزار می‌شود.","ham"
"کلاس جبرانی روانشناسی عمومی شنبه ساعت ۱۲ برگزار می‌شود.","ham"
"کلاس جبرانی روانشناسی عمومی چهارشنبه ساعت ۱۹ برگزار می‌شود.","ham"
"کلاس جبرانی روانشناسی عمومی یکشنبه ساعت ۹:۳۰ برگزار می‌شود.","ham"
"کلاس جبرانی ریاضی مهندسی جمعه ساعت ۲۰ برگزار می‌شود.","ham"
"کلاس جبرانی ریاضی مهندسی پنجشنبه ساعت ۱۷ برگزار می‌شود.","ham"
"کلاس جبرانی ریاضی مهندسی یکشنبه ساعت ۱۴ برگزار می‌شود.","ham"
"کلاس جبرانی زبان تخصصی سه‌شنبه ساعت ۱۵ برگزار می‌شود.","ham"
"کلاس جبرانی زبان تخصصی چهارشنبه ساعت ۱۰ برگزار می‌شود.","ham"
"کلاس جبرانی ساختمان داده دوشنبه ساعت ۱۶:۴۵ برگزار می‌شود.","ham"
"کلاس جبرانی ساختمان داده دوشنبه ساعت ۸ برگزار می‌شود.","ham"
"کلاس جبرانی ساختمان داده پنجشنبه ساعت ۱۱ برگزار می‌شود.","ham"
"کلاس جبرانی ساختمان داده یکشنبه ساعت ۱۰ برگزار می‌شود.","ham"
"کلاس جبرانی مدار الکتریکی جمعه ساعت ۱۴ برگزار می‌شود.","ham"
"کلاس جبرانی مدار الکتریکی سه‌شنبه ساعت ۱۸ برگزار می‌شود.","ham"
"کلاس جبرانی مدار الکتریکی سه‌شنبه ساعت ۲۰ برگزار می‌شود.","ham"
"کلاس جبرانی مدار الکتریکی شنبه ساعت ۸ برگزار می‌شود.","ham"
"کلاس جبرانی مدار الکتریکی یکشنبه ساعت ۱۰ برگزار می‌شود.","ham"
"کلاس جبرانی مدار الکتریکی یکشنبه ساعت ۱۴ برگزار می‌شود.","ham"
"کلاس جبرانی مدار الکتریکی یکشنبه ساعت ۹ برگزار می‌شود.","ham"
"کلاس جبرانی مدار منطقی پنجشنبه ساعت ۹ برگزار می‌شود.","ham"
"کلاس جبرانی مکانیک سیالات یکشنبه ساعت ۱۱:۳۰ برگزار می‌شود.","ham"
"کلاس حسابداری ۲ شنبه تشکیل نمی‌شود. جلسه جبرانی متعاقباً اعلام می‌گردد.","ham"
"کلاس حسابداری ۲ پنجشنبه تشکیل نمی‌شود. جلسه جبرانی متعاقباً اعلام می‌گردد.","ham"
"کلاس حسابداری ۲ چهارشنبه تشکیل نمی‌شود. جلسه جبرانی متعاقباً اعلام می‌گردد.","ham"
"کلاس حقوق اساسی شنبه تشکیل نمی‌شود. جلسه جبرانی متعاقباً اعلام می‌گردد.","ham"
"کلاس حقوق اساسی یکشنبه تشکیل نمی‌شود. جلسه جبرانی متعاقباً اعلام می‌گردد.","ham"
"کلاس روانشناسی عمومی پنجشنبه تشکیل نمی‌شود. جلسه جبرانی متعاقباً اعلام می‌گردد.","ham"
"کلاس ریاضی مهندسی جمعه تشکیل نمی‌شود. جلسه جبرانی متعاقباً اعلام می‌گردد.","ham"
"کلاس ریاضی مهندسی دوشنبه تشکیل نمی‌شود. جلسه جبرانی متعاقباً اعلام می‌گردد.","ham"
"کلاس ریاضی مهندسی سه‌شنبه تشکیل نمی‌شود. جلسه جبرانی متعاقباً اعلام می‌گردد.","ham"
"کلاس ریاضی مهندسی شنبه تشکیل نمی‌شود. جلسه جبرانی متعاقباً اعلام می‌گردد.","ham"
"کلاس زبان تخصصی پنجشنبه تشکیل نمی‌شود. جلسه جبرانی متعاقباً اعلام می‌گردد.","ham"
"کلاس شنا برای رده سنی ۸ تا ۱۲ سال، جمعه ساعت ۱۰ برگزار می‌شود.","ham"
"کلاس شنا برای رده سنی ۸ تا ۱۲ سال، جمعه ساعت ۱۱ برگزار می‌شود.","ham"
"کلاس شنا برای رده سنی ۸ تا ۱۲ سال، جمعه ساعت ۱۴ برگزار می‌شود.","ham"
"کلاس شنا برای رده سنی ۸ تا ۱۲ سال، جمعه ساعت ۱۶:۴۵ برگزار می‌شود.","ham"
"کلاس شنا برای رده سنی ۸ تا ۱۲ سال، جمعه ساعت ۲۰ برگزار می‌شود.","ham"
"کلاس شنا برای رده سنی ۸ تا ۱۲ سال، دوشنبه ساعت ۱۹ برگزار می‌شود.","ham"
"کلاس شنا برای رده سنی ۸ تا ۱۲ سال، شنبه ساعت ۹ برگزار می‌شود.","ham"
"کلاس شنا برای رده سنی ۸ تا ۱۲ سال، پنجشنبه ساعت ۱۰ برگزار می‌شود.","ham"
"کلاس شنا برای رده سنی ۸ تا ۱۲ سال، پنجشنبه ساعت ۱۱:۳۰ برگزار می‌شود.","ham"
"کلاس شنا برای رده سنی ۸ تا ۱۲ سال، پنجشنبه ساعت ۹:۳۰ برگزار می‌شود.","ham"
"کلاس شنا برای رده سنی ۸ تا ۱۲ سال، چهارشنبه ساعت ۱۱ برگزار می‌شود.","ham"
"کلاس شنا برای رده سنی ۸ تا ۱۲ سال، چهارشنبه ساعت ۹:۳۰ برگزار می‌شود.","ham"
"کلاس شنا برای رده سنی ۸ تا ۱۲ سال، یکشنبه ساعت ۱۵ برگزار می‌شود.","ham"
"کلاس شنا برای رده سنی ۸ تا ۱۲ سال، یکشنبه ساعت ۱۶:۴۵ برگزار می‌شود.","ham"
"کلاس شنا برای رده سنی ۸ تا ۱۲ سال، یکشنبه ساعت ۱۷ برگزار می‌شود.","ham"
"کلاس شنا برای رده سنی ۸ تا ۱۲ سال، یکشنبه ساعت ۸ برگزار می‌شود.","ham"
"کلاس مدار الکتریکی پنجشنبه تشکیل نمی‌شود. جلسه جبرانی متعاقباً اعلام می‌گردد.","ham"
"کلاس مدار الکتریکی یکشنبه تشکیل نمی‌شود. جلسه جبرانی متعاقباً اعلام می‌گردد.","ham"
"کلاس مدار منطقی سه‌شنبه تشکیل نمی‌شود. جلسه جبرانی متعاقباً اعلام می‌گردد.","ham"
"کلاس مکانیک سیالات جمعه تشکیل نمی‌شود. جلسه جبرانی متعاقباً اعلام می‌گردد.","ham"
"کلید یدک رو به آرش دادم.","ham"
"کلید یدک رو به الهام دادم.","ham"
"کلید یدک رو به امیر دادم.","ham"
"کلید یدک رو به بهنام دادم.","ham"
"کلید یدک رو به سارا دادم.","ham"
"کلید یدک رو به سعید دادم.","ham"
"کلید یدک رو به مینا دادم.","ham"
"کمکم کن لطفاً","ham"
"کمکم کن لطفاً ☀️","ham"
"کمکم کن لطفاً، مراقب خودت باش","ham"
"گارانتی دستگاه شما تا 1/12 معتبر است. شماره سریال در فاکتور درج شده است.","ham"
"گارانتی دستگاه شما تا 1/8 معتبر است. شماره سریال در فاکتور درج شده است.","ham"
"گارانتی دستگاه شما تا 10/8 معتبر است. شماره سریال در فاکتور درج شده است.","ham"
"گارانتی دستگاه شما تا 11/9 معتبر است. شماره سریال در فاکتور درج شده است.","ham"
"گارانتی دستگاه شما تا 18/7 معتبر است. شماره سریال در فاکتور درج شده است.","ham"
"گارانتی دستگاه شما تا 19/12 معتبر است. شماره سریال در فاکتور درج شده است.","ham"
"گارانتی دستگاه شما تا 2/10 معتبر است. شماره سریال در فاکتور درج شده است.","ham"
"گارانتی دستگاه شما تا 21/12 معتبر است. شماره سریال در فاکتور درج شده است.","ham"
"گارانتی دستگاه شما تا 22/9 معتبر است. شماره سریال در فاکتور درج شده است.","ham"
"گارانتی دستگاه شما تا 23/8 معتبر است. شماره سریال در فاکتور درج شده است.","ham"
"گارانتی دستگاه شما تا 25/8 معتبر است. شماره سریال در فاکتور درج شده است.","ham"
"گارانتی دستگاه شما تا 28/8 معتبر است. شماره سریال در فاکتور درج شده است.","ham"
"گارانتی دستگاه شما تا 3/10 معتبر است. شماره سریال در فاکتور درج شده است.","ham"
"گارانتی دستگاه شما تا 6/10 معتبر است. شماره سریال در فاکتور درج شده است.","ham"
"گارانتی دستگاه شما تا 6/9 معتبر است. شماره سریال در فاکتور درج شده است.","ham"
"گارانتی دستگاه شما تا 7/11 معتبر است. شماره سریال در فاکتور درج شده است.","ham"
"گردش حساب شما از 1/12 تا امروز آماده شده است. ورود از طریق همراه بانک.","ham"
"گردش حساب شما از 11/9 تا امروز آماده شده است. ورود از طریق همراه بانک.","ham"
"گردش حساب شما از 15/9 تا امروز آماده شده است. ورود از طریق همراه بانک.","ham"
"گردش حساب شما از 22/10 تا امروز آماده شده است. ورود از طریق همراه بانک.","ham"
"گردش حساب شما از 22/8 تا امروز آماده شده است. ورود از طریق همراه بانک.","ham"
"گردش حساب شما از 23/8 تا امروز آماده شده است. ورود از طریق همراه بانک.","ham"
"گردش حساب شما از 24/8 تا امروز آماده شده است. ورود از طریق همراه بانک.","ham"
"گردش حساب شما از 25/8 تا امروز آماده شده است. ورود از طریق همراه بانک.","ham"
"گردش حساب شما از 28/8 تا امروز آماده شده است. ورود از طریق همراه بانک.","ham"
"گردش حساب شما از 3/10 تا امروز آماده شده است. ورود از طریق همراه بانک.","ham"
"گردش حساب شما از 5/11 تا امروز آماده شده است. ورود از طریق همراه بانک.","ham"
"گردش حساب شما از 5/8 تا امروز آماده شده است. ورود از طریق همراه بانک.","ham"
"گردش حساب شما از 6/12 تا امروز آماده شده است. ورود از طریق همراه بانک.","ham"
"گردش حساب شما از 6/9 تا امروز آماده شده است. ورود از طریق همراه بانک.","ham"
"گزارش حضور و غیاب آبان در سامانه قرار گرفت. در صورت مغایرت تا سه‌شنبه اطلاع دهید.","ham"
"گزارش حضور و غیاب آذر در سامانه قرار گرفت. در صورت مغایرت تا دوشنبه اطلاع دهید.","ham"
"گزارش حضور و غیاب آذر در سامانه قرار گرفت. در صورت مغایرت تا پنجشنبه اطلاع دهید.","ham"
"گزارش حضور و غیاب اردیبهشت در سامانه قرار گرفت. در صورت مغایرت تا چهارشنبه اطلاع دهید.","ham"
"گزارش حضور و غیاب اسفند در سامانه قرار گرفت. در صورت مغایرت تا جمعه اطلاع دهید.","ham"
"گزارش حضور و غیاب اسفند در سامانه قرار گرفت. در صورت مغایرت تا چهارشنبه اطلاع دهید.","ham"
"گزارش حضور و غیاب تیر در سامانه قرار گرفت. در صورت مغایرت تا دوشنبه اطلاع دهید.","ham"
"گزارش حضور و غیاب تیر در سامانه قرار گرفت. در صورت مغایرت تا چهارشنبه اطلاع دهید.","ham"
"گزارش حضور و غیاب دی در سامانه قرار گرفت. در صورت مغایرت تا پنجشنبه اطلاع دهید.","ham"
"گزارش حضور و غیاب مهر در سامانه قرار گرفت. در صورت مغایرت تا جمعه اطلاع دهید.","ham"
"گزارش پیشرفت اپلیکیشن مشتریان تا شنبه مورد نیاز است. لطفا طبق قالب پیوست تکمیل کنید.","ham"
"گزارش پیشرفت اپلیکیشن مشتریان تا چهارشنبه مورد نیاز است. لطفا طبق قالب پیوست تکمیل کنید.","ham"
"گزارش پیشرفت داشبورد فروش تا سه‌شنبه مورد نیاز است. لطفا طبق قالب پیوست تکمیل کنید.","ham"
"گزارش پیشرفت داشبورد فروش تا چهارشنبه مورد نیاز است. لطفا طبق قالب پیوست تکمیل کنید.","ham"
"گزارش پیشرفت داکیومنت فنی تا دوشنبه مورد نیاز است. لطفا طبق قالب پیوست تکمیل کنید.","ham"
"گزارش پیشرفت سامانه انبار تا چهارشنبه مورد نیاز است. لطفا طبق قالب پیوست تکمیل کنید.","ham"
"گزارش پیشرفت سامانه تیکت تا شنبه مورد نیاز است. لطفا طبق قالب پیوست تکمیل کنید.","ham"
"گزارش پیشرفت سامانه تیکت تا چهارشنبه مورد نیاز است. لطفا طبق قالب پیوست تکمیل کنید.","ham"
"گزارش پیشرفت پروژه وب‌سایت تا شنبه مورد نیاز است. لطفا طبق قالب پیوست تکمیل کنید.","ham"
"گزارش پیشرفت پروژه وب‌سایت تا یکشنبه مورد نیاز است. لطفا طبق قالب پیوست تکمیل کنید.","ham"
"گزارش پیشرفت کمپین نوروزی تا پنجشنبه مورد نیاز است. لطفا طبق قالب پیوست تکمیل کنید.","ham"
"گزارش پیشرفت کمپین نوروزی تا یکشنبه مورد نیاز است. لطفا طبق قالب پیوست تکمیل کنید.","ham"
"گزارش پیشرفت گزارش ماهانه تا سه‌شنبه مورد نیاز است. لطفا طبق قالب پیوست تکمیل کنید.","ham"
"گزارش پیشرفت گزارش ماهانه تا شنبه مورد نیاز است. لطفا طبق قالب پیوست تکمیل کنید.","ham"
"یادآوری نوبت واکسیناسیون کودک شما: جمعه ساعت ۱۲. مرکز بهداشت محله.","ham"
"یادآوری نوبت واکسیناسیون کودک شما: جمعه ساعت ۱۷. مرکز بهداشت محله.","ham"
"یادآوری نوبت واکسیناسیون کودک شما: جمعه ساعت ۹:۳۰. مرکز بهداشت محله.","ham"
"یادآوری نوبت واکسیناسیون کودک شما: دوشنبه ساعت ۱۲. مرکز بهداشت محله.","ham"
"یادآوری نوبت واکسیناسیون کودک شما: دوشنبه ساعت ۱۹. مرکز بهداشت محله.","ham"
"یادآوری نوبت واکسیناسیون کودک شما: سه‌شنبه ساعت ۱۱:۳۰. مرکز بهداشت محله.","ham"
"یادآوری نوبت واکسیناسیون کودک شما: سه‌شنبه ساعت ۱۵. مرکز بهداشت محله.","ham"
"یادآوری نوبت واکسیناسیون کودک شما: سه‌شنبه ساعت ۱۶. مرکز بهداشت محله.","ham"
"یادآوری نوبت واکسیناسیون کودک شما: شنبه ساعت ۱۷. مرکز بهداشت محله.","ham"
"یادآوری نوبت واکسیناسیون کودک شما: شنبه ساعت ۲۰. مرکز بهداشت محله.","ham"
"یادآوری نوبت واکسیناسیون کودک شما: شنبه ساعت ۹. مرکز بهداشت محله.","ham"
"یادآوری نوبت واکسیناسیون کودک شما: پنجشنبه ساعت ۱۶:۴۵. مرکز بهداشت محله.","ham"
"یادآوری نوبت واکسیناسیون کودک شما: چهارشنبه ساعت ۱۰. مرکز بهداشت محله.","ham"
"یادآوری نوبت واکسیناسیون کودک شما: چهارشنبه ساعت ۱۶:۴۵. مرکز بهداشت محله.","ham"
"یادآوری نوبت واکسیناسیون کودک شما: چهارشنبه ساعت ۹:۳۰. مرکز بهداشت محله.","ham"
"یادآوری نوبت واکسیناسیون کودک شما: یکشنبه ساعت ۱۶. مرکز بهداشت محله.","ham"
"یادآوری نوبت واکسیناسیون کودک شما: یکشنبه ساعت ۱۶:۴۵. مرکز بهداشت محله.","ham"
"یادآوری نوبت واکسیناسیون کودک شما: یکشنبه ساعت ۹:۳۰. مرکز بهداشت محله.","ham"
"یادآوری چکاپ سالانه: آخرین نوبت‌های ماه جاری در حال تکمیل است. مطب دکتر الهام.","ham"
"یادآوری چکاپ سالانه: آخرین نوبت‌های ماه جاری در حال تکمیل است. مطب دکتر امیر.","ham"
"یادآوری چکاپ سالانه: آخرین نوبت‌های ماه جاری در حال تکمیل است. مطب دکتر بهنام.","ham"
"یادآوری چکاپ سالانه: آخرین نوبت‌های ماه جاری در حال تکمیل است. مطب دکتر حامد.","ham"
"یادآوری چکاپ سالانه: آخرین نوبت‌های ماه جاری در حال تکمیل است. مطب دکتر حسین.","ham"
"یادآوری چکاپ سالانه: آخرین نوبت‌های ماه جاری در حال تکمیل است. مطب دکتر رضا.","ham"
"یادآوری چکاپ سالانه: آخرین نوبت‌های ماه جاری در حال تکمیل است. مطب دکتر زهرا.","ham"
"یادآوری چکاپ سالانه: آخرین نوبت‌های ماه جاری در حال تکمیل است. مطب دکتر سارا.","ham"
"یادآوری چکاپ سالانه: آخرین نوبت‌های ماه جاری در حال تکمیل است. مطب دکتر سعید.","ham"
"یادآوری چکاپ سالانه: آخرین نوبت‌های ماه جاری در حال تکمیل است. مطب دکتر شبنم.","ham"
"یادآوری چکاپ سالانه: آخرین نوبت‌های ماه جاری در حال تکمیل است. مطب دکتر فاطمه.","ham"
"یادآوری چکاپ سالانه: آخرین نوبت‌های ماه جاری در حال تکمیل است. مطب دکتر مریم.","ham"
"یادآوری چکاپ سالانه: آخرین نوبت‌های ماه جاری در حال تکمیل است. مطب دکتر مینا.","ham"
"یادآوری چکاپ سالانه: آخرین نوبت‌های ماه جاری در حال تکمیل است. مطب دکتر نرگس.","ham"
"یادآوری چکاپ سالانه: آخرین نوبت‌های ماه جاری در حال تکمیل است. مطب دکتر پریسا.","ham"
"یادآوری چکاپ سالانه: آخرین نوبت‌های ماه جاری در حال تکمیل است. مطب دکتر کاوه.","ham"
"یادآوری: نوبت ویزیت شما جمعه ساعت ۱۵ است. جهت لغو عدد ۱ را ارسال کنید.","ham"
"یادآوری: نوبت ویزیت شما جمعه ساعت ۱۶ است. جهت لغو عدد ۱ را ارسال کنید.","ham"
"یادآوری: نوبت ویزیت شما جمعه ساعت ۱۶:۴۵ است. جهت لغو عدد ۱ را ارسال کنید.","ham"
"یادآوری: نوبت ویزیت شما جمعه ساعت ۸ است. جهت لغو عدد ۱ را ارسال کنید.","ham"
"یادآوری: نوبت ویزیت شما دوشنبه ساعت ۱۰ است. جهت لغو عدد ۱ را ارسال کنید.","ham"
"یادآوری: نوبت ویزیت شما دوشنبه ساعت ۱۲ است. جهت لغو عدد ۱ را ارسال کنید.","ham"
"یادآوری: نوبت ویزیت شما دوشنبه ساعت ۱۵ است. جهت لغو عدد ۱ را ارسال کنید.","ham"
"یادآوری: نوبت ویزیت شما دوشنبه ساعت ۱۶ است. جهت لغو عدد ۱ را ارسال کنید.","ham"
"یادآوری: نوبت ویزیت شما دوشنبه ساعت ۱۹ است. جهت لغو عدد ۱ را ارسال کنید.","ham"
"یادآوری: نوبت ویزیت شما دوشنبه ساعت ۹ است. جهت لغو عدد ۱ را ارسال کنید.","ham"
"یادآوری: نوبت ویزیت شما دوشنبه ساعت ۹:۳۰ است. جهت لغو عدد ۱ را ارسال کنید.","ham"
"یادآوری: نوبت ویزیت شما سه‌شنبه ساعت ۱۱:۳۰ است. جهت لغو عدد ۱ را ارسال کنید.","ham"
"یادآوری: نوبت ویزیت شما سه‌شنبه ساعت ۱۲ است. جهت لغو عدد ۱ را ارسال کنید.","ham"
"یادآوری: نوبت ویزیت شما سه‌شنبه ساعت ۱۷ است. جهت لغو عدد ۱ را ارسال کنید.","ham"
"یادآوری: نوبت ویزیت شما شنبه ساعت ۱۶:۴۵ است. جهت لغو عدد ۱ را ارسال کنید.","ham"
"یادآوری: نوبت ویزیت شما شنبه ساعت ۱۸ است. جهت لغو عدد ۱ را ارسال کنید.","ham"
"یادآوری: نوبت ویزیت شما شنبه ساعت ۱۹ است. جهت لغو عدد ۱ را ارسال کنید.","ham"
"یادآوری: نوبت ویزیت شما پنجشنبه ساعت ۱۱ است. جهت لغو عدد ۱ را ارسال کنید.","ham"
"یادآوری: نوبت ویزیت شما چهارشنبه ساعت ۱۱ است. جهت لغو عدد ۱ را ارسال کنید.","ham"
"یادآوری: نوبت ویزیت شما چهارشنبه ساعت ۱۲ است. جهت لغو عدد ۱ را ارسال کنید.","ham"
"یادآوری: نوبت ویزیت شما چهارشنبه ساعت ۱۴ است. جهت لغو عدد ۱ را ارسال کنید.","ham"
"یادآوری: نوبت ویزیت شما چهارشنبه ساعت ۱۶ است. جهت لغو عدد ۱ را ارسال کنید.","ham"
"یادآوری: نوبت ویزیت شما چهارشنبه ساعت ۱۷ است. جهت لغو عدد ۱ را ارسال کنید.","ham"
"یادآوری: نوبت ویزیت شما یکشنبه ساعت ۱۴ است. جهت لغو عدد ۱ را ارسال کنید.","ham"
"یادآوری: نوبت ویزیت شما یکشنبه ساعت ۱۵ است. جهت لغو عدد ۱ را ارسال کنید.","ham"
"یادآوری: نوبت ویزیت شما یکشنبه ساعت ۱۶:۴۵ است. جهت لغو عدد ۱ را ارسال کنید.","ham"
"یادآوری: نوبت ویزیت شما یکشنبه ساعت ۲۰ است. جهت لغو عدد ۱ را ارسال کنید.","ham"
"یادآوری: کلاس ورزشی شما دوشنبه ساعت ۱۱ برگزار می‌شود.","ham"
"یادآوری: کلاس ورزشی شما دوشنبه ساعت ۱۵ برگزار می‌شود.","ham"
"یادآوری: کلاس ورزشی شما دوشنبه ساعت ۱۶:۴۵ برگزار می‌شود.","ham"
"یادآوری: کلاس ورزشی شما پنجشنبه ساعت ۱۰ برگزار می‌شود.","ham"
"یادآوری: کلاس ورزشی شما پنجشنبه ساعت ۱۶:۴۵ برگزار می‌شود.","ham"
"یادآوری: کلاس ورزشی شما پنجشنبه ساعت ۱۷ برگزار می‌شود.","ham"
"یادآوری: کلاس ورزشی شما چهارشنبه ساعت ۱۱ برگزار می‌شود.","ham"
"یادآوری: کلاس ورزشی شما چهارشنبه ساعت ۹ برگزار می‌شود.","ham"
"یادآوری: کلاس ورزشی شما یکشنبه ساعت ۱۱ برگزار می‌شود.","ham"
"یادآوری: کلاس ورزشی شما یکشنبه ساعت ۱۲ برگزار می‌شود.","ham"
"یکشنبه بازار بودم، چیزی لازم داری؟","ham"
