"text","label"
"درروزهای المپیک برنده خوش شانس جایزه روزانه میلیونی یا شارژ هزارتومانی سیم کات باشیدبا نصب آهنگ پیشواز شماره گیری یا برای آهنگ پیشواز بیشتر شماره گیری کپی آسان آهنگ پیشواز","spam"
"آموزش نسخه پیچی داروخانه تئوری عملی مدرک جهاد دانشگاهی","spam"
"آموزش فوریت های پزشکی تزریقات پانسمان و جهاد دانشگاهی","spam"
"مالک محترم خط ایرانسل دریافت این پیامک به منزله انتخاب شما برای قرعه کشی ریال جایزه است عضویت قطعی باارسال رایگان","spam"
"شاید این جمعه بیاید شاید حضرت خورشید ساقیا ساغر به دستان را بنگر ارسال کد به قیمت تومان شماره گیری کدآهنگ به آهنگ مورد علاقه ات گوش کن و نصب کن","spam"
"امروزی ترین اسم ها اسامی فرزندان مشاهیر نام های اصیل ایرانی و معنی نام ها عضویت درسرویس باارسال عدد","spam"
"مگابایت اینترنت رایگان درسرویس پازل عضویت باارسال عدد دریافت دانستنی های شگفت انگیز تومان تا ورود به قرعه کشی خودروی برلیانس","spam"
"پیشوازهای احساسی پیشنهاد امروزمابرای شما","spam"
"چشماتو ببند به کسی که دوستش داری فکرکن عدد","spam"
"قهرمان سنگین وزن وزنه برداری جهان کیه ایران گرجستان عضویت سرویس عجایب صدوپنجاه تومن","spam"
"گیگ اینترنت ایرانسل با ارسال","spam"
"شرکت در مسابقه رایگان قهرمانان من ویژه پارالمپیک با هزاران هدیه ارزنده به همراه اخبار و نتایج مسابقات دراپلیکیشن آپ","spam"
"محسن چاوشی از امیر بی گزند می گوید شیدایی چنگیز پریشان امیر بی گزند متصل ارسال کد پیشوازبه قیمت تومان شماره گیری کدآهنگ به آهنگ مورد علاقه ات گوش کن و نصب کن","spam"
"تومن شارژ ساعت بعدازورودبه اپ کلیپ تایم رابفرست روزی تومن ماه","spam"
"قرعه کشی روزانه سامسونگ گلکسی مشاهده شانس قرعه کشی[ENGLISH] اخبار مسابقات و جشنواره هاو درکانال تلگرام آپ [LINK_REMOVED]","spam"
"سرویس پانتومیم میدونستی فقط تو مجاز به عضو شدن در این سرویس شدی همین حالا رو بفرست صدتومن","spam"
"شادیهای کوچیک تقدیم به کسانی که باهات تماس میگیرن کجایی شکستم بریدم ماه و ماهی نم نم بارون ارسال کد به قیمت تومان","spam"
"با دوست داشتنی ترین پیشوازها مهمون شماییم گل بیتا قیدتو زدم","spam"
"عشق یعنی استخوان و یک پلاک شهید گمنام آی شهدا دلای ما تنگ براتون ما راینا الا جمیلا ارسال کد به قیمت تومان شماره گیری کدآهنگ به آهنگ موردعلاقه ات گوش کن و نصب کن","spam"
"پیشوازهای منتخب این هفته برای شما قلبم دردعمیق","spam"
"فقط برای مدت محدود برنده جوایزنقدی ارزشمند شویدبا ارسال رایگان به اشـتراک در سرویس ورزش بین الملل صدتومن","spam"
"این پیامک هدیه ای برای رفع خستگی شماست وقتی تومان شارژرایگان دریافت کنید باارسال دریافت ساعت بعد وعضویت سرویس رحمت صدوبیست تومان","spam"
"باز این چه شورش است که در خلق عالم است با ارسال [ENGLISH] به همین شماره پیام خاص محرمی داشته باشید و با گرامیداشت این ماه به استقبال مخاطبانتان بروید فعالسازی رایگان","spam"
"عاشقان اباعبدالله ع نوای سید مجید بنی فاطمه جان آقام خوشبختی یعنی حسین ع کربلادیدن داره واسه مجنون لیلایی باارسال کدبه قیمت تومان شنیدن نوا کدآهنگ","ham"
"محرم آمد و ماه عزا شد برترین نواهای پیشواز محرم غدیر خون محسن چاوشی ظهر عطش محسن چاوشی عمو با اب برمیگرده علی لهراسبی باارسال کدبه قیمت تومان","spam"
"تعداد محدود شما فقط یک عدد تا شانس بردن پژو فاصله دارید ثبت با ارسال درجشنواره ویترین تومن","spam"
"محرم آمد و ماه عزا شد دوباره شور عاشوار به پا شد عبدالمالکی علی اصغر طلیسچی روزنهم","ham"
"مــــظلوم کربــــــــلا حســــــــین ع با ارسال [ENGLISH] به همین شماره پیام خاص محرمی داشته باشید و با گرامیداشت این ماه به استقبال مخاطبانتان بروید فعالسازی رایگان","spam"
"عاشقان اباعبدالله ع نوای محمدرضاطاهری حسین جانم","ham"
"عشق گفتی کربلا آمد به یاد لبیک یا حسین یا کاشف الکرب","ham"
"ساعت دیگر سیم کارت شما شارژ میشود اگر هم اکنون را ارسال کنید میزان بسته تومان عضویت سرویس تقویم صدوبیست تومان","spam"
"سلام برحسین مظلوم بی تابی رقیه بیاتی زیربارون شریفی معدن عشق زارع بی تاب کربلا بذری ارسال کد به قیمت تومان","spam"
"پیام صوتی جدید شما ذخیره شد شنیدن پیام با ارسال رایگان","spam"
"ثبت نام دانشپذیری کارشناسی ارشد ظرفیت محدود جهاددانشگاهی","spam"
"شارژ رایگان تومانی ویژه شماره با ارسال رایگان عدد شرکت در کمپین رخصت و دعوت از دوستان صد تومن","spam"
"حسین قتیل العبرات نعم الامیر یزدخاستی توکربلای تو اصلانی هواتوکردم میرزایی السلام طارق ارسال کد به قیمت تومان","spam"
"فرصت برد شارژ هزار تومانی ثبت نام با ارسال","spam"
"شمامیتوانید معادل تومان سیم کارت خودرارایگان شارژ کنید امروز راارسال کنید ساعت بعدهدیه خودرابگیرید عضویت درسرویس رحمت تومان","spam"
"با بدون نیاز به قبض هزینه موبایلتو پرداخت کن و [ENGLISH] ببر","spam"
"حال خوب امروز با برترین و پرفروش ترین پیشوازهای هفته اشوان چه خوبه حالم پاشایی قلبم روتکراره لهراسبی بارون ارسال به تومان","spam"
"شارژ رایگان تومانی ویژه شماره با ارسال رایگان عدد شرکت در سرویس رخصت و دعوت از ده دوست صد تومن","spam"
"در آخر هفته خوب و پرانرژی خود با برترین پیشوازها به استقبال دوستانتان بروید اشوان چه خوبه حالم مقدم منو باش پاشایی قلبم رو تکراره ارسال کد به تومان","spam"
"فال امروزتو گوش کن با ارسال رایگان","spam"
"شما یک پیغام صوتی جدید دارید جهت دریافت پیغام وشارژ رایگان تومانی عدد را ارسال فرمایید عضویت سرویس رخصت باهزینه صد تومن","spam"
"دوستات شاید ترجیح بدن به جای صدای بوق بوق یه آهنگ زیبا بشنون و یه انتظار لذتبخش رو تجربه کنن اشوان چه خوبه حالم شکوهی مقدس ارسال به تومان","spam"
"ایرانسلی ها فقط امروز فرصت دارید صاحب تومان شارژ رایگان شوید تنهاباارسال وعضویت در قرعه کشی سرویس کوثر نودونه تومن","spam"
"آموزش کار در داروخانه عملی تئوری مدرک معتبر جهاددانشگاهی","spam"
"آموزه های عاشورایی تصویر باارسال عدد و عضویت در این سرویس تحول عظیمی را در زندگیت تجربه کن تومن","spam"
"هدیه ویژه مگابایت اینترنت تومن شارژ بدون قرعه کشی برای همه باارسال عدد","spam"
"این شماره شماست و این پیشنهاد ویژه ما برای شما ست من از شوق بارون به دریا زدم دنیامو عوض کن ارسال عدد به روز تومان انتخاب یکی از این پیشوازها شانس بیشتربرای رسیدن به[ENGLISH]","spam"
"شمامیتوانید معادل تومان سیم کارت خودرا رایگان شارژکنید باعضویت درسرویس قرعه کشی اختراعات اعجاب آور نودونه تومن","spam"
"پیشوازهای به یادمادندنی از مرتضی پاشایی در دومین سالگرد درگذشت قلبم رو تکراره","spam"
"حرف دلت رو با بهترین پیشوازها به گوشش برسون می بخشم مرتضی پاشایی","spam"
"مگابایت اینترنت هدیه کاملا رایگان برای همه بدون قرعه کشی دریافت باارسال عدد","spam"
"هدیه بسته اینترنتی مگی به نفر اول عضویت در سرویس سفر در زمان با ارسال","spam"
"نسیم اولین شبکه اجتماعی مذهبی ایرانسل همراه با اعتبار نامحدود رایگان ماهیانه و قرعه کشی شمش طلا اشتراک با ارسال","spam"
"یه پیشواز عالی برای آخر هفته و یه حس خوب تقدیم به بهترین دوستات ابراهیمی جدایی لهراسبی شرشربارون ارسال به تومان","spam"
"اربعین آمد دلم را غم گرفت بهترین آهنگ های پیشواز اربعین کاروان اربعین شد حسین جانم اربعین ارسال کد به قیمت تومان برای دانلود بیشتر","spam"
"بازی دره یادبود رو فقط از بازیک رایگان دانلود کن [LINK_REMOVED]","spam"
"یک بازی پر از استرس و هیجان[ENGLISH] [ENGLISH] دانلود [LINK_REMOVED]","spam"
"مالک خط شما یک فایل تصویری دیده نشده دارید باارسال رایگان آنرادریافت کنید با عضویت در سرویس باور و قرعه کشی تومن","spam"
"میلیون ریال پول نقدجایزه این ماه تراکنش از واپلیکیشن آپ","spam"
"گردون شده سیاه فضا پر زدود و آه پیشواز سوگواری ماه صفر ای پادشاه حسن ای حسن بندگی امام حسن علیه السلام هم قدم","spam"
"وقت معتبر شدنه [ENGLISH] [ENGLISH] [ENGLISH] شما هم می توانید با مراجعه به سامانه فوق با حفظ شماره فعلی همراه اولی شده و از مزایای زیر بهره مند شوید کاهش هزینه مکالمه با تلفن ثابت پوشش سراسری و با کیفیت مکالمه اینترنت پرسرعت با پوشش بیش از شهر و دهستان","spam"
"دل خسته و رسته از هرچه گسسته خواهان شماییم یاضامن آهو نسیم اولین اپ مذهبی ایرانسل دریافت از چارخونه [LINK_REMOVED]","spam"
"ویژه دوستاداران حسینی عضوسرویس شعرآئینی بشید تا شانس خودتون رو برای برنده شدن نشان طلا میلیون ریالی امتحان کنین ارسال","spam"
"مالک خط شما یک فایل تصویری دیده نشده دارید باارسال رایگان آنرادریافت کنید شرکت در سرویس باور ماو قرعه کشی تومن","spam"
"با تبریک آذر سالروز تصویب قانون اساسی جمهوری اسلامی ایران متن این میثاق ملی را به هموطنان عزیز تقدیم می داریم معاونت حقوقی ریاست جمهوری دانلود متن کتاب [LINK_REMOVED] دانلود نرم افزار اندروید [LINK_REMOVED]","spam"
"مگابایت اینترنت هدیه بدون قرعه کشی رایگان برای همه باارسال دریافت ساعته در اپ زعفرون روزی سیصد تومان تا ماه","spam"
"صاحب تومان شارژ رایگان شوید با ارسال رایگان","spam"
"پیشوازهای به یاد ماندنی احسان خواجه امیری همراه با قرعه کشی سکه طلا و [ENGLISH] غریبانه نا برده رنج","spam"
"شارژهدیه شب یلدای ایرانسلیها تامین است تومان اعتبارهدیه رایگان ساعته دریافت باارسال","spam"
"تومان شارژ رایگان برای شب یلدای ایرانسلی ها عضویت باارسال جشن شارژ در سرویس نسل نو است دوستت را دعوت کن صد تومان","spam"
"شما برنده نشدید این کد به پاس همراهی شماست [ENGLISH] [ENGLISH] [ENGLISH] هزار تومان برای خرید بالای هزار تومان فقط تا آذر هر شماره فقط یک بار در قرعه کشی میلیون تومانی یلدا بامیلو شرکت داده میشود","spam"
"فروش ویژه یلدای بامیلو شروع شد از همین حالا تا عصر آذر مشاهده محصولات ویژه [LINK_REMOVED]","spam"
"عمرتون صد شب یلدا برای استفاده رایگان ازسرویس پیام پیشوازبه مدت روز [ENGLISH] رابه بفرستید با ارسال [ENGLISH] به بسته تبریک یلدا را فعال کنید","spam"
"امشب جواب تلفن هیچکسی رو نده شب یلدا همه به هم تلفن میزنند که تبریک بگن تو با پیشوزات به بقیه تبریک بگو خودتم به مهمونی برس شب یلدا خدا همین حوالیه زمستون ارسال به تومان","spam"
"با ذهن خود را توسعه دهید دریافت برنامه دانا با ارسال","spam"
"اعتبار شما روبه پایان است شانستان را برای دریافت رایگان شارژ تومنی امتحان کنید با ارسال","spam"
"باارسال پیامک ایرانسلی پیامک دیگرتاآخرروزهدیه بگیر","spam"
"راه های ازدواج موفق تنها در مجله موفقیت عضویت در این سرویس باارسال","spam"
"تبریک عیدرامهمان ایرانسل باشید بامجموع دقیقه تماس ایرانسلی تاپایان اسفند عید امسال تا دقیقه مکالمه رایگان دریافت کنید [LINK_REMOVED]","spam"
"پیشنهادات شگفت انگیزهمه درایرانسل من استفاده ازجایزه امتیازایرانسلی جایزه دعوت ازدوستان و دانلوداز [LINK_REMOVED]","spam"
"مشترک گرامی بسته اینترنت روزانه مگابایتی با هزینه ریال فعال شد برای استفاده از بسته اینترنتی خود اینترنت دستگاه خود را یکبار خاموش و مجددا روشن کنید اطلاع از حساب اینترنت همراه با شماره گیری کد زیر و یا ازطریق برنامه کاربردی ایرانسل من دانلود از [LINK_REMOVED] میتوانیدعلاوه برخرید بسته برای خود آن رابه دوستانتان نیزهدیه دهید ازطریق ایرانسل من ویا شماره گیری","spam"
"فقط امروزفرصت دارید تومن شارژرایگان باارسال","spam"
"شما برنده اید شارژ تومانی رایگان با ارسال","spam"
"بیش از تخفیف مودم[ENGLISH] اینترنت نسل ثابت [ENGLISH] [ENGLISH] بسته گیگابایتی هزارتومان خریدازفروشگاه اینترنتی ایرانسل [LINK_REMOVED]","spam"
"مشترک عزیز آخرین مهلت فعالسازی سیمکارتهای هدیه دی است بافعالسازی سیمکارت هدیه خود ازخدمات بزرگترین اپراتوردیتای ایران لذت ببرید","spam"
"تبریک امروز با فعال سازی کدهای زیر میتونی برنده[ENGLISH]باشی میثم ابراهیمی اشک مریم حیدرزاده اما بازم نیومدی","spam"
"هنوز بسته رایگان اپلیکیشن های خود را دریافت نکردید معرفی بهترین برنامه و بازیهای اندروید عضویت باارسال","spam"
"مشترک گرامی بسته گیگی ساعته صبح تا صبح فردا با هزینه ریال فعال شد برای استفاده از بسته اینترنتی خود اینترنت دستگاه خود را یکبار خاموش و مجددا روشن کنید اطلاع از حساب اینترنت همراه با شماره گیری کد زیر و یا ازطریق برنامه کاربردی ایرانسل من دانلود از [LINK_REMOVED] میتوانیدعلاوه برخرید بسته برای خود آن رابه دوستانتان نیزهدیه دهید ازطریق ایرانسل من ویا شماره گیری","spam"
"یک عکس از طرف علی صادقی برای شما ارسال شد دریافت عکس با ارسال رایگان","spam"
"جایزه میلیون تومانی ویژه خریدوفعالسازی سیمکارت ایرانسل تا اسفند تمدید شد به دوستانتان بگویید اطلاعات بیشتر ارسال رایگان به","spam"
"مشترک شماره شما یک عکس جدید دریافت کردید مشاهده با ارسال رایگان عدد","spam"
"فقط امروز کدشارژ تومنی باارسال","spam"
"کدشانس شمابرای دریافت جایزه خودروبنزکلاس[ENGLISH]پلاک جزیره کیش فعال شد تایید شرکت درقرعه کشی واشتراک درسرویس دین و زندگی باارسال عدد","spam"
"تبریک می گم شما وارد قرعه کشی جوایز نقدی جشنواره زمستانه تا سقف میلیون ریال شده ای ارسال عدد ورود به قرعه کشی اشتراک درارغوان تومن","spam"
"فقط امروز تومن شارژ رایگان باارسال","spam"
"باسرویس رژیم وتغذیه تناسب اندام خود راحفظ کنید نکات ویژه رژیم و تغذیه مارا برای زندگی سالم تردنبال کنید عضویت باارسال","spam"
"دریافت [ENGLISH]اینترنت هدیه ارسال بادریافت پیام سرویس چیدمان عضویت تومن","spam"
"دریافت تومان شارژهدیه ارسال بادریافت پیام سرویس تفکر عضویت تومن","spam"
"مشترک گرامی بسته ویژه گیگی","spam"
"جدیدترین و اصیل ترین اسم های ایرانی کدامند برای انتخاب اسم فرزندت مشکل داری عدد","spam"
"اینترنت [ENGLISH] ایرانسل را با قیمت مقرون به صرفه تجربه کنید گیگ ماهانه فقط ت","spam"
"طرح آنلاین باش ارائه گیگ اینترنت پرچم ایرانسلی های آنلاین بالاست دریافت باارسال","spam"
"مشترک شماره یک عکس برای شما ارسال شد دریافت عکس با ارسال رایگان","spam"
"با [ENGLISH] ایرانسل ذهن خودراتوسعه دهید دریافت رایگان برنامه دانا باارسال","spam"
"ایرانسلی عزیز با سرویس حساب چندکاربره هزینه ها و میزان مصرف اینترنت خود خانواده و دوستانتان را کنترل کنید از این پس با اپلیکیشن ایرانسل من می توانید بسته اینترنت چندکاربره بخرید و محدودیت ترافیک مصرفی هریک از زیرشاخه های خود را به هر میزان که مایلید تنظیم کنید دانلود رایگان از [LINK_REMOVED]","spam"
"برای امروزت یه پیشوازانتخاب کن مهم اینه که تفاوتی در امروز ایجاد کنی محسن یگانه خیابونا [LINK_REMOVED] محسن چاوشی هر روز پاییزه [LINK_REMOVED] ارسال کدبه تومان","spam"
"کد شارژ ریالی اگرکد شارژراکامل نمیبینید عدد راارسال وشانس خود راامتحان کنید عضویت در سرویس به روز تومن","spam"
"سرویس یادگیری انگلیسی یادگیری انگلیسی وشانس برنده شدن جوایز ارزشمند باپاسخ به سؤالات روزانه عضویت با ارسال","spam"
"شارژ بدون قرعه کشی برد تومان دعوت حداقل نفر و برد تومان دعوت نفروبرد تومان باارسال","spam"
"شماره های رند ایرانسل را از دست ندهید [LINK_REMOVED]","spam"
"مشترک گرامی بسته اینترنت نامحدود یک ساعته با هزینه ریال فعال شد برای استفاده از بسته اینترنتی خود اینترنت دستگاه خود را یکبار خاموش و مجددا روشن کنید اطلاع از حساب اینترنت همراه با شماره گیری کد زیر و یا ازطریق برنامه کاربردی ایرانسل من دانلود از [LINK_REMOVED] میتوانیدعلاوه برخرید بسته برای خود آن رابه دوستانتان نیزهدیه دهید ازطریق ایرانسل من ویا شماره گیری","spam"
"محمدرضاگلزار و بنیامین درپرفروشترین فیلم سینمای ایران وهند قرعه کشی یک خودرو باارسال به و عضویت درسرویس سلام بمبئی تومن","spam"
"عجب رسمیه رسم زمونه قصه برگ و باد خزونه رسول نجفیان رسم زمونه احسان خواجه امیری زمونه پیمان یزدانیان آب و اتش قیمت تومن ارسال کد به دانلود بیشتر شانس بیشتر","spam"
"مشترک گرامی بسته نامحدود سه ساعته تا صبح با هزینه ریال فعال شد برای استفاده از بسته اینترنتی خود اینترنت دستگاه خود را یکبار خاموش و مجددا روشن کنید اطلاع از حساب اینترنت همراه با شماره گیری کد زیر و یا ازطریق برنامه کاربردی ایرانسل من دانلود از [LINK_REMOVED] میتوانیدعلاوه برخرید بسته برای خود آن رابه دوستانتان نیزهدیه دهید ازطریق ایرانسل من ویا شماره گیری","spam"
"ازخط ایرانسل خط اعتباری دوستانتان راشارژ کنیدیا صورتحساب خط دائمی شان را بپردازید","spam"
"یه دنیا بازی هیجان انگیز و جایزه [LINK_REMOVED]","spam"
"تاحالا شده حرف دلت رو نتونی بزنی میدونی راهش چیه حرفت رو توپیشوازت بزنی پیشوازهایی با جدیدترین اثر محمد علیزاده چهل درجه یه آدم دیگه ارسال کد به تومان","spam"
"با ارسال ترفندهای یک آشپز حرفه ای رو یاد بگیر عضویت در سرویس دستپخت خوشمزه تومان","spam"
"این روزا همه پیشواز فعال میکنن و [ENGLISH]برنده میشن شما چطور چاووشی کافه شلوغ یراحی ندارمت جهانبخش کجایی ارسال به تومان دانلود بیشتر شانس بیشتر شانس بیشتر با","spam"
"ایرانسلی عزیز با شماره گیری تلفن گویای رایگان برای دوستان ایرانسلی و غیر ایرانسلی خود پیامک صوتی ارسال نمایید","spam"
"سریال میوه ممنوعه در زوم ایرانسل اشتراک ویژه با ارسال","spam"
"دقیقه مکالمه داخل شبکه دقیقه مکالمه خارج شبکه پیامک فارسی داخل شبکه پیامک فارسی خارج شبکه روزه ت فعالسازی","spam"
"بسته ترکیبی شارژواینترنت [ENGLISH]اینترنت هدیه دریافت کنید ومراحل شارژرابا دریافت محتوا طی کنید ارسال عضویت سرویس گیتی تومن","spam"
"زمستان با هدایاو پیشنهادهای تشویقی جدیدومتنوع میزبان شماهستیم به مابپیوندید دریافت جزییات جشنواره زمستان با ارسال رایگان به","spam"
"بیش از تخفیف مودم[ENGLISH] اینترنت نسل ثابت [LINK_REMOVED]","spam"
"با روزعضویت رایگان بازیک درقرعه کشی [ENGLISH] [ENGLISH] شرکت کن باارسال عدد ورودبه سایت بازیک [LINK_REMOVED] بعداز روز روزی تومان","spam"
"میخوای وقتی مخاطبات بهت زنگ میزنن یه پیغام جالب هم ببینن مثل ســــــــــــــــــــــــــــــــــلام","spam"
"انتخاب شماچیست مکالمه پیامک اینترنت بسته بسازید تخفیف بگیرید بااتمام حجم اینترنت ازاعتبارمکالمه برای اینترنت استفاده کنیدوبرعکس [LINK_REMOVED]","spam"
"مشترک عزیز آخرین مهلت دریافت تومن شارژهدیه تنهاباارسال عضوشووبعدش شارژشو این طرح صدتومنی برای هزارنفراول سرویس سفرنامه می باشد","spam"
"مشترک چند تا آهنگ پیشواز بشنو و یکی رو انتخاب کن دریافت باارسال رایگان وعضویت درسرویس پیشخوان صوتی صد تومان","spam"
"شماره شماجهت دریافت شارژرایگان ریالی سرویس صدوبیست تومنی نتایج انتخاب شده است جهت تاییدعضویت راارسال فرمایید فقط امروز","spam"
"وعده ما همگی صبح فردا راهپیمایی بهمن","ham"
"هیچ چیزی بهتر از جایگزینی یه پیشواز عالی با یه انتظار طولانی و صدای بوق بوق خسته کننده نیست پس زودتر پیشوازهای زیر رو فعال کن چاووشی کافه شلوغ یراحی ندارمت","spam"
"عجب هوایی دوست داری پیشوازاتم به خوبی هوا باشند حامد همایون چتر خیس","spam"
"لذت استفاده ازاینترنت با ایرانسل گیگ ماهانه فقط ت","spam"
"اینترنت پرسرعت بمدت هفته ازساعت صبح تا ظهررایگان شد میزان استفاده [ENGLISH] باارسال بادریافت محتواازسرویس تقویم آن رادریافت کن عضویت تومن","spam"
"سرویس یادگیری انگلیسی یادگیری انگلیسی و شانس برنده شدن جوایز ارزشمند با پاسخ به سؤالات روزانه عضویت با ارسال به پیامی تومان","spam"
"تاشنبه هرخریدازاپلیکیشن آپ شانس شمش گرمی بهمن تخفیف زودفود","spam"
"کدومو میخوای از کجا بفهمم بیمه ام رد شده مشاهده سابقه بیمه برای آگاهی از نحوه استعلام کدشو بگو پیامی تومن عضویت سرویس پرسون","spam"
"پیغام صوتی شما با موفقیت ذخیره شد جهت شنیدن آن با ارسال عضو سرویس کافه سوال شویدجوایز کارت هدیه تومانی تومان","spam"
"با پیشوازهای زیر حالوهوای دوستاتو خوب کن بنیامین عاشقی با تو مرتضی پاشایی نفس بهنام صفوی دنیاموعوض کن ارسال کد به تومان همین حالا با تماس بگیر و جدیدترین پیشوازها را دانلود کن","spam"
"کاشف برق ادیسون فارادی اشتراک اپ شارژبازی روزی سیصدتومن تا ماه","spam"
"شارژ تومانی نامحدود برنده شوید فقط نفر را دعوت کنید با ارسال","spam"
"تندیس دلنشین ترین مکالمه هم تعلق میگیره به مکالمه ی هر کسی که به شما زنگ میزنه و پیشوازتون یکی از این هاست وقته عشقه خوشبختی چه عشقی ارسال کد به تومان","spam"
"عجب برفی داره میاد دوست داری دوستاتو با پیشوازهای برفی به برف بازی دعوت کنی فهیم ممتازی برف محسن چاوشی تو برف و بارونی مهدی یراحی سرما نزدیکه","spam"
"دیریست که دلدار پیامی نفرستاد نفس عمیق بکش حالا","spam"
"چند رکورد جدید به کتاب گینس اضافه شده است باارسال رایگان","spam"
"در جشنواره زمستانه چارخونه فیلم ببین به سوالات جواب بده و برلیانس ببر رایگان دانلود کنید [LINK_REMOVED]","spam"
"یوسف گمگشته باز آید به کنعان غم مخور چشمتو ببند و نیت کن حالا رو بفرست ایشالا که خیره عضو سرویس حافظ شو تومان","spam"
"خنده دار ترین وجدیدترین کمدی حسن ریوندی برج میلاد [LINK_REMOVED]","spam"
"آخرین روزای سرد زمستون رو با پیشوازهای آلبوم مهدی یراحی تجربه کنید سرما نزدیکه نگو نگفتی شال گردن نفس ارسال به تومان با شماره گیری جدیدترین و پرطرفدارترین پیشوازها را بشنوید","spam"
"بازی کن [ENGLISH] ببر ارسال رایگان ودانلود اپ[ENGLISH] روزی تومن تا ماه مبنا","spam"
"سرویس گل اتلتیکو بارسا بازی رقابت و جواب به سوالات فوتبال اروپا همراه باشانس برد میلیون تومان عضویت باارسال","spam"
"شارژرایگان فوری ارسال","spam"
"می خوای بدونی در روزهای انقلاب بر مردم ما چه گذشت دریافت تصاویر با ارسال و عضویت در سرویس روزنامه دیواری تومان","spam"
"میوه مورد علاقتو بگو تا شخصیتتوبگم هلو سیب پرتقال موز گیلاس گلابی نارنگی و در اپ سنجض عضوشو روزی تومن تا ماه","spam"
"بیش از تخفیف مودم [ENGLISH] و مودم [ENGLISH] اینترنت نسل ثابت [LINK_REMOVED] [ENGLISH] [ENGLISH]","spam"
"الو چرا هیچی نمیگی پس با این پیشوازی که تو گذاشتی حرف نمیمونه بزنم این قسمت پیشواز ناطق حامد همایون شیدایی","spam"
"درگاهی برای آشنایی بااپلیکیشنهای محبوب ایرانسل تنهابا شماره گیری","spam"
"نمیتونی جواب تلفن دوستت روبدی به جای صدای بوق آهنگی ازامیرتاجیک بهش هدیه بده ستاره نم نم بارون تومن ارسال کدبه با شماره گیری جدیدترین و پرطرفدارترین پیشوازها را بشنوید","spam"
"تومن شارژ با اشتراک در اپ نسیم بگیر بادعوت ازدوستات هم میتونی یه شارژ تومنی بیشترهدیه بگیری ارسال","spam"
"با یه پیشنهاد دوستانه از ایرانسل اینترنت هدیه بگیر با شماره گیری میتوانید به دوستانتان بسته اینترنت پیشنهاد کنید در صورت خرید بسته پیشنهادی شما توسط دوستانتان یک بسته اینترنت هدیه میگیرید","spam"
"شماایرانسلی خوش حساب هستید [ENGLISH] اعتباراینترنت هدیه شماست بادریافت محتوااین بسته رافعال کنید راارسال کنید عضویت سرویس حدس تومن","spam"
"شارژ رایگان شما برای شماره [ENGLISH] آماده است برای دریافت عدد را به ارسال فرمایید باعضویت دراپ شارژ بازی روزی سیصدتومان تا یک ماه","spam"
"این هدیه برای شماست میلیون تومان شارژرایگان باارسال عدد واشتراک درسرویس تومانی ستاره ها در قرعه کشی شرکت وبرنده شارژ شوید","spam"
"یعنی یک آدم شاد اینجا نیست که یه پیشواز نارنجی پرانرژی و پرجنب و جوش انتخاب کنه رضا صادقی زنده باد عشق بابک جهانبخش تو رو دوست دارم حامد همایون مردم شهر ارسال کد به تومان","spam"
"مرگ پایان راه یک چریک است مبارزی که راه را اشتباهی رفته است فیلم سیانور را در زوم ببینید اشتراک ویژه با ارسال روزی تومان","spam"
"تحول زندگی سخن پیشوایان عضویت درسرویس نور باارسال به قیمت تومان","spam"
"کاشف برق ادیسون فارادی بااشتراک دراپ شارژبازی روزی سیصدتومن ماهه","spam"
"پیشنهادهای ویژه اخبار جذاب و مطالب متنوع در تلگرام ایرانسل [LINK_REMOVED]","spam"
"آیامیدانید بلندترین آبشار خاورمیانه درایران است میپرسی کجا سرویس توریست عضویت باارسال قیمت تومان","spam"
"نفس باد صبا مشک فشان خواهد شد عالم پیر دگرباره جوان خواهد شد عضویت در سرویس فال حافظ با ارسال تومان","spam"
"شماایرانسلی خوش حساب هستید [ENGLISH]اعتباراینترنت هدیه شماست بادریافت محتوااین بسته فعال میشود راارسال کنید عضویت سرویس حدس تومن","spam"
"پیش بینی کن جایزه ببر پنجاه میلیون ریال جایزه در سرویس جذاب پیش بینی سوارکاری برای شما عضویت رایگان به هرپیش بینی تومان","spam"
"خیلیا انتخابشون سفیده چون آرومن و صبروحوصلشون زیاده اتفاقا این پیشوازهای امروز هم سفیدن آرامش بخش آرامش زمزمه شبانه اوج آسمان ارسال کد به تومان","spam"
"ایرانسلی عزیز مشارکت درساخت وتوسعه صحن وشبستان حضرت زهرا س درحرم مطهرامام علی ع با ارسال","spam"
"فقط با هزارتومان هزارتومان شارژتماس ایرانسلی هدیه بگیر فرصت محدودتاپایان هفته فعالسازی بااولین فعالیت درشبکه","spam"
"هدیه شبکه اجتماعی نسیم شارژهای تومنی و هزار تومنی بدون قرعه کشی ویژه کمپین شهادت حضرت فاطمه باارسال","spam"
"فقط امروز تومن شارژ رایگان برای همه بدون قرعه کشی باارسال عدد و عضویت در اپ مذهبی مهستان روزی تومن ماه","spam"
"گرتومی خواهی مسلمان زیستن نیست ممکن جزبه قرآن زیستن عضویت درسرویس هرروزباخداودریافت آیه وحدیث روزخودراآسمانی کنید باارسال","spam"
"شماایرانسلی خوش حساب هستید [ENGLISH]اعتباراینترنت هدیه شماست بادریافت محتوا این بسته فعال میشود راارسال کنید عضویت سرویس حدس تومن","spam"
"مانیا کیان لیلا امیرعلی عدد انتخابت رو بفرست نتیجه انتخابت رو ببین عضویت سرویس دنیای نام ها صدتومان","spam"
"کشور ملت هند چین باعضویت در اپ شارژ بازی روزی سیصدتومن یک ماهه","spam"
"سرویس ستاره سینما شو عضویت رایگان شانست رو در قرعه کشی هدیه میلیون ریالی امتحان کن با ارسال به صد و بیست تومن","spam"
"خدمات جدید بیمه ایران ویژه ایرانسلی ها بیمه چهارشنبه سوری نوروز و مسکن اطلاعات بیشتر","spam"
"سلام چرا بجای بوق آهنگ پرانرژی شنیدم وقتی زنگ زدم سلام آخه پیشوازم رو با صدای محسن چاوشی فعال کردم عالیه میشه کدهاشو به منم بگی آره کدها رو بفرست به غیرمعمولی دلم تنهاست تومان","spam"
"مشترک جهت اشتراک و ورود به قرعه کشی هیوندای[ENGLISH] سفر بالی وکیش کنسول [ENGLISH] عدد","spam"
"انجمن اهدای عضوایرانیان حمایت شمااز اهدای عضو کاشتن بذری برای زنده ماندن میلیونها انسان نیازمنداهدای عضو عضویت باارسال به تومن","spam"
"برای اینکه تاعید به وزن دلخواهم برسم چی بخورم چه نرمش هایی انجام بدم کدشو بفرست پیامی صدتومن باعضویت در سرویس تندرستی","spam"
"کانال اختصاصی ما را در تلگرام دنبال کنید تا اولین کسانی باشید که از پیشنهادهای ویژه ما برای بهبود کسب و کار خود مطلع می شوید [ENGLISH] [ENGLISH] [ENGLISH] [ENGLISH] [ENGLISH]","spam"
"رویا بافی نکن باجایزه ویژه بنز کلاس [ENGLISH] شماره کیش رانندگی کن ارسال وثبت نام درقرعه کشی بااشتراک درسرویس صدوبیست تومانی مسافرت کجا برم","spam"
"جایزه ویژه برای مشتریان ویژه مرسدس بنزکلاس[ENGLISH]شماره کیش ثبت عضویت باارسال عدد وشرکت درقرعه کشی بااشتراک درسرویس صدتومانی یک سال با ورزش","spam"
"شارژ میخوای یا اینترنت رایگان هر کدومو میخوای رو بفرست عضو سرویس کیمیا شو صدوبیست تومن فقط برای هزار نفر اول","spam"
"قرعه کشی جوایزمهیج درکانال تلگرام ایرانسل [LINK_REMOVED]","spam"
"نفس عمیق چشما بسته حالا نیت کن سرویس جادوی حافظ عضویت باارسال","spam"
"آرامگاه حافظ شیراز یزد روزی سیصدتومن یکماهه باعضویت دراپ شارژبازی","spam"
"اللهم صل علی محمد وآل محمد آشنایی با آثار معنوی و معجزات صلوات در زندگی سرویس معجزات صلوات عضویت ارسال","spam"
"کریم انصاریفرد یک پیغام برای شما ارسال کرد دریافت پیام باارسال رایگان","spam"
"خبری خوش درراهه شاید با یک نیت خوب ویک فال حافظ به رویات برسی از","spam"
"بیا و از امروز روزت رو تغییر بده و با صدای حامد فقیهی به استقبال بهار برو خنده حافظ","spam"
"وزنتو بده برنامه غذاییتو بگیر بدون حذف برنج و غذاهایی که دوست داری برای دریافت برنامه روبفرست پیامی صدتومن باعضویت در سرویس تندرستی","spam"
"هدیه سریال عاشقانه شارژهای هزار تومنی و هزار تومنی بدون قرعه کشی با ارسال","spam"
"با استفاده از ایرانسل من هر روز امتیاز بگیرید وامتیازات را از قسمت امتیاز من در ایرانسل من به مکالمه پیامک هدیه تبدیل کنید دانلود رایگان [LINK_REMOVED]","spam"
"شارژ تومانی فقط امروز به هزارنفراول دریافت ساعته سرویس توریست عضویت باارسال","spam"
"شاید این جمعه بیاید محمدرضا آقاسی شاید این جمعه بیاید ابراهیم رهبر مناجات جمعه آذری","ham"
"میلیون تومان وجه نقد ویژه کسانی که عضو زوم ایرانسل میشوند شرکت در قرعه کشی با ارسال روزی تومان","spam"
"هدیه ای رایگان برای ایرانسلی ها با ارسال","spam"
"شارژ تومانی فقط امروز هزارنفراول دریافت ساعته شیک و به روز در نوروز سرویس مد روز عضویت باارسال","spam"
"شانس بینظیربرد شارژ تومنی دراپ شارژبازی باارسال","spam"
"جشنواره نوروز نوروزامسال با دنیایی ازپیشنهادهای متنوع ایرانسلی کنارشما هستیم اسفند تا فروردین [LINK_REMOVED]","spam"
"فرصت محدود جایزه ویژه مشترکین وفادار مرسدس بنزکلاس[ENGLISH]شماره کیش ارسال","spam"
"قرعه کشی جوایز مهیج درکانال تلگرام ایرانسل [LINK_REMOVED]","spam"
"میوه مورد علاقتو بگو تا شخصیتتوبگم هلو سیب پرتقال موز گیلاس گلابی نارنگی و در اپ کی بهتره عضوشو روزی تومن تا ماه","spam"
"ایرانسلی ها فرصت محدود تایید اشتراک و دریافت شارژ هدیه ریالی سرویس صدوبیست تومنی شارژوداستان با ارسال رایگان عدد","spam"
"این آخرین شانس توست عدد روارسال کن تا تو قرعه کشی جایزه میلیون ریال جایزه جشنواره زمستانی شرکت کنی عضویت درسرویس پرده نقره ای تومن","spam"
"بسته اینترنت پرسرعت رابا نرخ سال دریافت کنید [ENGLISH]شبانه [ENGLISH]روزانه تخفیف تومنی باارسال دریافت سه محتوا عضویت سرویس فناورانه تومان","spam"
"خداوندا حول حالنا الی احسن الحال پیشوازهای نوروزی و شاد تابهار دلنشین علی زندوکیلی گل پامچال علیرضاشوریده ارسال کد به تومان با شماره گیری به عزیزانتان پیشواز هدیه دهید","spam"
"خودرو سانتافه عیدی اپ پووول به کاربران خود پووولدار شوید فرصت دریافت با ارسال","spam"
"لذت استفاده ازاینترنت نسل ایرانسل گیگ ماهانه هرگیگ ت","spam"
"پیشنهادنوروزی گیگابایت فقط ت فعالسازی مهلت استفاده پایان فروردین","spam"
"تومان شارژبه شماتعلق گرفته است برای دریافت شارژرایگان وسرویس اطلاع رسانی روزاروزعدد را به بفرستید مهلت ساعت عضویت صدتومان","spam"
"جوایز نوروزی سرویس پیام پیشواز با جمع کردن بیشترین لایک برای پیام خاصت گوشی آیفون پلاس گوشی هوآوی یا یه عالمه جایزه نقدی ببر عضویت و شروع مسابقه با ارسال","spam"
"بسته نوروزی گیگابایت فقط ت فعالسازی مهلت استفاده پایان فروردین","spam"
"نفس عمیق چشمها بسته حالا نیت کن بفرست جواب نیتت را از لسان الغیب بگیر همراه سرویس حافظ شو و در قرعه کشی میلیون ریال شرکت کن تومن","spam"
"هدیه نوروزی اپلیکیشن ایرانسل من نوروز به ایرانسل من سربزن و عیدی بگیر دانلود رایگان [LINK_REMOVED]","spam"
"عیدت مبارک امروز باشماره گیری دقیقه مکالمه رایگان ایرانسلی در تماس عیدی بگیر از تا فروردین هم باشماره گیری و پرداخت فقط تومان دقیقه مکالمه رایگان ایرانسلی در تماس هدیه میگیری","spam"
"مکالمات نوروزی خودرا تا سقف میلیون تومان رایگان انجام دهید باارسال رایگان واشتراک در دوسرویس بارسلوناوحاشیه ستارگان وقرعه کشی تومن","spam"
"مشترک گرامی اعتبارحساب شما کافی نیست با شماره گیری کد بسته درخواستی را با کسرازحساب بانکی خود خریداری کنید شارژ آسان با","spam"
"مشترک گرامی بسته گیگابایتی ویژه نوروز با هزینه ریال فعال شد برای استفاده از بسته اینترنتی خود اینترنت دستگاه خود را یکبار خاموش و مجددا روشن کنید اطلاع از حساب اینترنت همراه با شماره گیری کد زیر و یا ازطریق برنامه کاربردی ایرانسل من دانلود از [LINK_REMOVED] میتوانیدعلاوه برخرید بسته برای خود آن رابه دوستانتان نیزهدیه دهید ازطریق ایرانسل من ویا شماره گیری","spam"
"عید که مهمون میاد خونتون نمیخواد از پیشوازت حرفی بزنی چون قرعه کشی تا آیفون داره و بهتره فقط خودت باشی تو قرعه کشی پازل بند گریه چیه حامد همایون مردم شهر","spam"
"عید کجایی نمی دونی ما بهت میگیم با سرویس گردشگر عضویت با ارسال","spam"
"آسوده خاطر سفر کنید همکاری مجدد ایرانسل و بیمه ایران خرید بیمه سفرهای نوروزی و مسکن با شماره گیری","spam"
"گل یا پوچ رو انتخاب کن تا هزار تومان شارژ برنده بشی عضویت و شرکت در قرعه کشی با ارسال عدد","spam"
"نوروز با ت حساب چندکاربره خودرا تومان شارژکنید [LINK_REMOVED]","spam"
"عیدی شگفت انگیز اپ دوربین معادل امتیازتو شارژ عیدی بگیر و مستقیم تو قرعه کشی سانتافه شرکت کن فقط با ارسال","spam"
"نوروز امسال با تلویزیون اینترنتی لنز با دیدن هر فیلم شانس خود را برای برنده شدن خودروی سانتافه افزایش دهید [LINK_REMOVED] دانلود رایگان","spam"
"سالی که نکوست از سانتافه اولش پیداست ارسال عدد ودریافت اپلیکیشن آشپزی ساناز سانیا ثبت نام در قرعه کشی خودرو سانتافه روزانه تومن","spam"
"طرح مگ اینترنت رایگان روزه با موفقیت فعال شد بعد از اولین تماس پیامک اینترنت قادر به استفاده از آن خواهید بود کد اطلاع از اعتبار طرح ایرانسلی","spam"
"نوروزتان پیروز از تا فروردین باشماره گیری و پرداخت فقط تومان دقیقه مکالمه رایگان ایرانسلی در یک تماس هدیه بگیرید","spam"
"تبریک شما کاندید دریافت یکی از کارت هدیه دومیلیون ریالی سرویس صدوبیست تومنی لینگوگپ شدید جهت تایید اشتراک عدد را ارسال فرمایید","spam"
"نوروز با ت حساب چندکاربره خودرا تومان شارژکنید فعالسازی","spam"
"شانس در خونتو زده سال سال توئه هدیه ویژه خودرو سانتافه ثبت نام درقرعه کشی با ارسال و عضویت در اپلیکیشن سانازسانیا روزی تومن","spam"
"کدوم عیدی رو میخوای سانتافه سیصد هزار تومان پول تنها با ارسال عدد مورد نظر فرصتش رو پیدا کن ثبت نام در اپ روزی سیصد تومن","spam"
"عیدی رویایی سانتافه شرکت در قرعه کشی و دریافت ساعته مگابایت اینترنت عضویت باارسال در اپ زعفرون روزی سیصدتومان","spam"
"فروش آنلاین شماره های طلایی اعتباری با تخفیف ویژه مودم های [ENGLISH] [ENGLISH] و انواع سیم کارت های ایرانسل فقط در [LINK_REMOVED]","spam"
"پیشنهادویژه سرعتی گیگ ت خریدامروزوفردا از استفاده تا فروردین","spam"
"وطنم سالار عقیلی وطنم علیرضا عصار وطن محمد نوری وطن ارسال کد به تومان با شماره گیری پیشواز به عزیزانتان هدیه دهید","spam"
"با اپلیکیشن لنز هرکجا که هستی مسابقه تیم مورد نظرت رو به صورت رایگان دنبال کن صنعت نفت آبادان پرسپولیس استقلال فولاد لینک دانلودرایگان [LINK_REMOVED]","spam"
"چراغ قرمز ماجرایی در مورد پسری ساده است که ناخواسته وارد بازی قتل می شود این کمدی جذاب را می توانید با اینترنت رایگان ایرانسل در لنز تماشا کنید و در قرعه کشی سانتافه شرکت نمایید لینک دانلود رایگان [LINK_REMOVED]","spam"
"از خدا چی میخوای شیوه صحیح دعا کردن شرایط استجابت دعا ودعاهای مجرب و موثق در سرویس دعاهای سریع الاجابه عضویت ارسال","spam"
"اشتراک ویژه دنیای فیلم و سریال در زوم ایرانسل با ارسال روزی تومن","spam"
"بسته ویژه روزپدر گیگابایت ت خرید مهلت استفاده تا فروردین","spam"
"سال سال بدون هزینه شارژاعلام شد فقط امروز شارژ هدیه بگیرید تومان به محض فعالسازی اپ نماتوبگیر روالان بفرست عضویت تومن روزانه","spam"
"میوه مورد علاقتو بگو تا شخصیتتوبگم هلو سیب پرتقال موز گیلاس دریافت جواب با عضویت در اپ کی بهتره روزی تومن","spam"
"بسته ویژه روز پدر گیگابایت ت خرید مهلت استفاده تا فروردین","spam"
"مشترک گرامی بسته گیگابایتی ویژه روز پدر با هزینه ریال فعال شد برای استفاده از بسته اینترنتی خود اینترنت دستگاه خود را یکبار خاموش و مجددا روشن کنید اطلاع از حساب اینترنت همراه با شماره گیری کد زیر و یا ازطریق برنامه کاربردی ایرانسل من دانلود از [LINK_REMOVED] میتوانیدعلاوه برخرید بسته برای خود آن رابه دوستانتان نیزهدیه دهید ازطریق ایرانسل من ویا شماره گیری","spam"
"فروش آنلاین مودم[ENGLISH] [ENGLISH] تخفیف شماره های اعتباری و دقیقه مکالمه پیامک ایرانسلی و مگابایت اینترنت هدیه در [LINK_REMOVED]","spam"
"مشترک ایرانسل امکان شرکت درقرعه کشی سفربه تایلندروی خط شماست با ارسال وتاییداشتراک سرویس صدوبیست تومنی سفرنامه در رقابت شرکت کنید","spam"
"تخفیف بازی جذاب و ماجرایی بمناسبت میلاد امام علی ع فقط در مارکت چارخونه همین حالا دانلودش کن [LINK_REMOVED]","spam"
"امروز قرعه به سیمکارت شمادرومد شارژ تومانی هدیه تعلق میگیره به بانصب اپ نماتوشارژتو بگیر باارسال عضویت تومن روزانه","spam"
"به پاس اعتماد شما امروزبابت شارژهای تومنی خودهیچ هزینه ای پرداخت نکنید دریافت کد شارژرایگان ازسرویس روزاروز با ارسال وعضویت صدتومن","spam"
"جشنواره شارژ سریال عاشقانه بدون هزینه فقط با دعوت از دوستان تا سقف هزار تومن شارژ برنده شو سرویس ستاره شو تومن تومن با ارسال","spam"
"مصاحبه های جنجالی با ستارگان سریال عاشقانه مهناز افشار محمدرضا گلزار ساره بیات با ارسال اشتراک سرویس سکانس تومن","spam"
"اسم شما میتونه شماره تلفن همراهتون باشه عدد اسم شما و شماره منحصربه فردتون منتظر شما هستن [LINK_REMOVED] قیمت تومان","spam"
"باحذف محدودیت مهلت استفاده تاآخرهفته برای بسته های کد ازهفته آینده میتوانید ازبسته سفارش داده شده به مدت یک هفته یا یکماه بسته به نوع طرح استفاده کنید","spam"
"مشترک گرامی برنده ریال شارژ رایگان شدی نفر از دوستانت رو به ساعت خوش دعوت کن تا بدون قرعه کشی شارژ شی با ارسال","spam"
"برابر اعتبار مکالمه ایرانسلی با بسته های","spam"
"سرویس شوت پس ازچندباخت به چلسی منچستر میبره بازی وپیش بینی کن وشانس بردن جوایزارزنده رابیشترکن عضویت باارسال به قیمت صدتومان","spam"
"از مکان تماس گیرنده باخبر شوید بدون نیاز به اینترنت یا تایید طرف مقابل دانلود از چارخونه [LINK_REMOVED]","spam"
"امروز قسمت پنجم سریال عاشقانه توزیع شد سکانس های جذاب این قسمت را با ارسال عدد به شماره ببین اشتراک سرویس سکانس تومن","spam"
"ازاین پس بسته های برابری مکالمه ایرانسلی راباخیال راحت به صورت یا روزه استفاده کنید دیگرمحدودیت مهلت استفاده تاآخرهفته برای بسته های کدشگفتیها وجودندارد","spam"
"تومن شارژناقابل ازطرف ماقبول میکنی اگربله عدد روبفرست امروز تومان برای همه تومان بادعوت از نفر عضواپ ریتم شو تومن روزانه","spam"
"نفس عمیق کشیدی حالا چشاتو ببند و نیت کن تا حافظ جوابتو بده باارسال عضو سرویس حافظ شو تومان","spam"
"ازاین پس بسته های برابری تماس ایرانسلی را به صورت و روزاستفاده کنید محدودیت مهلت استفاده تاآخرهفته برای بسته هاوجودندارد","spam"
"بسته های برابری مکالمه ایرانسلی روزه فقط تومان روزه فقط تومان محدودیت مهلت استفاده تا آخر هفته وجود ندارد","spam"
"چگونه درجوانی ثروتمندشویم چرااحساس جوانی نمیکنیم کاری که نبایدانجامش رادرجوانی ازدست بدهید باارسال وعضویت درسرویس رازجوانی تومن","spam"
"بانک شمامبالغ کمتراز ت راپشتیبانی نمیکند لطفاازکارت سایربانکها استفاده کنید دانلود اپلیکیشن [LINK_REMOVED]","spam"
"بسته ویژه عید مبعث گیگابایت ت خرید مهلت استفاده تا ارکدیبهشت","spam"
"ت اعتبارمکالمه روزه تنها باخریدبسته ت","spam"
"مارکوپولو شو و به دور دنیا سفر کن با کمترین هزینه عضویت در سرویس دور دنیا تنها با ارسال","spam"
"تومان اعتبارمکالمه روزه تنها باخریدبسته تومانی","spam"
"پرداخت آسان قبوض آب برق گاز تلفن وجریمه از و اپلیکیشن آپ","spam"
"بهار شکار ممنوع ولی در بازیک شکار آزاده [LINK_REMOVED]","spam"
"سکانس های برگزیده قسمت ششم سریال عاشقانه را باحضور ساره بیات محمدرضا گلزار ومهناز افشاردر سرویس سکانس ببینید باارسال عضویت تومن","spam"
"سرعت [ENGLISH]ایرانسل بی نظیره با ارسال فرصت یادگیری آنلاین رو ازدست نده","spam"
"اول خودتو شارژ کن بعد ببین تو جشنواره چه خبره شارژ ریالی به نفر اول با ارسال رایگان","spam"
"شمابرای دریافت تومن شارژهدیه انتخاب شدید برای دوهزارنفراول باارسال واشتراک دراَپ مشیانه سیصدتومن روزانه جایزه ویژه سوناتا آرتاتل","spam"
"مشترک عزیزشمابدون قرعه کشی به مرحله آخردریافت هیوندا میلیون رسیدی جهت تاییدعدد راارسال تادرقرعه کشی اپ بانومی شرکت کنی روزی تومن","spam"
"با اینترنت رایگان ایرانسل عاشقانه ببین اکنون شش قسمت اول این سریال جذاب فقط در اپلیکیشن لنز دانلود رایگان [LINK_REMOVED]","spam"
"ایرانسلی عزیز باخرید سیمکارت دائمی یاتبدیل سیمکارت اعتباری به دائمی تخفیف ویژه به همراه [ENGLISH]اینترنت رایگان هدیه بگیرید جزئیات در [LINK_REMOVED]","spam"
"هر گیگ تومان بسته [ENGLISH] سالانه فقط تومان با قابلیت استفاده همزمان در مودم های [ENGLISH] [ENGLISH] و گوشی تلفن همراه [LINK_REMOVED]","spam"
"کد شارژ تومنی فقط امروز رایگان با ارسال عدد","spam"
"ایرانسلی عزیز باارسال شماره دوستان غیرایرانسلی خودبه آنهارابه شبکه ایرانسل دعوت کنیدوباترابردهرکدامشان [ENGLISH]اینترنت روزه هدیه بگیرید ایرانسلی های جدیداعتباری بسته ترکیبی هدیه شامل [ENGLISH]اینترنت دقیقه مکالمه و پیامک میگیرندومشترکان دائمی جدیدمان [ENGLISH]اینترنت روزه رایگان دریافت میکنند","spam"
"فقط امروز شارژهای رایگان تومانی تا هزارتومان مخصوص شما ایرانسلی ها دریافت با ارسال عضویت دراپ نماتو روزانه تومن","spam"
"خودرو سوناتا هیبریدی در صورت برنده شدن در قرعه کشی به نام شماست شانس بزرگ شرکت کنندگان کمپین سلامتی عضویت با ارسال","spam"
"بسته ویژه نیمه شعبان گیگابایت ت خرید مهلت استفاده اردیبهشت","spam"
"بسته های ده برابری مکالمه ایرانسلی با شماره گیری","spam"
"واکنش ساره بیات به ملاقات مهناز افشار و محمدرضا گلزار همین الان","spam"
"مشترک گرامی بسته گیگابایتی ویژه عید شعبان با هزینه ریال فعال شد برای استفاده از بسته اینترنتی خود اینترنت دستگاه خود را یکبار خاموش و مجددا روشن کنید اطلاع از حساب اینترنت همراه با شماره گیری کد زیر و یا ازطریق برنامه کاربردی ایرانسل من دانلود از [LINK_REMOVED] میتوانیدعلاوه برخرید بسته برای خود آن رابه دوستانتان نیزهدیه دهید ازطریق ایرانسل من ویا شماره گیری","spam"
"بسته های متنوع اینترنت همراه ایرانسل برای هرنوع کاربرد گیگ ماهه هزارتومان گیگ ماهه هزارتومان گیگ ماهه هزارتومان گیگ سالانه هزارتومان خرید","spam"
"بسته های برابری مکالمه ایرانسلی روزه فقط تومان روزه فقط تومان خرید","spam"
"هر گیگ تومان بسته های جدیداینترنت ثابت وهمراه روحتماامتحان کن [ENGLISH] سالانه فقط تومان [LINK_REMOVED]","spam"
"شارژ تومانی می خوای تا شارژ رایگان داریم همین الان رو بفرست با عضویت در سرویس اکسیر پیامی تومن","spam"
"قرعه کشی هدیه میلیون ریالی وتاییداشتراک سرویس صدتومنی سلامت باارسال","spam"
"هدیه بدهید و هدیه بگیرید اپلیکیشن ایرانسل من رابه ایرانسلی های دیگر پیشنهادکنید تاهم شماوهم آنها ساعت اینترنت نامحدود رایگان بگیرید دانلود رایگان ایرانسل من [LINK_REMOVED]","spam"
"شادترین پیشوازها در روزای شاد سال گروه سون اولین عشق محمد علیزاده عشقم این روزا هانی حاجیلو قسم میخورم تومان ارسال کد به","spam"
"شارژ هزارریالی فقط امروز بااشتراک درسرویس قطارلاغری وارسال","spam"
"یه فکر بکر نفر از دوستانت رو به ساعت خوش دعوت کن تا شارژ ریالی بگیری عضویت با ارسال عدد","spam"
"ریال شارژ رایگان برای تمام مشترکین را بفرستید عضو شوید و کد شارژ رایگان خود را از سرویس روزاروز بگیرید فقط امروز صدتومان","spam"
"ایرانسلی عزیز شما می توانید عیدی نیمه شعبان خود را از بازار اینترنتی بامیلو دریافت کنید [LINK_REMOVED]","spam"
"بهترین ها و پرطرفدارترین ها رو از طریق لینک زیر ببینید اولین عشق [LINK_REMOVED] عشقم این روزا [LINK_REMOVED] چتر خیس [LINK_REMOVED] قیمت تومن","spam"
"بسته شگفت انگیز مکالمه ایرانسلی تومان اعتبار مکالمه روزه تنها باخریدبسته تومانی","spam"
"هموطنان شمال کشور سرعت را به خانه ببرید تخفیف مودم های پرسرعت نسل ثابت ایرانسل خرید از طریق تماس با و از سایر خطوط","spam"
"بهترین فیلم های سینمای ایران را مجانی ببین جایزه سرویس اسرار سینما سینما کارت صد هزارتومانی عضویت ارسال به پیامی صدتومن","spam"
"فقط امروز از صبح تا شب هردقیقه یک کارت شارژ ریالی روش دریافت با ارسال عدد به روزی سیصدتومن باعضویت ونصب اپ شارژبازی","spam"
"مشترک شما برای دریافت جایزه خودرو انتخاب شده اید جهت ثبت قطعی عدد را به بفرست عضویت سرویس سکانس تومن","spam"
"چهارشنبه منتظر قسمت هشتم سریال عاشقانه باشید اما پیش از ان قسمت اول این سریال را بدون هزینه و با اینترنت رایگان ایرانسل در لنز تماشا کنید لینک دانلود اپلیکیشن [LINK_REMOVED]","spam"
"سکانس های جذاب قسمت هشتم را خیلی راحت میتونی با ما ببینی با ارسال به اشتراک سرویس سکانس تومن","spam"
"چیزی تا پایان تخفیف نمونده تخفیف مودم های پرسرعت نسل ثابت ایرانسل خرید از طریق تماس با و از سایر خطوط","spam"
"بیش از تخفیف مودم های اینترنت نسل ثابت [LINK_REMOVED]","spam"
"تومان مکالمه ایرانسلی روزه تنها با تومان خرید","spam"
"فتح خرمشهر فتح خاک نیست فتح ارزش های اسلامی است","ham"
"یک پیشنهاد واقعی شارژ ریالی هدیه بگیرید با دعوت نفر از دوستان عضویت سرویس طلایی با ارسال عدد","spam"
"مشترک گرامی بسته نامحدود یک ساعته تا صبح با هزینه ریال فعال شد برای استفاده از بسته اینترنتی خود اینترنت دستگاه خود را یکبار خاموش و مجددا روشن کنید اطلاع از حساب اینترنت همراه با شماره گیری کد زیر و یا ازطریق برنامه کاربردی ایرانسل من دانلود از [LINK_REMOVED] میتوانیدعلاوه برخرید بسته برای خود آن رابه دوستانتان نیزهدیه دهید ازطریق ایرانسل من ویا شماره گیری","spam"
"رمضان مبارک [ENGLISH]اینترنت پرسرعت تومان خرید مهلت استفاده خرداد","spam"
"رمضان مبارک [ENGLISH] اینترنت پرسرعت تومان خرید مهلت استفاده خرداد","spam"
"مکالمه های برابری در تخفیف سیمکارت بسته های اینترنت هدیه فروش ویژه مودم ها درماه رمضان جزئیات با ارسال رایگان به","spam"
"فاش شدن خیانت ساله مسعود رایگان در سریال عاشقانه رو بفرست همین الان این سکانس جذاب رو ببین سرویس سکانس تومن","spam"
"فقط با تومان از ساعت مکالمه ایرانسلی لذت ببرید ساعت مهلت استفاده بلافاصله پس از فعالسازی بسته آغازمیشود","spam"
"مشترک گرامی بسته نامحدود یک ساعته تا صبح با هزینه ریال فعال شد برای استفاده از بسته اینترنتی خود اینترنت دستگاه خود را یکبار خاموش و مجددا روشن کنید اطلاع از حساب اینترنت همراه با شماره گیری کد زیر و یا ازطریق برنامه کاربردی ایرانسل من دانلود از [LINK_REMOVED]","spam"
"بادانلود پیشواز ایرانسل یکی از میلیون برنده آقاسی شاید این جمعه بیاید ابراهیم رهبر مناجات جمعه آذری روزانه گوشی هواوی[ENGLISH] کارت هدیه میلیون تومانی خریدبامیلو هزار عدد بن تخفیف خریدبامیلو","spam"
"مشترک گرامی بسته نامحدود سه ساعته تا صبح با هزینه ریال فعال شد برای استفاده از بسته اینترنتی خود اینترنت دستگاه خود را یکبار خاموش و مجددا روشن کنید اطلاع از حساب اینترنت همراه با شماره گیری کد زیر و یا ازطریق برنامه کاربردی ایرانسل من دانلود از [LINK_REMOVED]","spam"
"مشترک گرامی بسته هفتگی گیگ صبح تا ظهر با هزینه ریال فعال شد برای استفاده از بسته اینترنتی خود اینترنت دستگاه خود را یکبار خاموش و مجددا روشن کنید اطلاع از حساب اینترنت همراه با شماره گیری کد زیر و یا ازطریق برنامه کاربردی ایرانسل من دانلود از [LINK_REMOVED]","spam"
"بسته های ترکیبی رمضانی به تناسب نیازتان مصرف کنید مشاهده وخرید","spam"
"یکی از میلیون برنده پیام پیشواز باش ارسال به عددهواوی[ENGLISH] میلیون تومن کارت هدیه خرید و هزاران بن تخفیف بامیلو ماهانه تومن","spam"
"طرح ویژه ماه مبارک رمضان درکد شگفتی ها دقیقه مکالمه ایرانسلی فقط تومان","spam"
"فقط امروز از صبح تا شب هردقیقه یک کارت شارژ ریالی روش دریافت با ارسال عدد","spam"
"هدیه سریال عاشقانه به طرفداران این سریال بسته نامحدود اینترنت همراه ایرانسل فعالسازی تا ساعت بعد با ارسال اشتراک روزانه تومن","spam"
"پیشنهاد آخر هفته سکانس های جذاب سریال عاشقانه به همراه پشت صحنه های دیده نشده با ارسال اشتراک تومن","spam"
"با هر روز هزار تومان درآمد پوولدار شوید با ارسال عدد","spam"
"کدوم رو میخوای سانتافه صدهزارتومان ثبت نام دراپ پول روزی سیصدتومن","spam"
"فقط امروز نفر اولی که به سوال تومنی پاسخ دهند شارژ تومانی می برند عضویت بازی بخوان وببر باارسال","spam"
"روز جوان مبارک پیشوازهای ویژه میلاد حضرت علی اکبر ع گل لیلا بنی فاطمه پسرارشد حسین حسین طاهری تومن ارسال کد به با ارسال [ENGLISH] به عضو سرویس عبادت شوید","spam"
"شارژ بین همه فقط امروز جهت اشتراک و دریافت شارژ ریالی عدد","spam"
"فردا منتظر قسمت نهم عاشقانه در لنز باشید با اینترنت رایگان ایرانسل لینک دانلود رایگان اپلیکیشن","spam"
"همایش بزرگ فرهنگیان حامی جبهه مردمی شهرستان باغملک باحضوردکترسودانی امروزساعت عصر مکان جنب دادگستری حسینه هزاروند","ham"
"خط شما منتخب دریافت کالا شده تماس با شماره","spam"
"چیکار کنی که تو عید هم بهت خوش بگذره هم برنده میلیون ریال جایزه شی","spam"
"ولادت حضرت علی اکبر ع و روزجوان بر شما مبارکباد مهندس سیامک بختیاری","ham"
"تشیع مرحومه شاه زینب شهریاری امروز ساعت عصرازبهشت آباد روستای چلچلک","ham"
"جایزه [ENGLISH] [ENGLISH] برای شرکت در قرعه کشی سرویس صدوبیست تومنی خواص خوراکی ها عدد","spam"
"مدیران خودرو اقساط [ENGLISH] پیش [ENGLISH] با [ENGLISH] با","spam"
"بابا قهرمانه با پیام پیشواز روز پدر را متفاوت تبریک بگویید فعالسازی با ارسال","spam"
"مشترک [ENGLISH] فقط امروز یک ساعت اینترنت نامحدود شبانه رایگان با ارسال عدد ودریافت ساعته در اپ پرگار روزی سیصدتومان","spam"
"عیدی استثنایی شانس برنده شدن گوشی سامسونگ [ENGLISH] با ارسال رایگان","spam"
"گرتومیخواهی مسلمان زیستن نیست ممکن جزبه قرآن زیستن با ارسال وفعالسازی سرویس هرروزبا خدادریافت آیه وحدیث روزخودراآسمانی کنید تومن","spam"
"حامیان ورزش اول کشور درباشگاه هواداران کشتی ایران قرعه کشی هرهفته میلیون تومان برای یک نفر عضویت با ارسال عدد","spam"
"امروز فرداوپس فردا شارژ قبض شانس روبگیر قرعه کشی دی خندوانه","spam"
"شارژ هزارریالی فقط امروز با اشتراک درسرویس قطارلاغری وارسال","spam"
"سلام شما جزء نفر اولی بودید که جهت پک لاغری مهزل توصیه شده درصدا و سیما پیامک دادید ولی به علت عدم پاسخگویی شما از تخفیف ویژه استفاده نکرده اید فقط تا پایان امروز فرصت دارید از این شرایط ویژه شامل تخفیف ارسال رایگان گارانتی طلایی مرجوعی مجوزبهداشت و استفاده کنید کافیست همین حالا عدد را به همین سامانه پیامک کنید","spam"
"این پیام رایگان است دسترسی آسان و ارزان به منتخب سینمای ایران و جهان فیلم کیلو آلبالو کمدی جنجالی و پرستاره سینمای ایران رایگان برای شما [LINK_REMOVED]","spam"
"این پیام رایگان است شرکت در قرعه کشی","spam"
"سریال جذاب عاشقانه را زودتر از همه در فیلم نت با تومان تخفیف فقط با پرداخت تومان ببینید","spam"
"مشترک گرامی برای مشاهده اسامی برندگان دستگاه خودرو سانتافه و مودم اول مارکت به آدرس [LINK_REMOVED] مراجعه کنید با ارسال عدد","spam"
"همین امروز سیمکارتهای صفر با سرشماره دلخواه شما اطلاعات بیشتر در [LINK_REMOVED] و کانال ما [LINK_REMOVED]","spam"
"حراج سیم کارتهای صفر و رند در [LINK_REMOVED] عضویت در کانال تلگرام [LINK_REMOVED]","spam"
"امروز نیم بها بلیط سینما بخرید فقط با انتخاب درگاه جیرینگ و پرداخت از کیف پول در [LINK_REMOVED] راهنمای استفاده از جیرینگ [LINK_REMOVED]","spam"
"میلاد منجی عالم بشریت برشما مبارک باد گزیده آوای انتظار ویژه نیمه شعبان شاید این جمعه بیاید آقاسی مناجات جمعه آذری رهبر به طاها به یاسین فانی اللهم عجل لولیک اسماعیلی گل نرگس گروه شیعه فرکانس آخرین ولیعهد خدای بهمنی فعال سازی با ارسال کد آوا به تغییر آوا رایگان و فعال سازی ماهانه فقط تومان","spam"
"لیزر موی زائد کل بدن ت آلکساندرایت فقط تا فروردین","spam"
"نوروز بر شما مبارک با عضویت در سرویس ویدیویی اَپیدو در هر مرحله از تا ریال کد شارژ عیدانه رایگان را به دوستان اعتباری خود هدیه بدهید عضویت فوری با ارسال","spam"
"مشترک گرامی به شماره به مناسبت نوروز در سامانه ثبت آگهی سرویس اول به تعداد های شماره سیمکارت خود شارژ تومانی دریافت نمایید با توجه به اینکه شماره خط شما دارای سه رقم می باشد شما برنده شارژ تومانی رایگان شدید برای دریافت شارژهای رایگان خط خود را به بفرستید","spam"
"شما گیگابایت اینترنت مصرف نشده دارید با ارسال تا ساعت امشب اینترنت خود را دریافت کرده و با عضویت در رادیواکتیو جدیدترین آهنگ های روز را را نیز دریافت کنید هزینه هر پیام چهارصدتومان","spam"
"نوروز خدمات متفاوت تهران مهد انقلاب ایران زمین میزبان قدوم شما در سال جدید می باشد [LINK_REMOVED]","spam"
"بازی حدس کلمه در شهر کلمات عیدی شما کاربر گرامی شما می توانید برنده تومان اعتبار درون برنامه ای شهر کلمات شوید به منظور دریافت جایزه ارسال عدد به شماره","spam"
"غذاها و تخفیفهای ویژه نوروزی در تلگرام مامان پز [LINK_REMOVED] لغو","spam"
"راه شهیدان ادامه دارد اسفندماه روز بزرگداشت شهدا گرامی باد بنیاد شهید و امور ایثارگران","spam"
"با کمک به نیازمندان شهرمان به استقبال بهار برویم مشارکت در جشن نیکوکاری با شماره گیری کمیته امداد امام خمینی ره","spam"
"خندوانه پیشنهاد شگفت انگیز میخوای سفر بری اما با کمترین هزینه تا تخفیف روی لینک زیر کلیک کن و دکمه [ENGLISH] یا ارسال رو بزن [LINK_REMOVED] عدد رو به ارسال کن","spam"
"آموزش کار در مطب و اورژانس تزریقات و جهاد دانشگاهی","spam"
"محصولات اختصاصی آقایان تماس جهت مشاوره تماس فقط آقایان","spam"
"داغ ترین ویدیوها و عکس های سینمای ایران پوشش لحظه ای جشنواره فیلم فجر [LINK_REMOVED] کانالی پر از مسابقه و جایزه برای فیلم بازها","spam"
"راستی فقط تاامشب فرصت داری که شارژ بخری ببری کافیه روبگیری","spam"
"شما می توانید با خرید بسته های شامل روتر نسل چهارم رایتل در فروردین ماه در قرعه کشی عدد گوشی هوشمند [ENGLISH] شرکت نمایید اطلاعات بیشتر در [LINK_REMOVED]","spam"
"مشترک گرامی با شرکت در مسابقه روزانه پیامکی شبکه آی فیلم جزء برندگان خوش شانس باشید دریافت پرسش روزانه با ارسال عدد","spam"
"هنر تدبیر نمایشگاه دستاوردهای دولت یازدهم تا مهر تالار وحدت","spam"
"دوستداران برنامه خندوانه سلام هرشب ارسال پاسخ مسابقه به با جایزه کارت ریالی و جایزه ویژه ریالی هر پیامک تومان شرکت در قرعه کشی با ارسال","spam"
"مشترک گرامی شرکت در مسابقه برنامه خندوانه هر شب با ارسال پاسخ به شماره جایزه هر شب یک کارت هدیه ریالی و جایزه ویژه ریال هزینه هر پیامک تومان شماره پشتیبانی","spam"
"با عضویت در سرویس المپیک و کسب امتیاز با پیش بینی مسابقات جزء نفر اول باشید و بدون قرعه کشی","spam"
"مرداد آغاز رقابتی پرهیجان درسرور نبردجهانی عصرپادشاهان [LINK_REMOVED]","spam"
"هزار تومان شارژ برای شماره ویژه ماه رمضان دریافت با ارسال عدد","spam"
"پیمان پیشنهاد درسا را می پذیرد و قسمت نهم عاشقانه با اینترنت رایگان ایرانسل هم اکنون در لنز لینک دانلود رایگان اپلیکیشن [LINK_REMOVED]","spam"
"پیشنهاد اخر هفته لنز برای شما شش قسمت فرار از زندان نه قسمت سریال عاشقانه و با اینترنت رایگان ایرانسل لینک دانلود رایگان اپلیکیشن [LINK_REMOVED]","spam"
"قسمت دهم عاشقانه با کلی اتفاقای جذاب تو راهه این سریال زیبا رو با اینترنت رایگان ایرانسل فردا در لنز تماشا کنید لینک دانلود رایگان [LINK_REMOVED]","spam"
"ویژه تابستان مکالمه تنها در جلسه ارسال","spam"
"مالک خط شمایک محتوای تصویری دیده نشده دارید دریافت باارسال","spam"
"متر محمودآباد سندتکبرگ ویوجنگل نزدیک دریا با م","spam"
"امروز ریال شارژ بدون قرعه کشی در کانال تلکرام ترنجستان همراه باجایزه ویژه تویوتا[ENGLISH] [ENGLISH] عضویت ودریافت باارسال روزانه سیصد تومن","spam"
"لیگ قهرمانان آسیا را میان نماینده ایران و نماینده امارات با زوم ایرانسل ببینید اشتراک ویژه با ارسال","spam"
"[ENGLISH] [ENGLISH] محصولات جدید هم اکنون در تمامى شعب پالادیوم ارگ کوروش شاپرک امیراکرم تیراژه هایپر صبا برج تین","spam"
"دیدار سهیل با همسر سابق گیسو مهناز افشار در سریال عاشقانه","spam"
"هایپرمی تجریش تا خرداد چای هل گ دبش ت رشته آش گ انسی ت","spam"
"[ENGLISH] [ENGLISH] [ENGLISH] جدیدترین کلکسیون تابستانه کلینز اطلس لاله پارک","spam"
"مسعودی ریحان پیشکسوت فرهنگی نماینده سابق مجلس مشاور وزیر انتخاب اول ما فرهنگیان برای شورای شهر تبریز خیابان حجتی ایستگاه کریم آباد","spam"
"فروش فوق العاده کلکسیون بهار سالیان ویژه مشترکین سبز تخفیف تا","spam"
"پرورش کودک دوزبانه نمایشگاه کتاب اطلاعات در [LINK_REMOVED] شهر آفتاب","spam"
"مشترک گرامی به مناسبت آغاز جشنواره هدایای نوروزی تومان شارژ رایگان در سامانه ویدئویی آرتل به خط شما تعلق گرفت برای دریافت هدیه خود","spam"
"سلام از شما فرهیخته گرامی جهت حضور در آیین اختتام نهمین جشنواره رسانه های دیجیتال دعوت می گردد سه شنبه اسفند ساعت تا تهران بهارستان وزارت فرهنگ وارشاد اسلامی سالن سینمایی","ham"
"نگارش پایان نامه مقاله کتاب پروژه کلاسی ترجمه موسسه کوبه","spam"
"اموزش زندگی و کاربرای تویی که مهاجری ارسال[ENGLISH]","spam"
"قویترین سمیناررایگان زبان انگلیسی یادگیری لغت مکالمه شرح ارسال","spam"
"مرجع خرید و فروش ارس پلاک [LINK_REMOVED]","spam"
"توراستانبول ازتبریز هزار تومان آسمان پرواز عضوکانال تورهای لحظه اخری شوید [LINK_REMOVED]","spam"
"[ENGLISH] [ENGLISH] [ENGLISH] کلکسیون جدیدمجلسی وفصلی پالتو بارانی سایز لاله پارک","spam"
"برای دریافت کارت نویسندگی عضویت انجمن قلم کافیست عدد تماس","spam"
"دریافت بی دردسر نمره مقاله عدد پایاننامه زبان تماس","spam"
"آموزش دستیار کناردندانپزشک طب سنتی [ENGLISH]درجهاددانشگاهی","spam"
"فرهنگ عاشورایی برای هرآنکس که می خواهد عاشورایی باشد با ارسال به سرویس عاشقان کربلا بپیوندید روزانه قرعه کشی سکه طلا هرپیام صد تومان","spam"
"متولدعزیز مرداد هدیه ای برای شما به انتخاب خودتان هزارتومان کفش یا هزارتومان کیف یا هزارتومان کت ازکلکسیون درکارت نوین چرم شما چون مهم هستید","spam"
"ماه رمضان بر شما مبارک باد اسماء الحسنی اللهم لک صمنا فرازی از دعای سحر الغوث الغوث یا علی یا عظیم استجابت فریبرز غفاری شنیدن آوا در کانال تلگرام [LINK_REMOVED] فعال سازی با ارسال کد آوا به هزینه فعال سازی تومان","spam"
"فروش آپارتمان با قیمت استثنایی در جزیره قشم","spam"
"با حجم اینترنت رایگان و از آیو اسپرت شبکه اختصاصی ورزش تلویزیون اینترنتی آیو تماشا کنید پخش زنده بسکتبال [ENGLISH] پنجم و ششم اردیبهشت دربی حساس شهر رم دیدار رم لاتزیو دهم اردیبهشت ساعت دریافت اشتراک هدیه و تماشا","spam"
"همیشه با کوچونی کافه رستوران کوچونی میزبان حضور گرم شماست با نشان دادن این پیام تخفیف بگیرید اندرزگو صالحی شمالی","spam"
"برگرلنددرماه مبارک رمضان روزها ساندویچ سرد شبها مثل همیشه برگر ت","spam"
"با میلیون تومان صاحب کتاب وکارت نویسندگی شوید ارسال","spam"
"قانونی و معتبر دریافت مدرک کاردانی تا ارشد تماس ارسال","spam"
"اخذگواهی نامه ی سطح عالی سخنوری حرفه ای کانون سخنوران [LINK_REMOVED]","spam"
"سلام افتاح ستاد دکتر صدیق میدان سپاه بعداز سه راه گوهردشت ساعت امشب","spam"
"نمایش پاره های ساده با بازی سیماتیرانداز تئاترباران خرید [LINK_REMOVED]","spam"
"راه حل مشکلات مالی در همایش رایگان هوش مالی اطلاعات ارسال عدد روزنه","spam"
"چطوری میشه به هدفهامون برسیم آخرین همایش رایگان معجزه هدف رزرو عدد","spam"
"آیا از درآمد خود راضی هستید اگرجواب خیر است عدد را ارسال کنید روزنه","spam"
"کیلوشمش طلا درفروردین هرخرید از شانس تراکنش بزن شمش ببر","spam"
"حمید ماهی صفت بمب خنده ایران براتون کلی هدیه از جنس لطیفه داره همین الان رو از خط همراه اول شماره گیری کن هم خودت میخندی هم میتونی یه جوک به کسی که دوست داری هدیه بدی هر دقیقه تومان","spam"
"مالک خط شمایک ویدیودیده نشده دارید دریافت باارسال رایگان","spam"
"طرح نیمه رمضان بازارهای کوثرشهرداری مرغ واقلام ضروری خانوار تا","spam"
"در وبسایت دلارکده دلار پرفکت مانی دلار وبمانی و بیت کوین خود را به صورت اتوماتیک و در محیطی امن خرید کنید و در صورت فروش ارزهای مذکور معادل ریالی آن را در کمتر از دقیقه دریافت کنید دارای نماد اعتماد دارنده گواهینامه [LINK_REMOVED] کانال تلگرام [LINK_REMOVED]","spam"
"سلام عمل مدرن لازک چشم توسط فوق تخصص ویژه ماه رمضان اطلاع ارسال","spam"
"تخفیف لیزرموزائد کل بدن ت آلکساندریت زیرنظرپزشک","spam"
"لیزر موی زائد کل بدن ت آلکساندرایت فقط امروز و فردا","spam"
"سلام طرح ویژه نوروزی درج آگهی و استخدام اولین سری نیروهای آماده به کار در سال مهلت تا اسفند [LINK_REMOVED]","spam"
"مراسم سالگرد سردار مدافع حرم شهید حاج حسن شاطری پنجشنبه بهمن بعد از نماز مغرب وعشاء در مسجد حضرت امیرالمومنین ع واقع در شهرک شهید محلاتی فاز برگزار می شود حضورتان را ارج می نهیم","ham"
"مراسم گرامیداشت یاد و خاطره سرداران سرافراز عاشورایی شهید مهندس مهدی باکری و شهید حمید باکری زمان پنجشنبه ساعت مکان میدان فاطمی سالن اجتماعات وزارت کشور","ham"
"اخذ مدرک کارشناسی ارشد دکتری در رشته از دانشگاه نیویورک آمریکا با ارزیابی رزومه و سوابق کاری الی","spam"
"انواع ویزا اعزام دانشجو دانش آموز و [LINK_REMOVED]","spam"
"جایزه میلیونی هر هفته [ENGLISH] با تراکنش از اپلیکیشن سه سوت تراکنش بیشتر امتیاز بیشتر مشاهده امتیاز [LINK_REMOVED]","spam"
"مشترک گرامی تا خردادفرصت داریدباپرداخت قبض خوداز یک شانس پژو ویک روزمکالمه رایگان درون شبکه دریافت نمایید [LINK_REMOVED]","spam"
"ستاره اول برنده پژو اردیبهشت ماه شما باشییید هر خرید از","spam"
"از زودفود توپ طلا جایزه بگیرید هیجان انگیزترین پیش بینی لیگ قهرمانان اروپا یادواره برادران تاچی بانا همین حالا شروع کنید","spam"
"هفت سین جیرینگی بزرگترین جشنواره خرید آنلاین جوایز آیفون [ENGLISH] تبلت و میلیون تومان جایزه نقدی فقط تا پس فردا همین الان برنده شو","spam"
"ولادت باسعادت امام حسن مجتبی ع را تبریک می گوییم با ارسال عدد به و پرداخت روزانه تومان در ساخت صحن و شبستانی به نام حضرت فاطمه س در جوار حرم مطهر حضرت علی ع سهیم شوید مشارکت بیشتر و پرداخت مبلغ دلخواه با شماره گیری کد همراه اول با مشارکت ستاد بازسازی عتبات عالیات","spam"
"در روز جهانی محیط زیست بدون نیاز به کارت بانکی و چاپ کاغذ برای عزیزانتان شارژ انتقال دهید دریافت رمز انتقال ارسال پیامک بدون متن به","spam"
"مشترک گرامی با خرید بسته های اینترنت متناسب با الگوی مصرف خود هزینه هایتان را مدیریت کنید جهت مشاهده بسته پیشنهادی همراه اول به شما کد را شماره گیری کنید","spam"
"حراج شماره های رند منتخب همراه اول به مناسبت روز جهانی ارتباطات با سرشماره هم اکنون در سایت رند همراه اول","spam"
"با نصب و ورود به اپلیکیشن همراه من در قرعه کشی ویژه نمایشگاه کتاب تا تاریخ اردیبهشت شرکت کنید و از جوایز گوشی هوشمند مودم و بسته اینترنت بهره مند شوید دانلود از سایت [LINK_REMOVED] دانلود از کانال تلگرام [LINK_REMOVED]","spam"
"کنسرت محسن یگانه برج میلادتهران و تیر آوای فروهر","spam"
"باسلام مسکن الماس کاووسیه خرید فروش اجاره کلنگی شعبه جردن","spam"
"تو هم میتونی شماره رند و جذابی داشته باشی که به راحتی توی ذهن همه بمونه و فراموش نشه [LINK_REMOVED]","spam"
"تعویض رایگان مودم وایمکس با [ENGLISH] [ENGLISH] ثبت درخواست در [LINK_REMOVED] با تحویل رایگان","spam"
"تبریک امتیاز ایرانسلی به دلیل استفاده از اپلیکشن ایرانسل من به شما تعلق گرفت فقط تا پایان این ماه فرصت دارید تا امتیازات خود را ازطریق کد و یا از قسمت امتیاز من در ایرانسل من به جایزه تبدیل کنید","spam"
"رستوران شیرین پلو مفتخر است در محیطی دل انگیز پذیرای شما باشد","spam"
"رستوران شیرین پلو افتتاح شد شهرک غرب انتهای دریا خ فخار مقدم","spam"
"رستوران شیرین پلو بسیار شیک با غذایی خوشمزه دریا خ فخار مقدم","spam"
"رستوران شهرک غرب غذایی خوشمزه در فضایی دل انگیز شهرک غرب","spam"
"رستوران شیرین پلو با منو افطار رایگان و تخفیف ویژه شام","spam"
"[ENGLISH] [ENGLISH] [ENGLISH] [ENGLISH] [ENGLISH] [ENGLISH] خدامی ارگ هایپر پالادیوم تیراژه صبا","spam"
"[ENGLISH] [ENGLISH] [ENGLISH] [ENGLISH] [ENGLISH] [ENGLISH] خدامی ارگ هایپر پالادیوم تیراژه سانا صبا","spam"
"تخفیف ویژه بمناسبت افتتاح هایپرمی طوبی سه شنبه ساعت با اجرای مهدی مقدم چیتگر کوهک مجتمع طوبی [LINK_REMOVED]","spam"
"هایپرمی طوبی تا اسفند تا تخفیف چیتگر کوهک مجتمع طوبی","spam"
"هایپرمی و بمناسبت روزطبیعت تا تخفیف اکباتان مگامال","spam"
"هایپرمی مدت محدود پاشاباغچه بلور تا ت قرعه کشی دستگاه تیولی اکباتان","spam"
"هایپرمی اکباتان و تا تخفیف ویژه اکباتان مگامال","spam"
"هایپرمی اکباتان تا چای گ شهرزاد ت اسپاگتی تک ماکارون ت","spam"
"هایپرمی اکباتان رمضان مبارک تا خرداد تا تخفیف ویژه","spam"
"هایپرمی مگامال تا زعفران مثقالی نوین زعفران ت تخفیف ت","spam"
"هایپرمی اکباتان تا خرداد چای هل گ دبش ت رشته آش گ انسی ت","spam"
"هایپرمی اکباتان تا هرشب قرعه کشی یک مایکروویو باخریدمحصولات کاپیتان","spam"
"ثبت نام بهار زبانهای خارجی ونرم افزار جهادامیرکبیر","spam"
"جهاد امیرکبیر دوره جدید مقاله نویسی و خرداد","spam"
"آخرین فرصت های همکاری بین المللی [LINK_REMOVED] کانال تلگرامی دفتر همکاری های علمی و بین المللی دانشگاه صنعتی امیرکبیر","spam"
"تور ویژه گرجستان خرداد روزه پرواز قشم ایر از تومان","spam"
"[ENGLISH] کاربر گرامی حملو به مناسبت ماه مبارک رمضان با استفاده از کد تخفیف [ENGLISH] به ازای هر سفارش تخفیف بگیرید","spam"
"[ENGLISH] کانال تلگرامی حملو را دنبال کنید [LINK_REMOVED]","spam"
"بلیط امروز تومان تا خرداد ت دهکده آبی پارس تل [LINK_REMOVED]","spam"
"تفریح کجابریم خوش بگذره دهکده آبی پارس بلیط ت تل [LINK_REMOVED]","spam"
"هیجان را دنبال کنید [LINK_REMOVED]","spam"
"دورهمی های فراموش نشدنی دردهکده آبی پارس بلیط و ت تا اسفند","spam"
"علی عزیز اگر از ثواب روزه داری محروم هستید با همراهی زودفود به کمپین همسفره بپیوندید و بخشی از هزینه غذای خود را به کودکان نیازمند اهدا کنید سفارش غذا و کمک به کودکان [LINK_REMOVED]","spam"
"علی عزیز عصرانه های متنوع با کیفیت و به صرفه با سفارش از کلانا ویژه محدوده ونک ولیعصر جردن همین حالا سفارش دهید [LINK_REMOVED]","spam"
"علی عزیز در کمپین انتخابات شرکت کنید از زودفود میلیون تومان جایزه بگیرید [LINK_REMOVED]","spam"
"علی عزیز نوبرانه در زودفود تخفیف ویژه بسته گرمی گوجه سبز فقط امروز در محدوده جردن زمان تحویل کمتر از دقیقه همین حالا سفارش دهید [LINK_REMOVED]","spam"
"علی عزیز زودفود اسنپ سینماتیکت و تیوال شما را به شرکت در کمپین چندخط دعوت میکنند دقیقه مطالعه هدایایی متنوع از امروز تا پایان هفته شروع مطالعه [LINK_REMOVED]","spam"
"علی عزیز سکه هدیه برای شرکت در کمپین تاچی بانا به حساب شما افزوده شد جوایز توپ طلا [ENGLISH] نیم سکه و فقط تا امشب ساعت همین الان پیش بینی کنید [LINK_REMOVED]","spam"
"از زودفود توپ طلا جایزه بگیرید هیجان انگیزترین پیش بینی لیگ قهرمانان اروپا یادواره برادران تاچی بانا همین حالا شروع کنید [LINK_REMOVED]","spam"
"کاربر عزیز تاپ تا پایان کمپین نوروزی پورشه تاپ فقط همین امروز باقیمانده با هر تراکنش برابر امتیاز کسب کن و به پورشه ماکان نزدیک تر شو تاریخ قرعه کشی پورشه اردیبهشت ماه امور مشتریان پککو [LINK_REMOVED]","spam"
"فقط امروز و فردا کاربر عزیز نرم افزار تاپ تا پایان مهلت شرکت در قرعه کشی پورشه ماکان فقط تا ساعت فردا شب رو فرصت داری تا میتونی تراکنش هات رو بالا ببر و شانستو افزایش بده پورشه تاپ باشید اطلاعات بیشتر در کانال تلگرام تاپ با کلیک روی این لینک [LINK_REMOVED] امور مشتریان پککو [LINK_REMOVED]","spam"
"کاربر عزیز نرم افزار تاپ از استقبال کم نظیر شما از جشنواره پورشه تاپ متشکریم و قرعه کشی پورشه رو اردیبهشت در برنامه دورهمی برگزار می کنیم امیدواریم شما برنده پورشه باشی حالا جوایز دور جدید تاپ رو اعلام می کنیم یک جایزه نقدی میلیارد ریالی برای یک نفر و جایزه نقدی میلیون ریالی برای نفر پس حالا از تاپ استفاده کن و میلیون تومن پول نقد ببر امور مشتریان پککو [LINK_REMOVED]","spam"
"اطلاعیه ویژه قرعه کشی تاپ کاربر عزیز نرم افزار تاپ دقایقی قبل ابلاغیه ای از سازمان صدا وسیما دریافت کرده ایم که ویژه برنامه قرعه کشی پورشه در دورهمی به صلاحدید صداوسیما وبه دلیل شرایط خاص روز جاری به جای امشب فردا شب پخش خواهد شد پس قرعه کشی پورشه اردیبهشت در دورهمی با ما همراه باشید امور مشتریان تاپ","spam"
"کاربر عزیز نرم افزار تاپ برنده پورشه ماکان در قرعه کشی برنامه دورهمی مشخص شد آقای حسین منعمی نودهی از کرج فرصت برای بردن جوایز دوره جدید تازه شروع شده یک جایزه نقدی میلیون تومانی و صد جایزه نقدی","spam"
"کاربرعزیزتاپ رمضان شورانگیزتاپ آغازشد تاپایان ماه رمضان باهرتراکنش نیکوکاری برابروسایر تراکنشها برابرامتیازکسب کن وازبقیه سبقت بگیر چشمهایی دوست داشتنی درانتظار هستند نگو نگفتی اطلاعات بیشتروجوایزجدیددر [LINK_REMOVED] امور مشتریان","spam"
"کاشت مو و ابروبدون جراحی وتراشیدن روش آمریکایی تخفیف ویژه عید","spam"
"کاشت مو و ابرو[ENGLISH] باروش آمریکایی تخفیف با استفاده از بیمه","spam"
"روژا جشن سالگی پری میم لیراک با تخفیف زمان ساعت در روژا پالادیوم پالادیوم","spam"
"روژا همراهان گرامی با شروع به کار شعبه ای دیگر از روژا واقع در بلوار اندرزگو مجتمع تجاری سانا از هم اکنون آماده خدمت گذاری به شما عزیزان هستیم","spam"
"روژا به اطلاع آندسته از دارندگان کارتهای هدیه روژا مربوط به مناسبتهای روزدوستی روزمادر و روز پدر می رساند که آخرین مهلت استفاده از این کارتهای هدیه خرداد ماه خواهد بود از اینرو خواهشمند است قبل از پایان مهلت اعلام شده نسبت به استفاده از کارت خود اقدام فرمایید","spam"
"روژا جشنواره رمضان با خرید از مجموعه فروشگاه های روژا در ماه مبارک رمضان ضمن برخورداری از تخفیف هفته تولد کارت اشتراک به ازای هر تومان یک شانس در قرعه کشی جوایز ویژه جشنواره نیز کسب نمایید","spam"
"[ENGLISH] آپدیت جدید حملو تومان اعتبار هدیه در اولین نصب امکان ثبت سفارش به صورت رفت و برگشت امکان ارسال به چند مسیر در یک سفارش برای اولین بار همچنین در صورتی که از نسخه [ENGLISH] آیفون حملو استفاده می کنید و آن را اخیرا آپدیت کرده اید در صورت باز نشدن برنامه یکبار آن را پاک کرده و دوباره نصب کنید","spam"
"جناب آقای با کلکسیون جدید کارپیزا برند ایتالیایی کیف و چمدان منتظر دیدار شما هستیم ارگ تجریش مگامال الماس گلستان روشا [LINK_REMOVED] انصراف [ENGLISH]","spam"
"جناب آقای کلکسیون جدید بهار فراس برند آلمانی شتل و روسری در نمامی شعب ارگ تجریش الماس گلستان روشا سنتر [LINK_REMOVED]","spam"
"جناب آقای پروموشن میلاد برند [ENGLISH] [ENGLISH] هدیه نقدی برای انتخاب اول هدیه نقدی برای انتخاب دوم پاسداران الماس","spam"
"جناب آقای کلکسیون تابستان [ENGLISH] ارگ تجریش الماس گلستان روشا سنتر [LINK_REMOVED] انصراف [ENGLISH]","spam"
"جناب آقای بیشتر بخرید کمتر بپردازید [ENGLISH] [ENGLISH] الماس سنائی","spam"
"جناب آقای با کلکسیون جدید تابستانی باگات برند کیف و کفش چرم دست دوز ایتالیایی منتظر دیدار شما هستیم الماس جردن","spam"
"جناب آقای کلکسیون جدید اوریجینال مارینز برند ایتالیایی پوشاک نوزاد کودک و نوجوان الماس سنائی","spam"
"جین وست عیدانه هزارتومانی فستیوال نوروزی درکارت شما شارژ شد در حراج تا باخرید کالا کالاهدیه بگیرید [LINK_REMOVED]","spam"
"جین وست آخرین فرصت استفاده از عیدانه هزارتومانی تا اسفند کلکسیون بهاره درحراج تا باخرید کالا هدیه [LINK_REMOVED]","spam"
"جین وست ورودکلکسیون بهاره درفستیوال نوروزی باحراج تا هدیه جین وست عیدتان مبارک به امید دیداردرسفرهای نوروزی با [LINK_REMOVED]","spam"
"جین وست شروع قیمت از هزار تومان در فستیوال روز پدر [LINK_REMOVED]","spam"
"جین وست باخرید اولی دومی با [ENGLISH] فستیوال کفش عیدمبعث مبارک","spam"
"جین وست تجربه ای متفاوت درشعبه بام لند آغاز فعالیت از اردیبهشت دریاچه چیتگرمیدان موج بلوارموج بلوارصدف مجتمع بام لند","spam"
"جین وست خرید هدیه [ENGLISH] [ENGLISH] [ENGLISH] نیمه شعبان مبارک اعضا تا [ENGLISH]","spam"
"جین وست تا هزارتومان هدیه باهر هزارتومان خرید جشنواره ویویدسیدنی","spam"
"سلام تبلیغ ما کارنامه ماست گزارش محسن پیرهادی از اقدامات صورت گرفته در شهر تهران را در لینک زیر مشاهده فرمایید [LINK_REMOVED] لینک عضویت در کانال [LINK_REMOVED] کمپین حامیان دکتر محسن پیرهادی","spam"
"[ENGLISH] نوروزتان پیروز باخریدیک کالا دومی تخفیف با رسیدن کالکشن بهاره پاسداران نبش بهستان پالادیوم طبقه دوم [LINK_REMOVED]","spam"
"[ENGLISH] روز مادر مبارک با خرید بیش از هزار تومان از سوپردرای هدیه بگیرید پاسداران نبش بهستان پالادیوم طبقه [LINK_REMOVED]","spam"
"[ENGLISH] روز پدرمبارک تخفیف بر روی کلیه اجناس مردانه پاسداران نبش بهستان پالادیوم طبقه [LINK_REMOVED]","spam"
"[ENGLISH] حراج میان فصل تخفیف برروی کالاهای مشخص شده پاسداران نبش بهستان هشتم پالادیوم ساعت کاری شعب پاسداران پالادیوم و روزهای چهار شنبه پنج شنبه جمعه [LINK_REMOVED]","spam"
"[ENGLISH] افتتاح اولین شعبه برند سیلیو در ایران سیلیو برند فرانسوی پوشاک مردانه باخرید هر هزار تومان هزار تومان بن هدیه دریافت نمایید همراه با تقدیم بن هدیه هزار تومانی به مشتری اولی که از این شعبه خرید نمایند جمعه اردیبهشت از ساعت منتظرتان هستیم مرکزخرید سانا سنتر بلوار اندرزگو بین کوچه علوی و زمانی لیلیان مد دارنده برندهای دبنهامز سوپردرای پونت روما پارفوا جنیفر و سیلیو","spam"
"سهیل همه را به رستوران دعوت میکند تا دعوایی که بین او و همسرش پیش آمده را خاتمه دهد قسمت هفتم عاشقانه با اینترنت رایگان ایرانسل فقط در لنز دانلود رایگان [LINK_REMOVED]","spam"
"کنسرت شال کاوه آفاق اردیبهشت نمایشگاه [LINK_REMOVED]","spam"
"آقای دریافت بن هدیه به ازاى هر خرید در جشنواره نوروزى برندهاى اکو پوما جیوانى گالى ناراکامیچى شولند فابى برندزریپابلیکا امورمشتریان [ENGLISH]","spam"
"آقای کالکشن جدید بهار و تابستان اکو در تمامی شعب امور مشتریان","spam"
"از آخرین سفارش شما در [LINK_REMOVED] مدتی است که میگذرد به پاس همراهیتان کد تخفیف تقدیم شما میگردد کد [ENGLISH] تا هزار تومان اعتبار تا روز کد را درهنگام سفارش در بخش کد تخفیف وارد نمایید","spam"
"کد تخفیف سفارش غذا از ریحون [LINK_REMOVED] کد [ENGLISH] تا سقف خرید هزار تومان اعتبار تا آخر هفته اطلاع از تخفیف ها در تلگرام [LINK_REMOVED]","spam"
"بانک سامان جدیدترین نسخه سامانیار برای[ENGLISH] اندروید و را نصب کنید و با انجام حداقل سه تراکنش مالی با سامانک یکی از برندگان قرعه کشی ماهانه تلفن همراه هوشمند باشید [LINK_REMOVED]","spam"
"کاربر گرامی حملو از امروز تا پایان اردیبهشت با ثبت سفارش برنده جایزه شوید هر روز یک جایزه تبلت سامسونگ هارد دیسک","spam"
"مرکزتخصصی یبوست مزمن بدون تجویزدارو [LINK_REMOVED]","spam"
"دانشگاه علم و صنعت شروع دوره های بهاره با تخفیف ویژه ثبت نام [LINK_REMOVED]","spam"
"علم و صنعت دوره بهار متلب پایتون پردازش تصویر ثبت نام [LINK_REMOVED]","spam"
"پزشکی جابر شعبه اکباتان فروش دستگاههای قندو خوراکیهای دیابتی","spam"
"عیدی چی بگیریم از امروز منتظرتونیم با کلی سورپرایز جدید که فقط در توی توی پیدا میشه سعادت آباد کورش اندرزگو آرتمیس شاپرک","spam"
"حیوانات [ENGLISH] درتوی توی سرو کورش اندرزگو آرتمیس شاپرک","spam"
"سلام داداش رضام کد بفرس ب بعدزودعدد بفرس دهی شارژ میده","spam"
"مجوز رانندگی بین المللی شما صادر گردید تلفن انتقادات و پیشنهادها کانون جهانگردی و اتومبیلرانی [LINK_REMOVED]","spam"
"سال نو با هدایای شارژ عیدی کاربران جدید جایزه یک میلیونی خودروی لکسوس عید فطر اطلاعات بیشتر برنامه کودک شو شبکه نسیم","spam"
"مگه میشه سرعت تا مگابیت برثانیه جدیدترین مودم ثابت ایرانسل تماس با شماره از خطوط ایرانسل و از سایر خطوط و یا مراجعه به [LINK_REMOVED]","spam"
"فقط تا آخر اسفند ماه با خرید مودم تخفیف شرکت در قرعه کشی گوشی هوشمند خرید از طریق تماس با شماره از خطوط ایرانسل و از سایر خطوط و یا مراجعه به [LINK_REMOVED]","spam"
"[ENGLISH] عیدی پوشاک کتانی ایت کاشانی پاساژاترک زیرهمکف","spam"
"هدایای نوروزی بیمه مسافرتی سامان تا درصد تخفیف بیمه مسافرتی با پوشش های لغو و کنسلی سفر سرقت و آتش سوزی منزل حین سفر بهمراه ترنسفر فرودگاه تا درصد تخفیف با تاکسی لوکس فرودگاه آنلاین تهیه کنید [LINK_REMOVED]","spam"
"شما در تاریخ تعداد","spam"
"میثم عطر با جشنواره هدایای میثم عطر به استقبال نوروز بروید از روز شنبه","spam"
"اپ استور چارخونه از بین صدها بازی و برنامه کاربردی حق انتخاب داری کلیک کنید [LINK_REMOVED]","spam"
"پنجمین تجربه حضور پر افتخار والیبال ایران در لیگ جهانی پخش مستقیم دیدار ایتالیا و ایران ساعت در","spam"
"کاشت مژه و روشن کردن موها بدون دکلره عزیزی","spam"
"صدور کارت شهروندی بانک شهر با تخفیف در ایام ماه مبارک رمضان","spam"
"صندوق امانات بانک شهر امنیت در نگهداری اموال بانظارت و کنترل رایانه ای","spam"
"بیمارستان شبانه روزی دامپزشکی آتیه پالاس دادمان نبش سیف","spam"
"مسکو سنت پترزبورگ روز ماهان گشت ناهار [ENGLISH] ت هدیه پرین","spam"
"مانتوزیبو باخرید کالا کالای سوم رایگان اکباتان مگامال ط","spam"
"نمازجمعه خردادماه به امامت آیت ا امامی کاشانی در دانشگاه تهران برگزار میشود سخنرانان حجت الاسلام والمسلمین رجالی تهرانی و آقای آبدار نماینده محترم بسیج دانشجویی سایر برنامه ها مشاوره خانواده و احکام بسته های صوتی مناسبتی و معرفی کتاب هفته شروع محفل جزءخوانی قرآن تا ستاد نمازجمعه تهران","ham"
"شبهای سراسرنشاط وشادی بانمایشهای کمدی شادوخانوادگی رزرو","spam"
"الیزابتا فرانکی تنها نمایندگی رسمی [ENGLISH] [ENGLISH] شریعتی","spam"
"هـکــت لنـدن تنها نمایندگی رسمی [ENGLISH] [ENGLISH] شریعتی","spam"
"کاوانی حرفه ای ترین منو ایتالیایی را همراه با راه اندازی محیط باز برای شما تدارک دیده است سعادت آباد بلواردریا پلاک","spam"
"ساندویچ های ویژه بیرون بر فست فود آرکا از ساعت ظهر آماده سرو است تلفن دلیوری","spam"
"با احترام به تمام روزه داران محترم فست فود آرکا در محدوده سعاد آباد و شهر ک غرب از ساعت ظهر غذای بیرون بر سرد ارسال می کند تلفن دلیوری","spam"
"منوی ویژه افطار رستوران شمس العماره تا ساعت بامداد باز هستیم سعادت آباد بلوار دریا پلاک رستوران شمس العماره","spam"
"سود بی نظیر تا درصد ماهیانه سرمایه پذیری در پروژه گردشگری خانم مختارزاده مشاور سرمایه گذاری","spam"
"آف لیزربدن زیباسازی پلک نخ کلاژن بوتاکس ژل کلینیک رازی و","spam"
"شروع ثبت نام ترم تابستان به همراه تخفیف ویژه ارسال ایرانمهر","spam"
"تدریس خصوصی انگلیسی هزار تومان","spam"
"ویژه تعطیلات خردادماه تور سریلانکا مثلث طلایی ت سفرگشت","spam"
"حراج کالای خواب تاچ[ENGLISH]ç تا ستارخان روبروی ایران خودرو پ","spam"
"با روش انحصاری [ENGLISH] به راحتی انگلیسی صحبت کنید مدرک وزارت علوم","spam"
"فروشگاه اکسیر کلکسیون جدید مبل تزئینات هر هزارخرید هزاربن","spam"
"تور روسیه شبهای سفید پرواز لوکس [ENGLISH] از ت الفبای سفر","spam"
"رنگین کمان داتک مگ ماهه گیگ قیمت پایه تومان [LINK_REMOVED]","spam"
"تور انگلیس ویزا محدود قصران گشت","spam"
"ثبت نام کارشناسی ارشد دانشگاههای تهران بدون کنکور","spam"
"[ENGLISH] رمضان مبارک [ENGLISH] [ENGLISH]","spam"
"بازنشستگی و میلیون تومانی بیمه پاسارگادفرصت طلایی مشاوره ارسال","spam"
"آپارتمان مسکونی شما را روزه میفروشیم مشاور شما عسگری","spam"
"اینترنت پرسرعت مگابیت فن آوا ساله گیگ ت [LINK_REMOVED]","spam"
"سرزمین عجایب برترین مرکزبرگزاری تولدکودک تخفیف ویژه ماه رمضان","spam"
"آفرهای رمضان تایلند بلغار روسیه چین عرشیان","spam"
"تناسب اندام پیکرتراشی در جلسه مشاوره رایگان با ارسال","spam"
"آفر تعطیلات خرداد روز کوالا گشت وعده غذا فقط شکوفه","spam"
"[ENGLISH] افتتاح شعبه پالادیوم ط [ENGLISH] [ENGLISH]","spam"
"[LINK_REMOVED]","spam"
"نرخ ویژه بلیط هواپیمایی لوفتهانزا آمریکا اروپا ستاره ونک","spam"
"بیست میلیون ریال جایزه این هفته وآپ فقط امروزهرتراکنش شانس","spam"
"تخفیف بعد افطار دندانپزشکی شبانه روزی اطباء سعادت اباد","spam"
"تورایتالیا فرانسه گرجستان مالزى تایلند چین","spam"
"رمضان مبارک منوی سرد پلاک از ساعت صبح سالاد سبز مزرعه مرغ و سبزیجات ساندویچ سینه بوقلمون با توت فرنگی چیکن سزار رست بیف مخصوص و چیکن گاردن نوشیدنی ودسر پلاک شهرک","spam"
"بانه فروش کولر گازی اوجنرال محمودزاده","spam"
"پیوند مو و جلوگیری از ریزش مشاوره رایگان با ارسال","spam"
"کنسرت مازیار فلاحی برج میلاد شنبه خرداد","spam"
"ثبت نام تکمیل ظرفیت ارشدوکارشناسی بدون کنکورتا خرداد و","spam"
"تنکابن شهرک تهرانیا دیدرویایی زمین بنا نقد اقساط","spam"
"تور روزه چین تابستان پکن شانگهای هانگزو هتلهای ستاره تاپ با پرواز هواپیمایی ماهان روز گشت کامل وعده ناهار طاهاگشت","spam"
"تخفیف لیزرمو زائد کل بدن ت آلکساندریت تا آخرهفته","spam"
"ویلا مازندران نور زمین بنامبله م","spam"
"تور مراکش تعطیلات عید فطر و تیر [LINK_REMOVED] آریانهاد","spam"
"چالوس تنکابن دیددریاوجنگل مترویلا شهرک کلا م نقد سند","spam"
"تور روسیه شب های سفید تخفیف ویژه و تیر ستاره ونک","spam"
"افزایش قیمت قیمت خطوط خود را با ارسال عدد از ما بخواهید انارسیم","spam"
"عباس جدیدی کاندیدای شورای شهرتهران کدانتخاباتی رای شما رای ما","spam"
"هدیه ویژه دلسی از عید نیمه شعبان تا عید سعید فطر با خرید سایز بزرگ و متوسط چمدان فلایت سایز کابین را از دلسی هدیه بگیرید شهرک غرب جردن","spam"
"نوبل مکالمه انگلیسی نفره ماهه [ENGLISH] [ENGLISH] فرانسه","spam"
"آفر تور ویژه تعطیلات خرداد تایلند روسیه مالدیو ستاره ونک","spam"
"پذیرش دوره [ENGLISH] و [ENGLISH] مدیریت عالی کسب و کار","spam"
"ثبت تضمینی برند و شرکت قیمت استثنایی ثبت شتاب ارسال عدد","spam"
"ویژه بانوان لیزرمو الکس کندلا کل بدن فقط","spam"
"مسکو سنت پترزبورگ روزه باماهان هتلهای و تاپ روزگشت ناهار","spam"
"تخفیف ویژه لیزرموهای زائدباجدیدترین دستگاههای روزدنیا","spam"
"تخصص مارا امتحان کنید جلسه اول کاملا رایگان مرکز ماساژ اریانا","spam"
"[ENGLISH] مجموعه جدید کیف و کفش زنانه و مردانه گابر جردن اقدسیه گلستان امور مشتریان","spam"
"بمناسبت ولادت حضرت قائم عجل الله کلینیک ایران نوین تا تخفیف لیزر موهای زائد [ENGLISH] به تعدادی محدود در نظر دارد جهت هماهنگی ومشاوره رایگان [LINK_REMOVED]","spam"
"هواپیمایی امارات نرخ ویژه آمریکا کانادا اروپا دبی ستاره ونک","spam"
"شبهای سفیدروسیه هتل گشت وناهار آنتالیا پاتایا","spam"
"اولین بار در ایران جوانسازی و لاغری با لیزر فوتونا رفع خط خنده بدون ژل و بوتاکس ماندگار بدون درد کاشت مو ابرو خانه سبزجردن","spam"
"انواع ویزا اعزام دانشجودانش آموز [ENGLISH]","spam"
"کتاب یک دوست واقعی دریافت جملات ناب از کتاب های غنی و ارزشمند ادبیات جهان با عضویت در سرویس کافه کتاب رایتل فعال سازی ارسال عدد به روزانه یک پیامک هزینه دریافت هر پیامک تومان","spam"
"پربیننده ترین تئاتر کمدی نیش ساعت [ENGLISH] سعادت آباد رزرو","spam"
"پذیرش مین دوره مکاتبه مذاکره قرارداد تجاری انگلیسی مدرک وزارت علوم","spam"
"چارتر آنتالیا استانبول تایلند دبی روسیه","spam"
"مرکزایمپلنت دکترعلیزاده در قسط","spam"
"پیرکاردینِ میرداماد فروش ویژه کت وشلوار میرداماد مقابل مسجدالغدیر ش لیست قیمتها در","spam"
"[ENGLISH] کلیه پوشاک فقط هزار [LINK_REMOVED]","spam"
"حراج بزرگ تخفیف کاغذ دیواری مدت محدود","spam"
"[ENGLISH] مجموعه جدید کیف و کفش زنانه و مردانه گابر گلستان اقدسیه جردن امور مشتریان","spam"
"خنکای پارک آبی توگرمای تابستون دهکده آبی پارس تلفن [LINK_REMOVED]","spam"
"با سلام تعرفه های کتاب در برنامه گمرکیار اعمال شد بروزرسانی نمایید","ham"
"قبولی دانشگاه تاپ حتی پزشکی دندان باقراردادتضمین تاپیش عدد تادکتری","spam"
"اخرین مهلت ثبت نام کارشناسی ارشد فراگیر پیام نور تابستان","spam"
"با برترین آواهای انتظار هفته به استقبال دوستان خود بروید قلبم رو تکراره مرتضی پاشایی نگو نگفتی مهدی یراحی غیرمعمولی محسن چاوشی ارسال کد به هزینه ی فعالسازی ماهانه تومان","spam"
"با شروع می شه با باش","spam"
"هر هفته یک موتور به ارزش میلیون ریال با استفاده از بسته های آلفا اینترنت همراه نوترینو خرید بسته با شماره گیری","spam"
"با یک تراکنش و فعالسازی باشگاه انارستان تومان اعتبار شارژ و اینترنت هدیه به شما اهدا می شود شروع با ارسال به","spam"
"تخفیفات ویژه افق کوروش همراه باجوایزویژه جشنواره تابستانی و مرداد لغوارسال","spam"
"پیام اضطراری جهت باطل نشدن بن کالا خود سریع با تماس بگیرید","spam"
"قبض تا پایان اردیبهشت بدهی قابل پرداخت ریال ش ق ش پ پرداخت با سامانه و یا تماس با دریافت جزئیات صورتحساب ارسال [ENGLISH] به مهلت پرداخت تا","ham"
"همسر دوس دختر دوست پسرت الان باچه کسی هست برای فهمیدن برو [LINK_REMOVED]","spam"
"یکدستگاه خودروی پراید شرکت کنید","spam"
"بانک پاسارگاد برداشت از کارت مبلغ موجودی ریال","ham"
"پارسیان بانک ایرانیان برداشت از مبلغ ریال زمان مانده ریال","ham"
"حسین عزیز زودفود را از این پس با نام جدید اسنپ فود دنبال کنید همراهی شما افتخار ماست اطلاعات بیشتر و دریافت هدیه [LINK_REMOVED]","spam"
"شرایط ویژه عمل لازک چشم دربیمارستان فوق تخصصی مدت محدود","spam"
"بانک ملی انتقال حساب مانده","ham"
"حجم بسته آلفا سی روزه گیگ گیگ هدیه شبانه گیگ هدیه وای فای اول شما به پایان رسید و بسته آلفا سی روزه گیگ گیگ هدیه شبانه گیگ هدیه وای فای اول تا ساعت تاریخ برای شما فعال شد برای اطلاع از وضعیت بسته کد دستوری را شماره گیری نمایید","ham"
"مشترک گرامی جهت مدیریت هزینه سرویس دیتا خود با پرداخت تنها تومان بیشتر از بسته با دو برابر حجم دیتای بسته فعلی تان برخوردار شوید پیشنهاد ویژه همراه اول به شما بسته دیتا آلفا یکماهه گیگ روزانه گیگ هدیه شبانه است","ham"
"قبض شما به ش ق ش پ شماره مرجع پرداخت شد آسان پرداخت","ham"
"به آپ خوش آمدید کد فعال سازی","ham"
"بانک پاسارگاد جناب آقای با سلام چک شماره به مبلغ ریال به دلیل عدم موجودی در حال برگشت خوردن می باشد لطفا هرچه سریعتر با شعبه میرداماد تماس حاصل فرمایید","ham"
"پارسیان بانک ایرانیان مشتری گرامی خانم کارت شما به شماره در تاریخ منقضی می گردد لطفا برای تمدید کارت به یکی از شعب بانک پارسیان مراجعه فرمایید","ham"
"مشترک گرامی شما درخواست فعالسازی سرویس حمایت تومانی از تیم ملی با تعرفه تومان را داده اید برای تایید و فعالسازی عدد را ارسال کنید","spam"
"پخش قرعه کشی بزرگ فروشگاه رفاه باتوجه به سالگرد رحلت امام ره وقیام خرداد از دوشنبه شب خرداد شب از شبکه","spam"
"مشترک گرامی مبلغ قبض شما تا پایان اسفند با توجه به عدم وصول آن تا تاریخ جهت یادآوری به شرح زیر می باشد مبلغ ریال ش ق ش پ مهلت پرداخت تا اطلاعات بیشتر در [LINK_REMOVED]","ham"
"پارسیان بانک ایرانیان مشتری گرامی هزینه ارسال پیامک تراکنش حساب شما ریال می باشد که لازمست از حساب کوتاه مدت یا قرض الحسنه شما کسر شود چنانچه مایل به دریافت پیامک هستید نسبت به تکمیل موجودی خود تا تاریخ اقدام نمایید تکمیل نکردن موجودی به منزله انصراف شما از دریافت پیامک تلقی می شود","ham"
"پارسیان بانک ایرانیان بانک پارسیان سالروز تولد شما را صمیمانه تبریک و شادباش می گوید سلامتی و بهروزی شما آرزوی ماست","ham"
"آخر هفته مثل همیشه با لنز همراه باشید و فیلم های جذاب را تماشا کنید هفده قسمت سریال عاشقانه پنج فصل فرار از زندان هلن و لینک دانلود رایگان اپلیکیشن [LINK_REMOVED]","spam"
"بانک ملت بیمه ما با پرداخت فقط قسط میلیون دریافت کنید مشاوره عدد","spam"
"افق کوروش منطقه شما الی مردادماه تخفیفات ویژه فروشگاه افق کوروش و آغاز فستیوال تابستانه به همراه هزاران جایزه ارزنده از انواع خودرو تا سفرهای اروپایی ماشین و سکه بگیرید و بعدش مسافرت برید","spam"
"اینترنت شماطبق مصرف آزادازشارژشگفت انگیزمحاسبه میشود خریدبسته تلگرام مارودنبال کن و برنده جایزه شو [LINK_REMOVED]","spam"
"بسته ویژه گیگابایتی تومان خرید مهلت استفاده تاپایان مرداد","spam"
"مشترک گرامی شما از حجم بسته هفتگی مگ را استفاده کرده اید","ham"
"مشترک گرامی بسته اینترنتی [ENGLISH] بسته هفتگی مگابایت [ENGLISH] فعال شد و تا تاریخ [ENGLISH] [ENGLISH] فعال است برای استفاده از این بسته اینترنت دستگاه را یک بار خاموش و مجددا روشن کنید بسته هایی با حجم گیگابایت و بیشتر در تاریخ انقضا یا با اتمام حجم مجددا فعال خواهند شد سایر بسته ها پس از انقضا مجددا فعال می شوند در صورت عدم تمایل کد دستوری زیررا شماره گیری و یا به اپلیکیشن ایرانسل من مراجعه کنید [LINK_REMOVED]","ham"
"تراکنش با موفقیت انجام شد مبلغ پرداختی با احتساب مالیات بر ارزش افزوده مبلغ شارژ دریافتی تاریخ از هف هشتاد موجودی جدید","ham"
"شما از حجم بسته هفتگی مگ را استفاده کرده اید","ham"
"ارسال شارژهدیه به دوستانتان با شمارگیری","spam"
"ایرانسلی عزیز حالامیتوانید ازمیان پیامکهای اطلاع رسانی ایرانسل فقط پیامهایی که دوست داریدرا دریافت کنید برای انتخاب گزینه موردعلاقه خودازمیان دسته بندیهای موجود عدد را به بفرستید تا کلیدواژه مربوط به فعالسازی مجموعه موردنظرتان رادریافت کنید","spam"
"میلیون تومان بزرگترین جایزه هف هشتاد امروزهربارخریداز","spam"
"تخفیفات ویژه افق کوروش در محله شما تا تیرماه تا تخفیف بگیرید کمتر بپردازید و بیشتر بخرید","spam"
"تراکنش با موفقیت انجام شد مبلغ پرداختی با احتساب مالیات بر ارزش افزوده مبلغ شارژ دریافتی تاریخ از موجودی جدید","ham"
"تیرماه تخفیفات ویژه افق کوروش منطقه شما ماءالشعیر لیمو لیتری جوجو نکتار پرتغال پالپ دار سان استار یک لیتری شربت آلبالو گرمی شادلی تن دوماهی ماکارونی مک تا رب گوجه فرنگی رعنا و ذائقه سویا شاکله گوشت و مرغ تا پنیر پیتزا آبمیوه های شادلی محصولات تحفه دستمال کاغذی تا پریل تا","spam"
"مشترک گرامی در تاریخ یک عدد سیم کارت به شماره با کد ملی شما در اپراتور ایرانسل ثبت گردیده است در صورت وجود مغایرت به اپراتور مذکور مراجعه فرمایید","ham"
"کارت ویزیت تا تراکت[ENGLISH] گلاسه تا [ENGLISH]","spam"
"ا و و تیرماه تن دوماهی ماکارونی مک تا رب گوجه فرنگی رعنا و ذائقه سویا شاکله گوشت و مرغ تا پنیر پیتزا آبمیوه های شادلی محصولات تحفه دستمال کاغذی تا پریل تا لغوارسال","spam"
"عید فطرمبارک بسته ویژه گیگابایت ت خرید","spam"
"تراکنش با موفقیت انجام شد مبلغ پرداختی با احتساب مالیات بر ارزش افزوده مبلغ شارژ دریافتی تاریخ از آپ آسان پرداخت شماره مرجع بانک موجودی جدید","spam"
"با شماره گیری طرحی خاص به شما پیشنهاد می کنیم که با استفاده از آن می توانید در هزینه های مکالمه و اینترنت خود صرفه جویی کنید","spam"
"پخش مراسم قرعه کشی خودروی لکسوس از برنامه کودک شو امشب ساعت شبکه نسیم پخش مجدد قبل از برنامه خندوانه [LINK_REMOVED]","spam"
"استشمام عطر عید فطر از پنجره ملکوتی رمضان گوارای وجودتان سپاهان باطری","spam"
"سهیل به خانه پگاه میرود و رازی را برایش برملا میکند قسمت دوازدهم عاشقانه فردا در لنز با اینترنت رایگان ایرانسل لینک دانلود رایگان اپلیکیشن [LINK_REMOVED]","spam"
"شما در تاریخ تعداد تماس از داشته اید شما در تاریخ تعداد تماس از داشته اید پیشنهادات شگفت انگیز همه در ایرانسل من استفاده ازجایزه امتیازایرانسلی جایزه دعوت ازدوستان و دانلود از [LINK_REMOVED]","spam"
"میلیون تومان بزرگترین قرعه کشی هف هشتاد امروزهرخریداز","spam"
"افق کوروش تا خرداد تخفیفات عالی منجمدی صدک پک چای شهرزاد رشته آش زر رب رعنا ت تن دوماهی ت","spam"
"شارژهدیه آپ بدون قرعه کشی تا مبلغ خریدشارژتان درتمامی خریدها هدیه بگیرید باخریدشارژاز","spam"
"کاربر گرامی افزایش شارژ ریال برای تلفن در ساعت مورخ با موفقیت انجام شد شرکت پرداخت الکترونیک سامان یک گام به لکسوس [ENGLISH] نزدیک شدی قرعه کشی عیدفطر تراکنش بیشتر شانس بیشتر امتیاز کل شما","spam"
"سیم کارت شما شارژ رایگان هدیه خود را دریافت کرد","ham"
"اگر گوشی شما از فناوری [ENGLISH] پشتیبانی میکند میتوانید با ارتقای سیمکارت فعلی خود به سیمکارت یو سیم گیگا بایت اینترنت روزه هدیه بگیرید","spam"
"به خوش آمدید تراکنش بیشتر شانس بیشتر","spam"
"اعتبارشماروبه پایان است درخواست هزینه تماس ازمخاطب با شماره مقصد","spam"
"اینترنت شماطبق مصرف آزادازشارژاصلی محاسبه میشود خریدبسته","spam"
"رمضان مبارک [ENGLISH] اینترنت پرسرعت تومان خرید","spam"
"مشترک گرامی بسته هفتگی مگابایت تا صبح فعال شد و تا تاریخ فعال است برای استفاده از این بسته اینترنت دستگاه را یک بار خاموش و مجددا روشن کنید بسته هایی با حجم گیگابایت و بیشتر در تاریخ انقضا یا با اتمام حجم مجددا فعال خواهند شد سایر بسته ها پس از انقضا مجددا فعال می شوند در صورت عدم تمایل کد دستوری زیررا شماره گیری و یا به اپلیکیشن ایرانسل من مراجعه کنید","ham"
"افتتاحیه فروشگاه افق کوروش رودهن تخفیفاتی بسیار عالی تا بلوار پاسداران میدان امام حسین","spam"
"تخفیفات عالی کالای اساسی خانوارتا فروشگاه افق کوروش اردیبهشت لغوارسال","spam"
"تاتو سوزن کارتریج تی با تشتک انگشتی ت سوزن کارتریج پیچی مایع بی حسی یخی ت کرم بی حسی ت رنگ بیوتاچ ت رنگ تاتو جانسون اصلی ت بازرگانی پدرام فر لینک کانال [LINK_REMOVED]","spam"
"پیشنهادویژه سرعتی گیگ ت خریدامروزوفردااز استفاده تا فروردین","spam"
"فروشگاه های افق کوروش شنبه جمعه و بهمن سس بیژن مرغ ستاره مارین پودرکیک زر منجمدی صدک نبات الماس دستمال سافتلن ماست دبه می ماس فیله ماهی تحفه تمامی کالاها با تخفیف ارائه میگردد [LINK_REMOVED]","spam"
"[ENGLISH] ایرانسل ذهن خودراتوسعه دهید دریافت رایگان برنامه دانا باارسال","spam"
"بانک وبیمه کارآفرین با پرداخت قسط میلیون تومان بگیرید مشاوره عدد","spam"
"ایرانسلی عزیز به اطلاع میرساند طبق قوانین مرتبط با بازیافت سیم کارتهای اعتباری درصورت عدم استفاده شمااز سیم کارتهای غیرفعال خود طی روز آینده خطوط مذکوربه حالت تعلیق دائم درخواهندآمد","ham"
"باورت میشه با یه لبخند میشه کار خیر کرد لبخندبساز عکس بگیرودر اینستاگرام به اشتراک بگذار [LINK_REMOVED]","spam"
"آب ناجی زندگیست زندگی آب در دست ما و زندگی ما دردست آب است آب با ما مهربان است با او مهربان باشیم","spam"
"اگه به توسعه فردی وپیشرفت خودت اهمیت میدی همین حالا دانا رو رایگان دانلود کن و به جمع نیم میلیون کاربر دانا بپیوند [LINK_REMOVED]","spam"
"حراج الکترونیکی شماره های رند ایرانسل برای شرکت در مزایده به [LINK_REMOVED] مراجعه کنید","spam"
"با جام ملتهای اروپارامتفاوت تجربه کن پیش بینی اخبار حواشی بازی","spam"
"با خرید شارژ از برنامه موبایلی اپلیکیشن هف هشتاد در قرعه کشی شمش طلا شرکت کنید برای دانلود و نصب کلیک کنید [LINK_REMOVED]","spam"
"هدف امسالت روبا بهاروبساز به اشتراک بذاروبرنده شو [LINK_REMOVED]","spam"
"مشترک گرامی تمایل دارید در کدامیک از موارد زیر از سوی ایرانسل تخفیف دریافت کنید رستوران و کافی شاپ تئاتر سینما کنسرت تفریحی ورزشی آموزشی سفر و گردشگری سرویس های ایرانسلی عدد مورد نظر را در پاسخ به همین پیامک ارسال فرمایید با تشکر ایرانسل","spam"
"مشترک گرامی لطفا توجه داشته باشید مسئولیت هرگونه سوء استفاده از سیم کارت های تلفن همراه بر عهده مالک قانونی آن است","ham"
"حراج الکترونیکی شماره های رند ایرانسل برای شرکت در مزایده به [LINK_REMOVED]","spam"
"سهمیه رایگان کارت شارژهای هزار تومانی ویژه مشترکین وفادار ایرانسلی ثبت قطعی با ارسال عدد در سرویس تهرانگردی صد تومان","spam"
"شارژ آسان تومانی تنها با","spam"
"ایرانسلی عزیز شما کاندید دریافت حقوق ماهانه ریالی و تورمسافرتی درسرویس بهارانه شدید تاییدعضویت باارسال صدوبیست تومان","spam"
"تبریک پیامک رایگان ایرانسلی به دلیل شارژ بیشتر از تومان به شما تعلق گرفت اعتبار همین امروز کد اطلاع","spam"
"هدیه ویژه خرید محصولات جدید آقایان مشاوره تماس فقط آقایان","spam"
"یه صلوات بفرست حالا نیت کن و رو بفرست تا جوابت رو بگیری عضویت سرویس پیشخوان فال حافظ تومان","spam"
"مسلمان نیست کسی که روی مودم وایرلسش پسورد می گذار در حالی که همسایه اش شب بدون اینترنت می خوابد","ham"
"امروز به من ثابت شد که دنیا تموم نمیشه اخه یه چیپس خریدم انقضاشو نوشته بود","ham"
"بهش بگی دوسش داری پرو میشه میره بهش بگی ازش بدت میاد نا امید میشه و میره محبت کنی خوشی میزنه زیر دلش و میره محبت نکنی از یکی دیگه محبت میگیره و میره خلاصه میره خودتو خسته نکن","ham"
"خدایا به هر کس که دوست میداری بیاموز که تابستان از زمستان گرم تر است و به هر کس که بیشتر دوست میداری بفهمان که اودکلن کار حمام را نمیکند","ham"
"نصیحت یه شوهر به زنش هر وقت یه سوسک تو دستشویی دیدی با دمپایی فورا نکوب رو سرش بی توجه از بغلش رد شو این کار از صدتا فحش براش بدتره","ham"
"دختره میره لوازم التحریری و میگه آقا کارت پستال تو تنها عشق منی رو دارید مرده میگه بله داریم میگه پس تا بدید لطفا","ham"
"سال ها برای برابری زنان و مردان تلاش کردیم و بالاخره توانستیم حق مش کردن مو سوراخ کردن گوش و برداشتن ابرو را به آقایان تقدیم کنیم","ham"
"بابام خطاب به من به خدا پولی که تو این سال خرج تو کردم میدادم سکه میخریدم الان میلیاردر بودم و الان با این پول میتونستم یه پسر تحصیل کرده ی دانشمند همسن و سال تو واسه خودم بخرم و بهش افتخار کنم","ham"
"هر موقع بابام میگه بیا بشینیم دو کلام حرف بزنیم از نمره ای که اول دبستان دیکته گرفتم تا هفته پیش که با دختر تو خیابون منو دید هرکارِ خلافی که کردم میاد جلو چشام","ham"
"عاشقانه سال در حد اوضاع اقتصادی کشور خرابتم","ham"
"همیشه یکی از سوالای ذهنیم این بود که چجوریه وقتی پسرا میرن حموم خوشگل میشن میان توی جمع ولی وقتی دخترا میرن حموم زشت میشن و سریع فرار میکنن و میرن تو اتاقشون که کسی نبینتشون","ham"
"احتمال میدم ضرب المثل یک دست صدا نداره قبل از اختراع بشکن گفته شده باشه","ham"
"زندگی متأهلی یعنی به همسرت مسیج بدی ای عشق خداوند نگه دار تو باشد اونوقت جواب بگیری یه بسته قارچ آب لیمو مرغ نون","ham"
"همه پسرا فکر می کنن بزرگترین آرزوی یه دختر پیدا کردن یه پسر رویایی هستش اما نمی دونن بزرگترین آرزوی یه دختر غذا خوردن بدون چاق شدنه","ham"
"پسر عزیــــــــــــزم دختر جووونـــــم پسر گــــــــــلِ من دختر جانــــم پسر عشــــــقم دختر جان پسر زندگـــی من دختر بله پسر نفسِ من دختر زهـــرمار بازم اسمم یادت رفته","ham"
"یارو تو ژاپن راننده ی تاکسی میشه هرکی براش دست بلند میکنه میگه شوخی نکن دیگه تورو الان رسوندم","ham"
"این روزا عده ای یه جوری زیرآبی میرن که دلت میخواد بهشون بگی من نگاه نمیکنم بیا بالا یه نفسی بکش لااقل خفه نشی","ham"
"وقتی مو تو غذا باشه فرقی نداره مژه ی دلبر باشه یا سیبیل اصغر آقا","ham"
"نظرتان در مورد این جمله چیست مهرم حلال جونم آزاد الف زیبا ترین جمله دنیاست ب با معنا ترین جمله دنیاست ج خوشحال کننده ترین جمله دنیاست د تخیلی ترین جمله عصر کنونی است","ham"
"انواع عقیده در تولید امریکایی هم خوب کار کنه هم با دوام باشه انگلیسی جنسش خوب باشی و مشتری راضی باشه ایرانی تا وقتی مشتری میخره سالم باشه بعد که خرید مهم نیست چینی فقط ایرانی بخره","ham"
"تا حالا دقت کردین تو جاده های ایران وقتی قسمت انگلیسی تابلو اسم یک شهر رو می خونین بهتر متوجه میشین تا فارسیش رو","ham"
"نشستیم با فک و فامیل اسم فامیل بازی میکنیم داییم میوه از ی نوشته یه کیلو خیار هیچ جوریم زیر بار نمیره که قبول نیست","ham"
"کلاغ اولی غار کلاغ دومی غار کلاغ اولی په نه په هتل ستاره","ham"
"غضنفر به دوست دخترش میگه میدونی فرق تو با بز چیه دوست دخترش قهر میکنه میره اونم داد میزنه بیا بابا فرقی ندارین","ham"
"یه غضنفر میمیره شب اول قبر تا فرشته میان سراغش تاشون سوال می کردن تاشون حالیش می کردن","ham"
"یه غضنفر تو آینه عکس خودشو می بینه بعد می گه ا این چه آشناست بعد از یه ساعت فکر کردن داد می زنه فهمیدم این همون کره خریه که امروز تو آرایشگاه یک ساعت زل زده بود به من","ham"
"به غضنفر می گن اگه دنیا رو بهت بدن چی کار می کنی می گه من فعلا می خوام درسمو ادامه بدم","ham"
"غضنفر باباش میمیره هفتش خیلی شلوغ می شه واسه چهلم بلیط می فروشه","ham"
"به غضنفر میگن ترمز [ENGLISH] چیه میگه تو سرعت های زیاد و سر پیچ ها کار حضرت ابوالفضل رو می کنه","ham"
"غضنفر آشغال میره تو چشماش سره ساعت میشینه دم در","ham"
"پلیس به غضنفر اینجا ماهی گیری قدغنه غضنفر ولی اینجا تابلو نزدین پلیس نزدیم که نزدیم زود باش از بالای اون آکواریوم بیا پایین","ham"
"غضنفر میره کله پاچه فروشی یارو بهش میگه قربون چشم بگذارم غضنفر میگه نه آقا حداقل صبر کن من برم قایم شم","ham"
"غضنفر رفته بود زیارت امام رضا بعد از زیارت دستش را برای احترام روی سینه اش گذاشت و عقب عقب آمد بیرون یه دفعه دید که خورده به یه چیزی نیگاه کرد دید که یه تابلو است و روش نوشته تبریز کیلومتر","ham"
"غضنفر داشته کباب درست می کرده می بینه یه گربه داره نگاه می کنه داد می زنه آی بلال شیر بلاله","ham"
"یه غضنفر میاد تهران یه دونه پرشیا صفر می بینه میزنه شیشه هاشو خورد می کنه صاحبش می گه چرا این کارو کردی مگه مرض داری غضنفر می گه اه مال تو بود فکر کردم مال شوکته","ham"
"غضنفر می ره هیئت راش نمی دن خودش می ره هیئت می زنه هیچکس رو راه نمی ده","ham"
"یک بار یک غضنفر زنگ میزنه تاکسی تلفنی میگه اقا ماشین دارید مردی که پشت تلفن بوده جواب میده بله غضنفر میگه خوش به حالتون ما نداریم","ham"
"غضنفر خواب میبینه داره بازی میکنه باباش رو میکُشه میره مرحله بعد از خواب بلند میشه میبینه باباش جلوش نشسته میگه اه سیو نکردم","ham"
"غضنفر به رفیقش می گه من یه تمساح پیدا کردم چیکارش کنم میگه ببرش باغ وحش فردا رفقیش می گه بردیش غضنفر می گه آره تازه امشب هم می خوام ببرمش سینما","ham"
"به غضنفر میگن از مسافرت چی آوردی غضنفر میگه تشریف","ham"
"غضنفر میره تو صف نونوایی شاطره میگه نون تا اینجا بیشتر نمی رسه بقیه برن غضنفر میگه ببخشید میشه جمع تر وایسین نون به ما هم برسه","ham"
"غضنفر می ره دزدی تفنگو می ذاره پشت گردن یارو می گه تکون بخوری با لگد می زنم توکمرت","ham"
"بابا جونمی عمرمی قلبمی دوستت دارم به شما افتخار می کنم امید که سایه شما تا ابد بر سر ما باشد پدر جان روزت مبارک","ham"
"فقط می توانم بگویم دوستت دارم و از دور میبوسمت","ham"
"پدر جان نگاه مهربان و صدای دلنشینت همیشه مرحم دل من در این غربت است بدان که برای من بهترینی روز پدر مبارک باد","ham"
"می دونی فرق روز پدر با روز مادر چیه روز مادر طلافروشی ها شلوغ می شه اما روز پدر جوراب فروشی ها می دونی شباهتشون چیه پول هر دو از جیب بابا میره","ham"
"پدرم با صمیم قلب از تو تشکر میکنم نه به خاطر اینکه به من محبت کردی و جوانمردیم آموختی نه به خاطر اینکه راه و رسم مردانگیم آموختی به خاطر اینکه با آن سیلی که به من زدی عشق و صفا و آزادگیم آموختی پدر جان روزت مبارک","ham"
"پدر نام تو تکیه گاه من است روز پدر رو خدمت شما پدر عزیزم تبریک عرض میکنم","ham"
"این اس ام اس جهت تبریک گفتن بچه های کوچک به باباشون هست و برای بقیه سنین توصیه نمیشود حتی شما دوست عزیز بابای من بهترین بابای دنیاست هی بابای من روی سر همه باباهاست هی","ham"
"بابا دوست دارم بابت تمام زحماتی که کشیدی دستانت را می بوسم و ممنونتم","ham"
"بابای عزیزم روز پدر رو بهت تبریک میگم و صمیمانه بر دستای پینه بسته ات بوسه می زنم","ham"
"جانبو بزرگترین جشنواره سال همراه با تخفیفات درصدی همین پنجشنبه مرداد","spam"
"خرید بلیط کنسرت علی زندوکیلی برج میلاد و مرداد [LINK_REMOVED]","spam"
"اکنون زمان افشای اسرار است قسمت پایانی سریال عاشقانه را به همراه مزیک ویدیو گیسو با اینترنت رایگان ایرانسل هم اکنون در لنز تماشاکنید لینک دانلود رایگان اپلیکیشن [LINK_REMOVED]","spam"
"دریافت شارژ تومنی نامحدود بدون قرعه کشی تنها با ارسال ودریافت محتوا ثبت نام سرویس عجایب صدوپنجاه تومن","spam"
"فقط امروز طرح شارژ باش ایرانسل ارائه رایگان شارژهای ریالی ایرانسل ساعته با ارسال عدد روزی سیصدتومن اشتراک اپ مدیانا","spam"
"حسین عزیز حملو دلتنگ شماست فراموش نکنید تومان اعتبار رایگان در حساب خود دارید کالای خود را هم اکنون به هر نقطه از شهر ارسال کنید","spam"
"ارزانترین نرخ بلیط آمریکا کانادا اروپا استرالیا ستاره ونک","spam"
"حسین عزیز اسنپفود دلتنگ شماست تخفیف سفارش آنلاین غذا کد تخفیف سقف سفارش تومان مهلت","spam"
"فقط برای آقایان در [LINK_REMOVED]","spam"
"جشنواره تخفیف اردیبهشت ماه کاشت مو بدون تراشیدن وجراحی","spam"
"به مجوز بهره برداری کلیینیک پوست و مو منطقه تهران جهت خرید یا مشارکت و اجاره نیازمندیم","spam"
"خدمتی جدید ویژه اعضای باشگاه متخصصان کشور خدمات ارزی مسافرتی و حوالجات با پایین ترین نرخ تحویل درب منزل","spam"
"چهار ماهه ترکی استانبولی صحبت کنید[ENGLISH] مدرک وزارت علوم","spam"
"اولترازد سریعترین پیکرتراش جهان پارس گروپ نمایندگی انحصاری","spam"
"[ENGLISH] [ENGLISH] [ENGLISH] [ENGLISH]","ham"
"[ENGLISH] [ENGLISH] [ENGLISH] [ENGLISH] [ENGLISH] [ENGLISH] [ENGLISH]","ham"
"[ENGLISH] [ENGLISH] [ENGLISH] [ENGLISH] [ENGLISH] [ENGLISH]","ham"
"[ENGLISH] [ENGLISH] [ENGLISH] [ENGLISH] [ENGLISH] [ENGLISH] [ENGLISH] [ENGLISH] [ENGLISH] [ENGLISH] [ENGLISH] [ENGLISH] [ENGLISH] [ENGLISH] [ENGLISH] [ENGLISH] [ENGLISH] [ENGLISH] [ENGLISH] [ENGLISH] [ENGLISH] [ENGLISH] [ENGLISH] [ENGLISH]","ham"
"[ENGLISH] [ENGLISH] [ENGLISH] [ENGLISH] [ENGLISH]","ham"
"کد تایید حساب شما","ham"
"کد تایید","ham"
"کد فعالسازی","ham"
"برای فعالسازی کد را وارد کنید","ham"
"اقساط بدون بهره آفتاب سیر کیش مشهدهوایی باقطار دبی و","spam"
"آواهای انتظار برای علاقه مندان به موسقی سنتی آهای خبردار همایون شجریان خوشه چین سالار عقیلی بهار دلکش علیرضا قربانی شنیدن آواها در کانال تلگرام [LINK_REMOVED] فعالسازی با ارسال کد آوا به هزینه فعال سازی ماهانه تومان","spam"
"افتتاح شعبه میدان رسالت مرکز زبان های خارجی ایران استرالیا","spam"
"کوبه ویرایش پایان نامه گردآوری داده ترجمه چاپ","spam"
"ثبت انواع ازدواج شرعی و قانونی در دفتر ازدواج","spam"
"تخفیف لیزرمو زائد آلکساندریت کل بدن ت تاآخرهفته","spam"
"لبیک اللهم لبیک ارزان ترین نرخ مکالمه رومینگ در عربستان ویژه حج تمتع تماس با ایران تومان تماس داخلی تومان تماس دریافتی تومان ارسال پیامک تومان اینترنت هر مگابایت تومان دریافت پیامک رایگان است روشن کردن گوشی رایگان است همواره اول با رومینگ همراه اول","spam"
"لحظه آخر روسیه روز باماهان هتل فقط تومان گشت ناهار","spam"
"کوش آداسی مارماریس بدروم امیدان","spam"
"رفاه روغن ذرت لادن چای شهرزاد شامپو شبنم تا مرداد لغوعدد","spam"
"همه برنده اند سالروز ولادت امام رضا ع تو برنده می شی با ارسال به تا جمعه همه برنده خواهند شد جوایز شمش طلا برای نفر سفر به مشهد مقدس برای نفر هزار امتیاز ویژه قرعه کشی خودرو [ENGLISH] [ENGLISH] چطوری برنده می شیم با ارسال هر بار عدد به و تایید پیامک دریافتی می تونی از تیم ملی فوتبال تومان حمایت کنی و یکی از سه جایزه بالا رو ببری نوع جایزت مرداد بهت مشخص میشه پشتیبانی","spam"
"تا گیگا بایت اینترنت هدیه بگیرید خرید آنلاین محصولات دیجیتال از فروشگاه اینترنتی همراه اول [LINK_REMOVED]","spam"
"نوش دارو قبل از مرگ سهراب قبل از خرابی و از دست دادن اطلاعات و فایل های روی گوشی به فکرتان هستیم امنیت اطلاعات گوشی شما با پرادئو","spam"
"تخفیف لیزرمو کل بدن از [ENGLISH] [ENGLISH] ژل و بوتاکس","spam"
"دوره آموزشی تکنیک های فروش [LINK_REMOVED]","spam"
"اخذ ویزای شنگن تضمینی گرامیان","spam"
"ایمپلنت تومان تهرانپارس پاسداران","spam"
"شهریه مصوب دولتی مدرسین جوان ومجرب دبستان و پیش برنا شناختی","spam"
"هایپراستار و سپید مایع و پودر لباسشویی ت سن ایچ انواع شربت ت","spam"
"استخر روباز قائم ویژه آقایان الی","spam"
"با خرید سیم کارت جدید یا استفاده مجدد از سیم کارتی که بیش از ماه غیرفعال بوده است در قرعه کشی گوشی هوشمند نسل شرکت کنید","spam"
"تنوع تابستونی انواع سانس بلیط از ت دهکده آبی پارس [LINK_REMOVED]","spam"
"گرجستان مشهد کیش ظرفیت محدود اسطوزه","spam"
"تا درصد سود ماهیانه مشارکت در پروژه های زودبازده","spam"
"کارخانه قالیشویی بانو تخفیف شستشو فرش سرویس","spam"
"مشتری گرامی مجموع شانس شما در طرح عید تا عید رفاه میباشد کد پیگیری شما در قرعه کشی امشب میباشد باشگاه مشتریان فروشگاههای زنجیره ای رفاه","spam"
"پخش قرعه کشی بزرگ فروشگاه رفاه باتوجه به سالگرد رحلت امام ره وقیام خرداد از دوشنبه شب خرداد شب از شبکه از سر گرفته خواهدشد","spam"
"مشتری گرامی مجموع شانس شما در طرح عید تا عید رفاه میباشد کد پیگیری شما در قرعه کشی خرداد میباشد باشگاه مشتریان فروشگاههای زنجیره ای رفاه","spam"
"و در محل رسالت شاهد ش به غ مبلغ ریال برای شما توسط دوربین های مکانیزه منظور گردید شناسه قبضشناسه پرداختپلیس راهور تهران بزرگ","spam"
"حراج استثنائی پوشاک تا کتانی تا [ENGLISH] [ENGLISH] یوسف اباد","spam"
"مبل زیما چوب سعادت آباد قیمت کارخانه [LINK_REMOVED]","spam"
"دیدبان دوربین مدار بسته اطفاء حریق اقساط [LINK_REMOVED]","spam"
"لحظه آخر مسکو سنت پترزبورگ روز باماهان هتل تاپ روزگشت ناهار","spam"
"کنسرت بهنام بانی تمدیدشد و شهریور آوای فروهر","spam"
"بانومی کاملترین و امن ترین اپلیکیشن تخصصی ایرانی در خصوص سلامت شخصی بانوان","spam"
"تنها با ارسال عدد به سرشماره اپلیکیشن بانومی را دریافت کنید تا در قرعه کشی مبلغ هزار تومان اعتبار مکالمه شرکت داده شوید","spam"
"جین وست هزار تومان هدیه تابستانه با خرید هزار تومان در حراج تا فقط روز تا شهریور ویژه اعضا ارائه کارت عضویت الزامیست","spam"
"پارسیان بانک ایرانیان مشتری گرامی آقای سیدنیما هاشمی شما در تاریخ و ساعت وارد اینترنت بانک شده اید","ham"
"بیکار نباشید تمام ازمون های استخدامی کشور با نمونه سوالات استخدامی در یادبگیر برای دریافت عدد را ارسال کن هزینه روزانه تومان جایزه شارژ هزار ریالی و یک گوشی[ENGLISH]","spam"
"هدیه همراه اول برای شما مشترک گرامی با فعالسازی هدیه بمدت ماه تعرفه مکالمه داخل شبکه از به ریال در دقیقه کاهش می یابد فعالسازی رایگان راهنما مهلت ثبت نام تا بیست و سوم شهریور","spam"
"علی عزیز سفارش شما از پیتزا سیب پارک ملت با موفقیت ثبت شد برای مشاهده وضعیت سفارش و موقعیت پیک در هر لحظه روی لینک زیر کلیک کنید [LINK_REMOVED] غذای شما با پیک اسنپ به دستتان خواهد رسید","ham"
"غذای شما از پیتزا سیب پارک ملت توسط پیک اسنپ تحویل داده شد نوش جان با ثبت نظر خود در مورد این سفارش ما را در خدمت رسانی هر چه بهتر یاری کنید [LINK_REMOVED]","ham"
"توراستانبول پرواز بیزینس کلاس ترکیش نرخ ویژه از شهریور الی گشت","spam"
"تیکت شما به شماره پاسخ داده شد [LINK_REMOVED]","ham"
"دوست عزیز با عضویت در سرویس اپلیکیشن زنگ مدرسه و امکان دسترسی به محتواهای آموزشی با دعوت از هر دوست جدید تومان شارژ رایگان دریافت کنید برای شروع روی لینک زیر کلیک کنید [LINK_REMOVED] هزینه روزانه تومان است","spam"
"هایپراستارارم و [ENGLISH] [ENGLISH] ت ت مازولاروغن ذرت ل ت","spam"
"بانک سامان برداشت مبلغ خریدکالا از مانده","ham"
"مشترک گرامی به دلیل عدم دریافت اطلاعات پرداختی آخرین صورتحساب صادره ارتباط شما یکطرفه می گردد همراه اول شناسه قبض شناسه پرداخت","ham"
"مشترک گرامی شماره تلفن با سلام به منظور آگاهی وپرداخت پیامک صورتحساب تلفن ثابت ماهیانه برای شما ارسال خواهد شد با پرداخت غیرحضوری تا بیستم هر ماه مشمول هدیه یک روز مکالمه رایگان درون شبکه شوید شرکت مخابرات ایران منطقه تهران","spam"
"اسنپی عزیز متشکریم که ما را در جریان مشکل سفر خود با کد [ENGLISH] قرار دادید مورد انضباطی گزارش شده بررسی و تذکرات لازم به راننده ارائه شد با تشکر اسنپ","ham"
"جدیدترین دستگاه کارتخوان بیسیم تحویل فوری","spam"
"کاشت مووابرو روش نوین آمریکایی قابل رشد ضمانت کتبی م تخفیف","spam"
"کنسرت چـارتـار برج میلاد و شهریور اجرای قطعات جدید [LINK_REMOVED]","ham"
"کد شما کد تا دقیقه در کل سیستم معتبر است سیب اپ","ham"
"حساب شما با موفقیت در سیب اپ ثبت شد کلمه عبور","ham"
"علاقه مندان به موسیقی کلاسیک آواهای انتظار زیر را از دست ندهید الیس بتهوون شب کوتاه موتزارت مارش ترکی موتزارت چارداش کیتارو افسوس ساکت شنیدن آواها در کانال تلگرام [LINK_REMOVED] فعالسازی با ارسال","spam"
"تابستانی ویژه مالزی تایلند هند ترکیه دبی روسیه آسمان آبی","spam"
"اپلیکیشن تاپ برنده میلیون نقد فقط روزمونده [LINK_REMOVED]","spam"
"[ENGLISH] کاربران عزیز نسخه جدید نرم افزار [ENGLISH] الوپیک هم اکنون در سامانه سیب اپ از لینک زیر در دسترس شماست همچنین نسخه قدیمی نیز اکنون قابل استفاده است [LINK_REMOVED]","spam"
"موسیقی ثبت نام کنید سازرایگان هدیه بگیرید م ولیعصر","spam"
"[ENGLISH] کد تایید شما","ham"
"کسب و کار [ENGLISH] به علت عدم اشاره به نام اختصاصی کسب و کار در عنوان در سایت دیوار مورد تایید قرار نگرفت","ham"
"نماشویی پیچ ورولپلاک سنگ نماجلای سنگ شرکت افرا","spam"
"تخفیف لیزر الکس کل بدن ت قیمت اصلی زیرنظرپزشک","spam"
"نام کاربری پسورد [ENGLISH] [ENGLISH]","ham"
"[ENGLISH] [ENGLISH] [ENGLISH] [ENGLISH] [ENGLISH] [ENGLISH] [ENGLISH] [ENGLISH] [ENGLISH] [ENGLISH] [ENGLISH] [ENGLISH] [ENGLISH] [ENGLISH] [ENGLISH] [ENGLISH]","ham"
"حراج بزرگ میس مارتینی [ENGLISH] [ENGLISH] ولنجک چهاردهم مرکزخریدتوچال","spam"
"بانک سامان واریز مبلغ ریال به مانده","ham"
"شمابرنده تخفیف هزارتومانی لیزرموی زائد شدید تماس بگیرید","spam"
"تخفیف ویژه زومبا پیلاتس بدنسازی [ENGLISH] روزهای فرد اریکه ایرانیان","spam"
"سلام علیرضا احمدم آقا یه [ENGLISH] میخوام ترجیحا گلد جای خاصی پیشنهاد میدی از اونجا بگیرم","ham"
"پیش دبستان و پسرانه مهرهشتم ثبت نام مى کند","spam"
"دانشگاه آزاد اسلامی شناسه ثبت نام رمزثبت نام [ENGLISH] [ENGLISH]","ham"
"تفلیس استانبول باتومی کوش آداسی آیساسفر","spam"
"نگران موهای از دست رفته نباشید کاشت مو با مجوز ارسال","spam"
"مشترک گرامی ضمن تشکر از پرداخت صورت حساب شما می توانید با پرداخت غیرحضوری قبض خود تا پایان روز بیستم هر ماه مشمول هدیه یک روز مکالمه رایگان درون شبکه شوید","spam"
"خرید آنلاین مودم جیبی مای فای [ENGLISH] به همراه هدایای ویژه و تحویل رایگان فروشگاه اینترنتی همراه اول [LINK_REMOVED]","spam"
"شما یک تماس بی پاسخ از در دارید خرید راحت شارژ و پرداخت قبض با","ham"
"پرپروکی های عزیز از امروز با عضویت و خرید آنلاین از سایت رستوران پرپروک از تخفیف استفاده کنید [LINK_REMOVED]","ham"
"لحظه اخر شب استانبول معراج شب استانبول ماهان تایلند","spam"
"ریحون ثبت سفارش مستر دیزی پارک ملت کدپیگیری [ENGLISH] [ENGLISH] در صورت تاخیر در دریافت سفارش وارد لینک زیر شوید [LINK_REMOVED]","ham"
"هر روز کلی زمان رو تو تلگرام از دست میدیم ما برای شما و همه ی دوستاتون یه بات جذاب طراحی کردیم تا همه با هم رقابت کنید تومان شارژ هدیه دریافت کنید و در آخر هم در قرعه کشی تومان جایزه ویژه شرکت کنید جهت عضویت و دریافت آدرس تلگرامی عدد ر","spam"
"جشنواره تابستانی میثم عطر به ازای هر تومان خرید شانس خود را در قرعه کشی یک دستگاه خودرو و سکه بهار آزادی افزایش دهید زمان جشنواره مرداد تا شهریور تاریخ قرعه کشی شهریور","spam"
"فروش زمین با دستور تجاری مسکونی شهرک غرب متری","spam"
"مشهد تا تفلیس تا کیش تا تلفن","spam"
"شهادت حضرت امام محمد تقی ع جوادالایمه را تسلیت می گوییم با ارسال عدد به و پرداخت روزانه تومان در ساخت صحن و شبستانی به نام حضرت فاطمه س در جوار حرم مطهر حضرت علی ع سهیم شوید مشارکت بیشتر و پرداخت مبلغ دلخواه با شماره گیری کد","spam"
"کارت اعتباری شما با کد رهیگیری پستی ارسال شد آخرین خبرها و تخفیف ها در [LINK_REMOVED]","ham"
"سفارش شما آماده پرداخت است [LINK_REMOVED]","ham"
"پرداخت شما به مبلغ ریال با موفقیت انجام شد [ENGLISH] [ENGLISH]","ham"
"سفارش ارسال شد پین کد شما [LINK_REMOVED]","ham"
"تعمیر تعویض مبل درمنزل فرو رفتگی کف مبل تخصص ماست","spam"
"مشترک گرامی برای فعال کردن اپلیکیشن همراه من کد زیر را وارد کنید","ham"
"ایرانیکارت یاسر بهرامی عزیز درخواست شما ثبت شد شماره فاکتور در ایرانیکارت مبلغ پرداختی ریال [LINK_REMOVED] آخرین خبرها و تخفیف ها در [LINK_REMOVED]","ham"
"تور قبرس اروپایی هتل لوکس ستاره ویژه شهریور تومان","spam"
"بانک سامان برداشت مبلغ پرداخت قبض از مانده","ham"
"هایپراستار و لحاف و نفره همدل انواع حبوبات گ خربزه ک ت","spam"
"تابستان را با ورود به کلیپو دنیایی از ویدئوهای جنجالی و سرگرم کننده با دوبله فارسی رنگی کنید","spam"
"تحصیل کانادا آمریکا ویزا قطعی ساله والدین [LINK_REMOVED] یاسر بهرامی عزیز","spam"
"سریال ثبت نام پذیرش دوره کارشناسی ناپیوسته دانشگاه جامع علمی کاربردی مهر ماه شماره سریال [LINK_REMOVED]","ham"
"بانک سامان برداشت مبلغ خریدکالا از مانده [RANDOM_NUMBER]","ham"
"تخفیف سفارش آنلاین غذا تا آخر هفته میتونی با سفارش از نزدیک ترین رستوران ها از تخفیف تا سقف هزار تومان استفاده کنی کد تخفیف [LINK_REMOVED]","spam"
"عزیز سفارش شما از کترینگ نون و ماست مطهری با موفقیت ثبت شد برای مشاهده وضعیت سفارش و موقعیت پیک در هر لحظه روی لینک زیر کلیک کنید [LINK_REMOVED] غذای شما با پیک ویژه اسنپفود به دستتان خواهد رسید","ham"
"شما یک تماس بی پاسخ از در دارید","ham"
"مشتری گرامی برای ادامه برخورداری از سرویس پیامک تراکنش های بانکی خود تا تیرماه فرصت دارید که با تکمیل موجودی پرداخت آبونمان شما انجام شود تکمیل نکردن موجودی به منزله انصراف شما از دریافت پیامک تراکنش ها خواهد بود مشتری گرامی برای ادامه برخورداری از سرویس پیامک تراکنش های بانکی خود تا تیرماه فرصت دارید که با تکمیل موجودی حساب قرض الحسنه یا کوتاه مدت خود تا مبلغ صدهزار ریال پرداخت آبونمان شما انجام شود تکمیل نکردن موجودی به منزله انصراف شما از دریافت پیامک تراکنش ها خواهد بود مشتری گرامی برای ادامه برخورداری از سرویس پیامک تراکنش های بانکی خود تا تیرماه فرصت دارید که با تکمیل موجودی حساب قرض الحسنه یا کوتاه مدت خود تا مبلغ صدهزار ریال پرداخت آبونمان شما انجام شود تکمیل نکردن موجودی به منزله انصراف شما از دریافت پیامک تراکنش ها خواهد بود","ham"
"شتری گرامی پیرو پیامک پیشین برای تکمیل موجودی حساب قرض الحسنه یا کوتاه مدت تا مبلغ صد هزار ریال از آنجا که اقدامی توسط شما صورت نگرفت سرویس پیامک تراکنش بانکی شما غیرفعال شد در صورت تمایل به برقراری این سرویس از شما دعوت می شود به یکی از شعب بانک مراجعه نمایید همچنین می توانید برای دریافت رایگان گزارش تراکنشها از نرم افزار شاپ بهره ببرید لینک دانلود [LINK_REMOVED] پارسیان بانک ایرانیان","ham"
"ثبت نام شما با موفقیت انجام شد","ham"
"قبض تا پایان تیر بدهی قابل پرداخت ریال ش ق ش پ پرداخت با سامانه و یا تماس با دریافت جزئیات صورتحساب ارسال [ENGLISH] به مهلت پرداخت تا همراه اول","ham"
"بانک آینده واریز سود سودسپرده کوتاه مدت مبلغ حساب مانده ساعت","ham"
"مشترک گرامی جهت مدیریت هزینه سرویس دیتا خود با پرداخت تنها تومان بیشتر از بسته با بیش از دو برابر حجم دیتای روزانه ی نسبت به بسته فعلی تان برخوردار شوید پیشنهاد ویژه همراه اول به شما بسته دیتا آلفا یکماهه گیگ روزانه است خرید بسته با شماره گیری کد","spam"
"شما درصد حجم بسته آلفا سی روزه گیگ گیگ هدیه شبانه گیگ هدیه وای فای اول را با احتساب تخفیف در ترافیک استفاده شده در سایت های داخلی منتخب تا ساعت تاریخ مصرف نموده اید و تنها مگابایت از حجم بسته باقی مانده است پس از پایان این بسته بسته آلفا سی روزه گیگ گیگ هدیه شبانه گیگ هدیه وای فای اول برای شما به صورت خودکار تمدید خواهد شد مشترک گرامی حجم بسته آلفا سی روزه گیگ گیگ هدیه شبانه گیگ هدیه وای فای اول شما به پایان رسید و بسته آلفا سی روزه گیگ گیگ هدیه شبانه گیگ هدیه وای فای اول تا ساعت تاریخ مجدداً برای شما فعال شد","spam"
"عزیز زودفود را از این پس با نام جدید اسنپ فود دنبال کنید همراهی شما افتخار ماست اطلاعات بیشتر و دریافت هدیه [LINK_REMOVED] [ENGLISH]","spam"
"پرداخت موفق ش ق ش پ شماره مرجع","ham"
"[ENGLISH] عزیز حساب کاربری شما فعال گردید برای بهبود تجربه استفاده از الوپیک قوانین و شرایط سیستم را مطالعه فرمایید [LINK_REMOVED] در اینستاگرام و کانال تلگرام الوپیک عضو شوید و از آخرین اخبار هدایای ویژه و کوپن های تخفیفی ما مطلع شوید [LINK_REMOVED] [LINK_REMOVED]","ham"
"سرکار خانم سواروسکی فقط روز دیگر فرصت باقیست فروش ویژه کلکسیون بهار و تابستان تا درصد تخفیف [LINK_REMOVED] شرکت بازرگانی کیش بهین","spam"
"جون فلشو گذاشتم رو میزت رو اون دفتر روزنامه","ham"
"مشترک گرامی کد فعال سازی سرویس [ENGLISH]","ham"
"گرامی خط فردا مهلت پرداخت شما است کد بازیابی رمز عبور سام جان نمایشگاه هستم جانم سلام پسر امیدوارم خوب باشی وروزگار به خوشی بگذرد به امید دیدارتان عالی خوب کردی شرکت کردی سلام یک کار نیم روزه میتونی کمک بدی به یه مجموعه ای برای یک وب سایت شاید شروعی بشه برای چندتا پروژه خوب جناب سلام حکیمیان هستم اگر امکانش هست با هم صحبت کنیم","ham"
"دم شما گرم","ham"
"آقا اکیه همون ساعت می بینمت","ham"
"جان اپلیکیشن های اندروید و آی اواس رو آپدیت کردیم مجدد میتونین نصب کنین","ham"
"مشترک گرامی حجم بسته آلفا سی روزه گیگ گیگ هدیه شبانه گیگ هدیه وای فای اول شما به پایان رسید و بسته آلفا سی روزه گیگ گیگ هدیه شبانه گیگ هدیه وای فای اول تا ساعت تاریخ مجدداً برای شما فعال شد","ham"
"بارکد مرسوله شما در تاریخ تحویل گیرنده گردیده است پست امین مردم شرکت ملی پست جمهوری اسلامی ایران","ham"
"پذیرش[ENGLISH]دانشگاه شهیدبهشتى مدیریت کسب و کار سمیناررایگان","spam"
"کاربر گرامی حملو شما تومان اعتبار هدیه در حساب خود دارید که هم اکنون میتوانید از آن استفاده کنید","spam"
"جناب با سلام به اطلاع میرساند وضعیت دستگاه[ENGLISH] [ENGLISH]شما به شرح ذیل میباشد تعمیرات نتیجه ای نداشت غیر قابل تعمیر خواهشمند است در اسرع وقت با در دست داشتن رسید جهت تحویل دستگاه مراجعه فرمایید با تشکر [LINK_REMOVED]","ham"
"شرکت رویال سفر تهران تعداد مبلغ شناسه [LINK_REMOVED]","ham"
"شناسه رمز لطفادرحفظ رمز کوشا باشید [LINK_REMOVED]","ham"
"خنده خنده درقصه مادرشوهر و عروس نمایش کمدی موزیکال نیش [ENGLISH]","spam"
"اطلاعات خرید شما اینترنت پرسرعت حامی گیگ در ماه شناسه فاکتور جهت پرداخت سریع از پنل [LINK_REMOVED] و یا شماره گیری","ham"
"مشترک گرامی خط فردا مهلت پرداخت شما است [LINK_REMOVED]","ham"
"مسافر گرامی رزرو شما به مقصد فرودگاه امام تاریخ ساعت با موفقیت ثبت گردید سیر و سفر فرودگاه [LINK_REMOVED]","ham"
"مسکو سن پترزبورگ ویژه شبهای سفید بلغار سواحل گلدن سندز بهسا","spam"
"سرمایه پذیری در گسترش رستورانی پرفروش سود بی نظیر ماهیانه","spam"
"دیجی کالا کاربر گرامی سفارش [ENGLISH] ثبت و در حال پردازش است","ham"
"شهریور با کلوت ماکو و جلفا ماسال جواهردشت همدان ورکانه","spam"
"پذیرفته شده گرامی ضمن عرض تبریک و خیر مقدم به مناسبت قبولی شما در این موسسه به استحضار میرساند ثبت نام موسسه از روز دوشنبه مورخ لغایت چهارشنبه مورخ انجام خواهد پذیرفت جهت کسب اطلاعات بیشتر به سایت موسسه مراجعه نمایید [LINK_REMOVED]","ham"
"کد رهگیری همراه اول خط ایرانسل خط تالیا رایتل","ham"
"با سلام مشترک گرامی همراه اول ضمن آرزوی سفری خوش تعرفه ریالی خدمات رومینگ در اپراتور [ENGLISH] [ENGLISH] کشور عراق دریافت مکالمه مکالمه داخلی مکالمه با ایران ارسال هر پیامک اینترنت مگا بایت روشن کردن گوشی و دریافت پیامک","ham"
"خودرو میلیارد ریالی جایزه سامانه حامی تیم ملی با ارسال به تومان حمایت و امتیاز کسب کنید قرعه کشی ساعت شبکه","spam"
"گیفت کارت آیتونز دلاری همراه با اسکن کد [LINK_REMOVED]","ham"
"مانتو مفتح","spam"
"احمد کریم پور عزیز سفارشت در دلینو با موفقیت ثبت شد لینک پیگیری سفارش [LINK_REMOVED] شما از این خرید تومان اعتبار جایزه گرفتی","ham"
"هایپراستار ارم تا حراج آخر فصل پوشاک تا ت چادر نفره ت","spam"
"سلام چطوری برنامه امشب چیه","ham"
"سلام لطفا قیمت پاکت های ساندویج را بفرمایید","ham"
"امکان خریدبسته های اینترنت وپرداخت مبلغ آن از فراهم شد [LINK_REMOVED]","spam"
"شاتل موبایلی عزیز بسته هدیه نماوا بر روی سیم کارت شما فعال شد برای اطلاع از جزئیات بسته به حساب کاربری مراجعه نمایید برای دریافت هدایای شاتلی خود کد [ENGLISH] [ENGLISH] [ENGLISH] را در وب سایت مربوطه وارد نمایید [LINK_REMOVED]","ham"
"حس آسمانی بودن دارد وقتی با صدقه خود بتوانیم رویاهای شبانه نیازمندی را تعبیر کنیم شما می توانید صدقه خود را پیامکی و به صورت روزانه با احتساب در قبض پایان دوره مشترکین دایمی و کسر از شارژ مشترکین اعتباری پرداخت کنید عضویت صدقه پیامکی با ارسال عدد","spam"
"امکان خریدبسته اینترنت وپرداخت مبلغ آن از فراهم شد [LINK_REMOVED]","spam"
"شاتل موبایلی عزیز بسته ی گیگابایت ماهه از برای شما معتبر است برای مشاهده آخرین فهرست بسته های شاتل موبایل به [LINK_REMOVED] مراجعه و یا کددستوری را شماره گیری کنید","ham"
"هایپرمی بمدت محدود فروش ویژه لوازم تحریر تا ت اکباتان فاز","spam"
"بزرگترین شانس حضور در تور جام جهانی روسیه فقط با ارسال تا جام جهانی با اینترنت رایگان همراه اول فیلم ببینید و هزار آهنگ گوش کنید هرماه یک نفر برنده خواهد شد شماره پشتیبانی","spam"
"لذت بی نهایت موسیقی گوش دادن را تجربه کن همین الان را ارسال کن و موزیک دلخواهتو گوش کن با عضویت در سرویس گرامافون دسترسی آسان به آرشیو جامعی از موسیقی را داشته باش","spam"
"تحویل ویلافقط با ماهی میلیون فروش ویژه اقساطی کمترین پیش","spam"
"طرح فروش عید تاعید برلیانس[ENGLISH] پارس خودرو باتسهیلات ویژه و به تعداد محدود اطلاعات بیشتردرنمایندگی های سایپا وسایت [LINK_REMOVED]","spam"
"فروش ویژه عید تا عید فروشگاه آنلاین همراه اول از عید قربان تا غدیر هر روز با مراجعه به فروشگاه آنلاین همراه اول از هدایا و تخفیف های ویژه این ایام بهره مند شوید [LINK_REMOVED]","spam"
"کنسرت سالارعقیلی وارکسترملی ایران شهریور [LINK_REMOVED]","spam"
"تابستان را با ورود به کلیپو دنیایی از ویدئوهای جنجالی و سرگرم کننده با دوبله فارسی رنگی کنید عضویت با ارسال عدد به همین شماره و دریافت تومان شارژ رایگان برای ورود شما تابستانی متفاوت را با ورود به قرعه کشی بزرگ میلیون تومان کمک هزینه خری","spam"
"عید قربان را با احسان و انفاق به خانواده های نیازمند جشن می گیریم مشارکت از طریق پایگاه های جمع آوری گوشت قربانی و دفاتر کمیته امداد در سراسر کشور و یا با شماره گیری کد کمیته امداد امام خمینی ره","ham"
"آخرین روزها پوشاک تا کتانی تا [ENGLISH] [ENGLISH] یوسف اباد","spam"
"حراج پایان فصل پوشاک پولو [ENGLISH] [ENGLISH] [ENGLISH] [ENGLISH] تخفیف بر روی همه کالاها میرداماد جردن پاسداران سانا بام لند [LINK_REMOVED]","spam"
"بیمه تکمیلی درمان [ENGLISH]نمایندگی سعادت آباد ارسال عدد جهت اطلاعات بیشتر","spam"
"تخفیفات ویژه هتل نارنجستان [LINK_REMOVED]","spam"
"خانه وستا تخفیف کاغذدیواری لمینیت کفپوش [ENGLISH]","spam"
"قیمت خوبی گذاشتم اصلا استفاده نشده","ham"
"سلام خسته نباشید","ham"
"سامانه پرداخت عوارض خروج از کشور شماره رسید بانکی کلمه عبور [ENGLISH] [ENGLISH] [ENGLISH]","ham"
"بانک ملی کد را جهت ورود به سامانه بام وارد نمایید","ham"
"بانک ملی ورود به سامانه بام خدمتی بدیع از سامانه بام ارائه خدمات ارزی","ham"
"زیارت نیابتی شب جمعه درکربلا با ارسال نام خودیاعزیزانتان برای ما در کربلا نایب الزیاره شماخوبان هستیم مجموعه رسانه ای امام حسین ع","spam"
"غدیری ام سرور گرامی در جشن بزرگ غدیر دعوتید زمان شهریور از ساعت مکان میدان امام حسین ع به همراه قرعه کشی کمک هزینه سفر به عتبات عالیات","spam"
"عید سعید غدیرخم عید ولایت و امامت را تبریک می گوییم با ارسال عدد به و پرداخت روزانه تومان در ساخت صحن و شبستانی به نام حضرت فاطمه س در جوار حرم مطهر حضرت علی ع سهیم شوید مشارکت بیشتر و پرداخت مبلغ دلخواه با شماره گیری کد همر","spam"
"شبهای پایانی کمدی جنتلمن پرمخاطب ترین نمایش تئاترگیشا [ENGLISH]","spam"
"اپلیکیشن دیرین دیرین را دانلود بازی اش را لود و خودرو اش را بردکن کافیه عدد رو به بفرستی و دیرین دیرینی بشی","spam"
"مشترک گرامی بسته گیگابایت ساعته صبح تا صبح با هزینه ریال فعال شد اگر بسته اینترنت خریده اید برای استفاده از آن دستگاه را یک بار خاموش و مجددا روشن کنید جهت بررسی جزییات کددستوری زیررا شماره گیری و یا به اپلیکیشن ایرانسل من مراجعه کنی","ham"
"شاتل موبایلی عزیز بسته ی مگابایت روزانه از برای شما معتبر است برای مشاهده آخرین فهرست بسته های شاتل موبایل به [LINK_REMOVED] مراجعه و یا کددستوری را شماره گیری کنید","ham"
"[LINK_REMOVED] ازخریدلذت ببرید مگامال فاز اکباتان","spam"
"عید سعید غدیر خم بر شما مبارک باد گزیده آواهای انتظار ویژه این عید مبارک یا علی جان صدقی و اسماعیلی باباحیدر فتحعلیان ای جان جانانم محمد داوودی عید ساقی کوثر گروه امید ای شه ولایت گروه محراب شنیدن آواها","spam"
"شارژ رایگان هدیه بگیر و با کمترین هزینه به دور دنیا سفر کن با اپلیکیشن برترین تورها کافیه رو به بفرستی","spam"
"اعتباری بدون محدودیت بازی و اپ های پریمیوم اندروید را نصب کنید جدیدترین و پرطرفدارترین بازی ها و اپ های پریمیوم اندروید شروع و پیوستن به دنیای نامحدود اپینیک پریمیوم با ارسال عدد به همین شماره دریافت اپ [LINK_REMOVED]","spam"
"هایپراستار و دبش ع چای فلاسک رایگان ت اوریون شوکو پای ت","spam"
"شاهین گیلان نماینده ترابربی تا تعاونی تهران تعداد مبلغ بلیط شناسه [LINK_REMOVED]","ham"
"کنسرت سیروان خسروی تمدیدشد شهریور بلیط فروشی ساعت [LINK_REMOVED]","spam"
"مشترک گرامی با عضویت در سامانه هواداری فوتبال باشگاه سایپا میتوانید علاوه بر حمایت از تیم محبوب خود در قرعه کشی یک دستگاه خودرو کوییک نیز شرکت نمایید فعالسازی با ارسال کد","spam"
"مشترک گرامی در صورت پرداخت کارکرد تلفن همراه تا بیستم ماه از یک روز مکالمه رایگان و شرکت در قرعه کشی یک دستگاه پژو و دستگاه گوشی [ENGLISH] ویژه تابستان بهره مند شوید مخابرات استان","spam"
"همراه گرامی سیدنیما هاشمی امتیاز ویژه پرداخت قبض به حساب باشگاه فیروزه ای شما واریز شد برای اطلاع از نحوه کسب امتیازات و مشاهده جوایز متنوع به اپلیکیشن یا پرتال همراه من به آدرس [LINK_REMOVED] بخش باشگاه فیروزه ای مراجعه نمایید باشگاه فیروزه ای باشگاه مش","spam"
"مزون زنانه لیزا شروع حراج فصل به مدت محدود","spam"
"کلاه قرمزی با اینترنت رایگان در فیلیمو فعالسازی باارسال عدد","spam"
"برترین بازی های موبایلی فقط در ایکس بازی عصر سکوت چاله میدون فیفا جزایر سه گانه دانلود با ارسال عدد یا لینک [LINK_REMOVED]","spam"
"لاغری موضعی با جدیدترین دستگاههای روز دنیا در مطب سعادت اباد","spam"
"کنسرت هوروش بند شهریور نمایشگاه خرید [LINK_REMOVED]","spam"
"رو به همین شماره بفرست و اپلیکیشن شارژ بازی رو نصب کن و هدیه تابستونت رو بگیر تومن اعتبار مکالمه رایگان تابستونی به همه تعلق گرفته","spam"
"پارس خزر نمایندگی مجاز خدمات سعادت آباد و شهرک غرب کد لیاقت","spam"
"[ENGLISH] جدیدترین کلکسیون پاییزه آدل با تخفیف در اجناس تابستانه لاله پارک","spam"
"کیش تایلند مالزی چین دبی معراج گشت","spam"
"آفر[ENGLISH] استانبول روسیه آنتالیا دبی تفلیس","spam"
"یکصد جایزه هزار میلیون ریالی و میلیاردها ریال جوایز دیگر آخرین مهلت شرکت در قرعه کشی شهریور ماه بانک انصار","spam"
"یک سال اینترنت شاتل گیگابایت نصب تومان تلفن","spam"
"مشترک گرامی برای عضویت در بازی استراتژیک آنلاین شهروار مشابه کلش آو کلنز هر چه سریعتر عدد را ارسال کنید فقط همین امروز هدیه هزار تومانی اعتبار درون برنامه ای را از دست ندهید هرچه سریعتر عدد را به به همین شماره ارسال کنید","spam"
"بانک مسکن واریز مبلغ زمان مانده شرح واریز بابت انتقال شتابی خودپرداز","ham"
"سلام دریافت اپلیکیشن اسنپ درخواست خودرو با موبایل [LINK_REMOVED]","ham"
"آفر ویژه هندوستان دهلی آگرا جیپور باماهان اوستا","spam"
"هایپراستار و کوله پشتی آفتاب روغن کانولا گ ت قزل آلا ت","spam"
"یه همراه معتبر یه فروشگاه معتبر فروش ویژه مودم های [ENGLISH] جیبی به همراه [ENGLISH] اینترنت هدیه در فروشگاه های همراه اول به مدت محدود شعبه مرکزی انتهای خیابان ونک نبش اتوبان کردستان شعبه غرب میدان توحید نبش خیابان پرچم شعبه شرق پایین تر از چهارراه آیت شع","spam"
"مشترک گرامی در حال حاضر بسته اینترنت آلفا روزه گیگابایت تا ساعت تاریخ برای شما معتبر است حجم باقی مانده تا ساعت تاریخ برابر با مگابایت است مصرف شما در سایت های داخلی مگابایت بوده که با تخفیف","ham"
"بی دردسر مدرک تحصیلی قانونی تلگرام خط","spam"
"سیمکارت صفر و رند در [LINK_REMOVED] ارسال رایگان درب منزل تلگرام [LINK_REMOVED]","spam"
"ثبت نام ارشدفراگیرپیام نوربدون کنکور مشاوررایگان ارسال کد به","spam"
"رستوران بزرگ پدیده شاندیز شهرک غرب بولوار فرحزادی","spam"
"مشترک گرامی پیشنهاد ویژه [ENGLISH] [ENGLISH] مبین نت برای شما به مدت محدود گیگ طرح شش ماهه با سرعت تا مگ فقط ماهانه هزار تومان به همراه امکان استفاده گیگ اینترنت از ساعت تا صبح اطلاعات بیشتر [LINK_REMOVED]","spam"
"فقط روزتا قرعه کشی میلیونی هف هشتاد روبگیر وشانساتو زیادکن","spam"
"مزایده عمومی املاک مازاد بانک سرمایه با شرایط ویژه جهت کسب اطلاعات بیشتر به وبسایت بانک سرمایه مراجعه فرمایید بانک خوب سرمایه است","spam"
"قضات وکلا تضمینی دعاوی حقوقی کیفری ملکی دیوان دادگاه انقلاب","spam"
"تورهای آفتاب کلوت کانادا افریقا ریشی کش هند کنیا سریلانکا","spam"
"کنسرت کاوه آفاق شهریور فضای بازبرج میلاد [LINK_REMOVED]","spam"
"بازارچه پاییزه مهربانو سعادت آباد برج اساتید[ENGLISH] تا شهریور","spam"
"قبولی قطعی دانشگاه دولتی باقراردادتضمینی ارسال تماس","spam"
"سلام هستم آقای کارت شما رو به من دادن که راجع به محتوای کدکاپ با هم صحبت کنیم","ham"
"عمل مدرن حذف عینک با شرایط نوین واستثنایی اطلاع ارسال به","spam"
"با کمک به ادامه تحصیل دانش آموزان نیازمند دلی را شاد کنیم و حسرتی را کمرنگ همراهی پرمهر شما در جشن عاطفه ها از طریق شماره گیری کد و یا مراجعه به سایت [LINK_REMOVED] کمیته امداد امام خمینی ره","spam"
"مشترک گرامی جهت مدیریت هزینه رومینگ خود مطلع باشید بسته های اینترنتی در خارج از کشور کاربرد نداشته و هزینه بر اساس مصرف محاسبه میگردد در صورت عدم تمایل به استفاده از اینترنت سیم کارت گزینه[ENGLISH] [ENGLISH] گوشی خود را در منوی تنظیمات غیر فعال نمایید امک","ham"
"[ENGLISH] [ENGLISH]","ham"
"سامانه پیام کوتاه ارمغان راه طلایی [ENGLISH] [ENGLISH] داخلی عباسی ارمغان راه طلایی","spam"
"شما درصد حجم بسته آلفا سی روزه گیگ گیگ هدیه شبانه گیگ هدیه وای فای اول را با احتساب تخفیف در ترافیک استفاده شده در سایت های داخلی منتخب تا ساعت تاریخ مصرف نموده اید و تنها مگابایت از حجم بسته باقی مانده است پس از پایا","ham"
"مشتری گرامی آقای خانم امیری نژاد باسلام به اطلاع می رساند گارانتی دستگاه مایکرویو شما درحال اتمام می باشد جهت کسب اطلاعات درمورد نحوه تمدید گارانتی عدد را ارسال نمایید [LINK_REMOVED] مرکز ارتباطات گلدیران","ham"
"[ENGLISH] دوست من ما متوجه شدیم در سفارش قبلی تجربه موفقی نداشتید برای اینکه تجربه بهتری از حملو داشته باشید هزار تومان اعتبار اولیه و علاوه بر آن هزار تومان اعتبار اضافه به حساب شما افزوده شده است امیدوارم تجربه بهتری از حملو داشته باشید سفارش خود","ham"
"مشتری گرامی بانک سپه جهت جلوگیری از قطع ارسال پیامکی تراکنش های حساب حداکثر تا پایان شهریور تمایل خود را به کسر هزینه ریال با ارسال عدد به این شماره اعلام کنید","ham"
"[ENGLISH] به یک فیلم خوش آمدی","ham"
"شما در تاریخ تعداد تماس از داشته اید خرید بلیت تئاتر و سینما در اپلیکیشن گیشه ایرانسل [LINK_REMOVED]","ham"
"بایاری سبزتان امسال هم به مدرسه می روم خیریه حامی","ham"
"شرق تاجمه مرغ زرماکارون قند شکر ظرفشویی کیجا آدرس","spam"
"مشتری گرامی هزینه اشتراک ماهه دوم سرویس پیام کوتاه هزار ریال است در صورت عدم تمایل به دریافت پیامک عدد را تا تاریخ به شماره ارسال فرمایید بانک انصار","ham"
"مشترک گرامی شما از حجم بسته پنج گیگابایتی ویژه آخر تابستان را استفاده کرده اید","ham"
"کد برای تغییر رمزعبور از این کد استفاده کنید اسنپ فود","ham"
"مشترک گرامی تبریک بسته یکماهه گیگابایت تا تاریخ فعال شد و تا زمان انقضای بسته اینترنت خود می توانید در اپلیکیشن لنز از برنامه های تلویزیونی فیلمها سریالها و هزاران محتوای ویدئویی با اینترنت رایگان لذت ببرید ل","ham"
"رمز یکبار مصرف شماره برای ورود","ham"
"[ENGLISH] [ENGLISH] [ENGLISH] [ENGLISH] [ENGLISH] [ENGLISH] [LINK_REMOVED]","ham"
"مشترک گرامی مهلت استفاده از بسته اینترنت نامحدود شبانه برای شما در ساعت تاریخ پایان می یابد","ham"
"مشترک گرامی بسته ساعتی به قیمت ریال با احتساب مالیات فعال شد اطلاع از حساب اینترنت همراه برای مرورشرایط مربوط به بسته ها به [LINK_REMOVED] مراجعه کنید","ham"
"الان در خدامی هستم","ham"
"بانک شهر آقای سالروز تولدتان مبارک","ham"
"[ENGLISH] [ENGLISH] [ENGLISH]","ham"
"مشترک گرامی [ENGLISH] [ENGLISH] [ENGLISH] [ENGLISH] [ENGLISH] با هزینه ریال برای شما فعال شد برای استفاده از بسته اینترنتی خود اینترنت دستگاه خود را یکبار خاموش و مجددا روشن کنید اطلاع از حساب اینترنت همراه با شماره گیری کد و یا ازطریق برنا","ham"
"مشترک گرامی شما مشمول دریافت این هدیه نمی باشید شما می توانید با پرداخت غیرحضوری قبض خود تا پایان روز بیستم هر ماه مشمول هدیه یک روز مکالمه رایگان درون شبکه شوید","ham"
"سرویس میزبان پیامک ایرانسل شما از طرف درخواست پرداخت هزینه پیامک را دارید برای تقبل هزینه و دریافت پیامک از این شماره عدد تقبل هزینه پیامک این شماره به صورت دائمی عدد عدم دریافت پیامک عدد و اضافه کردن این شماره به لیست غیر مجاز عدد را","ham"
"هم اکنون اینترنت شما از تعرفه آزاد محاسبه میشود خرید بسته با","ham"
"مشترک گرامی مهلت استفاده از بسته مکالمه همراهی برای شما در ساعت تاریخ پایان می یابد و از آن پس هزینه کلیه مکالمات شما با تعرفه عادی محاسبه خواهد شد","ham"
"مشترک گرامی گالری خانه من عرضه کننده کالای لوکس خانه شما تلفن اینستاگرام [ENGLISH] [ENGLISH] [ENGLISH] تلگرام [LINK_REMOVED]","spam"
"سینماتیکت سینما گالری سمرقند نگار","spam"
"سینما کورش کد نگار شنبه مهر","ham"
"مشترک گرامی شما اعتبار کافی برای ارسال پیامک خارج از شبکه را ندارید ارسال پیامک موفقیت آمیز نبود","ham"
"مشترک گرامی جهت مدیریت هزینه سرویس دیتا خود با پرداخت تنها تومان بیشتر از بسته با بیش از دو برابر حجم دیتای روزانه ی بسته فعلی تان برخوردار شوید پیشنهاد ویژه همراه اول به شما بسته دیتا آلفا یکماهه گیگ روزانه است خرید بسته با شماره گیری کد","spam"
"[ENGLISH] [ENGLISH] روز پایانی حراج بزرگ [LINK_REMOVED]","spam"
"با سلام از دانشجویان محترم خواهشمند است به دلیل ثبت ورودیهای جدید کارشناسی از مراجعه به آموزش تا ساعت امروز خودداری فرمائید باتشکر آموزش دانشکده عمران","ham"
"کاربر گرامی با پرداخت مبلغ ریال تا روز آینده نسبت به تمدید طرح تعرفه فعلی شناسه وایمکس اقدام نمایید در صورت وجود اعتبار کافی در حساب وایمکس خود پیغام فوق را نادیده بگیرید تعویض رایگان مودم وایمکس با[ENGLISH] [ENGLISH]در [LINK_REMOVED]","ham"
"حدیث امام على ع زبان مؤمن در پشت دل اوست و دل منافق در پشت زبان او زیرا مؤمن هرگاه بخواهد سخنى بگوید ابتدا درباره آن مى اندیشد اگر خوب بود اظهارش مى کند و اگر بد بود آن را پنهان مى دارد اما منافق هر چه به زبانش آید مى گوید بى آن که بداند چه","ham"
"هیئت روضه الرقیه روز دوم بانوای کربلایی محسن سلامتیان باجک ک س","spam"
"جین وست مشتری عزیز بدلیل توسعه فضای تجاری و افزایش خدمات شعبه امیرابراهیمی بوستان از مهر به روبروی بوستان انتقال یافت","spam"
"درباره هُما ️ نرم افزار جامع کسب و کار [LINK_REMOVED] شهر نوین","spam"
"کجایی","ham"
"ایران کارت بانک آینده جناب آقای نیما رحیمی ها ترمه حسینی برگشت نقدی پلاتینیوم درصد مبلغ تا سقف هزینه ریال طلایی درصد مبلغ تا سقف هزینه ریال نقره ای درصد مبلغ تا سقف هزینه ریال آبی درصد مبلغ تا سقف هزینه","spam"
"ام دی اف نئوپان باقیمت تعاونی بزرگترین مرکزپخش [ENGLISH]","spam"
"ایران کارت بانک آینده جناب آقای سعید علی عسگری ترمه حسینی برگشت نقدی پلاتینیوم درصد مبلغ تا سقف هزینه ریال طلایی درصد مبلغ تا سقف هزینه ریال نقره ای درصد مبلغ تا سقف هزینه ریال آبی درصد مبلغ تا سقف هزینه","spam"
"به کانال بانک شهر بپیوندید و از خدمات دستیار هوشمند بانک شهر در تلگرام بصورت رایگان بهره ببرید [LINK_REMOVED]","spam"
"هشت سال دفاع مقدس مظهر ایثار و از خود گذشتگی است مقام معظم رهبری","ham"
"املاک نیاوران جمشیدیه متر خ لوکیشن بینظیر بازدید خرید","spam"
"پیراهن پرسپولیس و خرید کارت تومانی","spam"
"تیکت شماره در ایران سرور پاسخ داده شده است تلفن","ham"
"مشترک گرامی سرویس مجله خانواده با ارائه آخرین اخبار اجتماعی برای شما قابل ارائه است جزییات بخشش جریمه های دوبرابری با ارسال","spam"
"جین وست بالنو مشترک گرامی بابت امتیاز خرید شهریورماه شما مبلغ ریال در کارت شما ذخیره شده است که تا تاریخ می توانید با مراجعه به هر یک از شعب جین وست و بالنو از آن استفاده نمائید لطفا کارت عضویت خود را به همراه داشته باشید","spam"
"جناب آقای احمد کریم پور پذیرفته شده گرامی رشته مدیریت صنعتی در موسسه آموزش عالی الکترونیکی ایرانیان به اطلاع می رساند ثبت نام حضوری در روزهای دوشنبه و چهارشنبه و پنجشنبه از ساعت الی در محل ساختمان شماره یک دانشگاه و","ham"
"مشتری گرامی ازین پس کلیه مواد سوپرمارکت خوارو بار لبنیات تنقلات شوینده و نیز بنا به درخواست شما ارسال خواهند شد","ham"
"دانشجوی محترم مهلت ثبت نام و انتخاب واحد تا تاریخ تمدید شد برای دریافت به روز ترین اخبار دانشگاه پیام نور کافیست عدد را به ارسال نمایید تنها سامانه ارتباطی دانشگاه پیام نور کانال تلگرام [LINK_REMOVED]","ham"
"شماره که پیشتر موفق به تماس با آن نشدید اکنون در دسترس است","ham"
"[ENGLISH] [ENGLISH] [ENGLISH] [ENGLISH] [ENGLISH] [ENGLISH] [ENGLISH] [ENGLISH]","ham"
"کد تایید شما ویترین سیبچه [LINK_REMOVED]","ham"
"مشترک گرامی جهت پرداخت صورتحساب خود می توانید از هر یک از روش های زیر اقدام نمایید برنامه کاربردی ایرانسل من [LINK_REMOVED] کارت شارژ رمز کارت شارژ از طریق بانک شماره حساب بانک ملت شماره حساب بانک ملی","spam"
"بانک مسکن شرح تردد غیرمجـــاز از عوارضی تهران پردیس با شماره برچسب به دلیل کمبود موجودی زمان مبلغ عوارضی ریال لطفا نسبت به شارژ برچسب تا ساعت اقدام نمایید","ham"
"سلام تماس میگیرم","ham"
"مشترک گرامی به دلیل نداشتن موجودی کافی پیامک شما پس ازتاییدوکسرهزینه از ارسال خواهد شد غیرفعالسازی با ارسال[ENGLISH] به","ham"
"شب کوری کاهش رشد خشکی چشم که در کودکان باعث بروز لکه بیتو می شود عفونت دستگاه تنفسی عفونت روده ای و عفونت مجاری ادراری از علائم بالینی ناشی از کمبود ویتامین [ENGLISH] است منابع غذایی حاوی ویتامین [ENGLISH] شامل منابع حیوانی جگر تخم مرغ لبنیات پرچرب و منابع","spam"
"کلیدهای عددی این کلیدهای صفحه کلید برای سریع تر و راحت تر وارد کردن اعداد به کار می رود استاندارد چیدمان این کلیدها در یک گروه مانند کلیدهای ماشین حساب است کلید [ENGLISH] این کلید در ترکیب با کلیدهای حرفی برای تایپ حروف به صورت بزرگ به کار می رود در ض","spam"
"کارت به کارت ساده تر از همیشه انتقال وجه از کارت بانک سامان به تمام کارتهای شتاب در اپلیکیشن دریافت با شماره گیری","spam"
"علی زندی مشتری گرامی سپیدار سیستم جهت اطلاع از آخرین اخبار مربوط به تخفیفات سمینار ها کلاس ها و مطالب آموزشی رایگان عضو کانال زیر شوید [LINK_REMOVED]","spam"
"اقا من این ساعت شیاومی میخوام","ham"
"[ENGLISH]","ham"
"دیجی کالا مشتری گرامی در جهت ارتقای کیفیت کالاها و خدمات لطفا با استفاده از لینک زیر نظر خود را در مورد کالاهای دریافتی با ما در میان بگذارید با سپاس [LINK_REMOVED]","ham"
"زود شکستن ناخن ها می تواند به دلیل ضعیف بودن ناخن شما باشد که با بلند کردن ناخن این عامل بیشتر خودش را نشان می دهد البته خشک بودن ناخن ها هم باعث این عامل می شود که با استفاده از کرم های آ د می شود به وسیله تقویت ناخن از بروز این عامل جلوگیری کرد البته","spam"
"نام فایل خریداری شده [ENGLISH] [ENGLISH] [ENGLISH] لینک دانلود [LINK_REMOVED] با تشکر از خرید شما عصرآپلود","ham"
"نام فایل خریداری شده [ENGLISH] [ENGLISH] لینک دانلود [LINK_REMOVED] با تشکر از خرید شما عصرآپلود","ham"
"علیرضا کمالی عزیز از سایت بخر ارزون بخر [LINK_REMOVED]","spam"
"مالک خوردو به شماره شخصی ایران ــ م بعلت تخلف عبور یا توقف در معابری که از طرف راهنمایی و رانندگی در ساعت معینی ممنوع اعلام می شود در تاریخ و در محل انقلاب استاد نجات الهی مبلغ ریال برای شما توسط دوربین های مکانیزه منظور","ham"
"همکاران محترم درمانگاه دندانپزشکی دکتر حاجی زاده افتتاح شد","ham"
"شناسه مرسوله هزینه خدمت ریال اطلاعات تکمیلی [LINK_REMOVED]","ham"
"کارپینو سفر کنسل شد راننده به دلیل مشکلاتی قادر به ارایه خدمت نیست از اینکه به زحمت افتادید پوزش میخواهیم","ham"
"فوری! شما برنده [RANDOM_NUMBER] میلیون تومان در قرعه کشی بانک ملی شدید. جهت دریافت، [RANDOM_NUMBER] تومان هزینه انتقال را پرداخت کنید: [LINK_REMOVED]","spam"
"کاربر گرامی ایرانسل، شما برنده [RANDOM_NUMBER] گیگابایت اینترنت رایگان شدید! فعالسازی از طریق [LINK_REMOVED].","spam"
"اخطار! حساب شما مسدود خواهد شد. برای رفع مشکل، رمز دوم را در [LINK_REMOVED] وارد کنید.","spam"
"مژده! قرعه کشی فروشگاه رفاه: برنده [RANDOM_NUMBER] میلیون تومان شدید. جایزه تا [RANDOM_NUMBER] ساعت دیگر لغو می شود: [LINK_REMOVED].","spam"
"از طرف وزارت بهداشت: شما واجد شرایط واکسن رایگان هستید. اطلاعات را در [LINK_REMOVED] ثبت کنید.","spam"
"کاربر عزیز، برنده یک سفر به مشهد شدید! هزینه رزرو [RANDOM_NUMBER] تومان: [LINK_REMOVED].","spam"
"پیامک اضطراری: حساب شما هک شده! برای امنیت، کد [RANDOM_NUMBER] را به [MASKED_NUMBER] ارسال کنید.","spam"
"تبریک! شما در قرعه کشی دانشگاه تهران برنده کمک هزینه [RANDOM_NUMBER] میلیونی شدید. شماره کارت خود را ارسال کنید: [MASKED_NUMBER].","spam"
"فوری! جایزه [RANDOM_NUMBER] میلیونی شما در حال انقضاست. دریافت از طریق [LINK_REMOVED].","spam"
"هشدار! قبض آب شما پرداخت نشده. برای جلوگیری از قطعی، همین حالا پرداخت کنید: [LINK_REMOVED].","spam"
"مژده! حساب بانکی شما برنده [RANDOM_NUMBER] میلیون تومان شد. جهت فعالسازی، کد را وارد کنید: [LINK_REMOVED].","spam"
"کاربر همراه اول، شما برنده یک گوشی سامسونگ شدید! هزینه ارسال [RANDOM_NUMBER] تومان: [LINK_REMOVED].","spam"
"از طرف شهرداری: برنده پارکینگ رایگان شدید! تایید هویت در [LINK_REMOVED].","spam"
"فوری! اشتراک شما منقضی شد. تمدید از طریق [LINK_REMOVED].","spam"
"قرعه کشی اینستاگرام: برنده [RANDOM_NUMBER] دنبال کننده رایگان! کلیک کنید: [LINK_REMOVED].","spam"
"اخطار! تراکنش غیرعادی در حساب شما. بررسی در [LINK_REMOVED].","spam"
"کاربر محترم، برنده [RANDOM_NUMBER] هزار تومان از دیجی کالا شدید. دریافت جایزه تا [RANDOM_NUMBER] ساعت: [LINK_REMOVED].","spam"
"مژده! شماره شما در قرعه کشی بانک اقتصاد برنده شد. پرداخت [RANDOM_NUMBER] تومان برای انتقال جایزه: [LINK_REMOVED].","spam"
"پیامک رسمی: شما برنده [RANDOM_NUMBER] میلیون از قرعه کشی ملی شدید. اطلاعات کارت را وارد کنید: [LINK_REMOVED].","spam"
"فوری! حساب شما محدود شد. رفع محدودیت از طریق [LINK_REMOVED].","spam"
"تبریک! برنده یک لپ تاپ از شرکت فناوری [ENGLISH] شدید. هزینه ثبت نام [RANDOM_NUMBER] تومان: [LINK_REMOVED].","spam"
"هشدار! بسته پستی شما برگشت خورد. رهگیری در [LINK_REMOVED].","spam"
"کاربر گرامی، شما در قرعه کشی فروشگاه شهر برنده [RANDOM_NUMBER] میلیون شدید. جایزه تا [RANDOM_NUMBER] ساعت: [LINK_REMOVED].","spam"
"مژده! وام [RANDOM_NUMBER] میلیونی شما تایید شد. دریافت از طریق [LINK_REMOVED].","spam"
"از طرف اداره برق: قبض شما پرداخت نشده! پرداخت فوری در [LINK_REMOVED].","spam"
"فوری! جایزه بانکی شما لغو می شود. اطلاعات را در [LINK_REMOVED] وارد کنید.","spam"
"کاربر عزیز، برنده شارژ رایگان [RANDOM_NUMBER] هزار تومانی شدید. فعالسازی: [MASKED_NUMBER].","spam"
"اخطار! اتصال غیرمجاز به حساب شما. بررسی در [LINK_REMOVED].","spam"
"قرعه کشی همراه اول: برنده [RANDOM_NUMBER] دقیقه تماس رایگان! دریافت از [LINK_REMOVED].","spam"
"مژده! شما برنده کمک هزینه تحصیلی [RANDOM_NUMBER] میلیونی شدید. ارسال شماره حساب به [MASKED_NUMBER].","spam"
"فوری! حساب شما نیاز به تایید دارد. کلیک کنید: [LINK_REMOVED].","spam"
"کاربر گرامی، برنده یک تلویزیون از شرکت [ENGLISH] شدید. هزینه ارسال [RANDOM_NUMBER] تومان: [LINK_REMOVED].","spam"
"از طرف بانک قرض الحسنه: جایزه [RANDOM_NUMBER] میلیونی شما منتظر است. پرداخت [RANDOM_NUMBER] تومان: [LINK_REMOVED].","spam"
"هشدار! اشتراک اینترنت شما به پایان رسید. تمدید در [LINK_REMOVED].","spam"
"مژده! قرعه کشی فروشگاه افق کوروش: برنده [RANDOM_NUMBER] میلیون تومان. دریافت تا [RANDOM_NUMBER] ساعت: [LINK_REMOVED].","spam"
"پیامک اضطراری: حساب شما مسدود شد! رفع مسدودی در [LINK_REMOVED].","spam"
"تبریک! برنده یک دستگاه ماشین لباسشویی شدید. هزینه ثبت نام [RANDOM_NUMBER] تومان: [LINK_REMOVED].","spam"
"کاربر همراه اول، شارژ رایگان [RANDOM_NUMBER] تومانی شما آماده است: [LINK_REMOVED].","spam"
"فوری! جایزه شما در حال انقضاست. اطلاعات خود را در [LINK_REMOVED] وارد کنید.","spam"
"از طرف دانشگاه آزاد: برنده کمک هزینه [RANDOM_NUMBER] میلیونی شدید. ارسال شماره کارت: [MASKED_NUMBER].","spam"
"هشدار! تراکنش مشکوک در حساب شما. تایید در [LINK_REMOVED].","spam"
"مژده! شما برنده [RANDOM_NUMBER] میلیون از قرعه کشی بانک تجارت شدید. پرداخت [RANDOM_NUMBER] تومان: [LINK_REMOVED].","spam"
"کاربر عزیز، برنده یک تبلت از دیجی کالا شدید. دریافت جایزه تا [RANDOM_NUMBER] ساعت: [LINK_REMOVED].","spam"
"فوری! حساب شما نیاز به احراز هویت دارد. کلیک کنید: [LINK_REMOVED].","spam"
"از طرف شهرداری: برنده جایزه پارکینگ رایگان شدید. تایید در [LINK_REMOVED].","spam"
"اخطار! قبض گاز شما پرداخت نشده. پرداخت فوری در [LINK_REMOVED].","spam"
"مژده! قرعه کشی ایرانسل: برنده [RANDOM_NUMBER] دقیقه تماس. فعالسازی از [LINK_REMOVED].","spam"
"کاربر گرامی، برنده [RANDOM_NUMBER] هزار تومان از فروشگاه رفاه شدید. دریافت جایزه: [LINK_REMOVED].","spam"
"فوری! جایزه [RANDOM_NUMBER] میلیونی شما لغو می شود. اقدام فوری در [LINK_REMOVED].","spam"
"از طرف وزارت راه: برنده جایزه مسکن ارزان شدید. اطلاعات را در [LINK_REMOVED] وارد کنید.","spam"
"سلام عزیزم، فردا ساعت [RANDOM_NUMBER] میام خونه تو. غذای مورد علاقت رو بپز.","ham"
"یادآوری: پرداخت قبض برق تا فردا مهلت دارید. شماره قبض: [RANDOM_NUMBER].","ham"
"مامان، ناهار تو یخچاله. گرم کنی و بخوری.","ham"
"کاربر گرامی، شارژ شما با موفقیت انجام شد. موجودی: [RANDOM_NUMBER] تومان.","ham"
"قرار فردا ساعت [RANDOM_NUMBER] کلاس زبان لغو شد. تاریخ جدید متعاقبا اعلام می شود.","ham"
"کد ورود شما به حساب کاربری: [RANDOM_NUMBER]. این کد را با کسی به اشتراک نگذارید.","ham"
"سلام داداش، فردا تولد پدرمه. ساعت [RANDOM_NUMBER] جمع میشیم.","ham"
"بسته پستی شما امروز تحویل داده شد. لطفا از اداره پست دریافت کنید.","ham"
"کاربر عزیز، صورتحساب ماهانه شما آماده است. مبلغ: [RANDOM_NUMBER] تومان.","ham"
"یادآوری: واکسن آنفولانزای شما فردا ساعت [RANDOM_NUMBER] صبح در کلینیک سلامت.","ham"
"علی، پروژه رو تموم کردم. فایل رو برات ایمیل کردم.","ham"
"کاربر محترم، تراکنش [RANDOM_NUMBER] تومان از حساب شما با موفقیت انجام شد.","ham"
"سلام، فردا ساعت [RANDOM_NUMBER] جلسه داریم. لطفا حضور به موقع داشته باشید.","ham"
"نوروز مبارک! سال نو پر از شادی و سلامتی برای شما آرزومندیم.","ham"
"کاربر گرامی ایرانسل، بسته اینترنت شما تا [RANDOM_NUMBER] روز دیگر منقضی می شود.","ham"
"پیامک تبلیغاتی: حراج ویژه پاییزه فروشگاه شهروند تا پایان هفته.","ham"
"پسرجان، کتاب دانشگاهت رو از کتابخانه تحویل گرفتم.","ham"
"یادآوری: قرارداد شما با شرکت آبفا در تاریخ [DATE] تمدید شد.","ham"
"کد تأیید ورود به سامانه بانک: [RANDOM_NUMBER]. این کد محرمانه است.","ham"
"سلام، فردا هوا سرده. ژاکتت رو فراموش نکن.","ham"
"کاربر گرامی، سفر شما به مشهد در تاریخ [DATE] تایید شد.","ham"
"یادآوری: جلسه والدین فردا ساعت [RANDOM_NUMBER] در مدرسه برگزار می شود.","ham"
"پدر، داروها رو از داروخانه گرفتم. شب میارم خونه.","ham"
"کاربر عزیز، موجودی حساب شما: [RANDOM_NUMBER],[RANDOM_NUMBER],[RANDOM_NUMBER] تومان.","ham"
"سلام، امشب مهمونی داریم. ساعت [RANDOM_NUMBER] خونه ما.","ham"
"کاربر محترم، سرویس اینترنت شما تا [RANDOM_NUMBER] ساعت آینده قطع خواهد شد.","ham"
"یادآوری: مهلت ثبت نام آزمون زبان تا پایان امروز است.","ham"
"عزیزم، شیر رو از فروشگاه بخر. تموم شده.","ham"
"کاربر گرامی، پرداخت قبض گاز شما با موفقیت انجام شد.","ham"
"یادآوری: فردا آخرین مهلت تحویل پروژه دانشگاه است.","ham"
"سلام، فردا تعطیله. برنامه گردش رو فراموش نکن.","ham"
"کاربر عزیز، بسته اینترنت رایگان شما فعال شد.","ham"
"یادآوری: ویزیت دکتر احمدی فردا ساعت [RANDOM_NUMBER] صبح.","ham"
"پدر، ماشین رو از تعمیرگاه گرفتم. شب میارم خونه.","ham"
"کاربر گرامی، تراکنش [RANDOM_NUMBER] تومان به حساب علی رضایی انجام شد.","ham"
"یادآوری: جشن تولد سارا فردا ساعت [RANDOM_NUMBER] در کافی شاپ شهر.","ham"
"سلام، فردا بارونیه. چترت رو همراه داشته باش.","ham"
"کاربر محترم، شارژ سیم کارت شما با موفقیت انجام شد.","ham"
"یادآوری: مهلت بازگرداندن کتاب به کتابخانه تا فرداست.","ham"
"دخترم، نان رو از نانوایی بگیر. من دیر میام خونه.","ham"
"کاربر گرامی، صورتحساب تلفن ثابت شما آماده است: [RANDOM_NUMBER] تومان.","ham"
"یادآوری: کلاس ورزشی فردا ساعت [RANDOM_NUMBER] صبح برگزار می شود.","ham"
"سلام، لطفا موقع برگشت شیر و نان بخر.","ham"
"کاربر عزیز، بسته اینترنت شما تا [RANDOM_NUMBER] روز دیگر منقضی می شود.","ham"
"یادآوری: قرارداد اجاره خانه تا پایان ماه تمدید شد.","ham"
"برادر، لپ تاپت رو فردا میارم دانشگاه.","ham"
"کاربر محترم، پرداخت قبض آب با موفقیت انجام شد.","ham"
"یادآوری: جلسه کاری فردا ساعت [RANDOM_NUMBER] در دفتر مرکزی.","ham"
"سلام، فردا تعطیل رسمیه. برنامه خاصی داری؟","ham"
"کاربر گرامی، موجودی حساب شما: [RANDOM_NUMBER],[RANDOM_NUMBER] تومان.","ham"
"یادآوری: زمان واکسیناسیون کووید دوز سوم فردا ساعت [RANDOM_NUMBER].","ham"
"سلام عزیزم فردا سعت [RANDOM_NUMBER] میام خونه تو غذای مورد علاقتو بپز","ham"
"یادآری: پرداخت قبض برق تا فردا مهلت دارین. شماره قبض: [RANDOM_NUMBER]","ham"
"مامان ناهار تویخچاله گرم کنی بخوری","ham"
"کاربرگرامی شارژ شماموفقیت انجام شد موجودی [RANDOM_NUMBER] تومان","ham"
"قرارفردا [RANDOM_NUMBER] کلاس زبان لغو شد تاریخ جدید اعلام میشه","ham"
"کد ورود شمابه حساب:[RANDOM_NUMBER]. این کد رو به کسی نگید","ham"
"سلام داداش فردا تولد پدرمه ساعت[RANDOM_NUMBER]جمع میشیم","ham"
"بسته پستیتون امروزا رسید ازاداره پست بگیرین","ham"
"کاربرعزیز صورتحساب ماهانه شمامبلغ[RANDOM_NUMBER] تومان","ham"
"یادآوری واکسن انفولانزای شما فردا[RANDOM_NUMBER]صبح کلینیک سلامت","ham"
"علی پروژه رو تموم کردم فایل و برات ایمیل کردم","ham"
"کاربرمحترم تراکنش[RANDOM_NUMBER] تومان ازحساب شماموفقیت انجام شد","ham"
"سلام فردا ساعت[RANDOM_NUMBER]جلسه داریم لطفا حضوری به موقع داشته باشین","ham"
"نوروز مبارک سال نو پره از شادی واسه شما آرزومندیم","ham"
"کاربرگرامی ایرانسل بسته اینترنت شماتا[RANDOM_NUMBER]روز دیگه منقضی میشه","ham"
"پیامک تبلیغاتی حراج ویژه پاییزه فروشگاه شهروند تاپایان هفته","ham"
"پسرجان کتاب دانشگاهتو ازکتابخونه تحویل گرفتم","ham"
"یادآوری قرارداد شما با شرکت آبفا تمدید شد [DATE]","ham"
"کد تایید ورود به سامانه بانک:[RANDOM_NUMBER] این کدمحرمانه است","ham"
"سلام فردا هوا سردته ژاکتتو فراموش نکن","ham"
"کاربرگرامی سفر شمابه مشهد تایید شد تاریخ [DATE]","ham"
"یادآوری جلسه والدین فردا ساعت[RANDOM_NUMBER] مدرسه برگزار میشه","ham"
"پدر داروها رو ازداروخونه گرفتم شب میارم خونه","ham"
"کاربرعزیز موجودی حساب شما:[RANDOM_NUMBER],[RANDOM_NUMBER],[RANDOM_NUMBER] تومان","ham"
"سلام امشب مهمونی داریم ساعت[RANDOM_NUMBER] خونه ماعه","ham"
"کاربرمحترم سرویس اینترنت شماتا[RANDOM_NUMBER]ساعت آینده قطع میشه","ham"
"یادآوری مهلت ثبتنام آزمون زبان تاامروز تمومه","ham"
"عزیزم شیرو ازفروشگاه بخر تموم شده","ham"
"کاربرگرامی پرداخت قبض گاز باموفقیت انجام شد","ham"
"یادآوری فردا آخرین مهلت تحویل پروژه دانشگاهه","ham"
"سلام فردا تعطیله برنامه گردش و فراموش نکن","ham"
"کاربرعزیز بسته اینترنت رایگان شمفعال شد","ham"
"یادآوری ویزیت دکتر احمدی فردا ساعت[RANDOM_NUMBER]صبح","ham"
"پدر ماشینو ازتعمیرگاه گرفتم شب میارم خونه","ham"
"کاربرگرامی تراکنش[RANDOM_NUMBER] تومان به حساب علی رضایی انجام شد","ham"
"یادآوری جشن تولد سارا فردا ساعت[RANDOM_NUMBER] کافی شاپ شهر","ham"
"سلام فردا بارونیه چترتو همراه داشته باش","ham"
"کاربرمحترم شارژ سیمکارت شماموفقیت انجام شد","ham"
"یادآوری مهلت بازگردوندن کتاب به کتابخونه تا فرداس","ham"
"دخترم نونو ازنانوایی بگیر من دیر میام خونه","ham"
"کاربرگرامی صورتحساب تلفن ثابت شما[RANDOM_NUMBER] تومان","ham"
"یادآوری کلاس ورزشی فردا ساعت[RANDOM_NUMBER]صبح برگزارمیشه","ham"
"سلام لطفا موقع برگشت شیرونون بخر","ham"
"کاربرعزیز بسته اینترنت شما تا[RANDOM_NUMBER]روز دیگه منقضی میشه","ham"
"یادآوری قرارداد اجاره خونه تاپایان ماه تمدید شد","ham"
"برادر لپتاپتو فردا میارم دانشگاه","ham"
"کاربرمحترم پرداخت قبض آب باموفقیت انجام شد","ham"
"یادآوری جلسه کاری فردا ساعت[RANDOM_NUMBER] دفتر مرکزی","ham"
"سلام فردا تعطیل رسمیه برنامه خاصی داری؟","ham"
"کاربرگرامی موجودی حساب شما[RANDOM_NUMBER],[RANDOM_NUMBER] تومان","ham"
"یادآوری واکسیناسیون کووید دوزسوم فردا ساعت[RANDOM_NUMBER]","ham"
"ایرانسلی عزیز [MASKED_NUMBER]، شما [RANDOM_NUMBER] ریال واجد شرایط برای استفاده از شارژ اضطراری می باشید. برای استفاده از آن کافیه [MASKED_NUMBER] رو شماره گیری و بسته ات رو انتخاب کنی.","spam"
"ایرانسلی عزیز [MASKED_NUMBER]! بدون پرداخت هزینه آنی، اینترنت و شارژ بگیر کافیه [MASKED_NUMBER] رو شماره گیری و بسته ات رو انتخاب کنی. اگه امکان استفاده از سرویس رو به دلیل بدهی نداری، کافیه سیم کارتتو شارژ کنی","spam"
"ایرانسلی عزیز، با خرید شارژ ایرانسل تنها از طریق لینک زیر [RANDOM_NUMBER] گیگ اینترنت یک روزه هدیه بگیرید. فعالسازی بسته هدیه [RANDOM_NUMBER] ساعت بعد از خرید انجام میشود. لینک خرید: [LINK_REMOVED]","spam"
"مکالمه و استفاده از اینترنت به صورت هم زمان با تماس [ENGLISH]! فعال سازی به صورت رایگان : [LINK_REMOVED]","spam"
"[RANDOM_NUMBER]درصد ارزان تر تپسی بگیر با انتخاب سرویس «عجله ندارم» با حداکثر [RANDOM_NUMBER] دقیقه انتظار برای یافتن سفیر، [RANDOM_NUMBER]٪ ارزان تر در مشهد تپسی بگیرید.","spam"
"عزیز ورکشاپ کوچینگ توسعه فردی و کسب وکار یادبگیرچطور اهداف تو دقیق تعیین کنی،موانع روکنار بزنی وباقدرت رشدکنی! راهکارهای عملی برای رشد کسب وکاروموفقیت فردی رو یادبگیر [MASKED_NUMBER] [LINK_REMOVED] آموزشگاه فوق تخصصی رادمان لغو:[RANDOM_NUMBER]","spam"
"جوکر فینال منتشر شد در بازی گنج فیلیمو، هم جوکر ببین، هم [RANDOM_NUMBER] برنده شو! همین الان بازی کن: [LINK_REMOVED]","spam"
"هر دقیقه تماشای فیلیمو، یه گنجه شرکت در مسابقه گنج فیلیمو رو از دست نده جایزه از سکه طلا تا خودروی [RANDOM_NUMBER] [LINK_REMOVED]","spam"
"تا شش ماه اینترنت رایگان! با تبدیل سیم کارت اعتباری به دائمی، از [RANDOM_NUMBER] گیگ اینترنت رایگان لذت ببرید. سریع و آسان: [MASKED_NUMBER]","spam"
"سلام خوبی","ham"
"رمز یکبار مصرف جهت ورود به جیب جت: [ENGLISH]:","ham"
"[ENGLISH] [ENGLISH] [ENGLISH] [ENGLISH] [ENGLISH]:","ham"
"[ENGLISH] [ENGLISH] [ENGLISH] [ENGLISH] [ENGLISH] [ENGLISH] [RANDOM_NUMBER][ENGLISH] [ENGLISH] [ENGLISH] [ENGLISH] .","ham"
".‏[ENGLISH]-[RANDOM_NUMBER] رمز تأیید [ENGLISH] شماست.","ham"
"تاسیان، جوکر و صداتو رو با [RANDOM_NUMBER]٪ تخفیف ببین! در حراج آخر سال اسنپ پی، اشتراک فیلیمو رو با [RANDOM_NUMBER]٪ تخفیف [RANDOM_NUMBER] قسطه بخر. [LINK_REMOVED]","spam"
"اصلاحیه فوری مکان جدید برگزاری اجتماع مردم مشهدبا سخنرانی دکترجلیلی: ""ورزشگاه تختی""، ساعت [RANDOM_NUMBER] به دیگران اطلاع دهید ستاد مردمی دکترجلیلی","ham"
"[RANDOM_NUMBER] هزار تومن تخفیف، برای اولین سفارش از سوپرمارکت اسنپ! کد تخفیف: [ENGLISH][RANDOM_NUMBER][ENGLISH][RANDOM_NUMBER][ENGLISH] اعتبار تا [RANDOM_NUMBER] شهریور حداقل سبد خرید [RANDOM_NUMBER] هزار تومن از بهترین سوپرمارکت هایی که تو دل اسنپ جا دارن، آنلاین خرید کن و جایزه ببر. برای خرید روی لینک زیر بزن: [LINK_REMOVED]","spam"
"از این تخفیف نمیشه گذشت! این [RANDOM_NUMBER] شنبه و جمعه بهترین وقت خرید از نامبرلنده تا [RANDOM_NUMBER]% تخفیف روی تمامی محصولات [LINK_REMOVED]","spam"
"- بلو واریز پول عزیز، [RANDOM_NUMBER],[RANDOM_NUMBER],[RANDOM_NUMBER] ریال به حساب شما نشست. موجودی: [RANDOM_NUMBER],[RANDOM_NUMBER],[RANDOM_NUMBER] ریال [TIME] [RANDOM_NUMBER].[RANDOM_NUMBER].[RANDOM_NUMBER]","ham"
"*بانک سرمایه* انتقال وجه کارتی برداشت از: [MASKED_NUMBER][RANDOM_NUMBER]-[RANDOM_NUMBER] مبلغ:[RANDOM_NUMBER],[RANDOM_NUMBER],[RANDOM_NUMBER] تاریخ:[DATE] زمان:[TIME] مانده:[RANDOM_NUMBER],[RANDOM_NUMBER]","ham"
"سلام؛ لطفا شماره کارتتون رو بفرستید.","ham"
"برویم به بدبختی ها و خوشبختی های خودمون برسیم","ham"
"اسنپی عزیز, خواهشمندیم با شرکت در نظرسنجی زیر, ما را در ارائه خدمات بهتر یاری کنید: [LINK_REMOVED] با تشکر","spam"
"شما دارای [RANDOM_NUMBER] مگابایت اینترنت_هدیه تا [DATE] می باشید","ham"
"یک عدد ماسک بیاور برای [NAME]","ham"
"موهاهاها؛ یه یک ساعت بهم فرصت بده, این [ENGLISH] روی همراه اول و ایرانسل و [ENGLISH] راه میده, تنظیمات رو برات درست کنم می فرستم","ham"
"کیک هم داریم","ham"
"هرشب[RANDOM_NUMBER]میلیون تومان جایزه جشنواره هیجان انگیز افق کوروش فتح المبین [RANDOM_NUMBER] و[RANDOM_NUMBER]اسفند سفیدکننده خانه رویایی[RANDOM_NUMBER]گ گلرنگ[RANDOM_NUMBER]هزارت مایع ظرف[RANDOM_NUMBER]گ اوه[RANDOM_NUMBER]ت ماکارونی فرمی[RANDOM_NUMBER]گ سمیرا[RANDOM_NUMBER]ت تخفیفات در: [LINK_REMOVED]/[RANDOM_NUMBER] لغو=[RANDOM_NUMBER]","spam"
"شاتل:مشترک گرامی ([RANDOM_NUMBER])برای تغییر کلمه عبور لینک زیر را کلیک نمایید. [LINK_REMOVED]","ham"
"پی پینگ | [ENGLISH] پذیرنده گرامی فرایند فعالسازی حساب پی پینگ شما, به دلیل عدم تکمیل و یا نقص توضیحات کسب و کار متوقف شده است. لطفا در حساب کاربری خود, در قسمت تکمیل پروفایل, توضیح فعالیت خود را وارد و یا اصلاح نمایید تا درگاه پرداخت برای حساب کاربری شما فعال شود. (از لینک زیر استفاده کنید) درصورت تکمیل و تایید بودن اطلاعات, درگاه شما تا حداکثر [RANDOM_NUMBER] ساعت اداری فعال می شود. [LINK_REMOVED]","ham"
"ماه مبارک رمضان با [RANDOM_NUMBER] امسال هم در این ماه دوست داشتنی در هر مکالمه همراه اولی [RANDOM_NUMBER] دقیقه صحبت کنید و تا [RANDOM_NUMBER] دقیقه بعدی همان مکالمه را مهمان همراه اول باشید. فعالسازی با شماره گیری [USSD_REMOVED] جزئیات طرح: [LINK_REMOVED]","spam"
"امیری من دلم برات تنگ شده خیلی. دارم [RANDOM_NUMBER] ورو ‏ میام سمتت باهم برگردیم.","ham"
"[NAME] گرامی تنها [RANDOM_NUMBER] روز فرصت ارسال رزومه برای استخدام در شرکت جین وست و تیپاکس ویژه استان فارس: [LINK_REMOVED] و بیش از [RANDOM_NUMBER] شرکت دیگر در سایر استان ها: [LINK_REMOVED]","spam"
"کجا?","ham"
"از دست دادن و روبوسی کردن با افراد دارای علایم تنفسی (سرفه, عطسه و...) خودداری کنید.","ham"
"فقط [RANDOM_NUMBER] روز باقیمانده تا قرعه کشی بیست و یکمین پژو[RANDOM_NUMBER] شرکت در قرعه کشی باخریدشارژ,بسته اینترنت ویاپرداخت قبض از[USSD_REMOVED] [LINK_REMOVED]","spam"
"موعد پرداخت صورتحساب سرویس اعتباری اسنپ! برای استفاده ی مجدد از سرویس «اعتباری» اسنپ, تا فردا فرصت دارید, صورتحسابتان را پرداخت کنید. کافی است پس از مشاهده ی صورتحساب روی دکمه ی """"پرداخت"""" بزنید. برای مشاهده ی جزئیات صورتحساب و پرداخت, روی لینک زیر بزنید: [LINK_REMOVED]","ham"
"برای من خیلی ناراحت کننده س که اونطوری دور انداخته باشم و بعد در حالت انکار بهم بگن نه والا خیلی هم دلمون تنگ شده","ham"
"مشترک گرامی؛ به منظور پرهیز از سوء استفاده های احتمالی, لطفا در صورت مشاهده تماس از دست رفته و یا تماس «تک زنگ» از مبدا شماره های بین المللی ناشناس, از برقراری تماس مجدد با این شماره ها خودداری کنید.","ham"
"الان از خواب بیدار شدم","ham"
"هدیه اتاقک برای شما [RANDOM_NUMBER]هزارتومان تخفیف رزرو ویلا و اقامتگاه سراسر ایران بدون کارمزد کدتخفیف: [ENGLISH][RANDOM_NUMBER] [LINK_REMOVED] حداقل خرید[RANDOM_NUMBER]هزارتومان","spam"
"جریمه پانصد هست ببین آژانس چند میگیره میسرفه یا نه","ham"
"با توجه به شرایط دریافت وام یک میلیون تومانی مبنی بر ارسال پیامک با سیمکارت به نام سرپرستان خانواده, همراه اول در راستای مسئولیت اجتماعی خود. اقدام به ارائه سیمکارت اعتباری رایگان برای سریرستان خانواری که سیمکارت به نام خود ندارند می نماید. امکان دریافت در کلیه نقاط فروش همراه اول در سراسر کشور فراهم است.","spam"
"کاربر گرامی علی بابا متاسفانه پرواز داخلی شیراز به تهران در تاریخ [RANDOM_NUMBER] اردیبهشت تا این لحظه به قیمت مدنظر نرسیده است. برای جستجوی مجدد روی لینک زیر کلیک کنید: [LINK_REMOVED]","ham"
"دیگه وقتشه! [RANDOM_NUMBER] برابر شانس خودوروی لاکچری ام وی ام [ENGLISH][RANDOM_NUMBER] [RANDOM_NUMBER] درصد شارژ بیشتر با خرید شارژ کد زیر رو بگیر [USSD_REMOVED]","spam"
"میاره در واقع","ham"
"من از پله اومدم بالا","ham"
"کمپین «بازیهای جورواجور [RANDOM_NUMBER]» را از دست ندهید دانلود رایگان بازی ها با شماره گیری کد [USSD_REMOVED]","spam"
"مامان ها و باباها!! هزاران ساعت داستان صوتی رایگان و جذاب برای فرزندان دلبند شما در آیگپ دانلود و نصب: [LINK_REMOVED]","spam"
"ممنون از لطفت. سلام خانواده ی گرامی رو برسون","ham"
"یه جا وایسا تا برسم","ham"
"گوشی خود را خاموش و روشن کردی? چون اینترنت موبایل گویا در طول روز وصل هست شب ها کامل قطع می شه.","ham"
"از این پس درآمد شما به حساب بانکی زیر واریز خواهد شد: شماره شبا [ENGLISH][RANDOM_NUMBER] به نام[NAME] بانک سامان در صورت تایید, لینک زیر را باز کنید [LINK_REMOVED]","ham"
"سلام تماس گرقته بودید, کاری داشتید?","ham"
"[RANDOM_NUMBER] گیگ [RANDOM_NUMBER] ماهه فقط [RANDOM_NUMBER] هزار تومان بسته تخفیفی رایتل ویژه شما خرید با شماره گیری [USSD_REMOVED] مهلت خرید تا جمعه","spam"
"میگویم که عصر برای من دشوار هست","ham"
"مودی گرامی مهلت ارائه الکترونیکی اظهارنامه اشخاص حقیقی و ارسال فرم تبصره ماده [RANDOM_NUMBER] قانون مالیات های مستقیم از طریق سامانه [LINK_REMOVED] تا [RANDOM_NUMBER] تیرماه سال جاری تمدید شده است. سازمان امور مالیاتی کشور","ham"
"[NAME] عزیز در مطب تهرانپارس به صورت رایگان با دستگاه آنالیز پوست با روش هوش مصنوعی, پوست خود را آنالیز نمایید. جهت رزرو وقت عدد [RANDOM_NUMBER] را ارسال نمایید. [MASKED_NUMBER]","spam"
"جشنواره بزرگ عید تا عید با روژا فروشگاه آنلاین تخصصى محصولات آرایشی, بهداشتى و عطر بیش از [RANDOM_NUMBER] میلیون هدیه غیر نقدى [LINK_REMOVED]","spam"
"تا [RANDOM_NUMBER] مرداد برنده گوشی [ENGLISH][RANDOM_NUMBER] سامسونگ شو! باخرید شارژ و اینترنت از [USSD_REMOVED]","spam"
"مشتریان محترم کالج سامان آخرین مهلت ثبت نام در دوره های آموزشی: تحلیل تکنیکال مقدماتی تحلیل تکنیکال پیشرفته آشنایی با سرمایه گذاری در بورس آشنایی با صندوق های سرمایه گذاری آشنایی با معاملات آتی زعفران تابلوخوانی در سایت [ENGLISH] حسابداری صندوق های سرمایه گذاری ثبت نام و کسب اطلاعات بیشتر: [LINK_REMOVED] ارتباط با ما: [MASKED_NUMBER] داخلی [RANDOM_NUMBER]","spam"
"[NAME] عزیز بیش از [RANDOM_NUMBER] متخصص تایید صلاحیت شده در حوزه نصب و تعمیر یخچال و فریزر در آچاره آماده اند تا سفارشات شما را انجام دهند. تمام آنها احراز هویت شده و آموزش دیده اند. [RANDOM_NUMBER] درصد کد تخفیف تا سقف [RANDOM_NUMBER] هزار تومان استثنایی تقدیم به شما: [MASKED_NUMBER] ثبت سفارش [LINK_REMOVED] ثبت سفارش و پشتیبانی تلفنی: [RANDOM_NUMBER] منتظر شما هستیم","spam"
"[RANDOM_NUMBER] به نام [NAME]","ham"
"یک ماه شارژ رایگان برای [RANDOM_NUMBER] نفر با خرید شارژ از [USSD_REMOVED]","spam"
"[NAME] عزیز واریزی انجام شد. . . این هفته را مهمان دوو باشید با سریال های جدید نماوا. اکانت شما تا پایان چهارشنبه [RANDOM_NUMBER] بهمن شارژ شد. امیدواریم از دیدن فیلم و سریال های نماوا لذت ببرید. لینک مستقیم: [LINK_REMOVED] لغو[RANDOM_NUMBER]","spam"
"برای دریافت امتیاز کالای خودباماتماس بگیرید داخلی[RANDOM_NUMBER] [MASKED_NUMBER]","spam"
"کارگزاری مفید کدتایید: [RANDOM_NUMBER]","ham"
"کیوووووته","ham"
"مشترک محترم ابر آسیاتک لطفاً برای استفاده از منابع ابری نسبت به تکمیل اطلاعات پروفایل کاربری خود به آدرس [ENGLISH].[ENGLISH].[ENGLISH] مراجعه نمایید. در صورت وجود هرگونه سوال با واحد فروش ابرآسیاتک با شماره [MASKED_NUMBER] -[RANDOM_NUMBER] داخلی [RANDOM_NUMBER] تماس حاصل فرمایید","ham"
"کارجوی عزیز حقوق پرداختی یکی از مهمترین معیارها برای انتخاب شغل است! جاب ویژن تنها سایتی است که به شما این امکان را میدهد تا با استفاده از فیلتر حقوق , از محدوده پرداختی کارفرمایان برای تمام فرصت های شغلی مطلع شوید. همین الان از بین [RANDOM_NUMBER] هزار فرصت شغلی فعال در سایت, فرصت های شغلی با حقوق مد نظر خود را پیدا و برای آنها رزومه ارسال کنید. [LINK_REMOVED]","spam"
"بلوبانک [NAME] عزیز شما وارد بلوبانک شدید. [TIME] [RANDOM_NUMBER].[RANDOM_NUMBER]","ham"
"برق رفت و اینترنت هم قطع شد.","ham"
"مشتری گرامی بانک سرمایه مراقب مجرمین و سودجویان باشید و از واگذاری کارت بانکی یا اطلاعات دسترسی به حساب بانکی خود به دیگران جداً خودداری نمایید.","ham"
"به استحضار مشتریان محترم می رساند؛ در حال حاضر کارگزاری بانک سامان تنها دارای [RANDOM_NUMBER] شعبه فعال در سراسر کشور می باشد که تمامی اطلاعات این شعب در سایت کارگزاری به نشانی [LINK_REMOVED] قابل مشاهده می باشد. علاوه بر آن شماره تماس [RANDOM_NUMBER] [MASKED_NUMBER] پاسخگوی شما عزیزان در این خصوص می باشد. خواهشمند است در صورت مشاهده هر نوع سوء استفاده از نام کارگزاری بانک سامان, قبل از هر اقدامی با کارگزاری تماس حاص فرمائید. باتشکر - کارگزاری بانک سامان","ham"
"[NAME] تو کدوم [ENGLISH][RANDOM_NUMBER] رو خریده بودی? ازش راضی هستی?","ham"
"توضیحات: انتقال از اینترنت [MASKED_NUMBER] سامان به ک [RANDOM_NUMBER] ش م [RANDOM_NUMBER] ش پ [RANDOM_NUMBER] تاریخ: [RANDOM_NUMBER] بهمن [RANDOM_NUMBER] - [TIME] بعد از ظهر مبلغ:[RANDOM_NUMBER] ریال","ham"
"فروشگاه اکسیر ضمن تبریک سال نو به اطلاع میرساندروزهاى کارى در ایام نوروز [RANDOM_NUMBER]الى[RANDOM_NUMBER]فروردین میباشد تهران,ونک [MASKED_NUMBER] [LINK_REMOVED]","spam"
"با اینترنت رایتل و بدون حق اشتراک قسمت جدید شب آهنگی با حضور حامد همایون را در فیلم نت تماشا کنید. [LINK_REMOVED]","spam"
"نسخه پیچی دارو,تزریقات,خونگیری +مدرک معتبر جهاددانشگاهی [MASKED_NUMBER]","spam"
"بیمه عمر شوید [MASKED_NUMBER] [MASKED_NUMBER] خرید و فروش فیش حج لغو [ENGLISH]","spam"
"مشترک گرامی [NAME] سلام, وقت بخیر سرویس اینترنت شما با شماره تلفن [RANDOM_NUMBER] تمدید شد. [ENGLISH].[ENGLISH].[ENGLISH] تلفن: [RANDOM_NUMBER]","ham"
"سلام الان دیدم اگه اوردنم چشم دلم که میخواد پیشتون باشم","ham"
"سلام؛ ما برای [TIME]- [TIME] می رویم که پیش از تاریکی هوا [NAME] رو راهی خانه کنیم","ham"
"وزنتو ببر بالا, شارژ/اینترنت بخر به عدد وزنت ""گرم طلا"" ببر *[USSD_REMOVED]","spam"
"سلام شبتون بخیر اون پیام که واتساپ فرستادم بهتون شماره نامه اداره ثبت احوال هست گفتن نامه رو خودمون ارسال کردیم شیراز گفتم شاید برای پیگیری لازم بشه","ham"
"(تکتاز) حراج بزرگ مانتوهای تابستانه فروشگاههای تکتاز و راچی روچی قدوسی:[RANDOM_NUMBER] قران:[RANDOM_NUMBER] نارون:[RANDOM_NUMBER] سمیه:[RANDOM_NUMBER]","spam"
"سلام اقای [NAME] عزیز [NAME] پدر [NAME] شرمنده دور شد","ham"
"سلام چرا این شما ره رو گرفتم میگه اشتباهه","ham"
"همین هفته برنده یک گوشی پرچم دار شوید. با نصب و استفاده از اپلیکیشن اوانو از طریق لینک زیر [LINK_REMOVED] نصب اپلیکیشن: [RANDOM_NUMBER] امتیاز انجام هر تراکنش: [RANDOM_NUMBER] امتیاز تاریخ قرعه کشی: [RANDOM_NUMBER] شهریور همراه اول؛ همراه لحظه های دیجیتال","spam"
"کد یکبار مصرف: [RANDOM_NUMBER] باشگاه پژوهشگران جوان و نخبگان [LINK_REMOVED]","ham"
"فقط تاساعت[RANDOM_NUMBER] امشبفرصت دارید روی لینک روبیکابزن [LINK_REMOVED] قهرمان《عصرجدید》رومشخص کن و[RANDOM_NUMBER]میلیون تومن جایزه نقدی ببر","spam"
"ویزیت رایگان + نسخه و داروی آنلاین با اسنپ! [RANDOM_NUMBER]تومان تخفیف مشاوره ی پزشکی, دریافت نسخه ی آنلاین, ارسال دارو و مشاوره ی کرونا کد: [ENGLISH][ENGLISH][RANDOM_NUMBER] اعتبار: تا [RANDOM_NUMBER] اردیبهشت کافی است در سوپراپلیکیشن اسنپ, «پزشک و مشاور» را انتخاب کنید. [LINK_REMOVED]","spam"
"چشم, من چهارراه قصرالدشت هستم","ham"
"[داروپلاس] مولتی ویتامین رایگان+تخفیف های ویژه در لینک زیر: [LINK_REMOVED]","spam"
"نه حاجی بعدش بخوایم برگردیم هم دردسره","ham"
"دیجی کالا/دیجی استایل [NAME] عزیز از خریدتان ممنونیم. از شما دعوت می کنیم تا از طریق نشانی زیر به پرسش های ما پاسخ دهید و با بیان نظرهای خود, کمک کنید تا کیفیت خدمات مان را بهبود دهیم. لینک: [LINK_REMOVED]","spam"
"سلام ممنون این منصفانه تره","ham"
"انگاری نرسیده به دستانت","ham"
"نوش جون جای ما رم خالی کنید","ham"
"سلام؛ به [NAME] بگو [NAME] جوان مُرده:))) زنگ می زنه چرا?","ham"
"سفارش شما با موفقیت در سنجاق ثبت شد. برای راحت تر دنبال کردن پیشنهاد متخصصین می توانید اپلیکیشن سنجاق را نصب کنید: [LINK_REMOVED]","ham"
"سرمایه گذار محترم صندوق سرمایه گذاری سهم آشنا ضمن عرض پوزش به استحضار می رساند به علت مشکلات نرم افزاری (رایان هم افزا) ثبت درخواست ابطال با اختلال همراه می باشد. همکاران ما درحال پیگیری جهت رفع مشکل مزبور می باشند. از صبر و همراهی شما سپاسگزاریم","ham"
"آمیزه ای ازعشق و زندگی بامارال چرم [RANDOM_NUMBER]و[RANDOM_NUMBER]%تخفیف نقدی آدرس:[LINK_REMOVED]","spam"
"اره مگه من با تو شوخی دارم ولی اره وجود داره","ham"
"هواپیمایی ایران ایرتور مسافر گرامی پرواز شیراز تهران [LINK_REMOVED] باکلیک روی لینک بالاوثبت نظرات خود مارادرارائه هرچه بهتر خدمات یاری کنید","spam"
"سلام سلامت باشیدشماهم سلام برسانید","ham"
"معمولا در مرکز اسناد خواهم بود (اگر ساعت کاریش رو تغییر نداده باشن از [RANDOM_NUMBER] صبح تا [RANDOM_NUMBER]-[RANDOM_NUMBER] عصر) بعدش بیاید نجاتم بدید^^","ham"
"بازنشسته گرامی صندوق بازنشستگی کشوری به منظور ایجاد فرصت خرید سهام سرمایه گذاری قابل معامله با نام ""مدیریت ثروت صندوق بازنشستگی کشوری"", تسهیلات قرض الحسنه [RANDOM_NUMBER].[RANDOM_NUMBER] ریالی با اقساط [RANDOM_NUMBER] ماهه در نظر گرفته است. لذا در صورت علاقه برای بهره مندی از این اعتبار, به آدرس [LINK_REMOVED] مراجعه فرمایید. صندوق بازنشستگی کشوری","spam"
"بازیگر مطرح کشور, خانم فریبا کوثری, در گفتگویی متفاوت مقابل محمدحسین پویانفر مینشیند. ویژه برنامه «مهلا», هر شب ساعت [RANDOM_NUMBER], پخش از روبیکا و آیگپ. به همراه پخش زنده بیش از [RANDOM_NUMBER] هیئت مذهبی با اینترنت رایگان همراه اول. [LINK_REMOVED] [LINK_REMOVED]","spam"
"ورود جدید با نام کاربری شما از ای پی آدرس: [RANDOM_NUMBER].[RANDOM_NUMBER]","ham"
"سلام؛ [NAME] ([NAME]) هستم, عصرتون به خیر. یک فایل براتون ایمیل کردم ممنون می شم بررسی کنید و در صورت صلاح دید اون رو دانلود فرمائید. ممنون.","ham"
"""وجه تمایز پرداخت شد"" مشتری گرامی مابه التفاوت سود علی الحساب و سود قطعی سپرده سرمایه گذاری مدت دار سال [RANDOM_NUMBER] شما, به حسابتان واریز شد. بانک ملت, تجربه ای متمایز","ham"
"[RANDOM_NUMBER] گیگ اینترنت رایگان [RANDOM_NUMBER] روزه به مناسبت روز جهانی هدیه, ویژه ذره بین مشترک اعتباری همراه اول, نام شما در لیست واجدین شرایط دریافت [RANDOM_NUMBER] گیگ اینترنت رایگان پنج ماهه(هر ماه [RANDOM_NUMBER] گیگ) ویژه استفاده در ذره بین قرار دارد. تا ساعت [TIME] امروز دوشنبه [DATE] از طریق لینک زیر اینترنت هدیه خود را دریافت کنید. [LINK_REMOVED] ذره بین؛ تجربه متفاوت وبگردی","spam"
"کاربر عزیز ایوا, تنها [RANDOM_NUMBER] روز تا قرعه کشی بزرگ ماشین آفرود زمان داری. با افزایش تراکنشهات از ایوا, شانست رو بیشتر کن! [LINK_REMOVED]","spam"
"جشنواره یلدایی هف هشتاد ویژه شما ایرانسلی عزیز! گوشی سامسونگ, [ENGLISH][RANDOM_NUMBER], نیم ست طلا و [RANDOM_NUMBER]میلیون تومان برای یک خانواده خوش شانس! همین الان, میتونی با هر تراکنش امتیازکسب کنی و با شماره گیری [USSD_REMOVED] با [RANDOM_NUMBER] شانس بیشتر در قرعهکشی یلدایی هفهشتاد ثبت نام کنی.","spam"
"[RANDOM_NUMBER] هزارتومان تخفیف مشاوره ی روانشناسی با اسنپ! کد تخفیف: [ENGLISH][ENGLISH][ENGLISH][RANDOM_NUMBER] اعتبار: [RANDOM_NUMBER] خرداد مشاوره ی تخصصی, درلحظه و به صرفه! در هر ساعتی از شبانه روز می توانید از بهترین روانشناسان, آنلاین مشاوره بگیرید. کافی است از طریق سوپراپلیکیشن اسنپ, «پزشک و مشاور» را انتخاب کنید. [LINK_REMOVED]","spam"
"هایپراستار [RANDOM_NUMBER] تا [RANDOM_NUMBER] بهمن سیب زمینی کیلویی [RANDOM_NUMBER]تومان کراکف پنیری کاله [RANDOM_NUMBER] گرمی [RANDOM_NUMBER]تومان دستمال هایپراستار [RANDOM_NUMBER]% تخفیف لغو[RANDOM_NUMBER]","spam"
"کد ملیت بفرست برام","ham"
"سلام صبح بخیر خوبن الحمدلله","ham"
"سلام من پلیس راه هستم چند کنار جاده البته نرسیده به پلیس راه","ham"
"بانک مسکن برداشت [RANDOM_NUMBER] مبلغ:[RANDOM_NUMBER] زمان:[DATE]-[TIME] مانده:[RANDOM_NUMBER] شرح:برداشت با درخواست کتبی","ham"
"پیش بینی پرجایزه بازی فرانسه - آرژانتین از [RANDOM_NUMBER] میلیون نقد تا [ENGLISH][RANDOM_NUMBER] با نصب «ذره بین» و پیش بینی فینال جام جهانی برنده صدها جایزه ارزشمند باش! نصب «ذره بین»: [LINK_REMOVED]","spam"
"پی پینگ | جشنواره تابستانی [RANDOM_NUMBER] هزارتومان تخفیف پنل نقره ای فقط تا پایان [RANDOM_NUMBER] مهر درگاه پرداخت اختصاصی با نام و لوگوی کسب و کار شما تسویه خودکار روزانه (بدون نیاز به ثبت درخواست) ️ کد تخفیف: [ENGLISH][ENGLISH] [LINK_REMOVED] مشاوره رایگان: [MASKED_NUMBER]","spam"
"[RANDOM_NUMBER] تومان تخفیف خریداول از هایپراستار در آپ+ارسال رایگان حداقل خرید: [RANDOM_NUMBER]هزارتومان کد: [ENGLISH][RANDOM_NUMBER] تا [RANDOM_NUMBER] اردیبهشت [LINK_REMOVED]","spam"
"هنوز پیداش نکردی? یه سر به پرفروش ترین و جذاب ترین کالاهای این ماه دیجی کالا بزن: [LINK_REMOVED] لغو پیامک: [RANDOM_NUMBER]","spam"
"آب انار ملس [NAME] عزیز [RANDOM_NUMBER] روز مانده تا انقضای [RANDOM_NUMBER] ریال اعتبار شما کد استفاده از اعتبار: [RANDOM_NUMBER] اعتبار کل: [RANDOM_NUMBER]","spam"
"یعنی افزایش داشتم صد تومن کمتر ا ز برج قبل ریختن حساب","ham"
"دانلود کن وببینش","ham"
"والا فقط زنونه داره","ham"
"سلام خانمی من قم پیش [NAME] عزیزم","ham"
"پیشاپیش ضمن تبریک سال نو به اطلاع سرمایه گذاران محترم صندوق سهم آشنا می رساند ثبت درخواست صدور از طریق درگاه پرداخت الکترونیک, باتوجه به زمان تسویه وجوه و حفظ حداکثری منافع سرمایه گذاران از امروز [DATE] ساعت [RANDOM_NUMBER] امکانپذیر نخواهد بود.پرداخت از طریق فیش واریزی امکانپذیر بوده اما ثبت درخواست صدور در ایام تعطیل مقدور نمی باشد.لذا مسئولیت تاخیر در ثبت درخواست صدور واریزی های فوق برعهده سرمایه گذار خواهد بود. همچنین به کلیه درخواست های ابطالی که تا پایان وقت امروز ثبت شوند در سال [RANDOM_NUMBER] رسیدگی شده و به سرمایه گذاران پرداخت خواهد شد. لازم به ذکر است از تاریخ [DATE] ثبت درخواست صدور و ابطال طبق روال قبل می باشد.","ham"
"باشه من کفش بپوشم میام بیرون","ham"
"سر راه دنبال منم بیای یا من بیام دنبالت?","ham"
"بلوبانک پرداخت قبض [NAME] عزیز, [RANDOM_NUMBER] ریال بابت پرداخت قبض تلفن همراه از حساب شما پرید. موجودی: [RANDOM_NUMBER] ریال [TIME] [RANDOM_NUMBER].[RANDOM_NUMBER]","ham"
"پخش زنده قرعه کشی [ENGLISH][RANDOM_NUMBER] در [LINK_REMOVED]","spam"
"سلام حالا راسش بگو حوصله نداشتی بیای یا آباده بودی","ham"
"سلام گوگول حالت چطوره","ham"
"شرکت گاز استان فارس اشتراک:[RANDOM_NUMBER] نام:[NAME] وشریک سریال کنتور [MASKED_NUMBER] کدپستی: از:[DATE] تا:[DATE] رقم قبلی:[RANDOM_NUMBER] رقم فعلی:[RANDOM_NUMBER] مصرف:[RANDOM_NUMBER] بدهی پیشین:[RANDOM_NUMBER] افزایش گازبها:[RANDOM_NUMBER] تخفیف گازبها:[RANDOM_NUMBER] بخشودگی گازبها:[RANDOM_NUMBER] قابل پرداخت:[RANDOM_NUMBER] ش ق: [RANDOM_NUMBER] ش پ: [RANDOM_NUMBER] مهلت پرداخت: [DATE] جزئیات و پرداخت","ham"
"مشتری گرامی هزینه اشتراک سالانه سرویس پیام کوتاه بانک ملی [RANDOM_NUMBER]ریال می باشد که در صورت تمدید سرویس از حساب به شماره [RANDOM_NUMBER]** شما کسر می گردد.جهت انصراف عدد [RANDOM_NUMBER] را به شماره [RANDOM_NUMBER] ارسال نمایید.","ham"
"آره بیدارم متاسفانه خواب از چشمان من برفت","ham"
"با شماره گیری [USSD_REMOVED] هم می تونی «بهترین بازیکن زمین» رو انتخاب کنی, هم توی قرعه کشی «توپ اصل لالیگا»و « [RANDOM_NUMBER] تی شرت اصل لالیگا» شرکت کنی!","spam"
"شما مبلغ [RANDOM_NUMBER] ریال به حساب ایرانسل واریز نمودید. مبلغ پرداختی ظرف [RANDOM_NUMBER] ساعت در حساب شما ثبت می شود. با تشکر","ham"
"خرید اینترنتی تلفن ثابت در [RANDOM_NUMBER] دقیقه ️ با خط ثابت [RANDOM_NUMBER] مجازی حرفه ای تر قدم بردارید (+تلفن گویا) [MASKED_NUMBER] [LINK_REMOVED]","spam"
"دوره آموزشی پایتون [LINK_REMOVED] برنامه نویسی به سادگی ...","spam"
"سلام طرح بهارانه کتاب همراه با [RANDOM_NUMBER] درصد تخفیف زمان : [RANDOM_NUMBER] الی [RANDOM_NUMBER] اردیبهشت [RANDOM_NUMBER] کتابفروشی مصیر شهرک گلستان روبروی پمپ بنزین [MASKED_NUMBER]","spam"
"مرسی کلی","ham"
"[NAME] عزیز متاسفانه به دلیل پرداخت نشدن صورت حساب, سرویس اینترنت پرسرعت خط شماره [RANDOM_NUMBER] قطع است, سپاس گزار خواهیم بود حداکثر تا [RANDOM_NUMBER] ساعت آینده با مراجعه به [ENGLISH].[LINK_REMOVED] و بهره مندی از پیشنهادهای جذاب شاتل که ویژه ی شما در نظر گرفته شده است, صورت حساب خود را پرداخت فرمایید. پس از گذشت این زمان متاسفانه فرصت ارایه خدمات به شما از شاتل سلب خواهد شد. لینک پرداخت صورت حساب: [LINK_REMOVED] با سپاس/ شاتل","ham"
"کد تایید جهت دریافت اطلاعات در سامانه سجام [RANDOM_NUMBER] جهت احراز هویت کارت ملی هوشمند خود را ارائه نمایید. هزینه احراز هویت در دفاتر پیشخوان دولت برای شخص اصیل [RANDOM_NUMBER] ریال است. شرکت سپرده گذاری مرکزی","ham"
"علی پفک یادت نره","ham"
"سلام پیام شما دریافت شد,ساعت پنج وکیل باشیم?","ham"
"تخم مرغ پیاز گوجه سیب زمینی کاهو خیار انجیر ماست پنیر کره","ham"
"جهت دریافت وام ازدواج به بانک ملی ایران شعبه [RANDOM_NUMBER] مراجعه نمایید و در صورت عدم مراجعه تا تاریخ ثبت نام شما حذف خواهد شد","ham"
"شهروند گرامی کلیه تماس های دریافتی مبنی بر خوش حسابی اپراتورها و برنامه های رادیویی از سوی افراد کلاهبردار بوده و افشاء کدهای پیامکی منجر به سرقت از حساب های بانکی شما خواهد گردید.","ham"
"مراجعه کننده محترم [NAME] نوبت شما تاریخ [DATE]و ساعت تقریبی [RANDOM_NUMBER] می باشد(درمانگاه فوق تخصصی چشم پزشکی دکتر صلوتی)","ham"
"با سلام به اطلاع کلیه سهامداران محترم نماد شلیا می رساند نماد مذکور در روز یکشنبه مورخ [DATE] در تابلو زرد فرابورس بازگشایی می گردد","ham"
"لوازم التحریر ویژه بازگشایی مدارس به هست اینجا رسید عرضه مستقیم لوازم التحریر تنظیم بازار به قیمت تولیدی در سراسر کشور [LINK_REMOVED]","spam"
"قبولی قطعی پزشکی,دندان,غیرپزشکی باخدمات تضمینی دانشگاه شهیدبهشتی یا مکاتبه ای [MASKED_NUMBER] [MASKED_NUMBER]","spam"
"حتی دانلود نمیشه پربمینینیج","ham"
"دوستان فلای تودی؛ جهت دریافت جدیدترین اطلاعیه ها و تخفیف ها, ما را در اینستاگرام دنبال کنید: [LINK_REMOVED]","spam"
"سلام ببخشید من دیر دیدم پیامتون رو. فرستادم جداول رو براتون","ham"
"فوق لیسانس بدون کنکور در [RANDOM_NUMBER]رشته پیام نور مشاوره رایگان ارسال عدد [RANDOM_NUMBER]","spam"
"میهمان ارجمند ""جاجیگا"" لطفا با لمس لینک زیر, به رزرو اخیرتان در وبسایت امتیاز دهید. با این کار به میهمانان بعدی کمک می کنید که انتخاب صحیح تری داشته باشند: [LINK_REMOVED]","ham"
"هاست, دامنه, پیامک و پنل پیامکی رایگان فرصت محدود [LINK_REMOVED]","spam"
"مردم عزیز استان البرز باسلام با توجه به زلزله ساعت یازده نیم لزوم هوشیاری تا فردا صبح نیاز است. مدیریت بحران استان البرز","ham"
"هایپراستار[RANDOM_NUMBER]~[DATE] سیب قرمز کیلویی [RANDOM_NUMBER]ت احمد چای ارل گری [RANDOM_NUMBER]گ [RANDOM_NUMBER]ت شیگوار عسل [RANDOM_NUMBER]گ [RANDOM_NUMBER]ت","spam"
"ارزانترین بازار در افق کوروش نوشابه کوکا[RANDOM_NUMBER]ل[RANDOM_NUMBER] ماست[RANDOM_NUMBER]سون[RANDOM_NUMBER] مایع ظرف[RANDOM_NUMBER]پریل[RANDOM_NUMBER] سایرتخفیفات در: [LINK_REMOVED]/[RANDOM_NUMBER]","spam"
"بعد حتی توی نت ملی موبایل هم وصل می شه?","ham"
"[RANDOM_NUMBER] تومان تخفیف اسنپ برای [RANDOM_NUMBER] سفر! در سفر اول [RANDOM_NUMBER]%(تا سقف [RANDOM_NUMBER]تومان) و در [RANDOM_NUMBER]سفر بعدی [RANDOM_NUMBER]%(هربار تا سقف [RANDOM_NUMBER]تومان) تخفیف بگیرید. کد تخفیف: [ENGLISH]-[RANDOM_NUMBER] اعتبار: تا [RANDOM_NUMBER] اردیبهشت لطفا ماسک فراموش نشود! [LINK_REMOVED]","spam"
"یه خرید سالم و ارزون در ماه همدلی آخرین مهلت خرید اقساطی تا [RANDOM_NUMBER] اردیبهشت ماه, ویژه بازنشستگان در محیطی ایمن و بهداشتی روغن نیمه جامد [RANDOM_NUMBER]ک لادن/[RANDOM_NUMBER]تومان شکر [RANDOM_NUMBER]گ [RANDOM_NUMBER] تومان رب چین چین[RANDOM_NUMBER]گ[RANDOM_NUMBER]% تخفیف چای ویکتورین احمد[RANDOM_NUMBER]گ[RANDOM_NUMBER]% تخفیف کوکاکولا و فانتا هر عدد[RANDOM_NUMBER]تومان صابون گلنار[RANDOM_NUMBER] عددی [RANDOM_NUMBER]تومان مایع لباسشویی هوم کر[RANDOM_NUMBER]% تخفیف تماس: [MASKED_NUMBER] فروشگاه های زنجیره ای رفاه","spam"
"[RANDOM_NUMBER] هزار تومن تخفیف اولین سفارش با سرویس داروخانه ی اسنپ! کد: [ENGLISH][ENGLISH][RANDOM_NUMBER] اعتبار: تا [RANDOM_NUMBER] دی حداقل سفارش: [RANDOM_NUMBER] هزار تومن برای سفارش, روی لینک زیر بزن: [LINK_REMOVED]","spam"
"مشاوره رایگان پزشکی با اسنپ کد تخفیف [RANDOM_NUMBER] هزار تومانی: [ENGLISH][RANDOM_NUMBER] در حوزه کرونا، روانشناسی و سایر مسائل پزشکی از متخصصان به صورت آنلاین مشاوره بگیرید. برای استفاده از این تخفیف کافی است در همان اپلیکیشن اسنپ سرویس «پزشک و مشاور» را انتخاب کنید. اعتبار تا [RANDOM_NUMBER] مرداد [LINK_REMOVED]","spam"
"سلام. من حدود [RANDOM_NUMBER] و [RANDOM_NUMBER] دقیقه خدمتتون میرسم","ham"
"زاخار تور بینتون که نیست وقتی مثل توپ تنیس از ارسنجون می ری بوشهر","ham"
"سلام میگما [NAME] قیمت دارو رو از اینترنت گرفت اگه زحمت نیست خودتون مبلغ و شماره حساب لطف کنید تا پول رو واریز کنم قربانت [NAME]","ham"
"آفرین به دختر حرف گوش. پس انداز کن به شایعات توجه نکن تا حال روحیت خوب باشه. تمام امور بهداشتی رو انجام بده بیرون نرو دستات رو مرتب بشور. مراقب پدرت باش براشون اصلا مناسب نیست این اوضاع","ham"
"الک این دستگاه. شماره تلفن [RANDOM_NUMBER] است اگر دستگاه را خریداری نموده اید از فروشنده بخواهید تا از طریق سامانه همتا,مالکیت دستگاه را به شما منتقل نماید درغیر این صورت نیاز نیست اقدامی انجام دهید. [ENGLISH]: [RANDOM_NUMBER] راهنمایی: [LINK_REMOVED]","ham"
"بریم بریم","ham"
"[ENGLISH] [ENGLISH] %[RANDOM_NUMBER]+%[RANDOM_NUMBER]تخفیف ویژه یلدابرروی تمام اجناس چهارراه معدل لغو[RANDOM_NUMBER]","spam"
"بانک سامان جشنوار بهاره موبایلت با [RANDOM_NUMBER] میلیون تومان جایزه تا [RANDOM_NUMBER] فروردین ماه تمدید شد. با انجام حداقل [RANDOM_NUMBER] تراکنش از موبایلت یکی از برندگان ما باشید. اطلاعات بیشتر: [LINK_REMOVED]","spam"
"پیش به سوی اینترنت [ENGLISH] همراه اول. هم زمان با میلاد با سعادت امام جواد(ع), امروز [RANDOM_NUMBER] اسفند از ساعت [RANDOM_NUMBER] آیین رونمایی از اولین سایت [ENGLISH] همراه اول در جوار حرم امام رضا(ع) برگزار می شود. لینک مشاهده مراسم: [LINK_REMOVED]","spam"
"مشترک گرامی, نوروز مبارک,با شماره گیری کد زیر تا [RANDOM_NUMBER] ریال اعتبار داخل شبکه از همراه اول عیدی بگیرید. [USSD_REMOVED]","spam"
"کاشت مو,ابرو,ریش *زیرنظر پزشک محیط کاملا استریل هتل رایگان [MASKED_NUMBER]","spam"
"آپارتمان صدرا [RANDOM_NUMBER]پیش قسط [RANDOM_NUMBER]میلیون فقط تا فردا قابل سکونت [MASKED_NUMBER]","spam"
"هستم*","ham"
"جشنواره تشک [ENGLISH] آلمان بالش طبی-سرویس خواب [MASKED_NUMBER] [LINK_REMOVED]","spam"
"مشترک گرامی تماشای رایگان قسمت جدید سریال ""دراکولا"" از مهران مدیری و سریال های ""گیسو"", ""پیشگو"", ""سیاوش"" و [RANDOM_NUMBER] هزار فیلم و سریال دیگر نماوا با [RANDOM_NUMBER] گیگ اینترنت هدیه مخصوص استفاده در وبگرد ذره بین. دریافت و تماشا بدون خرید اشتراک: [LINK_REMOVED]","spam"
"همراه اولی عزیز سهمیه اینترنت رایگان پاییزه شما, [RANDOM_NUMBER] گیگابایت سه ماهه ویژه استفاده در ذره بین بوده که تا کنون برای شما فعال نشده است. برای دریافت و فعال سازی [RANDOM_NUMBER] گیگ اینترنت رایگان [RANDOM_NUMBER] روزه(هر ماه [RANDOM_NUMBER] گیگ) هم اکنون از طریق لینک زیر اقدام کنید. دریافت و فعال سازی رایگان: [LINK_REMOVED] پخش زنده فینال زودرس لیگ قهرمانان آسیا پرسپولیس - الهلال ساعت [TIME] با اینترنت رایگان در وبگرد ذره بین ذره بین؛ تجربه متفاوت وبگردی","spam"
"فردا میام خونه تون","ham"
"توی تلگرام از [ENGLISH] [ENGLISH] یه چندتا چیز که معرفی کرده بگیر","ham"
"من و [NAME] بیرونم؛ گوشیم خاموش شده بود","ham"
"بانک سامان واریز مبلغ [RANDOM_NUMBER]ریال به ‪[RANDOM_NUMBER] [MASKED_NUMBER] -[RANDOM_NUMBER]-[RANDOM_NUMBER]‬ مانده [RANDOM_NUMBER] [DATE] [TIME]","ham"
"سقف اعتبار سیم کارت شما به پایان رسید. پرداخت قبض یا افزایش سقف اعتبار از طریق: اپلیکیشن رایتل من [ENGLISH].[LINK_REMOVED] وب سایت رایتل به نشانی [LINK_REMOVED] رایتل با ارایه کمترین تعرفه خدمات, قدردان همراهی شماست","ham"
"خواب بودم الان میام","ham"
"برای ایرانی قوی, نه به فساد و ناکارآمدی,به آیه الله رئیسی رای می دهم","ham"
"آن پراکسی را قطع کنید تا شاید بتوانیم گوگل میت کنیم","ham"
"[RANDOM_NUMBER]% تخفیف اسنپ بایک تاکسی موتوری اسنپ برای تردد در مناطق شلوغ با [RANDOM_NUMBER]٪ تخفیف (تا سقف [RANDOM_NUMBER] هزار تومان) در خدمت شماست. استفاده از ماسک رو فراموش نکنید! کد تخفیف: [ENGLISH]-[RANDOM_NUMBER] (قابل استفاده برای یک درخواست) اعتبار تا [RANDOM_NUMBER] شهریور [LINK_REMOVED]","spam"
"بپوش بریم باغ گل ها","ham"
"دشمنتون خدا نکنه","ham"
"مهمون بعد از کشیک به درد نمی خوره:))) خسته ای. باشد یک زمان دیگر","ham"
"سلام مرسیییی کشیک بووودم خستم مردم","ham"
"[NAME] عزیز خریدای خونه رو به دیجی کالا جت بسپر! با دیجی کالا جت از سوپرمارکت های اطرافت سفارش بده و زیر [RANDOM_NUMBER] دقیقه تحویل بگیر. کد تخفیف [RANDOM_NUMBER] هزار تومانی به همراه ارسال رایگان کد: [ENGLISH][RANDOM_NUMBER] جت رو راه بنداز: [LINK_REMOVED] لغو: [RANDOM_NUMBER]","spam"
"مالک محترم خودرو به شماره [RANDOM_NUMBER] ه [RANDOM_NUMBER] مباف [RANDOM_NUMBER] ریال, بدهی عوارض آزادراهی دارید پیش از اتمام مهلت پرداخت ([DATE]) و اعمال جریمه, از لینک زیر پرداخت نمایید [LINK_REMOVED] آنی رو","ham"
"کاربر گرامی دیجی کالا/دیجی پی امکان انتقال وجه (کارت به کارت) از مبدا بانک ملت در اپلیکیشن دیجی پی برای شما فراهم شد. با هر تراکنش به جایزه ماهانه نزدیکتر شوید! [LINK_REMOVED]","spam"
"دو کد رهگیری [ENGLISH] و [ENGLISH][RANDOM_NUMBER] ویژه ثبت نام خانواده و دوستان شما تخفیف هر کد [RANDOM_NUMBER] هزار تومان برای فعال سازی نام شهر دانش آموز را ارسال کنید. کانون فرهنگی آموزش","spam"
"مشترکین دائمی و اعتباری که تا کنون [RANDOM_NUMBER] گیگ اینترنت هدیه خود را دریافت نکرده اند, با نصب اپلیکیشن ذره بین از طریق لینک زیر می توانند [RANDOM_NUMBER] گیگ اینترنت هدیه سه ماهه (هر ماه [RANDOM_NUMBER] گیگ) مخصوص استفاده در اپلیکیشن ذره بین بگیرند. دریافت و فعال سازی رایگان: [LINK_REMOVED] تماشای رقابت جذاب قهرمانی در لیگ برتر: پرسپولیس - پیکان سپاهان - استقلال امشب ساعت [TIME] پخش در وبگرد ذره بین ذره بین؛ تجربه متفاوت وبگردی","spam"
"بانک سامان مشتری گرامی اگر رمز نت بانک خود را فراموش کرده اید, با گزینه بازیابی رمز می توانید بدون مراجعه به شعبه رمز جدید را گرفته و وارد نت بانک یا موبایلت شوید. بازیابی رمز: [LINK_REMOVED]","ham"
"از تخفیفات اول ماه افق کوروش جانمونی! جهت اطلاع کلیک کن: [LINK_REMOVED]/[RANDOM_NUMBER]","spam"
"سلام خونه نبودی زنگ زدم [RANDOM_NUMBER]","ham"
"مبلغ[RANDOM_NUMBER]ریال در تاریخ[RANDOM_NUMBER]-[RANDOM_NUMBER]-[RANDOM_NUMBER] [TIME] جهت پرداخت صورتحساب با موفقیت پرداخت گردید .","ham"
"مشتری گرامی بانک سپه(مهر سابق) با سلام و احترام شایان ذکر است آخرین زمان برای استفاده از امتیاز طرح های فوق برای دریافت وام تاریخ [DATE] می باشد, از اینرو شایسته است نسبت به انجام برنامه ریزی های لازم به منظور تعیین تکلیف وضعیت سپرده های مذکور, اقدام لازم را بعمل آورید. باتشکر","spam"
"سرمایه گذار گرامی به استحضار می رساند ثبت درخواست صدور و ابطال در صندوق سرمایه گذاری سهم آشنا بدلیل عملیات تجزیه واحدهای سرمایه گذاری تا اطلاع ثانوی مقدور نمی باشد.لطفا از واریز وجه به حساب بانکی صندوق اکیدا خودداری نمایید. به کلیه درخواست های ثبت شده در صندوق تا این تاریخ, براساس تاریخ ثبت درخواست, پس از پایان عملیات تجزیه واحدها رسیدگی شده و سرمایه گذاران پس از بروزرسانی نرخ ها قادر به مشاهده دارایی های خود خواهند بود. از همراهی شما سپاسگزاریم. صندوق سرمایه گذاری سهم آشنا کانال اطلاع رسانی : [LINK_REMOVED]","ham"
"چی از این بهتررر که انقدر نزدیک هستی","ham"
"من میگم با ماشین تو باشیم شاید بهتر باشه","ham"
"قربونتون برم مشکلی که با پول حل بشه مشکل خاصی نیست, نگران نباشید.","ham"
"دیدم یکی دو روز نیستی, گلو شما بهتره?","ham"
"راحتی رو نصب کن! [LINK_REMOVED]","spam"
"من دارم می رم ستادم رو ببینم, شما بعد از کلاست اگر حس و حالش رو داشتی بهم خبر بده که بیام بریم فالوده","ham"
"سلام چمدونم [NAME] هم خوابه بپرسم ولی چیز مهمی نیست علامت اختصاری یه شرکت می تونه باشه","ham"
"برای آبادانی و توسعه ی استان به مهندس سنگدوینی نامزد مورد حمایت حسین صادقلو(شهردار سابق گرگان) رای می دهیم. ""کد نامزد: [RANDOM_NUMBER]""","spam"
"سلام. از طریق اکانت پشتیبانی بررسی کنین لطفا. قطعا بررسی می شه. تاخیر گاها پیش میاد ممکنه برای مسئول پاسخگویی مشکلی به وجود اومده باش","ham"
"همه تنظیمات در بخش [ENGLISH]-> [ENGLISH] [ENGLISH]","ham"
"بوشهر هم شد شیراز?","ham"
"سفر رایگان تپسی با انتخاب «سفر رایگان» از منو اپلیکیشن, تپسی را به دوستان معرفی کنید و هرکدام [RANDOM_NUMBER] سفر رایگان هدیه بگیرید [LINK_REMOVED]","spam"
"[RANDOM_NUMBER] تومان تخفیف تپسی [RANDOM_NUMBER] تخفیف [RANDOM_NUMBER] درصدی تا سقف [RANDOM_NUMBER] تومان و [RANDOM_NUMBER] تخفیف [RANDOM_NUMBER] درصدی تا سقف [RANDOM_NUMBER] تومان برایتان فعال شد ماسک بزنید, مراقب سلامتی تان باشید مهلت:تا [RANDOM_NUMBER] اردیبهشت [LINK_REMOVED]","spam"
"مشترک گرامی فلای تودی؛ [DATE] در پیج اینستاگرام فلای تودی آنلاین باشید! خبری در راه است!! [LINK_REMOVED]","spam"
"ممنون لطف کردین انشالله شما زنده باشین","ham"
"مشتری گرامی بانک مهر ایران با سلام با توجه به شیوع موج سوم کرونا در کشور و به منظور رعایت فاصله گذاری اجتماعی و کاهش مراجعات حضوری به شعب از خدمات بانکداری الکترونیک از قبیل اینترنت بانک,همراه بانک, سایت بانک و... استفاده نمایید","ham"
"حله","ham"
"اینستکس برقرار شد! جهت ثبت نام در سامانه اینستکسر عدد [RANDOM_NUMBER] را پیامک کنید تا دستورالعمل برایتان ارسال شود. کارمزد: [RANDOM_NUMBER] هزار تومان توجه! در صورت عدم ثبت نام» ظرف چند روز آینده هم اینستکس و هم یارانه شما همزمان با هم قطع خواهد","spam"
"همراهان گرامی در شعبه جدید کافه نون سجاد منتظر شما هستیم سجاد[RANDOM_NUMBER]-داخل شقایق شمالی از همراهی شما سپاسگزاریم","spam"
"چرا جواب تلفن نمی دید","ham"
"برای خرید بلیت هواپیما هم اسنپ جوابه! %[RANDOM_NUMBER] تخفیف (تا سقف [RANDOM_NUMBER] تومان) فقط برای سفرهای ضروری ️ کد تخفیف:[ENGLISH][ENGLISH][RANDOM_NUMBER] اعتبار تا [RANDOM_NUMBER]مهر برای استفاده از این تخفیف کافیه در همون اپلیکیشن اسنپ به سرویس «پرواز» بروید. خرید: [LINK_REMOVED] توصیه های بهداشتی سفر: [LINK_REMOVED]","spam"
"«درساتریدر» کد تایید جهت امضای الکترونیکی قرارداد: [RANDOM_NUMBER] [ENGLISH] [ENGLISH]: [RANDOM_NUMBER] شناسه یکتای امضا: [ENGLISH][ENGLISH][ENGLISH][ENGLISH][ENGLISH][ENGLISH][ENGLISH][ENGLISH][ENGLISH]","ham"
"مشتریان گرامی باسلام باتوجه به شیوع ویروس کرونا ودر راستای پیشگیری ازآن میتوانیدنسبت به پرداخت غیرحضوری اقساط خوداقدام فرمائید.بانک مهراقتصاد","ham"
"دارم ویدئو آموزشی با سرعت [ENGLISH] می بینم, کلمات رو نمی فهمم ولی مفهوم منتقل می شه. ترجمه: امروز برنامه ی خاصی ندارم.","ham"
"سوپ جو به منوتهیه غذای شاران اضافه شد! [MASKED_NUMBER] [LINK_REMOVED]","spam"
"سهام داران محترم سهام عدالت دریافت هرگونه اطلاعات از شما جهت واریز سود سهام عدالت, یکی از شیوه های کلاهبرداری است. سود به صورت خودکار به حساب بانکی ثبت شده توسط شما در سامانه سجام یا سامانه سهام عدالت واریز می گردد. معاونت اجتماعی و پیشگیری از وقوع جرم قوه قضاییه","ham"
"کارت پایان خدمت اومد بالاخره, بیاید همین رو بهانه کنیم بریم شیرینی بخوریم دیداری تازه کنیم","ham"
"کیش[RANDOM_NUMBER] مشهد[RANDOM_NUMBER] استانبول[RANDOM_NUMBER] آنتالیا[RANDOM_NUMBER] ارمنستان(واکسن) [MASKED_NUMBER]","spam"
"سلام مزاحمتون نمیشم اگر شماره حساب یا شماره کارت ملی دارید بفرستید تا خودم فردا چک را پاس کنم وواریزکنم به وحسابتون","ham"
"بمب تخفیفات افق کوروش به مناسبت ماه مبارک [RANDOM_NUMBER]و[RANDOM_NUMBER]اردیبهشت رشته آش[RANDOM_NUMBER]گ سمیه[RANDOM_NUMBER]ت اسپاگتی[RANDOM_NUMBER] رشته[RANDOM_NUMBER]گ زر[RANDOM_NUMBER]ت شربت[RANDOM_NUMBER]گ پرتقال وآناناس سان استار[RANDOM_NUMBER]ت خریداینترنتی وتحویل درب واحد از: [LINK_REMOVED]/[RANDOM_NUMBER]","spam"
"ازونورم بریم بام گلستان","ham"
"قرعه کشی [RANDOM_NUMBER] بسته [RANDOM_NUMBER] گیگابایتی! با پیش بینی نتیجه بازی ایران و آمریکا در قرعه کشی [RANDOM_NUMBER] گیگ اینترنت یکساله رایتل شرکت کنید. [RANDOM_NUMBER]- برد ایران [RANDOM_NUMBER]- مساوی [RANDOM_NUMBER]- برد آمریکا عدد مورد نظر خود را به [RANDOM_NUMBER] ارسال کنید. [LINK_REMOVED]","spam"
"اسنپ! از طرف [NAME] [MASKED_NUMBER] , تقریباً [RANDOM_NUMBER] دقیقه دیگر میرسد. راننده: [NAME] [MASKED_NUMBER] پراید سفید ایران [RANDOM_NUMBER] - [RANDOM_NUMBER] و [RANDOM_NUMBER] هزینه سفر پرداخت شده است. پیگیری سفر [LINK_REMOVED]","ham"
"مشترک گرامی [MASKED_NUMBER] بسته اینترنت پیشنهادی اختصاصی شما با تخفیف ویژه: بسته اینترنت همراهی, [RANDOM_NUMBER]روزه, [RANDOM_NUMBER]گیگابایت خرید با شماره گیری کد [USSD_REMOVED] خرید راحت و امن کامل ترین خدمات همراه اول از [USSD_REMOVED]","spam"
"اوکیه?","ham"
"سلامت باشید فداتون","ham"
"نوع رابطه رو","ham"
"""با توجه به مصرف اینترنت خود, ارزان تر خرید کنید "" از طریق [USSD_REMOVED]","spam"
"کارشناسی همه جانبه خودرو با [RANDOM_NUMBER] تومان تخفیف ویژه خریداران عزیز خودرو در شهر شیراز کد تخفیف شما: [ENGLISH][RANDOM_NUMBER] **این کد [RANDOM_NUMBER] بار قابل استفاده است** ثبت درخواست از لینک زیر: [LINK_REMOVED] *کارنامه* سرویس جدید دیوار در خدمات خرید و فروش خودرو","spam"
"[ENGLISH][RANDOM_NUMBER]سامسونگ باخریدشارژ و اینترنت از [USSD_REMOVED] [RANDOM_NUMBER]برابر امتیاز امروز وفردا","spam"
"سردرد، تب و مشکلات تنفسی نظیر سرفه، آبریزش از بینی و تنگی نفس از علائم شایع بیماری کرونا ویروس جدید [RANDOM_NUMBER] هستند، در کودکان و سالمندان می تواند همراه با تهوع و استفراغ و دل درد باشد.","ham"
"دختر عموش ولی من میام میگما چرا اینجوری پیام میدی کلی گرون در میاد واتسپ پیام بده","ham"
"لینک بازنشانی رمز [LINK_REMOVED] - ساعت و تاریخ ارسال : [DATE] [TIME] پژوهشیار,دانشگاه آزاد اسلامی","ham"
"بازارفرش امام رضا(ع) آخرین فرصت تاساعت[RANDOM_NUMBER]امشب (یکسره) [RANDOM_NUMBER]%تخفیف ویژه","spam"
"بعدش بیاید اینجا","ham"
"اگه سینما و کافه هاش باز بشه همیشه میام پیشت","ham"
"ممنونم","ham"
"آدرس رو داری یا بفرستم?","ham"
"هایپراستار[RANDOM_NUMBER]~[DATE] شکر [RANDOM_NUMBER]ک [RANDOM_NUMBER]ت پارتیکان زیتون پرورده ممتاز [RANDOM_NUMBER]ک[RANDOM_NUMBER]ت پگاه شیر استریل کم چرب [RANDOM_NUMBER]ل [RANDOM_NUMBER]ت هراز ماست سبو کم چرب [RANDOM_NUMBER]گ [RANDOM_NUMBER]ت","spam"
"دراپلیکیشن هف هشتاد شارژو اینترنت بخرید,پرداخت قبض وکارت به کارت کنیدو درقرعه کشی[RANDOM_NUMBER]میلیونی شرکت کنید ‎دانلوداز [LINK_REMOVED]","spam"
"از اتاقک گوشی سامسونگ هدیه بگیر کافیه پیج اینستاگرام اتاقک را فالو کنی و زیر پست مسابقه کامنت بگذاری شرکت در مسابقه: ‏[LINK_REMOVED]","spam"
"کاربر عزیز کد تخفیف [ENGLISH][RANDOM_NUMBER] برای استفاده ی شما تمدید شد. همین الان سفارشت رو با [RANDOM_NUMBER]% تخفیف نهایی کن: [LINK_REMOVED] لغو: [RANDOM_NUMBER]","spam"
"حالمان خیلی خوش نیست قول نمیدهم اما سپاس از دعوتتان","ham"
"اگر مالک با علم و اطلاع, خودروی خود را در اختیار فردی که گواهینامه رانندگی ندارد بگذارد, به عنوان معاونت در جرم رانندگی بدون گواهینامه, تحت تعقیب کیفری قرار می گیرد. معاونت اجتماعی و پیشگیری از وقوع جرم قوه قضاییه","ham"
"اکران آنلاین «آبادان یازده [RANDOM_NUMBER]» در پردیس سینمایی لنز از امروز ساعت [RANDOM_NUMBER] خرید بلیط از: [LINK_REMOVED]","spam"
"مشترک گرامی شماره [MASKED_NUMBER] در صورتی که هنوز موفق به پرداخت صورت حساب دی [RANDOM_NUMBER]خود نشده اید, لطفا در اسرع وقت نسبت به پرداخت اقدام نمایید. بدهی پیشین:[RANDOM_NUMBER]ریال قابل پرداخت:[RANDOM_NUMBER] ریال ش ق:[RANDOM_NUMBER] ش پ:[RANDOM_NUMBER] آدرس اینترنتی پرداخت و مشاهده جزئیات صورت حساب: [LINK_REMOVED] دریافت و پرداخت از طریق [USSD_REMOVED], [USSD_REMOVED], اپلیکیشن همراه من, آیگپ, تلفن های گویای *[RANDOM_NUMBER] و[RANDOM_NUMBER] و[RANDOM_NUMBER] مهلت پرداخت: [DATE] همراه اول","ham"
"شما می توانید برنده یک دستگاه پژو [RANDOM_NUMBER] یا یکی از [RANDOM_NUMBER] جایزه [RANDOM_NUMBER] میلیون ریالی باشید. با پرداخت قبض, خرید شارژ و انواع بسته در اپلیکیشن همراه من [LINK_REMOVED]","spam"
"تنها [RANDOM_NUMBER] روز برای شرکت در قرعه کشی شهریور ماه جوایز [RANDOM_NUMBER] میلیون تومانی باشگاه فیروزه ای فرصت دارید. دریافت شانس با مراجعه به بخش «سرگرمی» باشگاه فیروزه ای در اپلیکیشن/وب سایت همراه من [ENGLISH].[LINK_REMOVED] باشگاه فیروزه ای- باشگاه مشتریان همراه اول","spam"
"سایپا نسبت به اعطای بخشودگی تا سقف [RANDOM_NUMBER] درصد جرایم دیرکرد در قالب پرداخت بدهی, اقدام کرده است. جهت پرداخت بدهی و بهره مندی از مزایای طرح, به یکی از نمایندگی های مجاز و یا به نشانی اینترنتی [LINK_REMOVED] مراجعه نمایید.","spam"
"[ENGLISH] [RANDOM_NUMBER]%درصد تخفیف برروی تمامی کالاها چهارراه معدل [MASKED_NUMBER]","spam"
"آقای [NAME] به شماره [RANDOM_NUMBER] با عرض پوزش به اطلاع می رساند جواب آزمایشات شما با تاخیر آماده می گردد. در صورت آماده شدن جواب برای شما پیامک ارسال میشود. آزمایشگاه مسعود","ham"
"پخش زنده ایران - آمریکا [LINK_REMOVED] امشب ساعت [TIME]","spam"
"دیدم هنوز موفق به اتصال به اینترنت نشده ای, یک بیابانی هست شبکه های اجتماعی الله الله","ham"
"الماس شهر صدرا برنج خوشبخت [RANDOM_NUMBER] تخم مرغ[RANDOM_NUMBER]عددی[RANDOM_NUMBER] رب به یک [RANDOM_NUMBER] کنسرو خوشبخت[RANDOM_NUMBER]% شربت سن ایچ[RANDOM_NUMBER]% سوسیس کالباس[RANDOM_NUMBER]%","spam"
"بازم اگه دیدید خیلی مزاحمتون نیستم بهم بگو خوب","ham"
"رفاه صدرا نوبرانه صیدروزمیگو صورتی بوشهر[RANDOM_NUMBER] ت فقط امروز لغو[RANDOM_NUMBER]","spam"
"داریم میایم","ham"
"سلام اوکی","ham"
"جاجیگا [NAME] عزیز, از طریق لینک زیر, کد هدیه ویژه ی سفرهای پاییزی خود را دریافت کنید: [LINK_REMOVED]","spam"
"شادباش همراه اول به مناسبت ""میلاد پیامبر اسلام (ص)"" بسته های ترکیبی ویژه با [RANDOM_NUMBER]% تخفیف بسته [RANDOM_NUMBER] روزه: ""[RANDOM_NUMBER] ساعت مکالمه درون شبکه و [RANDOM_NUMBER] گیگ اینترنت"" بسته [RANDOM_NUMBER] روزه: ""[RANDOM_NUMBER] ساعت مکالمه درون شبکه و [RANDOM_NUMBER] گیگ اینترنت"" فعال سازی و خرید بسته "" [RANDOM_NUMBER] تا [RANDOM_NUMBER] آبان "" با شماره گیری [USSD_REMOVED] همراه اول؛ همراه لحظه های دیجیتال","spam"
"امسال,قطعا:دانشجوی""پزشکی.دندان...""شو! --تاکنکور[RANDOM_NUMBER]:خدمات تضمینی خصوصی:[RANDOM_NUMBER]م.تومان --اروپا:[RANDOM_NUMBER]سال""شهریه+خوابگاه""[RANDOM_NUMBER]م.تومان ارسال کد[RANDOM_NUMBER]یا [MASKED_NUMBER] [MASKED_NUMBER]","spam"
"مالک دستگاه,شماره دیگری است درصورت خرید,از فروشنده کدفعالسازی گرفته و باشماره گیری","ham"
"نوروز در تقارن با ایام میلاد امیرالمومنین(ع) بر شما مبارک باد. سالی سرشار از شادی و موفقیت برای شما آرزومندم. حسن روحانی رییس جمهور","ham"
"سلام بایکی بیا تهرون من تنهام تا [RANDOM_NUMBER]ابان","ham"
"کوتون %[RANDOM_NUMBER]+%[RANDOM_NUMBER] تخفیف ویژه یلدا [LINK_REMOVED] لغو[RANDOM_NUMBER]","spam"
"کد تایید آچاره: [RANDOM_NUMBER] [ENGLISH]/[ENGLISH][ENGLISH][ENGLISH]","ham"
"سلام فردا اقای [NAME] میاردت بالا?گفتم اگه زحمت نباشه دم میوه ای سید یاهرکدوم منا شبه یه هندونه هم زحمتش بکش حساب هم شم داشته باشید .باغ ماخوبه?","ham"
"[NAME] شما از لیست انتظار تهران به عسلویه هواپیمایی ماهان پنج شنبه [DATE] ساعت [TIME] شماره پرواز [RANDOM_NUMBER] خارج و در لیست پرواز قرار گرفتید.","ham"
"[RANDOM_NUMBER]برابرامتیاز تایکشنبه باخرید شارژوبسته از[USSD_REMOVED] [RANDOM_NUMBER]مردادقرعه کشی پژو[RANDOM_NUMBER]","spam"
"مشترک گرامی افزایش شارژ [RANDOM_NUMBER] ریال در ساعت [TIME]مورخ [DATE] با موفقیت انجام شد.","ham"
"سهامدار محترم سهام عدالت, با سلام جهت فعالیت در بازار سرمایه و ثبت نام در سامانه سجام از طریق نشانی زیر اقدام فرمایید. [LINK_REMOVED]","ham"
"دیجی کالا/دیجی استایل وحید عزیز ممنون می شویم تا از طریق نشانی زیر نظرهای خود را بیان و به ما کمک کنید تا کیفیت کالاها و خدمات مان را بهبود دهیم. ما برای قدردانی از نظر ارزشمندتان, [RANDOM_NUMBER] امتیاز دیجی کلاب (پس از انتشار) به حساب کاربری تان اضافه می کنیم. با سپاس [LINK_REMOVED]","spam"
"اون بغلی نیست","ham"
"کاربرگرامی دیجی کالا/دیجی پی امکان خرید اقساطی از دیجی کالا (بدون ضامن) برای شما فراهم شد: [LINK_REMOVED]","spam"
"[NAME] جان تخفیف و جایزه های میلیونی یلدا تو راهه! رای برنده, یلدا به مهربانی, شگفت انگیز های ویژه و کلی خبرهای جورواجور یلدایی دیجی کالا رو اینجا ببین. بدو تا جا نموندی: [LINK_REMOVED] لغو: [RANDOM_NUMBER]","spam"
"به ماشین آره در راه رفتن هستیم","ham"
"سلام عصر توباغم اگه دوست داشتی بیا اگرم بیای در خونه باهم میریم [RANDOM_NUMBER]ونیم","ham"
"سیبچه, تنها استور پایدار ایرانی! آیفونت را به روز نگه دار [LINK_REMOVED]","spam"
"بعد از یک عمر آبرو همش پشم, شدیم اشکین دو صفر نود و هشت","ham"
"من با پروتون","ham"
"[RANDOM_NUMBER]% تخفیف اینترنت پرسرعت آسیاتک فقط با ماهی [RANDOM_NUMBER]هزار تومان [RANDOM_NUMBER]ماهه با [RANDOM_NUMBER]گیگ ترافیک بین الملل فرصت محدود [RANDOM_NUMBER] [LINK_REMOVED]","spam"
"ایمپلنت کره ای فقط [RANDOM_NUMBER]میلیون تا[RANDOM_NUMBER]تیر درمانگاه سلامت فکوری[RANDOM_NUMBER] [MASKED_NUMBER]","spam"
"کربلا در کربلا می ماند اگر زینب نبود ساخت پیشوازهای کربلایی با اپ پیشواز ایرانسل دانلود از : [LINK_REMOVED]","spam"
"برای دریافت بن کالا خود سریعا تماس بگیرید کد[RANDOM_NUMBER] [MASKED_NUMBER]","spam"
"کی بشه پولدار شم همه این ها رو بکشم فلزی خوب بذارم دست شما درد نکنه, بریم شیراز بخوریم.","ham"
"مشتری گرامی به منظور عدم سوء استفاده از حسابهای بانکی شما از واگذاری کارت بانکی و دسترسی به سایر اطلاعات بانکی خود به افرادی که هیچ گونه شناختی از آنها ندارید , جدا خودداری نمایید.","ham"
"سلام؛ من تا [RANDOM_NUMBER]-[RANDOM_NUMBER] هفته آینده شیرازم","ham"
"گرمه ولی یکم باد میاد","ham"
"هر شب, یک قدم نزدیک تر به واقعه قسمت چهارم ویژه برنامه «مهلا» با میزبانی محمدحسین پویانفر, ساعت [RANDOM_NUMBER], پخش از روبیکا و آیگپ. روبیکا [LINK_REMOVED] آیگپ [LINK_REMOVED]","spam"
"کارگزاری مفید , جهت خرید عرضه اولیه فردا یکشنبه با نماد ""وسپهر"", لطفا از طریق گزینه واریز آنی وجه, مانده حساب خود را به میزان کافی (حداقل [RANDOM_NUMBER] هزار تومان) شارژ نمایید. [LINK_REMOVED]","ham"
"کیت لاین دسته بندی جدید مواد اولیه نان و قنادی انواع تاپینگهای توت فرنگی,شاتوت,کارامل و کاکائو با [RANDOM_NUMBER] % تخفیف [LINK_REMOVED]","spam"
"بسته های بلندمدت همراه اول ([RANDOM_NUMBER]ماهه, [RANDOM_NUMBER]ماهه, [RANDOM_NUMBER]ماهه و سالیانه) [USSD_REMOVED]","spam"
"این یلدا دیگه تکرار نمیشه! طرح یلدای سلامت با بسته های جذاب ترافیک مخابرات ایران. [RANDOM_NUMBER] گیگابایت ترافیک بین الملل معادل [RANDOM_NUMBER] گیگابایت ترافیک داخلی فقط [RANDOM_NUMBER] هزارتومان. برای مشاهده و انتخاب به پنل کاربری خود به آدرس [ENGLISH].[LINK_REMOVED] مراجعه نمایید.","spam"
"اگر دلت میخواد خودت رو محق ببینی, من حرفی ندارم. اگر حضور یا عدم حضور یک نفر اذیتت می کنه من اصراری ندارم موجبات اذیت رو فراهم کنم ولی اینو بدون نمیشه هرطور دلت میخواد حرف بزنی و قضاوت کنی و قاضی به محکمه ببری و تهشم مغلطه کنی.","ham"
"هرشب[RANDOM_NUMBER]میلیون تومان جایزه جشنواره هیجان انگیز پایان سال افق کوروش فتح المبین جرمگیرسورمه ای[RANDOM_NUMBER]ل اکتیو[RANDOM_NUMBER]ت شیشه شوی[RANDOM_NUMBER]میل گلرنگ[RANDOM_NUMBER]ت پوشک بچه مرسی پلاس(سایز[RANDOM_NUMBER]تا[RANDOM_NUMBER])[RANDOM_NUMBER]ت کلی تخفیف جذاب: [LINK_REMOVED]/[RANDOM_NUMBER] لغو=[RANDOM_NUMBER]","spam"
"آموزش مکالمه زبان بدون فراموشی در پیج( افزانش) [LINK_REMOVED]","spam"
"بازنشسته محترم, بیمه ملت به مناسبت روز خانواده و تکریم بازنشستگان معزز تخفیفات زیر را به مدت محدود ارایه مینماید: -بدنه [RANDOM_NUMBER]درصد -آتشسوزی [RANDOM_NUMBER]درصد به همین مناسبت از ساعت [RANDOM_NUMBER] روز پنجشنبه با ما در مراسم(همراه باقرعه کشی)همراه شوید. صفحه اینستاگرام بیمه ملت [ENGLISH]","spam"
"من یه [RANDOM_NUMBER] دقیقه برم یه دوش بگیرم زیباح بشم شما مکان و زمان رو بهم بگید خودم رو می رسونم","ham"
"دوره ی آنلاین رایگان((تابلوخوانی مقدماتی)) ویژه مشتریان گرامی تاریخ برگزاری دوره : روزهای دوشنبه [DATE]و چهارشنبه [DATE] و یکشنبه [DATE] زمان برگزاری: [TIME] الی [RANDOM_NUMBER] ثبت نام: تماس با داخلی [RANDOM_NUMBER]- [MASKED_NUMBER] بورس برای همه – شرکت کارگزاری دنیای نوین","spam"
"هایپراستار[RANDOM_NUMBER]~[DATE] زردآلو کیلویی [RANDOM_NUMBER] ت هایزم کوکتل و هات داگ [RANDOM_NUMBER]% تخفیف آبشن عسل [RANDOM_NUMBER] گرمی [RANDOM_NUMBER] ت تبرک رب گوجه [RANDOM_NUMBER] گرمی [RANDOM_NUMBER] ت","spam"
"مبلمان ویژه فرهنگیان [RANDOM_NUMBER] ماهه بدون پیش پرداخت از [RANDOM_NUMBER] میلیون [MASKED_NUMBER]","spam"
"هایپراستار[RANDOM_NUMBER]~[DATE] دمس انواع سوسیس و کالباس [RANDOM_NUMBER]%ت هراز پنیر فتا دوشه [RANDOM_NUMBER]گ [RANDOM_NUMBER]ت بوژنه مایع دست [RANDOM_NUMBER]گ [RANDOM_NUMBER]ت","spam"
"هین?","ham"
"مشتری گرامی، با موبایل بانک پاسارگاد تا اطلاع ثانوی می توانید تا سقف شصت میلیون ریال کارت به کارت انجام دهید. [LINK_REMOVED]","ham"
"[RANDOM_NUMBER]هزار تومان شارژ فقط با پرداخت [RANDOM_NUMBER]هزار تومان با خرید سوپرشارژ از [USSD_REMOVED]","spam"
"یک پاسخ جدید برای تیکت شما ثبت شد برای تیکت شما با شماره پیگیری: [ENGLISH]-[ENGLISH] یک پاسخ جدید در سیستم ثبت شده است.","ham"
"[NAME] عزیز [RANDOM_NUMBER]درصد تخفیف مکالمه ویژه شما [RANDOM_NUMBER] دقیقه مکالمه غیر رایتلی به مدت یک ماه فقط [RANDOM_NUMBER] تومان! خرید با شماره گیری [USSD_REMOVED]","spam"
"مشترک گرامی, درخواست ثبت شد, نتیجه از طریق پیامک به شما اطلاع داده میشود","ham"
"اره","ham"
"این شکلی","ham"
"بانک مسکن واریز قسط به مبلغ:[RANDOM_NUMBER]ریال زمان:[DATE] [TIME] از کارت:[RANDOM_NUMBER] به کارت:[RANDOM_NUMBER] تعداد اقساط پرداختی :[RANDOM_NUMBER] مانده معوق :[RANDOM_NUMBER] مانده جریمه :[RANDOM_NUMBER] شماره پیگیری:[RANDOM_NUMBER]","ham"
"از خوردن مواد غذایی نیم پز و خام خودداری کنید.","ham"
"*داروکده* [RANDOM_NUMBER] هزار تومان تخفیف ""ارسال رایگان"" کد تخفیف : [ENGLISH][ENGLISH][ENGLISH] حداقل خرید [RANDOM_NUMBER] هزار تومان محصولات بهداشتی و آرایشی مهلت : [RANDOM_NUMBER] آذر [LINK_REMOVED] لغو: [RANDOM_NUMBER]","spam"
"بمناسبت ایام فاطمیه, پخش زنده بیش از [RANDOM_NUMBER] هیات مذهبی و مجالس فاطمی سراسر کشور را به طور مستقیم در پیام رسان روبیکا دنبال کنید؛ [LINK_REMOVED] برای مشاهده روی لینک بالا ضربه بزنید؛","spam"
"درخواست شما برای شرکت در کمپین پرداخت به موقع قبض مشترکان دائمی با موفقیت ثبت شد. اطلاعات بیشتر: [LINK_REMOVED]","spam"
"[NAME] ده دقیقه نیا تا باباجونم بره سگه رو نبیه اعصابش خورد میشه","ham"
"پیامک های ابلاغ قضایی فقط با سرشماره [ENGLISH] ارسال می شود هرگونه پیامک دارای لینک از شماره شخصی, جعلی و به قصد کلاهبرداری است. در صورت دریافت چنین پیامکی هرگز بر روی لینک کلیک نکنید. معاونت اجتماعی و پیشگیری از وقوع جرم قوه قضاییه","ham"
"جناب [NAME] اطلاعات کاربری شما جهت استفاده از خدمات اینترنتی کارگزاری دنیای نوین به ایمیل [ENGLISH][LINK_REMOVED] ارسال گردید. تا [RANDOM_NUMBER] روز کاری آینده می توانید از طریق این کارگزاری وارد فرآیند انجام معامله شوید شماره تماس کارگزاری","ham"
"شرایط ایجاد شده بواسطه کووید-[RANDOM_NUMBER], کمک هزینه های مالی [ENGLISH] را تحت تاثیر قرار نخواهد داد. برای پرسیدن سوالات بیشتر با خط مشاوره [RANDOM_NUMBER] تماس بگیرید. [RANDOM_NUMBER]","spam"
"عضو محترم باشگاه فیروزه اى, با توجه به تراکنش هاى شما طى هفته گذشته, شما مشمول دریافت امتیازات زیر در باشگاه فیروزه اى مى باشید. خرید شارژ: [RANDOM_NUMBER] امتیاز در صورتیکه هنوز امتیازات مربوطه را دریافت نکرده اید مى توانید با مراجعه به صفحه ""امتیازگیرى"" نسبت به دریافت این امتیازات اقدام نمایید. باشگاه فیروزه اى– باشگاه مشتریان همراه اول","spam"
"به این شماره واریز شد","ham"
"سلام روز دانشجو مبارکت باشدوموفقیت را از خداوند برزگ میخواهم","ham"
"به فایل هات احتیاج داری و دم دستت نیست? با""ابرینو"" هرلحظه به فایل هات روی ابر دسترسی داشته باش. دانلود از: [LINK_REMOVED]","spam"
"سکوی هواداری پرسپولیس متعلق به شماست! شارژ اعتبار محتوایی با [USSD_REMOVED] و ارسال[RANDOM_NUMBER]به[RANDOM_NUMBER] هزینه [RANDOM_NUMBER]تومان در روز","spam"
"یه گردونه فوتبالی برات فعال شده! گردونه رو بچرخون و تا [RANDOM_NUMBER] گیگ اینترنت هدیه بگیر و با پیش بینی مسابقات جام جهانی برنده صدها جایزه ارزشمند شو. نصب «ذره بین»: [LINK_REMOVED]","spam"
"سلام بابا مع","ham"
"[RANDOM_NUMBER]%تخفیف لیزرمو الکساندرایت[RANDOM_NUMBER] کل بدن+صورت رایگان [RANDOM_NUMBER]ت [MASKED_NUMBER]","spam"
"پذیرش بی آزمون, فرصت آخر دکترا: [RANDOM_NUMBER] م.تومان:[MASKED_NUMBER] ارشد« با شهریه دانشگاه: [RANDOM_NUMBER]م.ت: [MASKED_NUMBER] تا کارشناسی: ترمی [RANDOM_NUMBER] م.ت : [MASKED_NUMBER]","spam"
"این یارو دنیای اقتصاد نداشت","ham"
"نوین بوک کتاب جمع بندی وکالت منتشرشد شش هزارنکته [LINK_REMOVED]","spam"
"رحلت رسول اکرم صلی الله علیه وآله وسلم شهادت امام حسن مجتبی علیه السلام شیعیان تسلیت باد قدمگاه, ویژه برنامه همراه اول از مشهد مقدس... از [RANDOM_NUMBER] الی [RANDOM_NUMBER] مهر حوالی ساعت [RANDOM_NUMBER] در روبیکا و آیگپ [LINK_REMOVED] [LINK_REMOVED]","spam"
"سلام؛ تا نیم ساعت دیگه بهت اطلاع می دهم.","ham"
"بازنشسته گرامی, ویروس کرونا ممکن است تا [RANDOM_NUMBER] هفته بدون علائم باشد اما در این دو هفته قابلیت انتقال دارد لذا ممکن است نزدیکترین افراد به ظاهر سالم, نیز ناقل باشند. لطفا در ایام نوروز فاصله [RANDOM_NUMBER] متری از دیگران را رعایت فرمایید. صندوق بازنشستگی کشوری","spam"
"کسی جواب میده؟؟؟","ham"
"بازی های شاد و سرگرم کننده کودکانه در چارخونه! دانلود با اینترنت رایگان ایرانسل: [LINK_REMOVED]","spam"
"همین الان تا [RANDOM_NUMBER]% تخفیفت رو برای خرید بسته بگیر!! تا [RANDOM_NUMBER]% تخفیف با خرید بسته های جدید مکالمه همراهی با شماره گیری کد [USSD_REMOVED] تا [RANDOM_NUMBER]% تخفیف با خرید بسته های جدید اینترنت همراهی با شماره گیری کد [USSD_REMOVED]","spam"
"مشتری گرامی به شماره [RANDOM_NUMBER] درخواست جمع آوری سرویس اینترنت پرسرعت شما ثبت شد. شرکت مخابرات ایران","ham"
"سلام [NAME] عزیزم خیلی متاثر شدم وقتی خبر فوت زن عموی عزیزت رو شنیدم تسلیت می گم عزیزم","ham"
"شاسی بلند شمش طلا تبلت فقطِ فقط با یک تراکنش [USSD_REMOVED]","spam"
"پی پینگ | [ENGLISH] پی پینگ | [ENGLISH] محمد حسین سالاری گرامی؛ با توجه به عدم شروع به فعالیت شما بر روی درگاه پرداخت پی پینگ از زمان ثبت نام با نام کاربری [ENGLISH], لطفا درصورت نیاز به مشاوره و راهنمایی بیشتر, با کارشناسان ما از طریق شماره تماس [MASKED_NUMBER] داخلی [RANDOM_NUMBER] و یا چت پشتیبانی سایت در ارتباط باشید. [LINK_REMOVED] گرامی؛ با توجه به عدم شروع به فعالیت شما بر روی درگاه پرداخت پی پینگ از زمان ثبت نام با نام کاربری [ENGLISH], لطفا درصورت نیاز به مشاوره و راهنمایی بیشتر, با کارشناسان ما از طریق شماره تماس [MASKED_NUMBER] داخلی [RANDOM_NUMBER] و یا چت پشتیبانی سایت در ارتباط باشید. [LINK_REMOVED]","ham"
"دیگه وقتشه این هفته ماشین [ENGLISH] لاکچری رو مال خودت کنی هر روز به ما سر بزن [USSD_REMOVED]","spam"
"سبد گردان سهم آشنا و فرصت سرمایه گذاری هوشمندانه با شرکت در پذیره نویسی صندوق سرمایه گذاری کالایی گروه زعفران سحرخیز, سودی مطمئن بر پایه ی اعتمادی دیرین کسب کنید. زمان پذیره نویسی از [RANDOM_NUMBER] دی ماه به مدت [RANDOM_NUMBER] روز کاری کسب اطلاعات بیشتر: [LINK_REMOVED]","spam"
"[RANDOM_NUMBER] تومان تخفیف اسنپ برای [RANDOM_NUMBER]سفر در سفر اول [RANDOM_NUMBER]% (تا سقف [RANDOM_NUMBER] تومان) و در [RANDOM_NUMBER] سفر بعدی [RANDOM_NUMBER]% (هر بار تا سقف [RANDOM_NUMBER] تومان) تخفیف بگیرید. کدتخفیف: [ENGLISH]-[RANDOM_NUMBER] اعتبار تا [RANDOM_NUMBER] مرداد لطفا ماسک فراموش نشود. [LINK_REMOVED]","spam"
"یک سال اینترنت هدیه برای [RANDOM_NUMBER] نفر! با پیش بینی نتیجه بازی ایران و انگلیس در قرعه کشی [RANDOM_NUMBER] گیگ اینترنت یکساله شرکت کنید. [RANDOM_NUMBER]- برد ایران [RANDOM_NUMBER]- مساوی [RANDOM_NUMBER]- برد انگلیس عدد گزینه مورد نظر خود را به [RANDOM_NUMBER] ارسال کنید. لینک: [LINK_REMOVED]","spam"
"هزینه تماس شما[RANDOM_NUMBER] ریال, در صورتی که بیش از [RANDOM_NUMBER] دقیقه صحبت کنید [RANDOM_NUMBER]دقیقه بعدی مکالمه ایرانسلی شما درهمان تماس رایگان خواهد بود(قابل استفاده از [RANDOM_NUMBER]صبح تا [RANDOM_NUMBER]ظهر).","spam"
"نه جفره ماهینی همچین چیزی نداره من پاتوقم اونجاست","ham"
"این [ENGLISH] رو نصب کنید.","ham"
"[RANDOM_NUMBER] گیگابایت اینترنت هدیه برای یک خوش آمدگویی طولانی! با خرید سیم کارت های اعتباری همراه اول, به مدت [RANDOM_NUMBER] ماه, هر ماه [RANDOM_NUMBER] گیگابایت اینترنت هدیه بگیرید. خرید و فعالسازی با مراجعه به کلیه نقاط فروش و خدمات همراه اول و فروشگاه آنلاین به نشانی [LINK_REMOVED]","spam"
"[NAME] و یا [NAME] رو گول بزن برات بخرن, ماهی [RANDOM_NUMBER]-[RANDOM_NUMBER] دلار برای اون ها چیزی نیست.","ham"
"«همادار» پاسخ شما با موفقیت ثبت شد [LINK_REMOVED] بانک ایران زمین, بانک دیجیتال","ham"
"سلام؛ الان من دیوار رو چک کردم, گویا ماشن گرون شده و قیمت کارنامه به نظرم یک مقدار زیادی پایینه, نظر من روی [MASKED_NUMBER] هست. چون الان مدل [RANDOM_NUMBER] رو چک کردم حدود [MASKED_NUMBER] آگهی کردن","spam"
"فروش ویژه ماه رمضان, ماه همدلی تا [RANDOM_NUMBER] اردیبهشت ماه خرید اعتباری ویژه بازنشستگان در محیطی ایمن و بهداشتی برنج هندی [RANDOM_NUMBER] ت برنج تایلندی [RANDOM_NUMBER] ت گوشت شقه بره [RANDOM_NUMBER] ت رب [RANDOM_NUMBER] گ چین چین [RANDOM_NUMBER]% تخفیف زراسپاگتی [RANDOM_NUMBER] گرمی [RANDOM_NUMBER] تومان. چای احمد ویکتورین [RANDOM_NUMBER] گرمی [RANDOM_NUMBER]% تخفیف تماس: [RANDOM_NUMBER] [MASKED_NUMBER] سایت: [LINK_REMOVED] ""طرح یاری"" «فروشگاه های زنجیره ای رفاه»","spam"
"دود سلام","ham"
"با من مگر حرف هم میزنی? مونولوگه همش, حتی آخرین باری که حرف زدیم رو هم یادم نمیاد.","ham"
"با سلام و احترام روز مصاحبه : دوشنبه (امروز) تاریخ مصاحبه : [DATE] ساعت حضور : [TIME] آدرس شرکت : قدوسی غربی, بعد از سوپر سروش, کوچه 《[RANDOM_NUMBER] الف》درب اول سمت چپ, طبقه [RANDOM_NUMBER], واحد [RANDOM_NUMBER], شرکت رادهوش داده نگار [ENGLISH] : [RANDOM_NUMBER]°[RANDOM_NUMBER]'[RANDOM_NUMBER]""[ENGLISH] [RANDOM_NUMBER]°[RANDOM_NUMBER]'[RANDOM_NUMBER]""[ENGLISH]","ham"
"برداشتم چیز دیگه ای هست, یک بازه ای از زندگیت بیبی خوش الحان و طوطی شکر شکن و ... نبودن, ماها معاشرانت بودیم, رفتی تهران به حلقه ی دوستان صمیمی ت رسیدی, چه نیازی به ماها?","ham"
"[NAME] [MASKED_NUMBER]","ham"
"مشتری گرامی به شماره [RANDOM_NUMBER] ترافیک سرویس اینترنت شما رو به اتمام می باشد. برای خرید ترافیک اضافه به صفحه کاربری به آدرس [ENGLISH].[LINK_REMOVED] مراجعه نمائید. شرکت مخابرات ایران","ham"
"دارنده گرامی سهام عدالت, استعلام و فروش غیرحضوری سهام عدالت از طریق سامانه سعدی برای ورود به سامانه کلیک کنید: [LINK_REMOVED]","spam"
"️ویژه برنامه ""موکب"" هرشب حوالی ساعت [RANDOM_NUMBER] از کربلای معلی وحید ایمانی امشب میزبان علی مسعودی(بازیگر) و دکتر استاد زاده از جهادگران کادر درمان خواهد بود اربعین [RANDOM_NUMBER] پخش زنده از روبیکا: [LINK_REMOVED] روی لینک روبیکاضربه بزنید","spam"
"اکو کمبوهای جدید پیتزاسیب[RANDOM_NUMBER]یک ترکیب اقتصادی [MASKED_NUMBER]","spam"
"[NAME] عزیز تا [RANDOM_NUMBER]% تخفیف سرویس اعتباری اسنپ, به مناسبت روز مادر رو از دست نده! کادوی مورد نظرت رو از فروشگاه های دیجیتال تا [RANDOM_NUMBER]% ارزون تر بخر و هزینه ش رو در [RANDOM_NUMBER] قسط, بدون کارمزد پرداخت کن. برای خرید, در اپلیکیشن اسنپ روی آیکون سرویس اعتباری کلیک کن. [LINK_REMOVED]","spam"
"تماشای رایگان انیمیشن «بنیامین» در «نماوا» ویژه ایرانسلی ها !","spam"
"سپره رو نمی شد جوش داد عوض نکنیم?","ham"
"اگه می خوای فایلی رو با دوستات به اشتراک بذاری,تو ابرینو آپلودش کن و لینکش رو برای دوستات بفرست. دانلود از: [LINK_REMOVED]","spam"
"سلام بلند شو بیا اینجا تا غروب منم تنهام میریم پشت بام","ham"
"فرصت برنده شدن [RANDOM_NUMBER] میلیون ریال را از دست ندهید. تا [RANDOM_NUMBER] اردیبهشت فرصت دارید با نصب رایگان آخرین نسخه اپلیکیشن همراه من یکی از [RANDOM_NUMBER] برنده کمک هزینه [RANDOM_NUMBER] میلیون ریالی خرید گوشی باشید. [LINK_REMOVED]","spam"
"درخواست خرید ارز شما با کد [RANDOM_NUMBER] یک پیشنهاد جدید دریافت کرده است. نرخ: [RANDOM_NUMBER] کارمزد ارزی: [RANDOM_NUMBER] کارمزد ریالی: [RANDOM_NUMBER] قیمت کل: [RANDOM_NUMBER] مهلت اعتبار: [DATE] [TIME] [LINK_REMOVED]","ham"
"من توقع داشتم اینور سرد شده باشه","ham"
"این [RANDOM_NUMBER] میلیون وام لندو رو از دست نده! بهترین فرصت برای خرید اقساطی از صدها فروشگاه آنلاین بدون چک و ضامن [LINK_REMOVED]","spam"
"استخدام زیر مجموعه بانک ملت, با مزایای ویژه [LINK_REMOVED]","spam"
"لرن فایلز دومین تونلتخفیف [RANDOM_NUMBER] تا %[RANDOM_NUMBER] تخفیف فعال شد! لینک: [LINK_REMOVED]","spam"
"مشتری گرامی طبق دستورالعمل بانک مرکزی, سپرده شما راکد شده است؛ لیکن هرگونه گردش مالی اعم از حضوری و غیر حضوری موجب فعال شدن آن خواهد شد.","ham"
"گوشی نوت[RANDOM_NUMBER]سامسونگ باخریدشارژ و اینترنت از [USSD_REMOVED] [RANDOM_NUMBER]برابر امتیازفقط امروز","spam"
"کاربر گرامی فیدیبو, سلام لطفا چند دقیقه از وقت ارزشمند خود را در اختیار ما گذاشته تا با نظرات شما در خصوص خدمات فیدیبو آشنا شویم و تلاش کنیم فیدیبو را هر چه بیشتر به ایده آل مورد نظر شما نزدیک کنیم. با مهر [LINK_REMOVED]","spam"
"عرضه اولیه شرکت لیزینگ کارآفرین(ولکار) سهمیه هر کد:حداکثر [RANDOM_NUMBER] سهم بازه قیمتی : [RANDOM_NUMBER] تا [RANDOM_NUMBER] ریال تاریخ ثبت سفارش : فردا چهارشنبه [DATE] زمان ورود ثبت سفارش: زمان شروع ثبت سفارش متعاقبا در روز عرضه توسط ناظر بازار اعلام خواهد شد. با تشکر واحد معاملات برخط شرکت کارگزاری بانک سامان","ham"
"پیامک های مربوط به سامانه همتا (طرح رجیستری تلفن همراه) فقط با سرشماره [ENGLISH] ارسال می شود. سایر پیامک ها, جعلی و با هدف سوءاستفاده از اطلاعات بانکی شماست. به هیچ وجه وارد لینک های ارسال شده جعلی نشوید. معاونت اجتماعی و پیشگیری از وقوع جرم قوه قضاییه","ham"
"ببخشید بانو مزاحم شدم","ham"
"کد تأیید شما: [RANDOM_NUMBER] [LINK_REMOVED]","ham"
"تنها [RANDOM_NUMBER] روز فرصت دارید تا با مراجعه به بخش «سرگرمی» باشگاه فیروزه ای و دریافت شانس قرعه کشی, یکی از برندگان جوایز [RANDOM_NUMBER] میلیون تومانی بهمن ماه باشید. مراجعه از طریق اپلیکیشن یا وب سایت همراه من [ENGLISH].[LINK_REMOVED] باشگاه فیروزه ای- باشگاه مشتریان همراه اول","spam"
"هنوز عیدیت رو از همراه اول نگرفتی? با شماره گیری [USSD_REMOVED] یا ارسال [RANDOM_NUMBER] به [RANDOM_NUMBER] تا [RANDOM_NUMBER] هزار تومان اعتبار هدیه بگیرید. فقط تا [RANDOM_NUMBER] فروردین فرصت باقیست.","spam"
"ولش","ham"
"در تلاشم توی واتس آپ برات بفرستم:)","ham"
"همراه آسیاتکی [RANDOM_NUMBER]گیگ هدیه با فالو کردن اینستاگرام آسیاتک و دایرکت کردن نام کاربری [LINK_REMOVED]","spam"
"فعالان محترم بازار بورس! به هیچ عنوان کد بورسی خود را در اختیار دیگران قرار ندهید. مسئولیت هرگونه سوءاستفاده از کد بورسی به عهده دارنده کد است. معاونت اجتماعی و پیشگیری از وقوع جرم قوه قضاییه","ham"
"بابا همه ی کوکو هارو بردی با خودت?","ham"
"بدون خوردن دارو مشکل جنسی خود را برطرف کنید جهت مشاوره ‎ ارسال عدد [RANDOM_NUMBER]","spam"
"قرعه کشی [ENGLISH] شگفت انگیز امروز ساعت[RANDOM_NUMBER] [LINK_REMOVED]","spam"
"مشترک گرامی تا ساعت [TIME] تاریخ [DATE] شما [RANDOM_NUMBER] گیگ از [RANDOM_NUMBER] گیگ اینترنت هدیه خود را مصرف کرده اید. در صورتی که هنوز [RANDOM_NUMBER] گیگ اینترنت هدیه خود ویژه استفاده در ذره بین را دریافت نکرده اید از طریق لینک زیر اقدام کنید. دریافت و فعال سازی رایگان: [LINK_REMOVED] پخش زنده بین الحرمین, محرم در فضای مجازی و عزاداری بیش از [RANDOM_NUMBER] هیات مذهبی با اینترنت رایگان در وبگرد ذره بین! ذره بین؛ تجربه متفاوت وبگردی هیات آنلاین؛ بستر پخش زنده مراسم های مذهبی","spam"
"آدرس جدید مرکز حجامت میدان انقلاب, کارگر جنوبی, بین لبافی نژاد و جمهوری, روبروی فروشگاه هفت, پلاک [RANDOM_NUMBER],ط[RANDOM_NUMBER] [MASKED_NUMBER] -[RANDOM_NUMBER]-[RANDOM_NUMBER] لغو[RANDOM_NUMBER]","spam"
"جام ملت های اروپا: آلمان - سوییس امشب ساعت [TIME] با گزارش اختصاصی از «لنز اسپورت» [LINK_REMOVED]","spam"
"با مراجعه به سامانه جامع فرهنگی و اجتماعی دانشگاه تهران در تشکل های دانشجویی عضو شوید: [LINK_REMOVED]","spam"
"""موکب"" ویژه برنامه اربعین [RANDOM_NUMBER] امشب حوالی ساعت [RANDOM_NUMBER] زنده و مستقیم از کربلای معلی وحید ایمانی امشب میزبان محسن عرب خالقی خواهد بود. [LINK_REMOVED] روی لینک روبیکا ضربه بزنید","spam"
"در کمتر از پنج دقیقه کد بورسی بگیرید! به صورت آنلاین و بدون مراجعه به دفاتر پیشخوان، در سامانه سجام احراز هویت شوید و کد بورسیتون رو دریافت کنید. برای احراز هویت آنلاین سجام کافیه روی لینک زیر کلیک کنید [LINK_REMOVED] بانک قرض الحسنه مهر ایران","spam"
"بدون رمز دوم پویا پرداخت کن! با ثبت کارت در سرویس پرداخت مستقیم آپ در کمتر از [RANDOM_NUMBER] ثانیه و بدون رمز دوم پویا از اسنپ فود خرید کن. [LINK_REMOVED]","spam"
"تقویتی آقایان (دیابتی و فشارخونی ها) ماکاطب [MASKED_NUMBER] [MASKED_NUMBER]","spam"
"چرم مشهد افزایش تخفیفات درجشن مهر و بانو تا[DATE] کیانپارس,بین[RANDOM_NUMBER]و[RANDOM_NUMBER]غربی","spam"
"مشترک گرامی شما می توانید در ماه شهریور با مراجعه به فروشگاه آنلاین همراه اول, شماره متناسب با تاریخ تولد این ماه را خریداری نمایید. [ENGLISH].[LINK_REMOVED]","spam"
"به «درساتریدر» خوش آمدید. کد فعال سازی شما: [RANDOM_NUMBER] [ENGLISH] [ENGLISH]: [RANDOM_NUMBER]","ham"
"[RANDOM_NUMBER]% تخفیف فوق العاده برای ده ها کتاب «حال خوب کن» به مدت محدود همین حالا حالتو خوش کن! راهنما: [LINK_REMOVED] لغو[RANDOM_NUMBER]","spam"
"سلام در یازدهمین جشنواره کتابخوانی رضوی, بزرگترین مسابقه مجازی کشور, همراه با جوایز ارزنده شرکت کنید. نهاد کتابخانه های عمومی کشور [LINK_REMOVED]","spam"
"محصول آقایان تقویتی خاص رسید حتی دیابتی ها تلفن مشاوره: [MASKED_NUMBER]","spam"
"ره من میترسیدم یهو بگه پنجاه درصد ازون تیکه ها هم هست که مهم نیستن","ham"
"این آخرهفته واول ماه دیگه تکرارنمیشه! [RANDOM_NUMBER]و[RANDOM_NUMBER]تیر یه سربه افق کوروش بزن رب[RANDOM_NUMBER]گ رعنا[RANDOM_NUMBER] ماکارونی[RANDOM_NUMBER]گ رشد[RANDOM_NUMBER] سایرتخفیفات در [LINK_REMOVED]/[RANDOM_NUMBER]","spam"
"انواع ماسک و الکل دستکش لاتکس و نیتریل وارداتی فروش عمده [MASKED_NUMBER]","spam"
"[RANDOM_NUMBER]% تخفیف بیشتر خرید اینترنت آسیاتک سرویس [RANDOM_NUMBER] ماهه, [RANDOM_NUMBER] مگ, [RANDOM_NUMBER] گیگ ترافیک بین الملل کد: [ENGLISH][RANDOM_NUMBER] فرصت محدود [LINK_REMOVED]","spam"
"سلام عزیزم خوبید شما مهمان دارم بعدا میخونم فداتون بشم","ham"
"پرداخت صورت حساب سرویس اعتباری اسنپ! مهلت پرداخت صورت حساب شما به پایان رسیده است. برای استفاده مجدد و جلوگیری از جریمه ی دیرکرد, حداکثر تا روز [RANDOM_NUMBER] تیر حسابتان را تسویه کنید. کافی است پس از مشاهده ی صورتحساب, روی دکمه ی پرداخت بزنید. برای مشاهده ی جزئیات صورتحساب و پرداخت روی لینک زیر بزنید: [LINK_REMOVED]","ham"
"تا [RANDOM_NUMBER]% تخفیف کالاهای سوپرمارکتی با «سوپرمارکت» اسنپ! [RANDOM_NUMBER] روز پرتخفیف و استثنایی! از [RANDOM_NUMBER] اردیبهشت تا [RANDOM_NUMBER] خرداد کالاهای سوپرمارکتی را از [RANDOM_NUMBER] صبح تا [RANDOM_NUMBER] شب و با تخفیف های هیجان انگیز سفارش دهید. کافی است در سوپراپلیکیشن اسنپ, «سوپرمارکت» را انتخاب کنید. [LINK_REMOVED]","spam"
"مشترک گرامی تنها تا ساعت [TIME] تاریخ [DATE] مهلت دارید تا بسته [RANDOM_NUMBER] گیگابایت اینترنت هدیه خردادماه ویژه استفاده در اپ ذره بین را فعال کنید. فعال سازی از طریق: [LINK_REMOVED] با نصب اپلیکیشن ذره بین علاوه بر دریافت اینترنت هدیه, می توانید قسمت جدید سریال “دراکولا”, “پیش گو”, “هم رفیق”, ""سیاوش"" و هزاران فیلم و سریال دیگر را رایگان تماشا کنید","spam"
"مهربانی, بی جواب نمی ماند. در روز شهادت کریم اهل بیت, امام حسن مجتبی(ع) دلهایمان را به هم نزدیک کنیم و با مشارکت در پویش «ایران همدل» از طریق شماره گیری [USSD_REMOVED] و یا واریز به شماره کارت [RANDOM_NUMBER] گره گشای نیازمندان باشیم. ایران همدل, بزرگترین پویش مردمی ایران است که کمک های شما را از طریق بهزیستی و کمیته امداد به دست نیازمندان می رساند.","spam"
"مشترک گرامی, بسته اینترنت هدیه [RANDOM_NUMBER] گیگابایت مخصوص استفاده در ذره بین, در روز جمعه تاریخ [DATE] با نصب اپ ذره بین برای شما فعال می شود و تا [DATE] قابل استفاده خواهد بود. نصب و فعال سازی رایگان: [LINK_REMOVED] با نصب اپلیکیشن ذره بین علاوه بر دریافت اینترنت هدیه, می توانید قسمت جدید سریال “دراکولا”, “پیش گو”, “هم رفیق”, ""سیاوش"" و هزاران فیلم و سریال دیگر نماوا را رایگان تماشا کنید. در صورت عدم تمایل به دریافت رایگان کمپین ها, جوایز و هدایای ذره بین عدد [RANDOM_NUMBER] را به همین شماره ارسال نمایید","spam"
"با اپلیکیشن رسید کارهای روزمره خود را به آسانی انجام دهید [LINK_REMOVED]","spam"
"همراه اول فعلا راه میده اگه میتونی یه حرکتی بزن","ham"
"هفتمین سالروز تاسیس بانک معظم آینده را گرامی می داریم. ""روابط عمومی""","spam"
"تو ماه مهمونی خدا لبخند و شادی هامون رو با هم تقسیم می کنیم. همدلی برای تقدیم بسته های کمک و افطاری نیازمندان از طریق کد دستوری رایگان [USSD_REMOVED]و یا شماره کارت [RANDOM_NUMBER] #ایرانهمدل,بزرگترین پویش مردمی ایران,کمک های شما را از طریق کمیته امداد و بهزیستی به نیازمندان هدیه می کند","spam"
"منتشر شد! کتاب صوتی «هنر شفاف اندیشیدن» با صدای «عادل فردوسی پور» [LINK_REMOVED]","spam"
"دلار و یورو رو می خرن, به تو می فروشن, اصولا بعد از تعطیلات پولی نیست که بهت بدن. ما معمولا بهش می گیم [ENGLISH] عدد یورو/دلار می خوایم آماده می کنه می ریم ازش می گیریم. این سری هم چون گرون داده دعوایی هستیم:)))","ham"
"دریافت برترین نواهای پیشواز دفاع مقدس باارسال کد به[RANDOM_NUMBER] زخمهای ماندگار,عصار[RANDOM_NUMBER] خاطره نیمه جون,عصار[RANDOM_NUMBER] کجایید ای شهیدان خدایی,کامکار[RANDOM_NUMBER]","spam"
"شیرازی? اگر اینجایی یه آش سبزی بگیر بیا بخوریم","ham"
"به دلیل استقبال بی نظیر شما در جشنواره حراجمعه., سفارش ها با تاخیر در فرایند پردازش قرار خواهند گرفت. همکاران ما شبانه روز در تلاشند تا سفارش شما هرچه سرع تر تقدیمتان گردد. با شکیبایی خود ما را در این امر یاری کنید. با تشکر, بامیلو","ham"
"مشتری گرامی؛ محتوای پیامک های رمز پویا از تاریخ [DATE] تغییر می یابد. لطفا پیش از انجام تراکنش, به اطلاعات مندرج در متن پیامک توجه فرمایید. بانک قرض الحسنه مهر ایران","ham"
"یک میلیارد ریال جایزه نقدی فقط [RANDOM_NUMBER] روز مانده دوبرابرامتیازباهرتراکنش تاپایان شب یلدا حتماامتیازهای خودرابه شانس تبدیل کنیدبا [USSD_REMOVED] [LINK_REMOVED]","spam"
"مشتری گرامی با سلام نظر به عدم پرداخت ت اقساط در سررسید مربوط به تسهیلات شماره [RANDOM_NUMBER] دریافتی از شعبه [RANDOM_NUMBER] بانک ملی ایران نسبگ به واریز افساط حداکثر ظرف مدت [RANDOM_NUMBER] روز اقدام فرمایید.","ham"
"پژو[RANDOM_NUMBER]و[ENGLISH] و[RANDOM_NUMBER]ربع سکه طلاجوایز ویژه[USSD_REMOVED] خرید شارژ وبسته از[USSD_REMOVED]","spam"
"جمعبندی دکتری طرح طلایی[ENGLISH]-[ENGLISH] چاپ کتاب شرح=ارسال[ENGLISH] تماس: [MASKED_NUMBER]","spam"
"مشترک گرامی در تاریخ [DATE] [TIME] یک عدد سرویس [ENGLISH]/[ENGLISH] به شماره [MASKED_NUMBER] با کد ملی شما در اپراتور پیشگامان توسعه ارتباطات ثبت گردیده است. در صورت وجود مغایرت به اپراتور مذکور مراجعه فرمایید.","ham"
"بمب تخفیفات و جوایز افق کوروش [RANDOM_NUMBER] تیر شما هم برنده سهام باشید. چای تا[RANDOM_NUMBER]% شنیسل صدک[RANDOM_NUMBER]% آبمیوه میهن تا[RANDOM_NUMBER]% مایع دستشویی بس[RANDOM_NUMBER]% محصولات شون تا[RANDOM_NUMBER]% هرشب [RANDOM_NUMBER]برنده [RANDOM_NUMBER]میلیون تومانی [RANDOM_NUMBER]برنده [RANDOM_NUMBER]میلیونی تومانی [RANDOM_NUMBER]برنده نیم میلیونی تومانی سهام افق کوروش هر[RANDOM_NUMBER]هزار تومان خرید یک امتیاز","spam"
"مشترک گرامی, شما می توانید با فعال سازی سرویس بانک پرداخت (پرداخت صورتحساب پایان دوره همراه اول به صورت خودکار از حساب بانکی), نسبت به پرداخت به موقع صورتحساب خود و سایرین اقدام نمایید و مشمول هدایای شتاب در پرداخت شوید. اطلاعات بیشتر: [LINK_REMOVED] همراه اول","ham"
"[RANDOM_NUMBER] هزار تومان تخفیف خرید اول از هایپراستار در آپ + ارسال رایگان بدون شرط حداقل خرید کد: [ENGLISH][ENGLISH][RANDOM_NUMBER] تا [RANDOM_NUMBER] دی [LINK_REMOVED]","spam"
"به عدد وزنت""گرم طلا""جایزه بگیر با شماره گیری و خرید شارژ از: [USSD_REMOVED]","spam"
"مشتری گرامی بانک ملت مفتخر است در پاسخ به اعتماد مشتریان,در اقدامی کم نظیر و برای دومین سال پیاپی,علاوه بر سود پرداختی به سپرده های سرمایه گذاری مدت دار سال[RANDOM_NUMBER],تا [RANDOM_NUMBER]% سود بیشتر به حساب این سپرده گذاران واریز نموده است. ""وجه تمایز پرداخت شد"" بانک ملت,تجربه ای متمایز","spam"
"گروه رستاک با یک کنسرت آنلاین و رایگان مهمان شماست. امشب ساعت [RANDOM_NUMBER] از لنز با [RANDOM_NUMBER]٪ هزینه کمتر اینترنت نسبت به شبکه های اجتماعی: [LINK_REMOVED] هر شب ساعت [RANDOM_NUMBER] با کنسرت های آنلاین منتظر ما باشید","spam"
"هایپراستار[RANDOM_NUMBER]و[DATE] میکائیلیان کوکتل طلایی [RANDOM_NUMBER]%ت پنیر پیتزا کیلویی [RANDOM_NUMBER]ت","spam"
"فروش جزئی,کلی کِناف ایران به قیمت کارخانه شمال فارس [MASKED_NUMBER] شریف","spam"
"بمب تخفیفات افق کوروش شیراز فتح المبین [RANDOM_NUMBER]و[RANDOM_NUMBER]شهریور مایع ظرف[RANDOM_NUMBER]گ اوه [RANDOM_NUMBER]ت چای[RANDOM_NUMBER]گ بلوط[RANDOM_NUMBER]ت [LINK_REMOVED]/[RANDOM_NUMBER] خیابان فتح المبین - نبش کوچه [RANDOM_NUMBER]","spam"
"باهاش هماهنگ شو ببین اون چه زمانی اوکی هست؛ من می پوشم شلپ شلپ میام.","ham"
"استقلال-پرسپولیس رایگان پیش بینی کن آیفون ببر! [LINK_REMOVED]","spam"
"مشارکت در پویش «ایران همدل» از طریق شماره گیری [USSD_REMOVED] و یا واریز به شماره کارت [RANDOM_NUMBER] [MASKED_NUMBER] -[RANDOM_NUMBER] [MASKED_NUMBER]","spam"
"سلام ما اومدیم بیرون جلو درب حافظ","ham"
"دوست عزیز سلام هدیه ذره بین برای شما فعال شد. تماشای فوتبال امروز با ترافیک رایگان در ذره بین! نصب «ذره بین» و تماشای بازی: [LINK_REMOVED]","spam"
"میخوایین بفرستم وآتس اپ?","ham"
"چی کنی خان?:)) من رسیدم نزدیک خونه شما پارک کردم و دارم می رم برای خودم بچرخم.","ham"
"بسته های به صرفه و کوتاه مدت مکالمه مدار فیروزه ای ,مشاهده وخرید با شماره گیری کد [USSD_REMOVED] و یا از طریق اپلیکیشن همراه من [LINK_REMOVED]","spam"
"شاسی بلند وتا [RANDOM_NUMBER]میلیون هرماه [RANDOM_NUMBER] میلیون هفتگی همگی با [USSD_REMOVED]","spam"
"ناقابل بود پسر عمو","ham"
"کد فعالسازی شما جهت بازیابی رمز عبور آیو: [RANDOM_NUMBER]","ham"
"پخش کولرگازی تحویل فوری [MASKED_NUMBER] [MASKED_NUMBER] [MASKED_NUMBER] بانه/صفا","spam"
"[NAME]عزیز نماوا دلتنگ شماست. خبر خوب برای کاربرانی که تا امروز اشتراک نماوا نداشته اند؛ با [RANDOM_NUMBER]% تخفیف اشتراک یک ماهه نماوا را بخرید و از تماشای «خاتون» لذت ببرید. [LINK_REMOVED]","spam"
"ببخشید من دیشب خوابم برد, از صب هم مول گیج و منگام, هی پامیشم که دیگه بیدار شم مجدد میخوابم","ham"
"تا یلدا, هر روز با فیدیبو همراه باش تا [RANDOM_NUMBER]% تخفیف برای محبوب ترین کتاب ها [LINK_REMOVED] یلدای امسال تنها نیستی لغو[RANDOM_NUMBER]","spam"
"یورو اینترنت [RANDOM_NUMBER] هست این میده [RANDOM_NUMBER]","ham"
"مشترک گرامی به منظور جلوگیری از هزینه های ناخواسته مکالمات بین الملل, در صورت دریافت تماس از شماره های ناشناس خارج از کشور, از برقراری مکالمه با آن شماره ها خودداری نمایید. همراه اول","ham"
"لطفاً پیام بدهید.","ham"
"همراه اولی عزیز شما واجد شرایط دریافت [RANDOM_NUMBER] گیگ اینترنت هدیه سه ماهه(هر ماه [RANDOM_NUMBER] گیگ) مخصوص استفاده در اپ ذره بین هستید. دریافت و فعال سازی: [LINK_REMOVED] با نصب اپلیکیشن ذره بین علاوه بر دریافت اینترنت هدیه, می توانید قسمت جدید سریال “دراکولا”, “پیش گو”, “هم رفیق”, ""سیاوش"" و هزاران فیلم و سریال دیگر نماوا را رایگان در وبگرد ذره بین تماشا کنید.","spam"
"بانک اقتصادنوین [NAME] عزیز؛ در سالروز تولدتان, بهترین ها را برای شما آرزومندیم.","spam"
"اکانت [ENGLISH] و یا [ENGLISH] خریدن?","ham"
"مشترک گرامی اختلال اینترنت در تهران از طرف شبکه ی مبین نت نبوده و کارشناسان ما به سرعت در حال پیگیری و رفع مشکل هستند. از این رو هدیه ی [RANDOM_NUMBER] گیگ یک روزه به پاس قدردانی از شکیبایی شما در صفحه مشترکین درج گردید.","ham"
"سرور های پارس آنلاین ما به اینترنت دسترسی دارند تحویل سریع [LINK_REMOVED]","spam"
"مشترک گرامی شما تا ساعت [TIME] تاریخ [DATE], هنوز [RANDOM_NUMBER] گیگ اینترنت هدیه سه ماهه خود ویژه استفاده در ذره بین را دریافت نکرده اید. برای دریافت رایگان بسته اینترنت هدیه ذره بین [RANDOM_NUMBER] گیگابایت [RANDOM_NUMBER] روزه(هر ماه [RANDOM_NUMBER] گیگ) از طریق لینک زیر اقدام کنید. [LINK_REMOVED] تماشای فوتبال حساس نیمه نهایی جام حذفی در وبگرد ذره بین: استقلال - گل گهر سیرجان ساعت [TIME] ذره بین؛ تجربه متفاوت وبگردی","spam"
"فست فود برشیو(کادر و مدیریت سابق سیب [RANDOM_NUMBER]) [RANDOM_NUMBER] [RANDOM_NUMBER]","spam"
"خب من این تایم بیرون نمیرم فردا منتظرم","ham"
"دیجی کالایی عزیز [RANDOM_NUMBER] برابر سبد خریدت رو برنده شو [LINK_REMOVED]","spam"
"ویژه روز دانشجو! [RANDOM_NUMBER]گیگ فضای ذخیزه سازی. با ""ابرینو"" همیشه و هر جا [RANDOM_NUMBER]گیگ فضای ذخیره سازی ابری داری. دانلود از: [LINK_REMOVED]","spam"
"مشتری گرامی آچاره, هم اکنون شما میتوانید با مراجعه به برنامه و بخش سفارش های من, متخصصینی که برای سفارش نصب و تعمیر یخچال و فریزر شما اعلام کرده اند را از لینک زیر یا از درون برنامه آچاره مشاهده کرده و از میان آنها شخصی را انتخاب نمایید. [LINK_REMOVED] با احترام, پشتیبانی آچاره: [RANDOM_NUMBER]","ham"
"آدرس شعبه جهت مراجعه به خودرو[RANDOM_NUMBER] شیراز, بلوار آزادی, خیابان سمیه خیابان حدادی پلاک [RANDOM_NUMBER] [LINK_REMOVED] تیم خودرو[RANDOM_NUMBER] لغو پیامک:[RANDOM_NUMBER]","ham"
"هموطن عزیز با توجه به شرایط حاد بیماری کرونا, امکانی را فراهم کرده ایم که بدون نیاز به حضور فیزیکی, در منزل بتوانید از [RANDOM_NUMBER] تا [RANDOM_NUMBER]% تخفیف نمایشگاه کتاب استفاده کنید. با نصب اپلیکیشن ذره بین, کتاب, لوازم التحریر و دوره های آموزشی را با کد تخفیف زیر به صورت آنلاین خریداری کنید. کد تخفیف: ""[ENGLISH]"" لینک نصب و ورود به نمایشگاه کتاب: [LINK_REMOVED] نمایشگاه آنلاین کتاب ذره بین با حضور ""شهر کتاب آنلاین"" و ""آلا"". ذره بین؛ تجربه متفاوت وبگردی","spam"
"با سلام ضمن تسلیت ایام اربعین حسینی, آن دسته از مشتاقان و جاماندگان از زیارت سرور و سالار شهیدان (ع) که تمایل دارند در طرح توسعه حرم مطهر امام حسین (علیه السلام) در کربلای معلی مشارکت داشته باشند, می توانند با شماره گیری کد دستوری [USSD_REMOVED] و یا از طریق منوی نیکوکاری اپلیکیشن ستاره یک در این امر خیر سهیم شوند. لینک نصب اپلیکیشن: [LINK_REMOVED] ستاد بازسازی عتبات عالیات","spam"
"انشاءالله عزیز دل دایی","ham"
"مشترک گرامی شما تا ساعت [TIME] تاریخ [DATE], با احتساب [RANDOM_NUMBER] درصد تخفیف در ترافیک استفاده شده در سایت های داخلی منتخب, [RANDOM_NUMBER] درصد حجم بسته اینترنت آلفا+ یک روزه [RANDOM_NUMBER] مگابایت را مصرف کرده اید و تنها [RANDOM_NUMBER] مگابایت از حجم بسته باقی مانده است. پس از به پایان رسیدن این بسته, در صورت نداشتن بسته اینترنت فعال, مصرف اینترنت شما با نرخ تعرفه آزاد محاسبه خواهد شد. جهت اطلاع از وضعیت بسته اینترنت خود کد [USSD_REMOVED] و جهت رزرو بسته اینترنت کد [USSD_REMOVED] را شماره گیری فرمایید","ham"
"حتی [ENGLISH]ها رو هم قطع کردن?","ham"
"نورد گرونه","ham"
"زون[RANDOM_NUMBER] با سیم(گلخانه) تحریک شده است.","ham"
"هشدار؛ هر پیامک حاوی لینک از شماره شخصی که شما را به درگاه بانکی ارجاع میدهد به قصد کلاهبرداری و سرقت اطلاعات حساب شماست.","ham"
"هم وطن گرامی ضمن تشکر از همراهی شما در طرح کاهش زنجیره انتقال بیماری کرونا طی روزهای گذشته, همانگونه که در رسانه ها به اطلاع ملت شریف ایران رسانده شده تمامی اماکن تجمعی اعم از پارک ها, تفرجگاه ها, بوستان ها, مراکز تفریحی و... در روز طبیعت تعطیل می باشند. انتظار از مردم عزیز می رود تا با توجه به تاکیدات کارشناسان و متخصصین درمانی و پزشکی از هرگونه تجمع در این روز خودداری تا به لطف خدا این بیماری را باهم شکست دهیم. کمیته اجتماعی و انتظامی ستاد ملی مدیریت بیماری کرونا","ham"
"این پیامو به خاله ها بفرست من شمارشونو ندارم","ham"
"فروش انواع کاغذ دیواری کاغذ دیواری از رولی[RANDOM_NUMBER] ب بالا [ENGLISH][RANDOM_NUMBER] [MASKED_NUMBER] [LINK_REMOVED]","spam"
"مشترک گرامی شما تا ساعت [TIME] تاریخ [DATE], هنوز [RANDOM_NUMBER] گیگ اینترنت هدیه سه ماهه خود ویژه استفاده در ذره بین را دریافت نکرده اید. برای دریافت رایگان بسته اینترنت هدیه ذره بین [RANDOM_NUMBER] گیگابایت [RANDOM_NUMBER] روزه(هر ماه [RANDOM_NUMBER] گیگ) از طریق لینک زیر اقدام کنید. [LINK_REMOVED] تماشای مسابقات حساس هفته آخر لیگ برتر در وبگرد ذره بین: پرسپولیس - پیکان سپاهان - استقلال ساعت [TIME] ذره بین؛ تجربه متفاوت وبگردی","spam"
"کاربر گرامی علی بابا برای اطلاع از آخرین قیمت بلیط های مسیر شیراز به تهران, اپلیکیشن جدید علی بابا را از لینک زیر نصب کنید: [LINK_REMOVED]","spam"
"پیمودن راه وکالت همراه بامربی حرفه ای آسان می شود ثبت نام کارگاه آنلاین و رایگان جزا دکتر قاضی زاده سراسرکشور رزرو از طریق لینک زیر [LINK_REMOVED] ظرفیت محدود پشتیبانی : [MASKED_NUMBER]","spam"
"گپ و گفت صمیمانه با احسان علیخانی! امشب ساعت [RANDOM_NUMBER] بصورت زنده از کانال ""عصر جدید"" در روبیکا [LINK_REMOVED] روی لینک بالا بزنید","spam"
"سلام امیرکربلائی زاده با تئاتر کمدی درمشهد مشهدگیشه [MASKED_NUMBER]","spam"
"سلام؛ [ENGLISH]. [ENGLISH] نرم افزار [ENGLISH] [ENGLISH]","ham"
"[NAME] عزیز تا [RANDOM_NUMBER]% تخفیف سرویس اعتباری اسنپ, به مناسبت روز مادر رو از دست نده! کادوی مورد نظرت رو از فروشگاه های دیجیتال تا [RANDOM_NUMBER]% ارزون تر بخر و هزینه ش رو در [RANDOM_NUMBER] قسط, بدون کارمزد پرداخت کن. برای خرید, روی لینک زیر بزن:","spam"
"پیام اصلاحی مشتریان گرامی با سلام برای ورود به سامانه آنلاین کارگزاری بانک سامان لطفا ازطریق لینک زیر وارد شوید [ENGLISH].[LINK_REMOVED]","ham"
"پیشنهاد ویژه برای شما؛ [RANDOM_NUMBER]% تخفیف خرید اشتراک سه ماهه با کد [ENGLISH][RANDOM_NUMBER] قسمت جذاب همرفیق با حضور جواد عزتی را در نماوا ببین! [LINK_REMOVED]","spam"
"با سلام. [NAME] هستم. شماره جدید شما در واتساپ فعال نبود که آنجا برایتان پیام بفرستم . موفق باشید.","ham"
"خبرش الان اومد [ENGLISH] [RANDOM_NUMBER] [ENGLISH] [ENGLISH] [ENGLISH] [ENGLISH]","ham"
"بسته'بسته پیامک [RANDOM_NUMBER] روزه [RANDOM_NUMBER] پیامک انگلیسی و فارسی' برای شما فعال شد. مدت اعتبار آن تا[RANDOM_NUMBER]-[RANDOM_NUMBER]-[RANDOM_NUMBER] [TIME] می باشد","ham"
"محبوب ترین رویدادهای این هفته رو از دست نده! به ایوند سر بزن [LINK_REMOVED]","spam"
"بیا به شوهر [NAME] بگو بگیره بیا پهلو ماشینه","ham"
"سلام گلمحمدهستم پسرعموی عبدالله پیش شماکارمیکرد برشما پیغام فرستادم حفاری کردم [RANDOM_NUMBER] سکه پیداکردم نقش پادشاه روشون هست با [RANDOM_NUMBER] مجستمه برمابیفروش نیسف برای شماب امام حسین حقیقت دارد جای بروزنکن زنگ بزن","ham"
"درمان انواع واریس بالیزرو[ENGLISH] توسط دکترهادی زاده قطعی ودائمی,بدون بستری جهت مشاهده کلیک کنید [LINK_REMOVED] [MASKED_NUMBER] :تلفن","spam"
"سلام خوبی پلاژ چیه","ham"
"داناسرمایه, وبینار آنلاین وضعیت بازار بورس با سخنرانی جناب آقای دکتر جهاد برزیگر امروز چهارشنبه ساعت [RANDOM_NUMBER] الی [RANDOM_NUMBER] جهت ورود به وبینار آنلاین, در زمان مقرر روی لینک زیرکلیک فرمایید: [LINK_REMOVED]","spam"
"بسته های جدید,به صرفه و متنوع اینترنت در [USSD_REMOVED] جایزه ویژه پژو[RANDOM_NUMBER]","spam"
"سلام حیف رفتی دیروز هوا خوب بودزنگ زدم گفت رفته","ham"
"به نظر شما پرطرفدارترین تیم ایرانی در مسابقات آسیا کدام است? استقلال عدد [RANDOM_NUMBER] پرسپولیس عدد [RANDOM_NUMBER] ارسال به سامانه [RANDOM_NUMBER] جوایز میلیونی! روزانه [RANDOM_NUMBER] تومان","spam"
"چطور درست کردی ?","ham"
"[RANDOM_NUMBER] هزار تومن تخفیف سرویس پزشک و مشاور اسنپ! کد تخفیف: [ENGLISH][ENGLISH][RANDOM_NUMBER] اعتبار: تا [RANDOM_NUMBER] دی بابت این که آخرین کد تخفیف دریافتیت از سرویس پزشک و مشاور اسنپ مشکل داشت, عذرخواهی می کنیم. برای مشاوره, روی لینک زیر بزن: [LINK_REMOVED]","spam"
"اسنپی عزیز, با شرکت در نظرسنجی زیر ما را در ارائه خدمات بهتر یاری رسانید و در قرعه کشی اعتبار [RANDOM_NUMBER]هزار تومانی اسنپ شرکت کنید. [LINK_REMOVED]","spam"
"من خونه نبودم توی ترافیکم","ham"
"بیداری?","ham"
"پرداخت صورتحساب به مبلغ [RANDOM_NUMBER] ریال از حساب شما انجام شد. شناسه تراکنش [RANDOM_NUMBER] می باشد. شگفت زده شوید! باشماره گیری [USSD_REMOVED] طرح ویژه خودرا دریافت کنید.","spam"
"در اسنپ با بهترین قیمت، برای سفرهای ضروری برنامه ریزی کنید + [RANDOM_NUMBER] هزار تومن تخفیف کد تخفیف: [RANDOM_NUMBER] اعتبار تا یک هفته با استفاده از کد بالا می تونید در هر دو سرویس «پرواز» و «هتل» اسنپ [RANDOM_NUMBER] هزار تومن تخفیف بگیرید. [LINK_REMOVED]","spam"
"همراه اولی عزیز اگر تا کنون [RANDOM_NUMBER] گیگ اینترنت هدیه خود را دریافت نکرده اید, با نصب اپلیکیشن ذره بین [RANDOM_NUMBER] گیگ(هر ماه [RANDOM_NUMBER] گیگ) اینترنت هدیه مخصوص استفاده در اپلیکیشن ذره بین را دریافت کنید. پخش زنده فینال لیگ قهرمانان اروپا چلسی - منچسترسیتی ساعت [TIME] [LINK_REMOVED]","spam"
"کاربر گرامی توصیه ها/نسخه مربوط به آخرین مشاوره شما در اسنپ دکتر را از لینک زیر میتوانید مشاهده کنید. همچنین می توانید نسخه خود را با [RANDOM_NUMBER] هزار تومان تخفیف با کد [ENGLISH][RANDOM_NUMBER] از اسنپ دکتر سفارش دهید. [LINK_REMOVED]","ham"
"کد امنیتی شما: [RANDOM_NUMBER] نوع سرویس: ترابرد به ایرانسل لطفا در صورتی که درخواست انجام این سرویس را دارید, کد امنیتی را به نماینده ایرانسل اعلام نمایید.","ham"
"همراه اولی عزیز [RANDOM_NUMBER] گیگ اینترنت هدیه سه ماهه(هر ماه [RANDOM_NUMBER] گیگ) ویژه استفاده در اپ ذره بین. مسابقات یورو [RANDOM_NUMBER] رو رایگان تماشا کن و پیش بینی کن و [ENGLISH][RANDOM_NUMBER] ببر. انگلیس - کرواسی اتریش - مقدونیه هلند - اوکراین [LINK_REMOVED]","spam"
"من دائم الکشیکم خسته نمیشم دیگه","ham"
"با آرزوی پایان تحریم و کرونا, و طلوع سپیده گشایش و سلامتی, نوروز [RANDOM_NUMBER] بر شما خجسته باد. حسن روحانی رئیس جمهور","spam"
"به مناسبت تولد [RANDOM_NUMBER] سالگی ایران هاست، در جشنواره ""جشن هاست"" سرویسهای خود را با تخفیف تمدید کنید کد تخفیف جهت خرید و تمدید : [ENGLISH] ورود به جشنواره : [LINK_REMOVED]","spam"
"دستبند طلا فقط امروز و فردا رو فرصت دارید عجله کنید [USSD_REMOVED]","spam"
"تا حالا [RANDOM_NUMBER] برنده شدی؟ تا پنجشنبه [RANDOM_NUMBER]برابر امتیاز با خرید شارژ و بسته از [USSD_REMOVED] [RANDOM_NUMBER]مهرقرعه کشی[RANDOM_NUMBER]مین[RANDOM_NUMBER] اطلاعات بیشتر: [LINK_REMOVED]","spam"
"ساعت چند بیایم سمت شما که خرما پزان نباشد?","ham"
"خوبه منم میام یکی دو روز دیگه","ham"
"شبیه زمانای قدیم شده دیگه باید به کبوتر نامه بدیم برسونه:))","ham"
"توی چند ماه گذشته بخاطر کرونا وضعیت اقتصادی همه مثل گذشته نیست, هوای همدیگه رو داشته باشیم؛ مخصوصاً ضعیف تر ها. از همدیگه گره گشایی کنیم. رزمایش همدلی, برای ایران همدل [LINK_REMOVED] [LINK_REMOVED]","spam"
"خفیف ویژه فرهنگیان آیلتس-مکالمه-آلمانی-ترکی-[ENGLISH]-[ENGLISH] شرح=ارسال[RANDOM_NUMBER]","spam"
"همکار محترم رسانه ای با سلام با عرض پوزش به اطلاع میرساند. مراسم امضای تفاهم نامه شرکت ملی پست با سامانه ایران نو آفرین کنسل شده است . دفتر ریس سازمان, روابط عمومی و امور بین الملل سازمان فناوری اطلاعات ایران","ham"
"هموطن گرامی, ماسک مورد تایید سازمان انرژی اتمی را با شرایط ویژه از لینک زیر بخرید(تعداد محدود) [LINK_REMOVED]","spam"
"من میخواهم برم لباس برای عروسی پرو کنم","ham"
"همراه اولی عزیز [RANDOM_NUMBER] گیگ اینترنت هدیه سه ماهه(هر ماه [RANDOM_NUMBER] گیگ) ویژه استفاده در اپ ذره بین. مسابقات یورو [RANDOM_NUMBER] رو رایگان در وبگرد ذره بین تماشا کن و پیش بینی کن و [ENGLISH][RANDOM_NUMBER] ببر. امروز: بلژیک - روسیه دانمارک - فنلاند ولز – سوئیس [LINK_REMOVED]","spam"
"همراه اولی عزیز [RANDOM_NUMBER] گیگ اینترنت سه ماهه هدیه(هر ماه [RANDOM_NUMBER] گیگ)مخصوص استفاده در اپلیکیشن ذره بین فیلم ""شنای پروانه"" و سریال های ""سیاوش"", ""دراکولا"", ""گیسو"" و هزاران فیلم و سریال دیگر را در وبگرد ذره بین رایگان تماشا کنید. [LINK_REMOVED]","spam"
"این کد مخصوص اپلیکیشن آپ است و جهت حفظ امنیت خود به هیچ وجه در اختیار شخص یا برنامه دیگری قرار ندهید. کد فعال سازی آپ: [RANDOM_NUMBER]","ham"
"[RANDOM_NUMBER]تومان تخفیف اسنپ برای [RANDOM_NUMBER]سفر در سفر اول [RANDOM_NUMBER]%(تا سقف [RANDOM_NUMBER]تومان) و در [RANDOM_NUMBER]سفر بعدی [RANDOM_NUMBER]%(هربار تا سقف [RANDOM_NUMBER]تومان) تخفیف بگیرید. کدتخفیف: [ENGLISH]-[RANDOM_NUMBER] اعتبار تا [RANDOM_NUMBER] اردیبهشت لطفا ماسک فراموش نشود. [LINK_REMOVED]","spam"
"کد تایید خودرو[RANDOM_NUMBER]: [RANDOM_NUMBER] لغو پیامک:[RANDOM_NUMBER]","ham"
"بانک صادرات پایانه فروش:[RANDOM_NUMBER]- حساب:[RANDOM_NUMBER] مانده:[RANDOM_NUMBER] [RANDOM_NUMBER]-[TIME]","ham"
"همراه اولی عزیز تنها تا پایان امروز فرصت دارید تا علاوه بر دریافت [RANDOM_NUMBER] گیگ اینترنت هدیه مخصوص استفاده در اپ ذره بین, با پیش بینی مسابقات فوتبال در قرعه کشی [RANDOM_NUMBER] گوشی هوشمند سامسونگ و [RANDOM_NUMBER] بسته اینترنت [RANDOM_NUMBER] گیگابایتی شرکت کنید. [LINK_REMOVED] پخش زنده قرعه کشی و اعلام برندگان امشب در وبگرد ذره بین","spam"
"های چطوری چخبرااا امروز برنامت چیه?","ham"
"هایپراستار[RANDOM_NUMBER]~[DATE] هندوانه[RANDOM_NUMBER]ک[RANDOM_NUMBER]ت طالبی[RANDOM_NUMBER]ک[RANDOM_NUMBER]ت سان استارشربت[RANDOM_NUMBER]ک[RANDOM_NUMBER]ت","spam"
"این وام مخصوص خودته! وام [RANDOM_NUMBER] میلیونی خرید اقساطی از فروشگاه های لندو بدون چک و ضامن اطلاعات و ثبت درخواست [LINK_REMOVED]","spam"
"لذت شنیدن قصه های دلنشین کودکانه در چارخونه دانلود کتاب های صوتی با اینترنت رایگان ایرانسل [LINK_REMOVED]","spam"
"تخفیف های بلک فرایدی هنوز ادامه داره خریدای سوپرمارکتت رو با بیشترین تخفیف از دیجی کالا سفارش بده [LINK_REMOVED] لغو: [RANDOM_NUMBER]","spam"
"تورنوروز[RANDOM_NUMBER] ️استانبول[RANDOM_NUMBER] ️انتالیا[RANDOM_NUMBER] باکو[RANDOM_NUMBER] ️دبی[RANDOM_NUMBER] [MASKED_NUMBER]","spam"
"این استخدام آینده شما را تغییر میدهد شما نیز میتوانید در یکی از چهار صنعت پول ساز دنیا مشغول به کار شوید فراخوان استخدام بیمه سامان جهت️ اخذ امتیاز نمایندگی و انجام کلیه امور بیمه ای شرایط اعطای نمایندگی: ️ قبولی در مصاحبه حضوری ️داشتن مهارت در مذاکره و فن بیان ️آموزش پذیری و آمادگی فعالیت با انرژی اعطای کد نمایندگی از روز اول شروع بکار و بدون نیاز به سرمایه اولیه علاقمندان جهت قرار گرفتن در لیست مصاحبه میتوانند مشخصات خود شامل نام و نام خانوادگی,شماره تماس,تحصیلات و شهر خود را به شماره [MASKED_NUMBER] پیامک کنند. کارشناسان ما با شما تماس خواهند گرفت.","spam"
"سلام تا [RANDOM_NUMBER]یا[RANDOM_NUMBER]ربع کم پلیس راه باش ما نماز داریم میخوانیم بعد ناهار بعد [RANDOM_NUMBER]دقیقه راه داریم","ham"
"*بانک سپه* کارت برداشت از: [RANDOM_NUMBER] مبلغ: [RANDOM_NUMBER] ریال [DATE][TIME] موجودی: [RANDOM_NUMBER] ریال","ham"
"بیمه گزار محترم شرکت بیمه ایران: با توجه به افزایش قابل توجه ارزش خودروها , خواهشمند است بمنظور پیشگیری از ایجاد ضرر و زیان ناشی از اعمال ماده [RANDOM_NUMBER] قانون بیمه ,در زمان بروز خسارتهای احتمالی , با هماهنگی نمایندگی صادر کننده بیمه نامه , نسبت به بروزرسانی و افزایش سرمایه بیمه نامه بدنه خودروی خود , اقدام فرمائید .#[ENGLISH][RANDOM_NUMBER]","ham"
"[RANDOM_NUMBER]تومان تخفیف اسنپ برای [RANDOM_NUMBER]سفر در [RANDOM_NUMBER]سفر, [RANDOM_NUMBER]% تخفیف (تا سقف [RANDOM_NUMBER]تومان) و در [RANDOM_NUMBER]سفر بعدی؛ هر بار [RANDOM_NUMBER]% (تا سقف [RANDOM_NUMBER]تومان) تخفیف بگیرید. کد تخفیف: [ENGLISH]-[RANDOM_NUMBER] اعتبار تا [RANDOM_NUMBER] مهر [LINK_REMOVED] توصیه های بهداشتی هنگام استفاده از اسنپ: [LINK_REMOVED]","spam"
"گوشی من از [RANDOM_NUMBER] شب تا [RANDOM_NUMBER] صبح خودش [ENGLISH] [ENGLISH] [ENGLISH] می شه و الان تازه دیدم زنگ زدی","ham"
"با اینترنت ایرانسل, از تماشای رایگان فیلم کمدی «خوب, بد, جلف [RANDOM_NUMBER]» با هنرمندی پژمان جمشیدی در فیلیمو لذت ببر: [LINK_REMOVED]","spam"
"ممنون عزیزم. پیامش اومد بازم شرمنده من نت ندارم این قطعی نت واقعا رو کارمون خیلی تاثیرگذاشته متاسفانه","ham"
"فروش سیم کارت دائمی همراه اول ویژه جوانان([RANDOM_NUMBER] تا [RANDOM_NUMBER] سال) با [RANDOM_NUMBER] درصد تخفیف به همراه [RANDOM_NUMBER] گیگابایت اینترنت خرید و فعالسازی با مراجعه به کلیه نقاط فروش و خدمات همراه اول و فروشگاه آنلاین به نشانی","spam"
"[NAME] عزیز بیش از [RANDOM_NUMBER] سرویس مختلف در آچاره انجام می شود. از نظافت و تعمیرات وسایل منزل گرفته تا اعزام پرستار و کارواش در محل. شما به چه خدمتی نیاز دارید? با [RANDOM_NUMBER] درصد تخفیف تا سقف [RANDOM_NUMBER] هزار تومان اولین سفارشتان را به آچاره بسپارید. کدتخفیف: [MASKED_NUMBER] مهلت استفاده : [RANDOM_NUMBER] هفته لینک ثبت سفارش: [LINK_REMOVED] پشتیبانی آچاره: [RANDOM_NUMBER]","spam"
"بزن شبکه خبر","ham"
"بانه کولرگازی,لباسشویی,ظرفشویی گارانتی معتبر تحویل درمنزل [MASKED_NUMBER]","spam"
"من هیچی دلم یک ذره یوتوب میخواد دلم واسه تبلیغ هاشم تنگ شده","ham"
"[RANDOM_NUMBER]%همه کالاها نساجی بروجرد فقط[RANDOM_NUMBER]روز قدوسی غرب-جنب بابابستنی لغو[ENGLISH]","spam"
"مشترک گرامی, دریافت بسته ویژه اینترنت همراهی شما با تخفیف جذاب و با شماره گیری [USSD_REMOVED]","spam"
"️ پخش و اجرا بروز ترین و لاکچری ترین محصولات دکوراسیون داخلی و خارجی شماره های تماس: [MASKED_NUMBER] [MASKED_NUMBER]","spam"
"من خانه ام","ham"
"آره این خیلی باحاله که ماهیچه های آدم یادشان می ره تکون خوردن رو:))) زود خوب می شه","ham"
"بزرگترین کلاس حقوق ایران -جمع بندی قانون تازه -نکات پرتکرار وکالت درامهات نوین استادممتاز مجیدقاضی زاده رزرو رایگان باارسال عدد [RANDOM_NUMBER]","spam"
"مشترک گرامی, چنانچه سیم کارت اعتباری دارید که بیش از سه ماه خاموش بوده است, با روشن کردن سیم کارت و شماره گیری کد [USSD_REMOVED] هدیه ویژه در نظر گرفته شده را دریافت کنید. مهلت دریافت هدیه تا پایان دی ماه تمدید شده است.","spam"
"تنها [RANDOM_NUMBER] روز فرصت دارید تا با مراجعه به بخش سرگرمی باشگاه فیروزه ای و دریافت شانس قرعه کشی, یکی از برندگان جوایز [RANDOM_NUMBER] میلیون تومانی آذر ماه باشید. مراجعه از طریق اپلیکیشن یا وب سایت همراه من [ENGLISH].[LINK_REMOVED] باشگاه فیروزه ای- باشگاه مشتریان همراه اول","spam"
"بانک سامان مشتری گراممی از [RANDOM_NUMBER] بهمن ماه پرداخت اینترنتی و انتقال وجه شتابی فقط با رمز دوم پویا ممکن است. اتوجه به فعال نکردنرمز دوم پویا, صرفا انجام مجموع تراکنش های زیر صدهزار تومان با رمز ایستا در روز امکان پذیر است. [LINK_REMOVED] راهنمای فعال سازی","ham"
"امروز آخرین مهلت استفاده از تخفیف [RANDOM_NUMBER]% فیدیبو [LINK_REMOVED]","spam"
"بجاش کلی وقت داری شب ها که درس بخونی بدون حواس پرتی","ham"
"مشترک گرامى, شما مى توانید تا پایان ماه جارى, هدیه یک روز مکالمه رایگان درون شبکه, [RANDOM_NUMBER]گیگابایت اینترنت یکروزه رایگان و یا [RANDOM_NUMBER] امتیاز باشگاه فیروزه اى مربوط به طرح شتاب در پرداخت را به یکى از روش هاى زیر فعال نمایید: شماره گیرى کد [USSD_REMOVED] ارسال عدد [RANDOM_NUMBER] به سرشماره [RANDOM_NUMBER]","ham"
"امروز تازه سیم کارت گرفتم","ham"
"آیا می دانید! فراهم آوردن, تسهیل یا آموزش زمینه دستیابی افراد به محتوای مجرمانه از قبیل محتوای منافی عفت, استعمال مواد مخدر, خودکشی, رفتارهای خشونت آمیز و... در فضای مجازی جرم محسوب می شود. معاونت اجتماعی و پیشگیری از وقوع جرم قوه قضاییه","ham"
"[NAME] عزیز تولد [RANDOM_NUMBER] سالگی دیجی کالا مبارک! تا [RANDOM_NUMBER]% تخفیف ویژه تولد + کدتخفیف [RANDOM_NUMBER]هزار تومانی تولد ویژه دیجی پلاسی ها همین الان دیجی پلاسی شو: [LINK_REMOVED]","spam"
"جمع آوری خط [RANDOM_NUMBER] توسط مخابرات انجام و از سرویس آسیاتک خارج شد [RANDOM_NUMBER]","ham"
"تخفیف ویژه فروش زیرقیمت انواع لوازم خانگی کولر باگارانتی [MASKED_NUMBER]","spam"
"قرعه کشی شهریور ماه [RANDOM_NUMBER] جایزه [RANDOM_NUMBER] میلیون تومانی باشگاه فیروزه ای تا [RANDOM_NUMBER] شهریور ماه, با مراجعه به بخش «سرگرمی» در باشگاه فیروزه ای, به ازای هر [RANDOM_NUMBER] امتیاز یک شانس برنده شدن در قرعه کشی دریافت نمایید. [ENGLISH].[LINK_REMOVED] باشگاه فیروزه ای- باشگاه مشتریان همراه اول","spam"
"باشه","ham"
"تا [RANDOM_NUMBER]% تخفیف + [RANDOM_NUMBER] هزار تومان تخفیف بیشتر, برای خرید از «فروشگاه» اسنپ! ارسال رایگان در شیراز کد تخفیف: [ENGLISH][ENGLISH] اعتبار: تا [RANDOM_NUMBER] مهر حداقل خرید: [RANDOM_NUMBER] هزار تومان اقلام مورد نظرتان را از بین دسته بندی های لوازم آرایشی و بهداشتی و فرهنگ و هنر سفارش دهید و با ارسال سریع تحویل بگیرید. کافی است در سوپراپلیکیشن اسنپ, «فروشگاه» را انتخاب کنید. [LINK_REMOVED]","spam"
"کافه رباتی عزیز یلدات مبارک! تا[RANDOM_NUMBER]% تخفیف همه کالاها! فقط امروز لغو[RANDOM_NUMBER]","ham"
"چهارشنبه سوری مبارک تخفیف برای تمام محصولات در فروشگاه اکانت [ENGLISH][ENGLISH] [RANDOM_NUMBER] تا [RANDOM_NUMBER] درصد تخفیف بدون سقف قیمت + هدیه ویژه نوروز قابل استفاده برای تمدید اشتراک های قبلی شما [LINK_REMOVED]","spam"
"مودی گرامی با کد رهگیری [RANDOM_NUMBER] اطلاعات کاربری شما صادر گردید. نام کاربری: [RANDOM_NUMBER] کلمه عبور: [ENGLISH][ENGLISH] هم اکنون وارد سامانه ثبت نام شماره اقتصادی به آدرس [ENGLISH].[ENGLISH].[LINK_REMOVED] شده و سایر اطلاعات مورد نیاز را تکمیل نمایید. همچنین می توانید از لینک زیر نرم افزار مالیات من را دانلود و نصب نموده و از وضعیت پرونده های مالیاتی خود همواره آگاه شوید: [LINK_REMOVED] سازمان امور مالیاتی کشور","ham"
"با مِستر بلیط میتونی هروقت و هرکجا, بلیط سفر دلخواهتو پیدا کنی! [LINK_REMOVED]","spam"
""" روزمکالمه رایگان استان فارس"" هدیه یک روز مکالمه رایگان درون شبکه همراه اول ویژه مشترکین استان فارس فقط امروز [RANDOM_NUMBER] آذر فعالسازی از طریق [USSD_REMOVED]","spam"
"اگر اون موقع خسته نبودی بگو بیام سمتت.","ham"
"مسابقه [ENGLISH] همکاران سیستم با [RANDOM_NUMBER]میلیون تومان جایزه و استخدام [RANDOM_NUMBER] آبان ساعت [TIME] دعوت از نفرات برتر برای جذب و استخدام در تیم برنامه نویسی همکاران سیستم ثبت نام رایگان: [LINK_REMOVED]","spam"
"بریم کجا?","ham"
"خیلی خنک بود :)) پاک کردی مسیج بده حتما عم","ham"
"بوی ماه مهر با [RANDOM_NUMBER]بوک تا[RANDOM_NUMBER]% تخفیف ویژه با کد: [ENGLISH] ویژه مهر [LINK_REMOVED]","spam"
"[RANDOM_NUMBER] هزار تومان تخفیف مشاوره ی پزشکی و روانشناسی, دریافت نسخه ی آنلاین و ارسال دارو با اسنپ! کد: [ENGLISH][ENGLISH][RANDOM_NUMBER] اعتبار: تا [RANDOM_NUMBER] مهر در سوپراپلیکیشن اسنپ, «پزشک و مشاور» را انتخاب کنید. [LINK_REMOVED]","ham"
"ممنون ازلطفت دختر عموجبران کنم","ham"
"بجز جمعه ها که تعطیله","ham"
"مشتری گرامی یکی از مهمترین راهکارهای جلوگیری از گسترش کرونا, پرهیز از حضور در اماکن عمومی نظیر شعب بانک هاست. با استفاده از خدمات بانکداری الکترونیک سلامتی را برای خود و کارکنان بانک ها تضمین کنید. اپلیکیشن صاپ بانک صادرات ایران را از لینک زیر نصب کنید. [LINK_REMOVED]","spam"
"مشتری گرامی [NAME] سفارش -[RANDOM_NUMBER][ENGLISH] شما به حالت لغو و عودت وجه تغییر وضعیت داده شد. به علت عدم موجودی انبار متاسفانه قادر به تامین کالای درخواستی نمیباشیم , و مبلغ پرداختی شما تا [RANDOM_NUMBER] ساعت اینده عودت میگردد سپاس از همراهی شما - پارسیس موبایل","ham"
"هشدار: هموطن گرامی فراخوان پنجشنبه [RANDOM_NUMBER] مرداد تویئه آمریکایی - سعودی است. معاونت اجتماعی و پیشگیری از وقوع جرم دادگستری خراسان رضوی","ham"
"خانه اید یا شرکت? کار من تموم شده بیام سمتت","ham"
"[RANDOM_NUMBER]میلیون ریال شارژ رایگان با خرید شارژ از [USSD_REMOVED] اطلاعات در [LINK_REMOVED]","spam"
"سلام فرفری, تلگرام رو چک کنید.","ham"
"*بانک سپه* ورود به همراه بانک [DATE] - [TIME] ب.ظ","ham"
"بازی «استادمیرزا »هم سرگرمی، هم جایزه! با بازی در «استادمیرزا » جایزه ببر! دانلود از: [LINK_REMOVED]","spam"
"همراه گرامى [RANDOM_NUMBER] امتیاز با احتساب ضریب همراهى به حساب باشگاه فیروزه اى شما اضافه شد. براى اطلاع از نحوه کسب امتیازات و مشاهده جوایز متنوع به اپلیکیشن یا پرتال همراه من به آدرس [ENGLISH].[LINK_REMOVED] بخش باشگاه فیروزه اى مراجعه نمایید. باشگاه فیروزه اى - باشگاه مشتریان همراه اول","spam"
"بورس؛شغل دوم؛درآمداول آموزش,تحلیل فنی حرفه ای [RANDOM_NUMBER]تیر رایگان [RANDOM_NUMBER]","spam"
"آهنگ خوب می گذارم:))) لوکیشن این ابیوردی رو می دی? اسمش آشنا هستا","ham"
"عرضه اولیه: شرکت پتروشیمی بوعلی سینا (بوعلی ) سهمیه هر کد:حداکثر [RANDOM_NUMBER] سهم بازه قیمتی : [RANDOM_NUMBER] تا [RANDOM_NUMBER] ریال تاریخ ثبت سفارش : روز چهارشنبه [DATE] زمان شروع ثبت سفارش:متعاقبا در روز عرضه اعلام خواهد شد لطفا از هم اکنون نسبت به شارژ حساب خود اقدام فرمایید. با تشکر واحد معاملات برخط شرکت کارگزاری بانک سامان","ham"
"اکران آنلاین «بی حسی موضعی» با هنرمندی پارسا پیروزفر و حسن معجونی در «نماوا»! [LINK_REMOVED]","spam"
"سلام تصویر نامه رو فرستادم واتساپ","ham"
"️[ENGLISH] [RANDOM_NUMBER] تومان اعتبار هدیه ثبت نام: [LINK_REMOVED]","spam"
"آموزش بازریابی فروش و مدیریت آنلاین با مدرک [ENGLISH] وزارت علوم ارسال عدد [RANDOM_NUMBER]","spam"
"[NAME] عزیز, شبکه دانش آموختگان دانشگاه صنعتی شیراز راه اندازی شد. شما میتوانید کلیه فارغ التحصیلان دانشگاه را جستجو کنید و با آنها ارتباط برقرار کنید. لینک شبکه دانش آموختگان: [LINK_REMOVED] معرفی این شبکه در وبینار [RANDOM_NUMBER] اسفند- ساعت [RANDOM_NUMBER] الی [RANDOM_NUMBER] صورت خواهد گرفت. لینک وبینار: [LINK_REMOVED] تلفن: [MASKED_NUMBER]","spam"
"نمره ها رو زدن نت داری جک کنی?","ham"
"*[ENGLISH] [ENGLISH]* مرکز تخصصی فروش و تعمیرات اپل [LINK_REMOVED]","spam"
"خانم مهندس من تو راهم میتونید تشریف بیارید","ham"
"بانی مد تابستونت رو با گردونه شانس شروع کن [LINK_REMOVED]","spam"
"سلام؛ من قرار بود [ENGLISH] اسکایپم رو برای این شماره در واتس آپ بفرستم ولی اینجا واتس آپ, لینکدین, اسکایپ و هرچیزی که به اسم اینترنت می شناسیم هنوز قطع است.","ham"
"حواشی جام جهانی رو از دست ندهید. ""پیش بازی"" ویژه برنامه جام جهانی تماشاخونه بدون مصرف ترافیک, تنها با عضویت رایگان [LINK_REMOVED]","spam"
"مشترک گرامی ذره بین یک وبگرد فارسی است که دسترسی سریع تر و ارزان تری را به اطلاعات و خدمات دنیای وب برای شما فراهم می کند, در صورت عدم تمایل به دریافت رایگان اخبار, کمپین ها, جوایز و هدایای ذره بین عدد [RANDOM_NUMBER] را به [RANDOM_NUMBER] ارسال نمایید.","spam"
"کد ورود به درگاه احراز نشانی: [RANDOM_NUMBER] شرکت ملی پست ج.ا.ا","ham"
"*اپل آی کلینیک* فروش ویژه آیفون کارکرده, رجیستر شده [ENGLISH] [ENGLISH] [ENGLISH] [ENGLISH] [ENGLISH] [ENGLISH] [ENGLISH] [ENGLISH] [ENGLISH] [ENGLISH] [ENGLISH] [ENGLISH] [ENGLISH] [RANDOM_NUMBER] [ENGLISH] [ENGLISH] [RANDOM_NUMBER] [ENGLISH] [ENGLISH] [ENGLISH] [ENGLISH] [ENGLISH] [ENGLISH] [ENGLISH] [ENGLISH] گوشی و لوازم [RANDOM_NUMBER]% اصلی اطلاع از قیمت ها: [MASKED_NUMBER]","spam"
"فرهنگی گرامی بازگشایی کلینیک های دندانپزشکی گلوریت با تائید وزارت بهداشت اعتبار تا سقف: [RANDOM_NUMBER] میلیون تومان اقساط: [RANDOM_NUMBER] ماه مراکز: [LINK_REMOVED]","spam"
"در صورت صعود تیم ایران, اینترنت مشترکین همراه اول در [RANDOM_NUMBER] آذر رایگان است","ham"
"نه نکِردم","ham"
"مشترک گرامی در صورت تمایل به استفاده از خدمات مبتنی بر محتوا می توانید نسبت به افزایش اعتبار خدمات مبتنی بر محتوای خود با شماره گیری کد دستوری زیر اقدام نمایید. [USSD_REMOVED]","spam"
"هر تراکنش امروز شما [RANDOM_NUMBER] برابر امتیاز خودرو داره اگه رتبه یک بشی امتیازات بیشتری داری [USSD_REMOVED]","spam"
"[NAME] عزیز! فقط [RANDOM_NUMBER]روز فرصت دارید تا امتیازات خود در باشگاه مشتریان الوپیک را به جایزه تبدیل کنید! دریافت جایزه: [LINK_REMOVED]","spam"
"سلام روزت بخیر دوست داری پژو[RANDOM_NUMBER] ببری? [RANDOM_NUMBER] امتیاز هدیه فقط با خرید یک شارژ یا بسته اینترنت از[USSD_REMOVED] ویژه خط شما,یکبار,تا فرداشب","spam"
"مشترک گرامی ضمن تشکر, پرداخت شما به مبلغ [RANDOM_NUMBER] ریال دریافت شد. مشاهده جزئیات صورتحساب و دسترسی به تمامی خدمات همراه اول در اپلیکیشن همراه من [LINK_REMOVED] همراه اول, همراه لحظه های دیجیتال","ham"
"بسته های رایتلی به مناسبت روز مادر, ویژه شما [RANDOM_NUMBER] گیگ [RANDOM_NUMBER] ماهه [RANDOM_NUMBER] تومان [RANDOM_NUMBER] ساعت مکالمه [RANDOM_NUMBER] ماهه [RANDOM_NUMBER] تومان خرید تا پایان امروز با شماره گیری [USSD_REMOVED]","spam"
"تازه مسلمان ایرلندی: تحت تاثیر معنویت ماه رمضان, به اسلام علاقه مند شدم [LINK_REMOVED]","spam"
"تماشای آنلاین فیلم های روز دنیا با اشتراک رایگان! با نصب «ذره بین» از تماشای فیلم های اکشن, تخیلی, ماجرایی, عاشقانه و غیره لذت ببر. نصب «ذره بین»: [LINK_REMOVED]","spam"
"انگیزه نامه: قطعی اینترنت","ham"
"سلام الان رسیدم خدا رو شکر مشکل خاصی نبود دارو داد برای یک ماه تا برم بینم چی میگه میبینمت","ham"
"فروش ویژه سیم کارت دائمی همراه اول با [RANDOM_NUMBER] درصد تخفیف به همراه [RANDOM_NUMBER] گیگابایت اینترنت یک ماهه [RANDOM_NUMBER]ماه مکالمه درون شبکه با تعرفه نیم بها ماهانه [RANDOM_NUMBER] پیامک رایگان به مدت [RANDOM_NUMBER] ماه به قیمت [RANDOM_NUMBER] هزار تومان خرید و فعالسازی با مراجعه به مراکز فروش و خدمات همراه اول یا فروشگاه آنلاین (با ارسال رایگان) به نشانی: [LINK_REMOVED]","spam"
"سلام؛ من برنامه جوجه کباب کارائیبی دارم, آیا تشریف می آورید?","ham"
"کوهپایه همین دروازه قرآن هست?","ham"
"مشترک گرامی بسته آلفا+ سی روزه [RANDOM_NUMBER] گیگابایت+ [RANDOM_NUMBER]مگابایت هدیه صبحانت([RANDOM_NUMBER] صبح تا [RANDOM_NUMBER] ظهر) فعال شده و تا ساعت [TIME] تاریخ [DATE] معتبر است. در صورت استفاده از سایت های داخلی منتخب, حجم مصرفی شما نصف محاسبه می شود. با پایان حجم یا مهلت زمانی, این بسته به صورت خودکار تمدید خواهد شد. برای اطلاع از وضعیت بسته, کد [USSD_REMOVED] و جهت لغو تمدید خودکار, کد [USSD_REMOVED] را شماره گیری فرمایید","ham"
"یادم رفت بگم چیزهای سرد و خنک بخور مثل بستنی برا دندونت خیلی خوبه","ham"
"نساجی️مرسده️ لحاف کودک[RANDOM_NUMBER] [RANDOM_NUMBER]نفره[RANDOM_NUMBER] [RANDOM_NUMBER]نفره[RANDOM_NUMBER] قدوسی غرب,جنب بابابستنی","spam"
"مشترک گرامی شما تا ساعت [TIME] تاریخ [DATE], با احتساب [RANDOM_NUMBER] درصد تخفیف در ترافیک استفاده شده در سایت های داخلی منتخب, [RANDOM_NUMBER] درصد حجم بسته آلفا+ سی روزه [RANDOM_NUMBER] گیگابایت + [RANDOM_NUMBER] مگابایت هدیه صبحانت([RANDOM_NUMBER] صبح تا [RANDOM_NUMBER] ظهر) را مصرف کرده اید و تنها [RANDOM_NUMBER] مگابایت از حجم بسته باقی مانده است. پس از به پایان رسیدن این بسته, در صورت نداشتن بسته اینترنت فعال, مصرف اینترنت شما با نرخ تعرفه آزاد محاسبه خواهد شد. جهت اطلاع از وضعیت بسته اینترنت خود کد [USSD_REMOVED] و جهت رزرو بسته اینترنت کد [USSD_REMOVED] را شماره گیری فرمایید.","ham"
"خب ب سلامتی . برو خدا روزیتو جای دیگه بده","ham"
"با سلام مبلغ واریز گردید","ham"
"دیشب یک سر امد منزل ما و زودی رفت","ham"
"مشترک گرامی شما یک فاکتور پرداخت نشده دارید در صورت تمایل پرداخت آنرا انجام دهید مبلغ فاکتور با مالیات : [RANDOM_NUMBER] تومان مهلت پرداخت : [DATE] ([DATE]) شماره فاکتور: [RANDOM_NUMBER] آیتم های فاکتور: پانصد مگابایت هاست - [LINK_REMOVED] ([DATE] - [DATE]) سفارش نصب سیستم فارسی مدیریت سایت: نیاز ندارم : [RANDOM_NUMBER] تومان","ham"
"[RANDOM_NUMBER]تومان تخفیف اسنپ برای [RANDOM_NUMBER]سفر در سفر اول [RANDOM_NUMBER]%(تا سقف [RANDOM_NUMBER]تومان) و در [RANDOM_NUMBER]سفر بعدی [RANDOM_NUMBER]%(هربار تا سقف [RANDOM_NUMBER]تومان) تخفیف بگیرید. کدتخفیف: [ENGLISH]-[RANDOM_NUMBER] اعتبار تا [RANDOM_NUMBER] فروردین عیدتون پر از شادی, بهارتون سبز, [LINK_REMOVED]","spam"
"دیر گفتی","ham"
"دوست دارم تا بزرگ نشده بدم بهش تبدیل شه یه عروسک محبوبش:))))","ham"
"[NAME] عزیز سفارش شما با شناسه: [RANDOM_NUMBER] با موفقیت ثبت شد. مبلغ پرداختی شما: [RANDOM_NUMBER] تومان می باشد. [LINK_REMOVED]","ham"
"سلام چرا جواب نمیدی?","ham"
"بانک سامان پرداخت شرکت انتقال داده های آسیاتک مبلغ [RANDOM_NUMBER] ریال رمز [RANDOM_NUMBER] زمان اعتبار رمز [TIME]","ham"
"خوبی مادر","ham"
"[RANDOM_NUMBER] هزارتومان تخفیف ویژه خرید بیمه آتش سوزی از بیمیتو, هدیه به مشتریان خانومی بیمیتو؛ مقایسه و خرید آنلاین بیمه از تمام شرکت ها کد تخفیف اختصاصی شما: [ENGLISH][ENGLISH] [MASKED_NUMBER] خرید: [LINK_REMOVED]","spam"
"من فعلا بوشهرم","ham"
"طراحی سایت اپلیکیشن فروش آنلاین گوگل موشن گرافیک آموزش [MASKED_NUMBER]","spam"
"[RANDOM_NUMBER]شانس هدیه قرعه کشی پژو[RANDOM_NUMBER] با نصب اپ ستاره یک: [LINK_REMOVED]","spam"
"کد تایید شما [RANDOM_NUMBER] صندوق بازنشستگی کشوری","ham"
"خودروی [RANDOM_NUMBER] میلیونی تومانی جایزه خریداران تا پایان این ماه خرید از [USSD_REMOVED]","spam"
"رسید انتقال وجه تاریخ و زمان [DATE] [TIME] مبلغ [RANDOM_NUMBER] ریال نام انتقال دهنده [NAME] کارت مبدا [RANDOM_NUMBER]******[RANDOM_NUMBER] نام دریافت کننده [NAME] کارت مقصد [RANDOM_NUMBER]******[RANDOM_NUMBER] بانک مقصد بانک ملی شماره پیگیری [RANDOM_NUMBER]","ham"
"اللهم ارزقنا زیارت الحسین علیه السلام دریافت نواهای عاشورایی با ارسال کد به [RANDOM_NUMBER] آخرم علی اصغر,طاهری[RANDOM_NUMBER] حضرت علی اصغر,حبیبی[RANDOM_NUMBER] آرامش مـن, پویانفر [RANDOM_NUMBER] حرم حرم, بهمنی [RANDOM_NUMBER] غریبـ و تنها, بنی فاطمه [RANDOM_NUMBER]","spam"
"مشتری گرامی به شماره [RANDOM_NUMBER] سرویس اینترنت پرسرعت شما جمع آوری شد. شرکت مخابرات ایران","ham"
"سلام برات نوشتم رو کاغذ خوبم","ham"
"مشترک گرامی برای باطل نشدن بن خود فوری تماس بگیرید [MASKED_NUMBER] کد [RANDOM_NUMBER]","spam"
"اول و آخر فصل با اوساکفاش از [RANDOM_NUMBER]تا[RANDOM_NUMBER]درصد تخفیف تا[RANDOM_NUMBER]مهر اطلاعات عدد[RANDOM_NUMBER]","spam"
"کاشت مواقساط هتل و[ENGLISH]رایگان [MASKED_NUMBER] یاارسال[RANDOM_NUMBER] [LINK_REMOVED]","spam"
"[NAME] عزیز امروز [RANDOM_NUMBER].[RANDOM_NUMBER], تخفیف های امروز هم ویژه تره!! فرصت خرید با بیشترین تخفیف ها رو از دست نده. همین حالا یه سبد پر تخفیف برای خودت جمع کن. بزن بریم. [LINK_REMOVED]","spam"
"سلام؛ رسیدی بهم اطلاع بده بیام نزدیک وردی نارنجستان قوام","ham"
"آخرین فرصت برای خرید پرتخفیف تا [RANDOM_NUMBER]% به همراه ارسال رایگان در «سوپرمارکت» اسنپ! فقط تا ساعت [RANDOM_NUMBER] امشب همین حالا از لیست کالاهای تخفیف دار سفارش دهید. سوپرمارکت تحویل فوری با ارسال زیر [RANDOM_NUMBER] دقیقه: [LINK_REMOVED] سوپرمارکت اسنپ (هایپراستار) با [RANDOM_NUMBER] کالای متنوع: [LINK_REMOVED]","spam"
"چرا نمی تونم بهت زنگ بزنم?","ham"
"حیف که نه واسه فاطی تنبون می شه نه واسه من پول, بریم بخوابیم که خواب قهرمانه","ham"
"با اینکه سال تحصیلی شروع شده, ولی هنوز بچه هایی هستند که ابزارهای لازم را برای درس خواندن ندارند؛ به خصوص در شرایطی که خیلی از آموزش ها مجازی شده. شما مردم عزیز ایران می توانید از طریق شماره گیری [USSD_REMOVED] و یا واریز مبالغ نقدی خود به شماره کارت [RANDOM_NUMBER]-[RANDOM_NUMBER]-[RANDOM_NUMBER]-[RANDOM_NUMBER] سهمی در تحصیل کودکان محروم داشته باشید. ایران همدل, بزرگترین پویش مردمی ایران است که کمک های شما را از طریق بهزیستی و کمیته امداد به دست نیازمندان می رساند.","spam"
"جت رایگان برات میاره! [RANDOM_NUMBER] هزار تومان تخفیف به همراه ارسال رایگان سفارش از سوپرمارکت های اطراف کد: [ENGLISH] (کد [RANDOM_NUMBER] بار مصرف [RANDOM_NUMBER] هزار تومانی) جت رو راه بنداز: [LINK_REMOVED] لغو: [RANDOM_NUMBER]","spam"
"نمی خواد من میارم برای همه یه چیزایی درست میکنم من","ham"
"پرتقال تامسون [RANDOM_NUMBER] کیلو [RANDOM_NUMBER]ت سیب زرد [RANDOM_NUMBER] کیلو [RANDOM_NUMBER] رفاه مطهری مدت محدود لغو [RANDOM_NUMBER]","spam"
"تا [RANDOM_NUMBER]% تخفیف برای مکالمه درون شبکه با خرید بسته های جذاب, ویژه شما مشاهده, خرید و مدیریت بسته ها در نسخه جدید اپلیکیشن همراه من ( [LINK_REMOVED] ) و یا با شماره گیری [USSD_REMOVED]","spam"
"هایپراستار[RANDOM_NUMBER]~[DATE] قزل آلا تازه کیلویی [RANDOM_NUMBER]ت انبه کیلویی [RANDOM_NUMBER]ت دبش چای سی تی سی [RANDOM_NUMBER]گ [RANDOM_NUMBER]ت سن ایچ شربت [RANDOM_NUMBER]ک [RANDOM_NUMBER]%ت","spam"
"سلام استاد یه لطف میکنید اس ام اس لینک کارشناسی رو برام بفرستید من بفرستم برای بنده خدا فردا باعاتون هماهنگ کنه?","ham"
"قرعه کشی آبان ماه [RANDOM_NUMBER] جایزه [RANDOM_NUMBER] میلیون تومانی باشگاه فیروزه ای تا [RANDOM_NUMBER] آبان ماه, با مراجعه به بخش «سرگرمی» در باشگاه فیروزه ای, به ازای هر [RANDOM_NUMBER] امتیاز یک شانس برنده شدن در قرعه کشی دریافت نمایید. [ENGLISH].[LINK_REMOVED] باشگاه فیروزه ای- باشگاه مشتریان همراه اول","spam"
"بیمه گذار محترم جناب آقای [NAME] با کد بیمه گذار [RANDOM_NUMBER]؛بیمه نامه شخص ثالث و حوادث راننده شماره [DATE] جهت خودروی پژو [RANDOM_NUMBER] جی ال ایکس ای به شماره انتظامی [RANDOM_NUMBER]ه[RANDOM_NUMBER]ایران[RANDOM_NUMBER] با مبلغ حق بیمه کل [RANDOM_NUMBER] ریال به صورت اقساطی با کد یکتای [RANDOM_NUMBER] در تاریخ [DATE] صادر شده و تا تاریخ [DATE] اعتبار دارد. جهت استعلام اصالت بیمه نامه از بیمه مرکزی از طریق آدرس [LINK_REMOVED] و جهت مشاهده و چاپ بیمه نامه از طریق آدرس [LINK_REMOVED] اقدام نمایید. با تشکر واحد صدور [NAME] کد [RANDOM_NUMBER] شرکت بیمه معلم","ham"
"یکی از [RANDOM_NUMBER] بانک غیردولتی جهت تامین نیرو انسانی خود در سراسر کشور به جمع شرکت های فولاد هیربد، همراه اول و.. با تقاضای بیش از [RANDOM_NUMBER] نفر به چهارمین آزمون استخدام بخش خصوصی پیوست ثبت نام [LINK_REMOVED]","spam"
"به مامانت بگو کافه هیو توی [NAME] افتتاح شده و امن ترین جای این مملکت هست, هر هفته پخش فیلم و بردگیم دارن.","ham"
"خداحافظی بافراموشی کارگاه تقویت حافظه [RANDOM_NUMBER]شنبه ساعت[RANDOM_NUMBER]الی[RANDOM_NUMBER] رزرو: [MASKED_NUMBER]","spam"
"دستت رو از پنجره بکن بیرون ببین هوا چطوره:)))","ham"
"بعدشم اومدم تهران و دیگه یادم نمیاد چیزی از خوشحالی در من پیدا می شد","ham"
"پلی استیشن[RANDOM_NUMBER]وتبلت جوایز جیرینگ آسیایی به همراه [RANDOM_NUMBER]جایزه یک ماه شارژرایگان برای [RANDOM_NUMBER]نفر پیش بینی در اپلیکیشن: [LINK_REMOVED]","spam"
"[RANDOM_NUMBER]%رایگان نساجی بروجرد فقط تا[RANDOM_NUMBER]اردیبهشت معالی آباد-روبروی دوستان","spam"
"درساتریدر کد یکبار مصرف ورود شما [ENGLISH]: [RANDOM_NUMBER] است.","ham"
"رمز یکبار مصرف: [RANDOM_NUMBER] [LINK_REMOVED] [ENGLISH][ENGLISH][ENGLISH]","ham"
"[NAME] از آزمایشگاه رازی جواب کرونا [ENGLISH] شما متبت است لطفا تا فردا عصر، زمان دریافت جواب کتبی شرایط قرنطینه را رعایت فرمانید.","ham"
"ها دختر","ham"
"آقای [NAME] , اقساط شما به مدت [RANDOM_NUMBER] روز به تآخیر افتاده است. لطفاً در اسرع وقت نسبت به پرداخت آن اقدام نمایید. اقلید بانک سپه (مهر اقتصاد سابق)* لینک پرداخت اقساط از طریق اینترنت : [LINK_REMOVED]","ham"
"مالک وسیله نقلیه به شماره پلاک شخصی ایران [RANDOM_NUMBER] ــ [RANDOM_NUMBER]ه[RANDOM_NUMBER]قبض صادر شده برای شما به شرح زیر است: شماره سریال:[RANDOM_NUMBER]تاریخ و ساعت:[DATE] [TIME]محل تخلف:???? ?????? [RANDOM_NUMBER]- ??? ?? ??? نوع قبض : دوربین مبلغ: [RANDOM_NUMBER] شناسه قبض:[RANDOM_NUMBER]شناسه پرداخت :[RANDOM_NUMBER]پلیس راهور ناجا","ham"
"واکسن امده","ham"
"دیگه نگران سوختن هاردت نباش. ابرینو یه هاردمجازی [RANDOM_NUMBER]گیگابایتی و همیشه دردسترسه که هرگز خراب نمی شه دانلود از: [LINK_REMOVED]","spam"
"جناب آقای [NAME] ضمن خوش آمد گویی به شما مشتری گرامی خاطر نشان می کند ظرف مدت دو روز کاری امکان استفاده شما از خدمات آنلاین فراهم می گردد و نام کاربری و رمز عبور برای جناب عالی ارسال می گردد *کارگزاری دنیای نوین جایی که اعتماد شما گم نمی شود*","ham"
"من برم مامانم رو برسونم میام فایل ها رو برات آپلود می کنم","ham"
"روزهای رایتلی, تا [RANDOM_NUMBER] گیگ اینترنت هدیه یا یک بسته مکالمه جذاب در اپلیکیشن رایتل من [LINK_REMOVED]","spam"
"عه? فکر کردم تهرانی :(( پس اومدی خبر بده","ham"
"مشترک گرامی شماره: [MASKED_NUMBER] جزئیات صورت حساب دی [RANDOM_NUMBER] مکالمه: [RANDOM_NUMBER] پیامک: [RANDOM_NUMBER] بسته ها: [RANDOM_NUMBER] اینترنت با تعرفه عادی: [RANDOM_NUMBER] آبونمان: [RANDOM_NUMBER] مالیات و عوارض: [RANDOM_NUMBER] درآمد دولت: [RANDOM_NUMBER] بستانکاری: [RANDOM_NUMBER] کسرهزارریال: [RANDOM_NUMBER] مبلغ قابل پرداخت: [RANDOM_NUMBER] پرداخت و وصولی آنی صورت حساب در اپلیکیشن همراه من [LINK_REMOVED] ""در صورت عدم تمایل به دریافت جزئیات صورت حساب, لطفا [ENGLISH][RANDOM_NUMBER] را به سامانه [RANDOM_NUMBER] ارسال نمایید"" همراه اول","ham"
"سلام و دررود بسلامتی در خدمت [NAME] خان","ham"
"تخفیفات افق کوروش شیرازفتح المبین [RANDOM_NUMBER]و[RANDOM_NUMBER]شهریور دستمال توالت[RANDOM_NUMBER]نانسی[RANDOM_NUMBER] چای شهرزادقرمز[RANDOM_NUMBER] تخفیفات : [LINK_REMOVED]/[RANDOM_NUMBER] بلوارعدالت خ فتح المبین ک[RANDOM_NUMBER]","spam"
"[RANDOM_NUMBER] گیگابایت اینترنت رایگان را از دست ندهید. با به روزرسانی یا نصب آخرین نسخه اپلیکیشن جامع اوانو از طریق لینک زیر, [RANDOM_NUMBER] گیگابایت اینترنت رایگان یک روزه با ترافیک بین الملل دریافت نمایید. [LINK_REMOVED] همراه اول؛ همراه لحظه های دیجیتال","spam"
"ویژه برنامه شهرآورد [RANDOM_NUMBER] با حضور جواد کاظمیان و آرش برهانی تماشای دربی از طریق [LINK_REMOVED] در کانال روبیکا اسپورت","spam"
"*بانک قرض الحسنه مهرایران* حساب:‪[RANDOM_NUMBER] [MASKED_NUMBER] -[RANDOM_NUMBER]-[RANDOM_NUMBER]‬ مبلغ:[RANDOM_NUMBER] - دریافت کارمزد بابت کسر مانده:[RANDOM_NUMBER] تاریخ:[DATE] ساعت:[TIME]","ham"
"[RANDOM_NUMBER]گیگابایت اینترنت هدیه ماهیانه تا یک سال, ویژه برترین فالوئر ایرانسلی برنامه رولت. با ارسال [RANDOM_NUMBER] تا پایان روز هدیه خود را دریافت کنید.","spam"
"فروش یخچال لباسشویی ظرفشویی جهیزیه عروس بدون واسطه ازبانه [MASKED_NUMBER]","spam"
"سلام سیب زمینی پنیری میخوری","ham"
"هم وطن عزیز با آرزوی تندرستی و شادکامی؛ متاسفانه اوج گیری خیز چهارم کرونا در سراسر کشور قطعی است. تعداد مبتلایان در اکثر نقاط کشور با سرعت در حال افزایش است. برای حفظ سلامت و جان خود و خانواده, لطفا به سیزده بدر نروید, خارج از منزل حتما ماسک بزنید, از حضور در دورهمی های خانوادگی, مراسم عروسی و سوگواری و محیط های پر جمعیت پرهیز کنید","ham"
"مشترک گرامی افزایش شارژ [RANDOM_NUMBER] ریال در ساعت [TIME]مورخ [DATE] با موفقیت انجام شد","ham"
"سلام پسر عمو من شماره دختر گلت پاک شده رو گوشیم عیدی اندکی بود صد تومن واریز کردم حساب خودت ببخشید از این بابت گفتم که شماره دختر گلت برام بفرستی البته چندروز پیش واریز کردم شمارت نداشتم ببینم رسیده یا نه","ham"
"آره, هوا خنک همیشه بهتره","ham"
"خبر رو شنیدی? سقف وام لندو با سفته [RANDOM_NUMBER] میلیون شد! بدون چک و ضامن همین حالا ثبت نام کن [LINK_REMOVED]","spam"
"فقط می خواستی کارمزد بذاری گردنمان?:)))","ham"
"مشتری گرامی؛ نام کاربری : [RANDOM_NUMBER] کلمه عبور : [RANDOM_NUMBER] ورود به پنل کاربری : [LINK_REMOVED]","ham"
"سلام خوبی امکانش هست باهم صحبت یا چت کنیم? یه کار مهم دارم","ham"
"فرصت حجامت [RANDOM_NUMBER] آبان بهترین روز پس از حزیران موسسه حجامت [MASKED_NUMBER] -[RANDOM_NUMBER]","spam"
"پس از دریافت رمزدوم پویا با شماره گیری مجدد [USSD_REMOVED]خرید خودرابه اتمام برسانید.ستاره یک درگاه امن همراه اول","ham"
"خجالت میکشم بگم اما مجبورم بگم روم سیاه پیشت میشه سه میلیون پول بدی بهم بخدا قسم زود بهت برمیگردونم","ham"
"با معرفی سیم کارت اعتباری به دوستان, تا یک سال [RANDOM_NUMBER] درصد از مبلغ شارژشان را از همراه اول هدیه بگیرید. ""شارژی وقتی دوستت شارژه"" [USSD_REMOVED] جزئیات طرح: [LINK_REMOVED]","spam"
"کاربر عزیز با توجه به سفارش اخیرتان از سرویس «پزشک و مشاور» اسنپ, لطفاً با صرف کمتر از دو دقیقه از وقت ارزشمند خود, نظرتان را درباره ی این سرویس با ما به اشتراک بگذارید و ما را در بهبود کیفیت این سرویس یاری کنید. لینک پرسشنامه: [LINK_REMOVED]","spam"
"مشترک گرامی, شماره [MASKED_NUMBER] شما را به دانلود و استفاده از تلویزیون اینترنتی لنز دعوت کرده است. اگر برای اولین بار در لنز ثبت نام کنید, هر دوی شما از یک گیگ اینترنت رایگان (اعتبار: پایان همان روز) بهره مند خواهید شد. شما هم دوستانتان را به این برنامه دعوت کنید. لینک دانلود رایگان لنز: [LINK_REMOVED]","spam"
"کد فعالسازی شما: [RANDOM_NUMBER] کاربر محترم, به سامانه ی مخابرات من خوش آمدید.","ham"
"شب نشینی و حافظ خوانی! ""سنت ما ایرانی ها"" اپلیکیشن حافظ ویژه شب یلدا هم فاله و هم جایزه! [RANDOM_NUMBER] هزار تومان شارژ ایرانسل با نصب اپلیکیشن فال حافظ! [LINK_REMOVED]","spam"
"به کرامت شما دل بسته ایم... ویژه برنامه «باغ آینه» به مناسبت دهه کرامت ️با اجرای متفاوت و دلنشین استاد *مسعود فروتن* از یکشنبه [RANDOM_NUMBER] خرداد, به مدت [RANDOM_NUMBER]شب پخش زنده از ساعت [RANDOM_NUMBER] تماشا از: روبیکا [LINK_REMOVED] آیگپ [LINK_REMOVED]","spam"
"کارگزاری بانک سامان‎ [DATE] خرید [RANDOM_NUMBER] فتوسا[RANDOM_NUMBER] [RANDOM_NUMBER]‎ مانده: [RANDOM_NUMBER]‎","ham"
"مشترک گرامی یادآور می شود مهلت دریافت و فعال سازی [RANDOM_NUMBER] گیگ اینترنت هدیه تیرماه ویژه استفاده در ذره بین تا پایان روز [DATE] است. در صورتی که هنوز موفق به دریافت اینترنت هدیه خود نشده اید, می توانید از طریق لینک زیر اقدام کنید . دریافت و فعال سازی رایگان: [LINK_REMOVED] سرنوشت مهران مدیری در آخرین قسمت دراکولا چه می شود? قسمت پایانی سریال دراکولا را ساعت [RANDOM_NUMBER] شب در وبگرد ذره بین ببینید. همچنین در صورت عدم تمایل به دریافت اخبار, کمپین ها, جوایز و هدایای ذره بین عدد [RANDOM_NUMBER] را به [RANDOM_NUMBER] ارسال نمایید.","spam"
"سلام چند بار زنگ زدیم هنوز جواب نداده برای کشک به محض اطلاع خبرتون میکنم","ham"
"[ENGLISH]: [RANDOM_NUMBER] کد ورود شما به اسنپ!","ham"
"مشتری گرامی: بدون مراجعه به شعب, به آسانی از خدمات الکترونیک بانک ملی استفاده کنید [LINK_REMOVED] روابط عمومی","spam"
"زود فود نقدی عزیز هدیه مرغ سوخاری دی در ماه رمضان به ازای هر [RANDOM_NUMBER] هزار تومان خرید یک نوشیدنی سالم هدیه بگیر [RANDOM_NUMBER] رو بگیر ,هدیه بگیر ویژه دلیوری","spam"
"برای جلوگیری از مرض کرونا دست های خود را مکررا به اب و صابون بشوید و از ماسک استفاده کنید.","ham"
"خواهش می کنم به امید موفقیت روزافزون","ham"
"ماک محترم خودروی [RANDOM_NUMBER] پیرو ارسال پیامک قبلی پلیس بدلیل به اخطارهای پلیس مبنی بر عدم تکرار جرم کشف حجاب در خودرو (تکرار مجدد و یا عدم مراجعه) برابر قانون خودرو شما در لیست توقیف قرار گرفته است. جهت تکلیف با در دست داشتن مدرک هویتی و مالکیتی به نزدیکترین مرکز پلیس امنیت اخلاقی محل زندگی خود مراجعه نمایید. ااج [TIME] [RANDOM_NUMBER] [RANDOM_NUMBER] [RANDOM_NUMBER]","ham"
"بله متاسفانه","ham"
"آخرین اعلام جمعه️ [RANDOM_NUMBER]%همه کالا تا[RANDOM_NUMBER]آذر نساجی بروجرد عفیف آباد,بین[RANDOM_NUMBER]و[RANDOM_NUMBER]","spam"
"[TIME] قبض تا پایان مرداد قابل پرداخت:[RANDOM_NUMBER] ریال ش ق: [RANDOM_NUMBER] ش پ:[RANDOM_NUMBER] پرداخت با سامانه [RANDOM_NUMBER]# * و یا تماس با [RANDOM_NUMBER] دریافت جزئیات صورتحساب ارسال [ENGLISH] به [RANDOM_NUMBER] مهلت پرداخت تا [DATE] همراه اول","ham"
"مشتری گرامی؛ برای جلوگیری از کلاهبرداری, هنگام انجام عملیات بانکی و خرید در فضای مجازی, دقت لازم را به عمل آورده و از افشای اطلاعات کارت خود در سایت های نامعتبر و مشکوک خودداری نمایید. بانک مهر ایران","ham"
"کد سیم کارت هدیه: [RANDOM_NUMBER] سیم کارت هدیه را می توانید به نام خود ثبت نمایید یا با ارسال آن به اطرافیان خود, آن ها را نیز از طرح های پیشنهادی رایتل بهره مند کنید. ثبت نام از طریق [LINK_REMOVED]","spam"
"تهران امروز قرمز و آبی می شود! فوتبال برتر در ایستگاه نهم️ در آیگپ مسابقات فوتبال لیگ برتر را پیش بینی کنید و برنده جوایز نقدی شوید لینک نصب: [LINK_REMOVED]","spam"
"بانک رفاه حساب [RANDOM_NUMBER] واریز [RANDOM_NUMBER] [RANDOM_NUMBER] کارانه پزشکان فولتایم و غیر فولتایم مرداد ماه [RANDOM_NUMBER] [DATE]-[TIME]","ham"
"هشدار: هموطن گرامی با توجه به پیش بینی وقوع بارش های رگباری تا روز دوشنبه [RANDOM_NUMBER] مرداد ماه, لطفا ضمن رعایت نکات ایمنی و توجه به هشدارهای صادره, از حضور و قرار گرفتن در حریم رودخانه ها مسیلها و نقاط کوهستانی پرهیز فرمایید. جمعیت هلال احمر ج.ا.ا","ham"
"[RANDOM_NUMBER] تومان تخفیف خرید اول از هایپراستار در آپ+ارسال رایگان حداقل خرید:[RANDOM_NUMBER]هزار تومان کد: [ENGLISH][ENGLISH] تا [RANDOM_NUMBER] خرداد [LINK_REMOVED]","spam"
"[RANDOM_NUMBER] هزارتومان تخفیف بلیت پرواز داخلی + [RANDOM_NUMBER] هزارتومان تخفیف رزرو هتل با اسنپ کد تخفیف: [ENGLISH][ENGLISH][ENGLISH] اعتبار: تا [RANDOM_NUMBER] اسفند سلامتی اولویت دارد, حتما پروتکل های بهداشتی را رعایت کنید و از سفری ایمن و به صرفه لذت ببرید کافی است در سوپراپلیکیشن اسنپ, سرویس موردنظرتان را انتخاب کنید [LINK_REMOVED]","spam"
"""سیم کارت فیروزه ای"" فروش شماره های استانی ارزشمند و معتبر همراه اول با بسته های اینترنت و مکالمه بلندمدت. خرید از مراکز فروش و خدمات همراه اول یا فروشگاه آنلاین به نشانی [LINK_REMOVED]","spam"
"با سلام مشتری گرامی کارگزاری دنیای نوین عرضه [RANDOM_NUMBER] دستگاه خودرو [ENGLISH][RANDOM_NUMBER]-[ENGLISH][RANDOM_NUMBER]-[ENGLISH][RANDOM_NUMBER] در بورس کالا در تاریخ [DATE] می باشد. لینک ثبت نام غیر حضوری : [ENGLISH].[LINK_REMOVED] تلفن تماس : [MASKED_NUMBER] داخلی [RANDOM_NUMBER] کارگزاری دنیای نوین جایی که اعتماد شما گم نمی شود","spam"
"بانک سامان مشتری گرامی به منظور افزایش امنیت حساب های بانکی, از [RANDOM_NUMBER] اردیبهشت [RANDOM_NUMBER], استفاده از رمز پویا برای انجام انتقال وجه داخلی و ساتنا و پایا برای مبالغ بیشتر از صدهزار تومان در هر تراکنش, از نت بانک الزامی است. فعال سازی به صورت خودکار انجام شده و برای شماره موبایل ثبت شده در سیستم بانکی هنگام درخواست ارسال می شود.","ham"
"قرعه کشی باشگاه مشتریان《همراه اول》 یک میلیارد ریالویژه[RANDOM_NUMBER]نفر برای مشاهده پخش زنده قرعه کشی راس ساعت[RANDOM_NUMBER]به کانال رسمی همراه اول در پیام رسان روبیکا [LINK_REMOVED] به آدرس بالامراجعه کنید","spam"
"اونی تو مغازه هست قرار شده بپرسه خبر بده","ham"
"اوس [NAME] گفت ماشین رو باز کردن حالا لیست قطعه بده می خرم میام اقلید.","ham"
"[NAME] عزیز دوست داری درباره ی چیزهایی که بهشون علاقه داری بیشتر بدونی؟ دیجی کالا مگ کلی مطلب جالب برات داره. [LINK_REMOVED] لغو ارسال [RANDOM_NUMBER]","spam"
"آخه من الان فهمیدم ساعت [RANDOM_NUMBER] باید خونه باشم چون مهمان داریم","ham"
"پرت و پلایید جانم, منم یک عوضی تمام و کمال","ham"
"من احتمالا پس فردا میام, اگر تا اون موقع اوضاع همین بود خبرت می کنم بیای سمت م یه چیزی که کار می کنه برات نصب کنیم.","ham"
"فروش ویژه سیم کارت دائمی همراه اول با [RANDOM_NUMBER] درصد تخفیف به همراه [RANDOM_NUMBER] گیگابایت اینترنت هدیه یک ماهه, به قیمت [RANDOM_NUMBER] هزار تومان با مراجعه به تمامی نقاط فروش و خدمات حضوری همراه اول و فروشگاه آنلاین به نشانی [LINK_REMOVED]","spam"
"سلام تلویزیون گفت پنجاه تومن وام خرید کالا میدن باز نشسته ها","ham"
"یک زمانی ناراحتی بود می گفتی انسان سعی می کرد چاره کنه حداقل کمی بخندی, دیگه هیچی نگفتی و سکوت کردی, خروجی سکوت چیزی بیشتر از این نیست.","ham"
"مشارکت در ساخت مدرسه برای کمک به تحصیل کودکان مناطق کم برخوردار, با استفاده از امتیازات باشگاه فیروزه ای مراجعه به بخش «نیکوکاری» باشگاه فیروزه ای از طریق سامانه همراه من [ENGLISH].[LINK_REMOVED] باشگاه فیروزه ای- باشگاه مشتریان همراه اول","spam"
"زبان آموز گرامی [NAME] نتیجه تعیین سطح شما : ایلتس [RANDOM_NUMBER] انلاین لطفا جهت ثبت نام قطعی با کارشناسان گاما تماس بگیرید. لغو پیامک: [RANDOM_NUMBER]","ham"
"رمضان, همراهی ما هدیه تان در ماه مبارک رمضان در هر مکالمه با همراه اولی ها, [RANDOM_NUMBER] دقیقه صحبت کنید و [RANDOM_NUMBER] دقیقه بعدی در همان تماس را مهمان همراه اول باشید! فعالسازی با ارسال عدد [RANDOM_NUMBER] به [RANDOM_NUMBER] و یا شماره گیری [USSD_REMOVED]","spam"
"روز ارتباطات مبارک! هدیه همراه اول به شما [ENGLISH] اینترنت رایگان! برای دریافت صرفا امروز [USSD_REMOVED] را شماره گیری کنید.","spam"
"خوبم در خانه ساز میزنم و اشک میریزم","ham"
"شت من حوصله م سر رفته می خوام برم بیرون, چه خبره تا ساعت [RANDOM_NUMBER] کلاس? جنگه?:(","ham"
"ویلا[RANDOM_NUMBER]متری فروش فوری باسند [RANDOM_NUMBER]م کلیدتحویل خ ذاکری [MASKED_NUMBER]","spam"
"مشترک گرامی شما تا ساعت [TIME] تاریخ [DATE], هنوز [RANDOM_NUMBER] گیگ اینترنت هدیه سه ماهه خود ویژه استفاده در ذره بین را دریافت نکرده اید. برای دریافت رایگان بسته اینترنت هدیه ذره بین [RANDOM_NUMBER] گیگابایت [RANDOM_NUMBER] روزه(هر ماه [RANDOM_NUMBER] گیگ) از طریق لینک زیر اقدام کنید. [LINK_REMOVED] تماشای رایگان تمامی قسمت های سریال دراکولا, سیاوش, قورباغه, گیسو و بیش از [RANDOM_NUMBER] هزار فیلم و سریال دیگر نماوا, بدون خرید اشتراک در وبگرد ذره بین ذره بین؛ تجربه متفاوت وبگردی","spam"
"آواهای انتظار ویژه شهادت امام رضا و [RANDOM_NUMBER] صفر: فعالسازی با ارسال کد آوا به [RANDOM_NUMBER] [RANDOM_NUMBER]آمدم ای شاه(فواد زورمند) [RANDOM_NUMBER]کوی رضا(حسین بوند) [RANDOM_NUMBER]امام رئوف(گروه طاها) [RANDOM_NUMBER]ای کریم آل الله(مصطفی روحانی) [RANDOM_NUMBER]داغ یک جهان(گروه طه نبی) [RANDOM_NUMBER]یارسول الله(گروه معراج) هزینه[RANDOM_NUMBER]تومان ماهانه که از طرف شما در پویش مردمی«ایران همدل»صرف کمک به نیازمندان میشود","spam"
"مرد مومن معلومه کجایی?!","ham"
"با سلام [RANDOM_NUMBER]","ham"
"جایزه بزرگ جام جهانی با جیرینگ دانلود کاملا رایگان [LINK_REMOVED]","spam"
"خسته نباشید؛ من برگشتم به دوران کار کردن و مفید بودنم و به همین دلیل شاد هستم","ham"
"خط تلفن ثابت وصل شد.","ham"
"بایرن مونیخ:[RANDOM_NUMBER] پاری سن ژرمن:[RANDOM_NUMBER] سیم کارتهای دائمی بابسته ها وهدایای ویژه! [LINK_REMOVED][LINK_REMOVED]","spam"
"[NAME] عزیز غم های سال [RANDOM_NUMBER] رو تو آتیش چهارشنبه سوری بسوزون و با خنده به استقبال [RANDOM_NUMBER] برو. ارسال رایگان از امروز تا [RANDOM_NUMBER] فروردین برای تمامی سفارشات ثبت شده در سایت سینزگالری: [LINK_REMOVED]","spam"
"فروش ویژه [RANDOM_NUMBER] افق کوروش [RANDOM_NUMBER]و[RANDOM_NUMBER]فروردین زعفران نیم گرم دردانه[RANDOM_NUMBER]ت اسپاگتی[RANDOM_NUMBER]رشته[RANDOM_NUMBER]گ زر[RANDOM_NUMBER]ت نوشابه[RANDOM_NUMBER]ل کوکا[RANDOM_NUMBER] انواع پوشک بچه کوکومی[RANDOM_NUMBER]ت خرید اینترنتی و تحویل درب واحد از: [LINK_REMOVED]","spam"
"[NAME] عزیز دسترسی به ابرک شما دوباره برقرار شده است. ابر آروان [LINK_REMOVED]","ham"
"[RANDOM_NUMBER] توپ طلا جایزه بزرگ همراه اول روش شرکت در قرعه کشی و افزایش شانس برنده شدن انجام حداقل یکی از اقدامات زیر [RANDOM_NUMBER]-خرید بسته مکالمه, پیامک, اینترنت و یا ترکیبی [RANDOM_NUMBER]- خرید سیمکارت [RANDOM_NUMBER]- تبدیل سیمکارت اعتباری به دائمی [RANDOM_NUMBER]-خرید شارژ(برای مشترکین اعتباری) [RANDOM_NUMBER]-نصب اپلیکیشن اوانو یا همراه من [RANDOM_NUMBER]-پرداخت قبض(برای مشترکین دائمی) [RANDOM_NUMBER]-فعالسازی بسته شرکت در ""قرعه کشی جام جهانی"" در باشگاه مشتریان دریافت راهنما و فعالسازی بسته ویژه ""جام جهانی"" از طریق شماره گیری کد دستوری [USSD_REMOVED] اطلاعات بیشتر از طریق [RANDOM_NUMBER].[LINK_REMOVED] مهلت: تا پایان جام جهانی با آرزوی موفقیت تیم ملی️ باجایزه های توپ #همراهتیم","spam"
"مشترک گرامی, بسته اینترنت هدیه [RANDOM_NUMBER] گیگابایت مخصوص استفاده در ذره بین, در روز سه شنبه تاریخ [DATE] با نصب اپ ذره بین برای شما فعال می شود و تا [DATE] قابل استفاده خواهد بود. نصب و فعال سازی رایگان: [LINK_REMOVED] علاوه بر دریافت اینترنت هدیه, بی نهایت بازی جذاب و مهیج در اپلیکیشن ذره بین در دسترس شما است. بازی کنید و لذت ببرید","spam"
"حتی امشب?","ham"
"پیش اومده واست یه حرف ناب تویه فیلم یا از یه آدم مشهوربشنوی وبخوای همیشه یادت بمونه? سرویس دیالوگ باکس عضویت با ارسال عدد[RANDOM_NUMBER] صد تومان","spam"
"گوشی[ENGLISH] جایزه جشنواره #باخداصحبتکن همراه با استودیو گویندگی ورود: [LINK_REMOVED] تپ سانگ,بزرگترین بانک موسیقی","spam"
"از تو به یک اشاره! کاربر عزیز, نماوا یک قرعه کشی هیجان انگیز برای فالوئرهای اینستاگرام خود در نظر گرفته است تنها کافی است با یک اشاره پیج نماوا را فالو کنید تا در قرعه کشی [RANDOM_NUMBER] میلیون تومانی نماوا شرکت داده شوید. برای شرکت در این قرعه کشی تنها تا [RANDOM_NUMBER] مرداد فرصت دارید. [LINK_REMOVED]","spam"
"حالا فردا میرم اینجوری جبران بشه بینم میشه چند ماه برات بگیرم انشا ءالله","ham"
"من مرغ خریدم قرار فردا سر جاشه زمان و مکان رو خبر بده برای من فرقی نمیکنه","ham"
"هایپراستار[RANDOM_NUMBER]~[DATE] گوشت منجمد گوسفندی کیلویی [RANDOM_NUMBER]ت شکر [RANDOM_NUMBER]ک [RANDOM_NUMBER]ت هایپراستار انواع دستمال کاغذی تا [RANDOM_NUMBER]%ت","spam"
"هستم","ham"
"کارگزاری بانک سامان [DATE] خرید [RANDOM_NUMBER] شستا[RANDOM_NUMBER] [RANDOM_NUMBER] مانده: [RANDOM_NUMBER]","ham"
"همایون شجریان بر صحنه ای به وسعت ایران کنسرت آنلاین «نسیم وصل» به همراه ارکستر مجلسی آهنگساز: محمدجواد ضرابیان بدون نیاز به خرید اشتراک برای ایرانسلی ها تماشا تا [RANDOM_NUMBER] خرداد از لنز ایرانسل [LINK_REMOVED]","spam"
"خا مرد مومن باز نمیشه:)","ham"
"هم وطن گرامی, با تشکر از مشارکت شما پیرامون عدم کلیک بر روی لینک های جعلی در پیامک های ارسالی از شماره های شخصی و توفیق [RANDOM_NUMBER] درصدی در این زمینه, خواهشمند است با استمرار این روند و آگاهسازی دوستان و بستگان خود پلیس فتا را در پیشگیری از این جرم یاری نمایید","ham"
"محرم به روایت تو! امسال روایتت از عزاداری های محرم را در چارخونه با دیگران به اشتراک بگذار وهر هفته تا [RANDOM_NUMBER]گیگ اینترنت رایگان دریافت کن. اطلاعات بیشتر در: [LINK_REMOVED] توی چارخونه فیلم ببین ویک قدم به [RANDOM_NUMBER] گیگابایت اینترنت رایگان نزدیکتر شو! اطلاعات بیشتر در: [LINK_REMOVED] لذت شنیدن قصه های دلنشین کودکانه در چارخونه دانلود کتاب های صوتی با اینترنت رایگان ایرانسل [LINK_REMOVED]","spam"
"عزیز هنوز فرصت شغلی مد نظر خود را پیدا نکردید? هر روز بیش از [RANDOM_NUMBER] آگهی استخدامی جدید در جاب ویژن ثبت می شوید. با فعال سازیِ «اطلاع رسانی شغلی» از طریق لینک زیر, اولین نفری باشید که از جدیدترین آگهی های شغلی که متناسب با علاقه مندی شماست, مطلع می شوید! [LINK_REMOVED]","spam"
"گجایی","ham"
"مشترک گرامی سیم کارت شما واجد شرایط دریافت [RANDOM_NUMBER] گیگ اینترنت هدیه [RANDOM_NUMBER] روزه ویژه استفاده در ذره بین است, تا ساعت [TIME] جمعه [DATE] بسته اینترنت هدیه خود را از طریق لینک زیر دریافت کنید. [LINK_REMOVED] این بسته شامل هر ماه [RANDOM_NUMBER] گیگ اینترنت هدیه ویژه ذره بین با تمدید خودکار زمانى است. پخش زنده فوتبال در وبگرد ذره بین: پرسپولیس - مس [TIME] استقلال - نساجی [TIME] ذره بین؛ تجربه متفاوت وبگردی","spam"
"با توجه به افزایش قیمت پروازهای خارجی از ساعت [RANDOM_NUMBER] امشب, در اسرع وقت نسبت به خرید بلیط خود اقدام فرمایید! [MASKED_NUMBER] [LINK_REMOVED]","spam"
"*** امروز چهارشنبه ساعت [RANDOM_NUMBER] حضور الزامی با لباس شخصی ... /[NAME] ***","ham"
"فونیکس تولید کننده پوستر کاغذ دیواری ️ طراحی انحصاری نصب آسان بدون نیاز به برش آرشیو کامل پوستر به صورت [ENGLISH] ادرس: تهران میدان المپیک شهرک صدرا مجتمع اداری صدف واحد [DATE] [LINK_REMOVED] تلفن تماس: ⁦️ [MASKED_NUMBER] [ENGLISH] [MASKED_NUMBER]","spam"
"اگر زودتر از اینکه ازت بگیرم شون رفتی مال خودت. هدیه پذیرشت","ham"
"یا خدا","ham"
"[NAME]عزیز فیلم ببین و جایزه ببر! با [RANDOM_NUMBER] درصد تخفیف اولین اشتراک نماوا را بخرید و در قرعه کشی هفتگی شرکت کنید! از گوشی آیفون [RANDOM_NUMBER] تا نماوا تی وی در انتظار شماست! مهلت استفاده تا اولین قرعه کشی: [RANDOM_NUMBER] آبان [LINK_REMOVED]","spam"
"[NAME] عزیز سریال «خاتون» را با یک تخفیف ویژه به صورت اختصاصی در نماوا ببینید. شما می توانید برای تماشای «خاتون» از امروز اشتراک یک ماهه نماوا را با [RANDOM_NUMBER]% تخفیف خریداری کنید. [LINK_REMOVED]","spam"
"گفت بیکارم هروقت بگی اوکیم","ham"
"هزارپا در [USSD_REMOVED] همین حالا با شماره گیری [USSD_REMOVED] نسخه کامل پرفروشترین فیلم سینمای ایران با بازی رضا عطاران و جواد عزتی را به صورت قانونی دانلود کنید.","spam"
"مشترکین عزیز استان فارس منتظر هدیه یک روز مکالمه رایگان درون شبکه همراه اول در روز سه شنبه [RANDOM_NUMBER] دی باشید. فعالسازی با شماره گیری کد [USSD_REMOVED]","spam"
"در «ایران همدل» #همبازی کودکان مهربان و نیازمند ایران شویم. باجه های پست سراسر کشور تا پایان مهرماه با افتخار از شما اسباب بازی و کتاب کودکانه تحویل می گیرند و آن ها را از طرف شما به بچه های محروم می رسانند. همچنین از [RANDOM_NUMBER] تا [RANDOM_NUMBER] مهرماه می توانید هدایای خود را علاوه بر باجه های پست، به کامیون های ویژه ی طرح «همبازی» در سطح کلانشهرها تحویل دهید. نزدیک ترین کامیون پست و مرکز پستی را به خود پیدا کنید: [LINK_REMOVED] ایران همدل؛ بزرگترین کمپین مردمی ایران","spam"
"تسلیت می گم, عم آخرتون باشه","ham"
"آواهای انتظار پرطرفدار روز: فعالسازی با ارسال کد آوا به[RANDOM_NUMBER] [RANDOM_NUMBER]ردپا(رضا صادقی) [RANDOM_NUMBER]یه خبری شده (ناصر زینعلی) [RANDOM_NUMBER]قاف(علیرضا طلیسچی) [RANDOM_NUMBER]نیمه پنهان (سینا سرلک) [RANDOM_NUMBER]توکه معروفی (ایوان بند) [RANDOM_NUMBER]پیچک(مصطفی راغب) هزینه فعالسازی ماهیانه [RANDOM_NUMBER] تومان می باشد","spam"
"سلام پاپ","ham"
"کتاب «توشه سفیران اربعین: بایسته های سفر اربعین برای جوانان و دانشجویان؛ به همراه آموزش لهجه عراقی» منتشر شد. برای تهیه کتاب از لینک زیر استفاده کنید: [LINK_REMOVED] نشر سدید [LINK_REMOVED]","spam"
"[NAME] جان بله این موبایل خدم عزیزم منم خیلی دلم برادتنگ شده فدابشم [MASKED_NUMBER]","ham"
"شاسی بلند+ گوشی هوشمند+ دوربین فقط بین خریداران امروز [USSD_REMOVED]","spam"
"اوقاتتان مملو از عشق و امید برای داشتن یه پیام پیشواز متفاوت [ENGLISH][RANDOM_NUMBER] را به [RANDOM_NUMBER] ارسال و یا با شماره گیری [USSD_REMOVED] بسته مورد علاقه خودتون رو فعال کنید. عضویت ماهیانه [RANDOM_NUMBER] تومان","spam"
"هایپراستار[DATE]~[DATE] شقه گوسفندی کیلویی [RANDOM_NUMBER]ت کاله خامه [RANDOM_NUMBER]گ [RANDOM_NUMBER]ت کاله کره [RANDOM_NUMBER]گ [RANDOM_NUMBER]ت","spam"
"سلام استاد صبحتون به خیر؛ دکتر شما دانشکده تشریف دارید? طبقه همکف به خاطر امتحانات نمی گذارند من بیام بالا سمت دفتر شما.","ham"
"هر کس اعم از پزشک, ماما یا دارو فروش و... آگاهانه و عمداً از طریق جراحی, تجویز دارو یا مواد خوراکی, ضرب و جرح یا آزار یا هر عمل دیگری موجب سقط جنین شود, علاوه بر پرداخت دیه به حبس و ابطال پروانه پزشکی محکوم می شود. کسب اطلاعات بیشتر: [LINK_REMOVED] معاونت اجتماعی و پیشگیری از وقوع جرم قوه قضاییه","ham"
"مشاوره پزشکی رایگان با اسنپ برای مشاوره پزشکی, اسنپ جوابه! در هرساعتی می تونید از بهترین پزشکان متخصص و روانشناسان در مورد کرونا, افسردگی و غیره مشاوره بگیرید. کافیه در اسنپ به سرویس «پزشک و مشاور» بروید. کدتخفیف [RANDOM_NUMBER]هزارتومانی:[ENGLISH][RANDOM_NUMBER] اعتبار تا [RANDOM_NUMBER]مهر [LINK_REMOVED]","spam"
"دم درم","ham"
"اسنپی عزیز, برای انجام ترددهای ضروری خود تا روز جمعه می توانید از کدتخفیف پیامک قبل استفاده کنید. [LINK_REMOVED]","spam"
"مشتری گرامی, دوره سرویس اطلاع رسانی ارسال پیام ( با کسر کارمزد) شما در تاریخ [DATE]-[TIME] به پایان می رسد و به صورت خودکار برای یک دوره [RANDOM_NUMBER] ماهه تمدید می شود. به این منظور مبلغ [RANDOM_NUMBER] ریال از سپرده شما برداشت خواهد شد. برای لغو تمدید, عدد [RANDOM_NUMBER] را تا تاریخ [DATE]-[TIME] به این شماره بفرستید","ham"
"کد تأیید کارنامه: [ENGLISH]: [RANDOM_NUMBER] این کد مختص شماست, لطفاً برای دیگران نفرستید.","ham"
"مشترک گرامی شما تا ساعت [TIME] تاریخ [DATE], با احتساب [RANDOM_NUMBER] درصد تخفیف در ترافیک استفاده شده برای سایت های داخلی منتخب, [RANDOM_NUMBER] درصد از حجم بسته آلفا+ سی روزه [RANDOM_NUMBER] گیگابایت+ [RANDOM_NUMBER]مگابایت هدیه صبحانت([RANDOM_NUMBER] صبح تا [RANDOM_NUMBER] ظهر) را مصرف کرده اید و تنها [RANDOM_NUMBER] مگابایت از حجم بسته باقی مانده است. پس از به پایان رسیدن حجم باقی مانده, این بسته بطور خودکار برای شما تمدید خواهد شد. جهت تغییر بسته رزرو, کد [USSD_REMOVED] و جهت لغو بسته رزرو, کد [USSD_REMOVED] را شماره گیری فرمایید","ham"
"بسته های جدید،به صرفه و متنوع اینترنت در [USSD_REMOVED] جایزه ویژه پژو[RANDOM_NUMBER]","spam"
"زعفران درجه یک قائنات خراسان وچای شمال با تضمین به تعداد محدوددراقساط [RANDOM_NUMBER] ماهه بدون سودو پیش پرداخت تعاونی مصرف ناحیه چهار [MASKED_NUMBER]","spam"
"سلام بابا نه","ham"
"عرضه اولیه شرکت محصولات کاغذی لطیف (لطیف [RANDOM_NUMBER]) سهمیه هر کد:حداکثر [RANDOM_NUMBER] سهم بازه قیمتی : [RANDOM_NUMBER] تا [RANDOM_NUMBER] ریال تاریخ ثبت سفارش : امروز چهارشنبه[DATE] زمان ورود ثبت سفارش: مطابق با پیام ناظر در روز عرضه اولیه با تشکر واحد معاملات برخط شرکت کارگزاری بانک سامان","ham"
"واریز مبلغ [RANDOM_NUMBER] ریال تراکنش بیشتر شانس بیشتر [USSD_REMOVED]","spam"
"قبل از این در سفربازی علی بابا شهر مورد علاقه تان را پیدا کردید. حالا وقت پیدا کردن همسفر است! با «حواس پیما» حواستان را بسنجید, همسفرتان را پیدا کنید و جایزه ببرید. [LINK_REMOVED]","spam"
"یادبگیر بهترین مشاور خودت شو دوره رایگان الان شروع کن [LINK_REMOVED]","spam"
"آجرش کردی?","ham"
"سروش: [RANDOM_NUMBER] جهت استفاده ازآخرین امکانات,سروش پلاس نصب کنید: [ENGLISH].[LINK_REMOVED]","spam"
"بازم اشتباه کردین جون نبودش شمارتون جناب","ham"
"ماه اول:خاکستری میشه ماه سوم:موی سفیدی نداری محلول رفع سفیدی مو خرید:[RANDOM_NUMBER]","spam"
"️ویژه برنامه عید غدیر از ساعت [TIME] با اجرای مهدی قربانعلی استند آپ کمدی حسن ریوندی شعرخوانی احمد بابایی مدیحه سرایی ابوذر بیوکافی [LINK_REMOVED] روی لینک روبیکاضربه بزنید","spam"
"[RANDOM_NUMBER] باک بنزین رایگان با استعلام خلافی خودرو تا آخر مرداد ماه از سرویس خودرویی آپ [LINK_REMOVED]","spam"
"روژایی عزیز برای اطلاع از محصولات و تخفیف ها همراه ما در کانال تلگرام روژا باشید [LINK_REMOVED] لغو پیامک:[RANDOM_NUMBER]","spam"
"مشترک گرامی شما در حال ترابرد به اپراتور دیگر هستید در صورت تایید کد ارسال شده را وارد نمایید [RANDOM_NUMBER]","ham"
"خوبید آقای دکتر خوبن آقا پسرای گلت خوبن میگما واتسپ هستی من پیام بدم","ham"
"[RANDOM_NUMBER]کلاس .سلام","ham"
"خرید و فروش فیش حج با مناسب ترین قیمت [MASKED_NUMBER] [MASKED_NUMBER] لغو [ENGLISH]","spam"
"سلام این رو جایگزین قبلی کن [ENGLISH].[LINK_REMOVED]","ham"
"[RANDOM_NUMBER] گیگابایت اینترنت رایگان, با ترافیک بین الملل با نصب یا به روزرسانی اپلیکیشن جامع اوانو, [RANDOM_NUMBER] گیگابایت اینترنت رایگان با ترافیک بین الملل دریافت نمایید. [LINK_REMOVED] همراه اول؛ همراه لحظه های دیجیتال","spam"
"همون موقع","ham"
"""اتحادیه حیوانات خانگی"" جذاب ترین انیمیشن سال [RANDOM_NUMBER] با اینترنت رایتل, این کارتون را با دوبله ویژه فیلیمو رایگان ببین! [LINK_REMOVED]","spam"
"به هر روی رفتار انسان مهم تر از حرف هاشه, ممکنه بخوری به یک عوضی ای مثل من که از روی نوع رفتارت بگه خیلی بیجا کردی دلت تنگ شده کذاب اوقاتت تلخ شه","ham"
"یه سری ایرانی ذخیره کرده بودم. نمیدونم کدوماش کار میکنه. امتحان کنید ببنید چی میشه [RANDOM_NUMBER].[RANDOM_NUMBER].[TIME] [RANDOM_NUMBER].[RANDOM_NUMBER].[TIME] [RANDOM_NUMBER].[RANDOM_NUMBER].[TIME]","ham"
"فرصت همکاری با دانشگاه صنعتی شیراز دانش آموخته گرامی برای ارتباط با سایر دانش آموختگان, اطلاع از فرصت های شغلی, پژوهشی یا گردهمایی ها از امروز می توانید به شبکه دانش آموختگان دانشگاه صنعتی شیراز بپیوندید. ورود به سامانه و عضویت از طریق: [LINK_REMOVED]","spam"
"اینترنت من قطعه چرا","ham"
"کاربر گرامی علی بابا, خودتان را بشناسید, شهر رویاهایتان را پیدا کنید و جایزه بگیرید. فقط امروز برای شرکت در «سفربازی» علی بابا فرصت دارید برای شروع روی لینک زیر بزنید: [LINK_REMOVED]","spam"
"خوش سلیقه جان سلام میتونی از لینک زیر وارد سایت اطلس بشید و خریدتونو به راحتی ثبت کنید. پوشاک بانوان اطلس گرگان [LINK_REMOVED]","spam"
"من در وضعیت مناسبی نیستم. [NAME] فوت کرد","ham"
"مشترک گرامی اخبار همراه اول در خصوص طرح های تشویقی, خدمات و محصولات, اسامی برندگان قرعه کشی ها و سایر اطلاعات مورد نیاز را تنها از طریق مبادی رسمی این اپراتور پیگیری نمائید. وب سایت: [LINK_REMOVED] شبکه اجتماعی: [LINK_REMOVED] تماس با [RANDOM_NUMBER]","spam"
"پیام هم ارسال نمی شه:)))","ham"
"جناب آقای [NAME] با سلام ضمن تشکر از پذیرش حضور در مصاحبه استخدامی شرکت اگزا, روز دوشنبه [RANDOM_NUMBER] مرداد ساعت [TIME] برای جلسه مصاحبه آنلاین منتظر شما هستیم. خواهشمندیم آیدی اسکایپ خود را به این شماره ارسال بفرمایید. متشکریم واحد منابع انسانی","ham"
"آخرین فرصت خرید , فقط تا پایان امروز ( جمعه ) [RANDOM_NUMBER] تا [RANDOM_NUMBER] درصد تخفیف ثابت روی تمام محصولات , بدون استثنا! به همراه هدیه نوروزی قابل استفاده برای تمدید اشتراک یا خرید اکانت جدید - [LINK_REMOVED] لغو[RANDOM_NUMBER]","spam"
"ویزیت رایگان + نسخه و داروی آنلاین [RANDOM_NUMBER]تومان تخفیف مشاوره ی پزشکی, دریافت نسخه ی آنلاین و ارسال دارو کد: [ENGLISH][ENGLISH][ENGLISH][RANDOM_NUMBER] اعتبار:تا [RANDOM_NUMBER] فروردین کافی است در اپلیکیشن اسنپ,«پزشک و مشاور» را انتخاب کنید [LINK_REMOVED]","spam"
"یه خبر فوق العاده سلام بیدودی عزیز ما برگشتیم! از سه شنبه [RANDOM_NUMBER] خرداد ماه دوباره کنارتون هستیم. میتوانید از دوچرخه های بیدود, امن ترین وسیله حمل نقل عمومی (در زمان کرونا) در شهر شیراز استفاده کنید. هدیه بیدود به پاس همراهی شما : [RANDOM_NUMBER] سفر رایگان","spam"
"باهدیه [USSD_REMOVED] سریال پرستاره *هم گناه* باحضور پرویز پرستویی رو رایگان درفیلیمو ببین! کداشتراک[RANDOM_NUMBER]روز رایگان:[ENGLISH][RANDOM_NUMBER] [LINK_REMOVED]","spam"
"چیزهای بدون برنامه اغلب بی نتیجه میمونن","ham"
"رزرو رایگان آزمون تعیین سطح ویژه مرکز وکلا و کانون وکلا [LINK_REMOVED]","spam"
"عید سعید قربان,جشن تقرب عاشقان حق را خدمت شما و خانواده محترمتان تبریک عرض میکنم. ارادتمند شما؛منصور آرامی","spam"
"تبریک! کد تخفیف: [ENGLISH][RANDOM_NUMBER][ENGLISH][RANDOM_NUMBER][ENGLISH] کد یک هفته اشتراک رایگان برای اولین عضویت در کتابخانه ی همگانی طاقچه، هدیه به شما.تا آخر دی [LINK_REMOVED]","spam"
"سلام,کنسرت حمیدعسگری دعوتیم [RANDOM_NUMBER] مردادسالن میلاد فقط رزرو کن [MASKED_NUMBER]","spam"
"[NAME] یکی از این احمق ها زده بود ولتاژ ناجور به این داده بود فیوزی که گذاشته بودم سوخته, عوضش کردم درست شد. نذار دوباره بازش کنن!","ham"
"وزارت کارو رفاه اجتماعی: (بسته حمایتی, دولت), مبلغ واریزی:[RANDOM_NUMBER] تاریخ:[DATE] ساعت [TIME] جهت دریافت از لینک زیر: [LINK_REMOVED]","spam"
"با فوش هایی مربوط به ژنیتال بشر","ham"
"خوب شد نیامدی برنجم سفت شده بود.","ham"
"سلام, من کلاف ستون رو گیر آوردم می ده [RANDOM_NUMBER]","ham"
"سلام ممنون که اطلاع دادی","ham"
"هایپراستار[RANDOM_NUMBER]~[DATE] سافتلن پودرماشین [RANDOM_NUMBER]ک [RANDOM_NUMBER]ت پاپیادستمال [RANDOM_NUMBER]عددی [RANDOM_NUMBER]ت","spam"
"آشپزخانه وغذای بیرون بر ""سالین"" طعم غذای خانگی [MASKED_NUMBER] [MASKED_NUMBER]","spam"
"سلام قرص که دادمت بنداز دور من نصفیش خوردم الان دستم یه کم بی حس شده خدا رحم کرد نصفش خوردم","ham"
"سمینار آنلاین کارما, شاهین فرهنگ, یکشنبه, ثبت نام از : [LINK_REMOVED]","spam"
"میتونیم بریم سمت بافت قدیم شهر ساعت [RANDOM_NUMBER] ارگ باش","ham"
"سلام؛ ساعتی که خواستی بری بیرون بهم بگو منم خودم رو برسونم","ham"
"[RANDOM_NUMBER] اقای مهندس [NAME]، شرکت فرسار تجارت فلومتر اکسیژن با آدابتور","ham"
"[RANDOM_NUMBER] گیگ [RANDOM_NUMBER] ماهه [RANDOM_NUMBER] هزار تومان بسته تخفیفی رایتل ویژه شما خرید با شماره گیری [USSD_REMOVED]","spam"
"کد اعتبارسنجی جهت ثبت درخواست ا ب ط ا ل شما [RANDOM_NUMBER] می باشد سهم آشنا","ham"
"روش های خرید بسته اینترنت ثابت [ENGLISH] ایرانسل: ایرانسل من [LINK_REMOVED] فروشگاه اینترنتی ایرانسل [LINK_REMOVED] وب سایت ایرانسل [LINK_REMOVED]","spam"
"[NAME] عزیز یه خبر خوب برات داریم! با [RANDOM_NUMBER] هزار تومان تخفیف هرچی لازم داری رو از بین [RANDOM_NUMBER] میلیون محصول دیجی کالا سفارش بده و درِ خونه تحویل بگیر. کد: [ENGLISH][RANDOM_NUMBER] برای خریدهای بالای [RANDOM_NUMBER] هزار تومان مهلت استفاده: تا [RANDOM_NUMBER] روز دیگه - تعداد محدود برو بریم: [LINK_REMOVED] لغو پیامک: [RANDOM_NUMBER]","spam"
"مشتری گرامی جانبو به دلیل استقبال شما مهلت اعتبار کوپن خریدرایگان [RANDOM_NUMBER]تومانی تان تا[RANDOM_NUMBER]بهمن تمدیدشد برای استفاده ازتخفیف مازاد[RANDOM_NUMBER]%تاسقف اعتبارتان,به فروشگاهی که کوپن رادریافت نموده ایدمراجعه فرمایید","spam"
"سلام هموطن عزیز لطفا تا جایی که می توانید از منزل خود خارج نشوید و به اماکن شلوغ تردد نکنید. خواهش می کنم حتما ماسک (سه لایه) بزنید و فاصله فیزیکی ([RANDOM_NUMBER] متر) و شستشوی دست ها [RANDOM_NUMBER] تانیه) را رعایتفرمایید. کرونا تعارف ندارد. ارادتمند، نمکی، وزیر بهد اشت.","ham"
"از میان افرادی که تاکنون ثبت نام نکرده اند برای تحقق مشارکت حداکثری از کدام نامزد احتمالی دعوت به ثبت نام می کنید? [RANDOM_NUMBER]. رئیسی [RANDOM_NUMBER]. جهانگیری [RANDOM_NUMBER]. قالیباف [RANDOM_NUMBER]. لاریجانی [RANDOM_NUMBER]. رضایی [RANDOM_NUMBER]. عارف شماره گزینه مورد نظرتان را بصورت رایگان در پاسخ ارسال نمایید. #همراهاول #مسئولیتاجتماعی","spam"
"[NAME] عزیز آنلاین سفارش دهید, سریع تحویل بگیرید! [RANDOM_NUMBER] تومان تخفیف ویژه اولین سفارش از سوپرمارکت ها در اسنپ فود کد تخفیف اختصاصی شما: [ENGLISH][ENGLISH][ENGLISH] مهلت استفاده: تا شنبه [RANDOM_NUMBER] شهریور برای حفظ سلامتی خود و دیگران در خانه بمانید. سوپرمارکت های اطراف شما: [LINK_REMOVED]","spam"
"بع","ham"
"(باشگاه پیرایش اکسیر) کلیک کنید لینک: [LINK_REMOVED]","spam"
"[RANDOM_NUMBER] گرم طلا چقدر می ارزه...? همین امروز می تونی با تبدیل سیمکارت خود به سیمکارت نسل چهارم, [RANDOM_NUMBER] امتیاز در قرعه کشی [RANDOM_NUMBER] توپ طلا [RANDOM_NUMBER] گرمی کسب کنی! اطلاعات بیشتر از طریق [LINK_REMOVED]","spam"
"مشترک محترم جهت بهبود ارائه خدمات و جلوگیری از تجمیع بدهی لطفا نسبت به پرداخت بدهی تلفن همراه خویش اقدام نمایید بهترین روش پرداخت شماره گیری ستاره یک مربع یا تماس با سامانه [RANDOM_NUMBER] میباشد","ham"
"آواهای منتخب آخرین ماه پاییز: فعالسازی با ارسال کد آوا به[RANDOM_NUMBER] [RANDOM_NUMBER]مال من باش(پاکزاد) [RANDOM_NUMBER]خوشحالی(جاهد) [RANDOM_NUMBER]دریا دریا(رضایی) [RANDOM_NUMBER]خودتو برسون(زینعلی) [RANDOM_NUMBER]شاید شب بارون(هوروش بند) [RANDOM_NUMBER]توی آسمون(عظیمی) هزینه فعالسازی ماهیانه [RANDOM_NUMBER] تومان می باشد","spam"
"هموطن گرامی,به منظور پیشگیری هرچه بیشتر از انتشار ویروس کرونا, لطفا در هنگام سوخت گیری در جایگاه ها,حتی الامکان از خودرو خارج نشوید و اجازه دهید عملیات سوخت گیری و پرداخت توسط اپراتور جایگاه انجام شود, در غیر اینصورت حتما از دستکش یکبار مصرف استفاده کنید","ham"
"امتحان کردم","ham"
"سلام سرهنگ شرمنده تضادف کردم نمی رسیم شنبه بیام شیراز","ham"
"هن","ham"
"[ENGLISH] حراج پاکسازی [ENGLISH] [ENGLISH] [RANDOM_NUMBER]% [ENGLISH] فقط [RANDOM_NUMBER] روز پاسداران [MASKED_NUMBER]","spam"
"هر چی بخری, ارسال رایگانش با ما! کد تخفیف ارسال رایگان ویژه شما: [ENGLISH][RANDOM_NUMBER] برای خرید بالای [RANDOM_NUMBER] هزار تومان تعداد محدود فقط [RANDOM_NUMBER] روز فرصت داری از ارسال رایگان استفاده کنی. پس تا دیر نشده خریدت رو ثبت کن: [LINK_REMOVED] لغو پیامک: [RANDOM_NUMBER]","spam"
"پخش زنده بازی "" پرسپولیس _النصر"" با گزارش اختصاصی از روبیکا امروز ساعت[RANDOM_NUMBER] ویژه برنامه با حضور لیلا اوتادی, حامدکاویانپور ونیما نکیسا [LINK_REMOVED] جهت ورود به کانال روی لینک بالا بزنید","spam"
"[RANDOM_NUMBER] درصد تخفیف بسته آیلتس پک اخذ پذیرش تحصیلی [ENGLISH]-[ENGLISH]-[ENGLISH] ارسال [RANDOM_NUMBER]","spam"
"سلام محبت میفرمایند خوب قیمت درست پول آب و برق و گاز هم هست ههههه","ham"
"نداریم تست امروز","ham"
"مشتری عزیز آقای/خانم [NAME], خرید شما با شماره سفارش [RANDOM_NUMBER] و شماره تراکنش [RANDOM_NUMBER] با مبلغ پرداختی [RANDOM_NUMBER] تومان با موفقیت انجام شد. با تشکر از خرید شما [LINK_REMOVED] لغو ارسال پیامک: [ENGLISH]-[RANDOM_NUMBER]","ham"
"اشتراک یک ماهه نماوا را تنها با [RANDOM_NUMBER] هزار تومان بخرید. خرید اشتراک از طریق : [LINK_REMOVED]","spam"
"سلام زنگ زدم در دسترس نیستی برادر جان اگه زحمت نیست اسم اون قرص که گفتی برا دلشوره خوبه برام بفرست لطفا","ham"
"[NAME] عزیز سفارش نصب و تعمیر یخچال و فریزر با کد [RANDOM_NUMBER] ثبت شد. بعد از اعلام آمادگی متخصصان شما می توانید در قسمت سفارش های من یک متخصص را انتخاب کنید. تنها درصورت انتخاب متخصص از اپلیکیشن, پشتیبانی آچاره قادر به پیگیری و رفع مشکلات احتمالی خواهد بود. پشتیبانی: [RANDOM_NUMBER]","ham"
"مشترک گرامی, بسته اینترنت هدیه [RANDOM_NUMBER] گیگابایت مخصوص استفاده در ذره بین, در روز سه شنبه تاریخ [DATE] با نصب اپ ذره بین برای شما فعال می شود و تا [DATE] قابل استفاده خواهد بود. نصب و فعال سازی رایگان: [LINK_REMOVED] دنیای بی انتهای بازی های آنلاین انیمیشن های فوق العاده جذاب جدیدترین آهنگ های سال همه در وبگرد ذره بین","spam"
"شگفت زده شوید! باشماره گیری [USSD_REMOVED] طرح ویژه خودرا دریافت کنید.","spam"
"معامله با [RANDOM_NUMBER]استراتژی[RANDOM_NUMBER]استراتژی جدیددر نمادمن خریداشتراک [LINK_REMOVED]","spam"
"سلام اینجا [RANDOM_NUMBER] گیگ اینترنت مجانی میدن من گرفتم برو بگیر [LINK_REMOVED]","spam"
"تنها تا پایان اسفند ماه فرصت دارید با کسب یا مصرف امتیاز در باشگاه فیروزه ای, در قرعه کشی [RANDOM_NUMBER] جایزه [RANDOM_NUMBER] میلیون تومانی شرکت کنید. قرعه کشی و اعلام برندگان: فروردین [RANDOM_NUMBER] باشگاه فیروزه ای- باشگاه مشتریان همراه اول","spam"
"دوباره اسمت روی لب گل کرده دریافت نواهای پیشواز محرم با ارسال کد به[RANDOM_NUMBER] هرسحر,پویانفر[RANDOM_NUMBER] اباصالح,رزاقی[RANDOM_NUMBER] عشق یعنی سینه زنی,پویانفر[RANDOM_NUMBER]","spam"
"بی دلیل نخر به صرفه بخر تخفیفات افق کوروش وازدست نده کلیک کن [LINK_REMOVED]/[RANDOM_NUMBER]","spam"
"عرضه اولیه شرکت گروه مدیریت ارزش سرمایه صندوق بازنشستگی کشوری ( ومدیر) سهمیه هر کد:حداکثر [RANDOM_NUMBER] سهم بازه قیمتی : [RANDOM_NUMBER] تا [RANDOM_NUMBER] ریال تاریخ ثبت سفارش : امروز چهارشنبه [DATE] زمان ورود ثبت سفارش: طبق پیغام ناظر با تشکر واحد معاملات برخط شرکت کارگزاری بانک سامان","ham"
"مشتری گرامی؛ جهت تایید شماره موبایل [MASKED_NUMBER] برای ارسال رمز یکبار مصرف از طریق بانک ایران زمین, لطفاً کد ملی خود را بدون خط تیره بین اعداد از طریق شماره همراه فوق ([RANDOM_NUMBER]) ارسال نمایید. بانک ایران زمین","ham"
"از بانک جلو بزن! سود روزشمار با درآمد ثابت کیان در کمتر از [RANDOM_NUMBER] دقیقه صندوق درآمد ثابت خودت رو غیرحضوری و رایگان فعال کن: [LINK_REMOVED] پشتیبانی [MASKED_NUMBER]","spam"
"میتونم با [NAME] حرف بزنم? دوستشون هستم من","ham"
"مشترک گرامی, دریافت بسته ویژه اینترنت همراهی شما با تخفیف جذاب و با شماره گیری [USSD_REMOVED] مشاهده, فعالسازی و مدیریت بسته در نسخه جدید اپلیکیشن همراه من [LINK_REMOVED]","spam"
"به ساحلی که توش شنا می کنن پلاژ می گن, چون به هر حال هر ساحلی مناسب شنا کردن نیست. بذار دیکشنری چک کنم","ham"
"خبر خوب فوتبالی! تخفیف استثنایی مودمهای اینترنت ثابت ایرانسل ویژه جام ملت های آسیا کد تخفیف: [ENGLISH] خرید از : [LINK_REMOVED] تا پایان دی ماه","spam"
"مشتری گرامی؛ هم اکنون می توانید «سیم کارت هوشمند شاتل موبایل» را به همراه [RANDOM_NUMBER] ماه اینترنت, مکالمه و پیامک رایگان با [RANDOM_NUMBER] درصد تخفیف خریداری کنید. برای انتخاب شماره و خرید سیم کارت شاتل می توانید از طریق لینک زیر یا ارسال عدد [RANDOM_NUMBER] به [MASKED_NUMBER] اقدام کنید. [LINK_REMOVED] سیم کارت هوشمند شاتل موبایل همیشه بهترین پوشش شبکه را برای شما انتخاب می کند","spam"
"بیگیری حذف سربازی اجباری و کنکور واکسن کرونا برای همه مردم واح [RANDOM_NUMBER] میلیون تومانی ازدواج و اشتغال و مسکن احیای بورس با دولت سللام دکتر قاضی زاده کد [RANDOM_NUMBER]","spam"
"به طور مداوم و در هر زمان ممکن، اقدام به شست و شوی کامل دست ها با آب و صابون نمایید.","ham"
"بدون قرعه کشی با خرید یک شارژ [RANDOM_NUMBER] تومانی از [USSD_REMOVED] مبلغ[RANDOM_NUMBER]تومان شارژ هدیه بگیر ویژه خط شما,یکبار تا فرداشب","spam"
"آیگپ جذاب تر از همیشه امکان به اشتراک گذاشتن **لحظه ها** از امروز لینک نصب: ‏[LINK_REMOVED] آیگپ؛ همراه هر روز من","spam"
"آلفا مدار صنعت آدرس و شماره تلفن های جدید شرکت: خیابان جمهوری, تقاطع سی تیر, مجتمع تجاری فرقانی, طبقه اول, واحد[RANDOM_NUMBER] [MASKED_NUMBER] , [MASKED_NUMBER] [LINK_REMOVED]","spam"
"بله! حمله تروریستی گویا","ham"
"برام بخر","ham"
"عدم تردد از مسیر های منتهی به رودخانه هایی که سیل در آنها جریان دارد (موکدا عدم تردد از روی پلها تا زمان فروکش کردن سیل). عدم تردد در زمان بارندگی شدید از مسیر های کوهستانی که امکان ریزش سنگ ویا بهمن وجود دارد .","ham"
"آواهای انتظار پرطرفدار روز: فعالسازی با ارسال کد آوا به[RANDOM_NUMBER] [RANDOM_NUMBER]عشقم عاشقتم (محسن ابراهیم زاده) [RANDOM_NUMBER]ماه بی تکرار من (حجت اشرف زاده) [RANDOM_NUMBER]اتفاقا(محمد لطفی) [RANDOM_NUMBER]آدم عاشق (ناصر پورکرم) [RANDOM_NUMBER]رویایی (جابر جاهد) [RANDOM_NUMBER]آفتاب (شاهین بنان) هزینه ماهیانه [RANDOM_NUMBER] تومان","spam"
"تنها یک قدم تا آیفون [RANDOM_NUMBER]! تنها شرط شرکت در مسابقه فالو کردن پیج نماواست! این فرصت جذاب را به هیچ وجه از دست ندهید. [LINK_REMOVED]","spam"
"دبیرستان ایرانسل در منطقه ویس استان خوزستان افتتاح شد. ایرانسلی های عزیز هم می توانند, حتی به اندازه یک آجر, در نوسازی مدارس مناطق محروم کشور, همراه شوند. مشارکت با شماره گیری کد [USSD_REMOVED] یا از طریق [LINK_REMOVED] پویش مردمی #آجربهآجر سازمان نوسازی مدارس کشور [ENGLISH]","spam"
"کادو برای خرید اولی ها! در اولین خرید خود از دیجی کالا, محلول ضدعفونی دست را از آدرس زیر کاملا رایگان دریافت کنید. اعتبار تا [RANDOM_NUMBER] شهریور کد: [ENGLISH] [LINK_REMOVED]","spam"
"لذت شنیدن آوای انتظار نوروزی را به مخاطبین خود تقدیم کنید. فعالسازی با ارسال کد آوا به [RANDOM_NUMBER] [RANDOM_NUMBER]بهار(مصطفی راغب) [RANDOM_NUMBER]نوروز(همایون شجریان) [RANDOM_NUMBER]تب عشق(محسن ابراهیم زاده) [RANDOM_NUMBER]آهنگ تحویل سال(ماهور) [RANDOM_NUMBER]بوی عیدی(بنیامین بهادری) [RANDOM_NUMBER]صبح نوروزی(برادران سعیدی) هزینه ماهیانه [RANDOM_NUMBER] تومان بشنوید و فعال کنید روبیکا: [LINK_REMOVED]","spam"
"سلام [NAME]خوبید خانواده خوبن میگما آدرس اینستا آقای دکتر چیه و آدرس مطب کجاس تو شیراز","ham"
"مشترک گرامی [RANDOM_NUMBER] گیگ [RANDOM_NUMBER] ماهه [RANDOM_NUMBER] هزار تومان بسته تخفیفی رایتل ویژه شما خرید با شماره گیری [USSD_REMOVED]","spam"
"بانک ایران زمین برداشت ‪ [MASKED_NUMBER] -[RANDOM_NUMBER]-[RANDOM_NUMBER]‬ مبلغ [RANDOM_NUMBER] ریال در [DATE] - [TIME] مانده [RANDOM_NUMBER] ریال [LINK_REMOVED]","ham"
"عضو محترم باشگاه مشتریان بانک تجارت تنها تا پایان مهرماه فرصت دارید تا با لاگین در وبسایت یا اپلیکیشن باشگاه, امتیازات مکسوبه گذشته خود را به ماه بعد منتقل کنید. [LINK_REMOVED]","spam"
"ببخشید من دقیق نمی دونم گلستان نزدیک کدوم محله هست","ham"
"بسته مکالمه ویژه تعطیلات عید سعید فطر یک ساعت مکالمه درون شبکه(همراه اول و تلفن ثابت) از ساعت [RANDOM_NUMBER] لغایت [RANDOM_NUMBER] تنها با پرداخت [RANDOM_NUMBER] تومان خرید بسته با شماره گیری [USSD_REMOVED]","spam"
"این یکی سایت کار می کنه?","ham"
"میلادپیامبر(ص)مبارک تا [RANDOM_NUMBER]روز [RANDOM_NUMBER]برابر امتیاز باخرید شارژوبسته و پرداخت قبض از[USSD_REMOVED] [RANDOM_NUMBER]آبان قرعه کشی [RANDOM_NUMBER]مین[RANDOM_NUMBER] بیشتر: [LINK_REMOVED]","spam"
"گوشی[ENGLISH][RANDOM_NUMBER]سامسونگ باخریدشارژو اینترنت از [USSD_REMOVED] تا[RANDOM_NUMBER]شهریور [LINK_REMOVED]","spam"
"آیامی دانیدخط شمااین قابلیت را داردکه درهربار خریدشارژوفاداری تا[RANDOM_NUMBER]درصد بیشترشارژ شود? خریدبا[USSD_REMOVED] اطلاعات بیشتر [LINK_REMOVED]","spam"
"[RANDOM_NUMBER]تومان تخفیف, ویژه سفارش اول از اسنپ مارکت! بدون شرط حداقل خریدوتنها ازطریق برنامه ایرانسل من کدتخفیف شما:[ENGLISH][ENGLISH][ENGLISH][RANDOM_NUMBER] مهلت استفاده:تا [RANDOM_NUMBER]مهر [LINK_REMOVED]","spam"
"[RANDOM_NUMBER]تومان تخفیف اسنپ برای [RANDOM_NUMBER]سفر در سفر اول [RANDOM_NUMBER]%(تا سقف [RANDOM_NUMBER]تومان) و [RANDOM_NUMBER]سفر بعدی [RANDOM_NUMBER]%(هربار تا سقف [RANDOM_NUMBER]تومان) تخفیف بگیرید کدتخفیف: [ENGLISH]-[RANDOM_NUMBER] اعتبار تا [RANDOM_NUMBER] آذر برای ترددهای ضروری [RANDOM_NUMBER]ساعته می توانید اسنپ بگیرید؛ لطفا ماسک فراموش نشود. [LINK_REMOVED]","spam"
"[RANDOM_NUMBER]تومان تخفیف اسنپ برای [RANDOM_NUMBER]سفر در سفر اول [RANDOM_NUMBER]%تخفیف (تا سقف [RANDOM_NUMBER]تومان) و در [RANDOM_NUMBER]سفر بعدی هر بار [RANDOM_NUMBER]%تخفیف (تا سقف [RANDOM_NUMBER]تومان) بگیرید. کد تخفیف: [ENGLISH]-[RANDOM_NUMBER] اعتبار تا [RANDOM_NUMBER] مهر [LINK_REMOVED] استفاده از ماسک در سفرهای اسنپ الزامی است. توصیه های بهداشتی هنگام استفاده از اسنپ: [LINK_REMOVED]","spam"
"واتساپ برو","ham"
"من حتی نوتیفیکشن [ENGLISH]هام رو هم بستم! شانسی پیام ها رو می بینم.","ham"
"مشترک گرامی تنها تا ساعت [TIME] تاریخ [DATE] مهلت دارید تا بسته [RANDOM_NUMBER] گیگابایت اینترنت هدیه خردادماه ویژه استفاده در اپ ذره بین را فعال کنید. فعال سازی از طریق: [LINK_REMOVED] با نصب اپلیکیشن ذره بین علاوه بر دریافت اینترنت هدیه با پیش بینی مسابقات فوتبال, برنده [ENGLISH][RANDOM_NUMBER] شوید.","spam"
"خدا رحم کنه","ham"
"جایزه سینمایی رایتل و فیلیمو به مناسبت روز سینما یکسال اینترنت رایگان به همراه [RANDOM_NUMBER] دستگاه فیلیموباکس برای [RANDOM_NUMBER] نفر! جهت شرکت در مسابقه به اینستاگرام رایتل سر بزنید. [ENGLISH] [ENGLISH] [RANDOM_NUMBER] [RANDOM_NUMBER]","spam"
"سینماهاش که باز نمی شن, ولی اون اطراف از دروازه قرآن و جهان نما و موزه سنگ رو داریم تا قدم زدن های بی هدف در حافظیه و بحث کردن در مورد رنگ گمبدش","ham"
"هایپراستار[DATE]~[DATE] شقه گوسفندی کیلویی [RANDOM_NUMBER] ت موز کیلویی [RANDOM_NUMBER] ت انبه کیلویی [RANDOM_NUMBER] ت روژین سس کچاپ و مایونز [RANDOM_NUMBER]% تخفیف","spam"
"[NAME] عزیز فقط -[RANDOM_NUMBER] امتیاز دیگه لازم داری تا بتونی از باشگاه مشتریان دیجی کالا کد تخفیف خدمات منزل, کارواش, سفر و... بگیری: [LINK_REMOVED] لغو ارسال [RANDOM_NUMBER]","spam"
"سردرد, تب و مشکلات تنفسی نظیر سرفه,آبریزش از بینی و تنگی نفس از علایم شایع بیماری کرونا ویروس جدید [RANDOM_NUMBER] هستند. در کودکان و سالمندان می تواند همراه با تهوع و استفراغ و دل درد باشد. هموطن گرامی, قبل از مراجعه به مراکز بهداشتی و درمانی,برای تشخیص احتمال ابتلای خود یا نزدیکان به ویروس کرونا, نرم افزار زیر را نصب و استفاده نمایید. آدرس نصب از کافه بازار: [LINK_REMOVED]","spam"
"[RANDOM_NUMBER] هزار تومان تخفیف مشاوره ی پزشکی و روانشناسی و دریافت نسخه ی آنلاین با اسنپ! کد: [ENGLISH][RANDOM_NUMBER] اعتبار: تا [RANDOM_NUMBER] آبان کافی است در سوپراپلیکیشن اسنپ, «پزشک و مشاور» را انتخاب کنید. [LINK_REMOVED]","ham"
"خواهش","ham"
"به مهمانی بیایید?","ham"
"مشترک گرامی, مصرف اینترنت همراه شما هم اکنون با تعرفه عادی محاسبه می شود. خواهشمند است جهت مدیریت هزینه با شماره گیری کد دستوری زیر نسبت به خرید بسته اقدام نمایید. [RANDOM_NUMBER]#*","ham"
"باشه سعی میکنم از وقتی روبی اومده دلم نمیخواد از خونه برم بیرون","ham"
"مشترک گرامی, درخواست ترابرد شما پس از پرداخت هزینه های مرتبط با واگذاری سیم کارت فعلی از طریق سامانه مدیریت حساب و اپلیکیشن رایتل من قابل انجام می باشد. جهت کسب اطلاعات بیشتر با [RANDOM_NUMBER] تماس حاصل نمایید.","ham"
"امشب قراره بارون بیاد!! ما قراره امشب از خواننده دوست داشتنی مون بخوایم, برامون, آهنگ زده بارون اش رو بخونه, انتخاب اهنگ دوم اش با شما راستی امشب یک مهمان دوست داشتنی دیگری هم داریم, بازیگر محبوب سینما تأتر, سرکار خانم شبنم مقدمی * پخش زنده حدود ساعت [RANDOM_NUMBER] از روبیکا و آیگپ [LINK_REMOVED] برای نظرسنجی و انتخاب آهنگ درخواستی خود روی لینک زیر بزنید [LINK_REMOVED]","spam"
"تا[RANDOM_NUMBER]%تخفیف ست لحاف[RANDOM_NUMBER]نفره[RANDOM_NUMBER]ت نساجی بروجرد خ فردوس شرق-جنب فرهنگسرا","spam"
"مبلغ [RANDOM_NUMBER] ریال فقط بین خریداران امروز [USSD_REMOVED]","spam"
"[NAME] عزیز, سررسید سرویس اعتباری اسنپ پی فرا رسیده است. برای جلوگیری از جریمه ی دیرکرد, حداکثر تا روز [RANDOM_NUMBER] آبان فرصت دارید حسابتان را تسویه کنید. مشاهده صورت حساب: [LINK_REMOVED] اسنپ پی","ham"
"این بار شما برنده قرعه کشی های ماهانه باشگاه فیروزه ای باشید. قرعه کشی آذر ماه جوایز [RANDOM_NUMBER] میلیون تومانی تا [RANDOM_NUMBER] آذر ماه, با مراجعه به بخش «سرگرمی» در باشگاه فیروزه ای, به ازای هر [RANDOM_NUMBER] امتیاز یک شانس برنده شدن در قرعه کشی دریافت نمایید. [ENGLISH].[LINK_REMOVED] باشگاه فیروزه ای - باشگاه مشتریان همراه اول","spam"
"همراه کتابخوان باشگاه مشتریان همراه اول به مناسبت هفته کتابخوانی, برنده یکی از «[RANDOM_NUMBER] بن [RANDOM_NUMBER] میلیون تومانی خرید کتاب» باشید. مراجعه به بخش جوایز هفتگی باشگاه مشتریان در سامانه همراه من [LINK_REMOVED]","spam"
"سلام.باقبولی طاعات وعبادات,بمناسبت سالروزبزرگداشت شهادت استادمطهری ومقام معلم.لطفا روز معلم ب استادسعیدی تبریک بگید.","ham"
"من پارکم، هر موقع خواستی بیا","ham"
"بازنشسته گرامی, شما مشمول دریافت مرحله سوم تسهیلات خرید [RANDOM_NUMBER]میلیون ریالی طرح یاری با اقساط [RANDOM_NUMBER]ماهه از فروشگاه های زنجیره ای رفاه هستید. این تسهیلات در کارت سپهر شما فعال است. اطلاعات بیشتر : [MASKED_NUMBER] وب سایت راهنما جهت بررسی اعتبار :[LINK_REMOVED] صندوق بازنشستگی کشوری","spam"
"سلام میشه شماره خودت یا دختر گلت برام بفرستی گوشیم پیام هاش پاک شده ندارم","ham"
"کارگزاری مفید خانم [NAME]؛ درخواست وجه شما به مبلغ [RANDOM_NUMBER] ریال به بانک ارسال گردید که پس از طی چرخه پرداخت بانک مرکزی (پایا) به حساب شما به شماره [RANDOM_NUMBER] واریز خواهد شد.","ham"
"[RANDOM_NUMBER]تومان شارژ هدیه بدون قرعه کشی و درلحظه با خریدیک شارژ[RANDOM_NUMBER]هزارتومانی از [USSD_REMOVED] , [RANDOM_NUMBER]هزار تومان شارژشو یکبار,ویژه خط شما,تافرداشب","spam"
"اشتراک رایگان فیلم و سریال های روز ایران و جهان در آیگپ لینک نصب: [LINK_REMOVED]","spam"
"سلام خواب بودم","ham"
"مشتری محترم تیپاکس , سلام بسته شما با کد رهگیری [RANDOM_NUMBER] به تعداد [RANDOM_NUMBER] فقره از مبدا تهران به مقصد اقلید ارسال شد. ارزش ثبت شده : [RANDOM_NUMBER]ریال (این ارزش معادل سقف هزینه جبران خسارت است) هزینه ارسال : [RANDOM_NUMBER] ریال نوع پرداخت : پس کرایه (در مقصد) رهگیری درسایت تیپاکس [LINK_REMOVED]","ham"
"جشنوراه کم نظیر فرش دستباف شهریار [RANDOM_NUMBER]تا[RANDOM_NUMBER]آذر کیانپارس پاساژ امام رضا","spam"
"*اپل آی کلینیک* مرکز تعمیرات تخصصی اپل آیفون, آیپد, اپل واچ اینستاگرام ما: [LINK_REMOVED] [MASKED_NUMBER] [MASKED_NUMBER] میدان اطلسی","spam"
"یه چی میگم. شاید باورت نشه! زنگ زدن دوباره بیان!","ham"
"[NAME] عزیز پرسشنامه پیش رو جهت بهبود خدمات اسنپ فود تهیه شده است. خواهشمندیم زمان کوتاهی از وقت ارزشمند خود را صرف پاسخگویی به پرسشنامه زیر کنید. همیشه در تلاشیم خدمات بهتری به شما ارائه کنیم. شروع پاسخگویی: [LINK_REMOVED]","spam"
"ثبت کارتخوان سیارارسال عدد[RANDOM_NUMBER] [MASKED_NUMBER] [MASKED_NUMBER] [LINK_REMOVED]","spam"
"اقد مخالفت نکن","ham"
"هایپراستار[RANDOM_NUMBER]~[DATE] گوشت منجمدگوسفندی [RANDOM_NUMBER]ک [RANDOM_NUMBER]ت پیک تن ماهی [RANDOM_NUMBER]ت برنج هندی [RANDOM_NUMBER]ک [RANDOM_NUMBER]ت","spam"
"سودی که حاصل اعتماد شماست. ""صندوق حکمت آشنا"" سود محقق شده اسفند [RANDOM_NUMBER] درصد میانگین سود تقسیمی امسال [RANDOM_NUMBER] درصد فرصت سرمایه گذاری مطمئن و سودآور را از دست ندهید. ثبت نام غیرحضوری: [LINK_REMOVED]","spam"
"هایپراستار[RANDOM_NUMBER]~[DATE] ران و سردست منجمد گوساله[RANDOM_NUMBER]ک[RANDOM_NUMBER]ت شاهپخت برنج هندی[RANDOM_NUMBER]ک[RANDOM_NUMBER]ت ایلیکا ماهی تون[RANDOM_NUMBER]گ[RANDOM_NUMBER]ت سرویس پخت و پز [RANDOM_NUMBER]پارچه [RANDOM_NUMBER]ت","spam"
"*پرشین گیگ* تیکت شما با شماره پیگیری [ENGLISH]-[ENGLISH][RANDOM_NUMBER] با موفقیت ثبت گردید.","ham"
"سلام داریم میوم بابل هستیم","ham"
"با دوستات آنلاین اسم/فامیل بازی کن و در لیگ هفتگی جایزه ببر! دانلود با اینترنت رایگان از چارخونه [LINK_REMOVED]","spam"
"[ENGLISH] حراج آخرفصل تا%[RANDOM_NUMBER]تخفیف ویژه بر تمام کالاها شیرازمال لغو[RANDOM_NUMBER]","ham"
"تا پنج شنبه","ham"
"کاربرگرامی دیجی کالا/دیجی پی امکان دریافت وام [RANDOM_NUMBER] میلیونی بدون ضامن برای شما فراهم شد [LINK_REMOVED]","spam"
"زمستان پر جایزه باشگاه مشتریان همراه اول قرعه کشی [RANDOM_NUMBER] جایزه [RANDOM_NUMBER] میلیون تومانی ویژه اعضای فعال باشگاه که تا پایان سال اقدام به کسب یا مصرف امتیاز نمایند. قرعه کشی های ماهانه [RANDOM_NUMBER] جایزه [RANDOM_NUMBER] میلیون تومانی برای اعضای باشگاه که با مراجعه به بخش سرگرمی شانس قرعه کشی دریافت نمایند. ورود به باشگاه فیروزه ای از طریق اپلیکیشین/ وبسایت همراه من [ENGLISH].[LINK_REMOVED] باشگاه فیروزه ای- باشگاه مشتریان همراه اول","spam"
"مشتری گرامی با پیشخوان مجازی بانک مسکن؛ بدون حضور در شعبه می توانید نام کاربری و رمز عبور خود را دریافت و از خدمات همراه بانک و اینترنت بانک بهره مند گردید. [LINK_REMOVED] ""روابط عمومی بانک مسکن""","spam"
"تا ساعت چند مهمون قبول می کنید?","ham"
"با نت همراه هستی یا مودم?","ham"
"سلام؛ نمی دونم, چند میلیون ساله اون سایت رو چک نکردم","ham"
"اینترنت بیسیم سرعت تا [RANDOM_NUMBER]مگ عدم نیازتلفن نصب فوری [RANDOM_NUMBER] [MASKED_NUMBER] هامان نت","spam"
"رسپولیس به رنگ پرچم ایران! حمایت از پرسپولیس در لیگ قهرمانان آسیا, شارژ اعتبار محتوایی با [USSD_REMOVED] و ارسال[RANDOM_NUMBER]به[RANDOM_NUMBER] هزینه [RANDOM_NUMBER] تومان در روز","spam"
"امشب رونمایی از آیفون و اپل واچ جدید اپل [LINK_REMOVED]","spam"
"مرا تنها گذاشتی رفتی کوه منم اومدم بیرون ^^ شب دیر هنگام باز خواهم گشت.","ham"
"کد تائید: [RANDOM_NUMBER]","ham"
"خودروشو بدم? گوشی [ENGLISH][RANDOM_NUMBER] شو بدم? جایزه بیست میلیون ریالیشو بدم? با یه تراکنش همشو بگیر [USSD_REMOVED]","spam"
"یا کوه دراک","ham"
"صندوق امانات نگهداری اسنادو اشیا گرانبهای شما درشعبه های بانک پاسارگاد","spam"
"تو ماه مهمونی خدا لبخند و شادی هامون رو با هم تقسیم می کنیم. همدلی برای تقدیم بسته های کمک و افطاری نیازمندان از طریق کد دستوری رایگان [USSD_REMOVED]و یا شماره کارت [RANDOM_NUMBER] #ایرانهمدل,بزرگترین پویش مردمی ایران,کمک های شما را از طریق کمیته امداد و بهزیستی به نیازمندان هدیه می کند.","spam"
"مرسی که هستی","ham"
"مشترک گرامی, مبلغ[RANDOM_NUMBER]ریال در تاریخ[RANDOM_NUMBER]-[RANDOM_NUMBER]-[RANDOM_NUMBER] [TIME] جهت پرداخت صورتحساب با موفقیت پرداخت گردید","ham"
"فروش ویژه امروز لپتاپ ژاپنی فوجیتسو [LINK_REMOVED]","spam"
"سلاح داداش","ham"
"آواهای انتظار ویژه شهادت امام رضا و [RANDOM_NUMBER] صفر: فعالسازی با ارسال کد آوا به [RANDOM_NUMBER] [RANDOM_NUMBER]آمدم ای شاه(فواد زورمند) [RANDOM_NUMBER]کوی رضا(حسین بوند) [RANDOM_NUMBER]امام رئوف(گروه طاها) [RANDOM_NUMBER]ای کریم آل الله(مصطفی روحانی) [RANDOM_NUMBER]داغ یک جهان(گروه طه نبی) [RANDOM_NUMBER]یارسول الله(گروه معراج) هزینه[RANDOM_NUMBER]تومان ماهانه که از طرف شما در پویش مردمی«ایران همدل»صرف کمک به نیازمندان میشود.","spam"
"سامانه آموزشیار کد فعالسازی: [RANDOM_NUMBER] زمان اعتبار: [TIME]","ham"
"سلام عصری دیدم شصت تومن هم گفتن هست","ham"
"قلب پاک برعکس عمل نمی کنه? که باشم یا نباشم چشم دوستان بخندد","ham"
"من نگفتم زندگی خوب و شادی داری. یک کلمه نه قضاوت کردم و نه انتظار داشتم وقتی هم اومدم سر صحبت رو باز کردم نگفتم تو فلانی تو بهمانی. گفتم هرکی به اقتضای شرایطش دلایلی داره اما خودت ببین چطور صحبت کردی","ham"
"بانک سامان کلیک کن و جایزه ببر! علاوه بر شرکت در نظرسنجی بهبود تجربه کاربری سایت, در قرعه کشی نیز شرکت کنید. فرصت: تا [RANDOM_NUMBER] آذرماه لینک نظرسنجی: [LINK_REMOVED]","spam"
"با سلام ضمن تسلیت ایام عزاداری ماه صفر, علاقمندان به حضرت أباعبدالله (ع) که تمایل دارند در طرح توسعه حرم مطهر امام حسین (ع) در کربلای معلی مشارکت داشته باشند, می توانند با شماره گیری کد دستوری [USSD_REMOVED] و یا از طریق منوی نیکوکاری اپلیکیشن ستاره یک در این امر خیر سهیم شوند. لینک نصب اپلیکیشن: [LINK_REMOVED] ستاد بازسازی عتبات عالیات","spam"
"کد بازیابی رمز عبور در سامانه رایتل من : ""[RANDOM_NUMBER]""","ham"
"نوع پیام را از نظر اسپم و یا پیامک عادی بودن مشخص نمایید: فروش کولرگازی/لوازم خانگی ارسال رایگان [MASKED_NUMBER] [MASKED_NUMBER] یزدانی","spam"
"هشدار: پیامک حاوی لینک دانلود اپلیکیشن از شماره های شخصی, جعلی و به قصد سرقت از حساب شماست, به هیچ وجه کلیک نکنید.","ham"
"به صرفه با افق کوروش جهت اطلاع از تخفیفات کلیک کن: [LINK_REMOVED]/[RANDOM_NUMBER] لغو=[RANDOM_NUMBER]","spam"
"دزدگیر خانه اقلید از طریق (ریموت[RANDOM_NUMBER]-[NAME]) فعال شد.","ham"
"من دم در خانه شما هستم","ham"
"سلام جانم گردو فروشی دارید اگه کسی بخواد چند?","ham"
"عضو محترم باشگاه فیروزه ای شما را به تماشای مراسم قرعه کشی [RANDOM_NUMBER] جایزه [RANDOM_NUMBER] میلیون تومانی, ویژه اعضای فعال باشگاه, از طریق لینک های زیر دعوت می کنیم. سایت باشگاه فیروزه ای [LINK_REMOVED] کانال همراه اول در روبیکا [LINK_REMOVED]","spam"
"سلام صبح بخیر وا ریز شد","ham"
"به اطلاع کلیه سرمایه گذاران محترم صندوق سرمایه گذاری مشترک نقش جهان می رسانیم که از روز شنبه مورخ [DATE] دفتر صندوق به ادرس جدید و دائمی خود واقع در چهارراه جهان کودک, بلوار نلسون ماندلا, خیابان پدیدار, پلاک [RANDOM_NUMBER], طبقه اول انتقال می یابد.","ham"
"[NAME] رو هم بیدار می کنی بیاری?","ham"
"کیش قطعا داره","ham"
"بازیت خوبه?هوش و سرعت عملت چطور ? میتونی رکورد بزنی? این گوی,اینم میدون بازی سیاه سفید عضویت باارسال عدد[RANDOM_NUMBER] روزی سیصدتومان","spam"
"امسال سفره دار سحرهای ماه رمضان, امام رضاست. ویژه برنامه ی ""قرار سحر"" با اجرای فرزاد جمشیدی از جمعه [RANDOM_NUMBER] فروردین هر شب از ساعت [RANDOM_NUMBER] تا [TIME] بامداد همراه شما هستیم. پخش از روبیکا [LINK_REMOVED] و آیگپ [LINK_REMOVED]","spam"
"ثبت ومتون مشاوران را[RANDOM_NUMBER]بزنید تخفیف ویژه رزورارسال نام به همین شماره","spam"
"مشترک گرامی ! شما میتوانید برای خرید بسته های مکالمه و اینترنت متناسب با مصرف خود کد [USSD_REMOVED] را شماره گیری نمایید.","spam"
"مشتری گرامی, به اطلاع می رساند در تراکنش های نیازمند رمز دوم پویای کارت, اطلاعات مرتبط با تراکنش درخواستی شما در پیامک ارسالی درج خواهد شد. لطفا پس از دریافت پیامک رمز دوم پویا, از تطابق اطلاعات مورد نظر با درخواست خود اطمینان حاصل فرمایید.","ham"
"مشترک گرامی مهلت زمانی بسته اینترنت آلفا+ یک روزه [RANDOM_NUMBER] گیگابایت شما به پایان رسید. این بسته فاقد تمدید خودکار است و در صورت نداشتن بسته اینترنت فعال, مصرف اینترنت شما از این پس با نرخ تعرفه آزاد محاسبه خواهد شد. جهت اطلاع از وضعیت بسته اینترنت خود کد [USSD_REMOVED] و جهت فعالسازی بسته اینترنت کد [USSD_REMOVED] را شماره گیری فرمایید.","ham"
"آهنگ پیشواز ایرانسل برای خرید پیشوازهای جدید کافیست شماره پیشواز را به [RANDOM_NUMBER] ارسال کنید. [RANDOM_NUMBER] - پیشواز نبض دلم از حامد جلیلی برای خرید پیشوازهای جدید کافیست شماره پیشواز را به [RANDOM_NUMBER] ارسال کنید. [RANDOM_NUMBER] - پیشواز بازم اربعین از مهدی لیثی برای خرید پیشوازهای جدید کافیست شماره پیشواز را به [RANDOM_NUMBER] ارسال کنید. [RANDOM_NUMBER] - پیشواز هلابیکم از حسین طاهری با سرویس جدید آهنگ پیشواز منشی ایرانسل, موقع تماس دوستات رو از وضعیتت با خبر کن. (در حال رانندگی, جلسه, تعطیلات) با ارسال [ENGLISH] به [RANDOM_NUMBER] ماهانه [RANDOM_NUMBER] تومان","spam"
"سلام ارسال شد","ham"
"آگهی شما در سایت ما ثبت گردید. برای فعال سازی نهایی هزینه حق اشتراک [RANDOM_NUMBER] تومان را در لینک زیر پرداخت کنید. [LINK_REMOVED] در غیر اینصورت آگهی شما حذف خواهد شد.","spam"
"مشترک گرامی, مشکل شما با کد رهگیریی [RANDOM_NUMBER] در حال بررسی است. برای پیگیری درخواست خود می توانید بدون نیاز به برقراری تماس تلفنی, در هر لحظه از شبانه روز از طریق برنامه ایرانسل من > ارتباط با ما > گفتگوی آنلاین اقدام نمایید. [LINK_REMOVED]","ham"
"هایپراستار [RANDOM_NUMBER]~[DATE] ماهی قزل آلا کیلویی [RANDOM_NUMBER] تومان طبیعت برنج هاشمی [RANDOM_NUMBER] کیلویی [RANDOM_NUMBER] تومان مصطفوی زعفران [RANDOM_NUMBER] گرمی [RANDOM_NUMBER] تومان","spam"
"""ما ملت امام حسینیم"" پیشوازتان را هم حسینی کنید با دانلود اپ پیشواز [LINK_REMOVED]","spam"
"نوروز علوی بر شما مبارک باد. امیدوارم سال جدید. سال عبور از شرایط سخت فعلی در سایه امید و تلاش بیشتر باشد. حسن روحانی رئیس جمهور","ham"
"[RANDOM_NUMBER] هزار تومن تخفیف سفارش اول از سرویس داروخانه ی اسنپ! کد: [ENGLISH][ENGLISH][RANDOM_NUMBER] اعتبار: تا [RANDOM_NUMBER] آذر حداقل سفارش: [RANDOM_NUMBER] هزار تومن برای سفارش, روی لینک زیر بزن: [LINK_REMOVED]","spam"
"میدونی حتی شارژ عادی هم جایزه داره? [RANDOM_NUMBER]% شارژ بیشتر با خرید شارژ عادی از فروشگاه اینترنتی همراه اول [LINK_REMOVED]","spam"
"نوید محمدزاده برایتان کتاب هیچ دوستی به جز کوهستان اثر بهروز بوچانی را میخواند! دانلود این کتاب صوتی پرطرفدار با [RANDOM_NUMBER]% تخفیف و اینترنت رایگان از «چارخونه»: [LINK_REMOVED]","spam"
"کارگزاری بانک سامان‎ [DATE] خرید [RANDOM_NUMBER] لطیف[RANDOM_NUMBER] [RANDOM_NUMBER]‎ مانده: [RANDOM_NUMBER]‎","ham"
"[RANDOM_NUMBER] هزارتومان تخفیف ویژه خرید بیمه بدنه از بیمیتو هدیه به مشتریان مو تن رو بیمیتو؛ مقایسه و خرید آنلاین بیمه از تمام شرکت ها کد تخفیف مخصوص شما: [ENGLISH][ENGLISH][ENGLISH][RANDOM_NUMBER] مهلت تا [RANDOM_NUMBER] مهر لینک خرید: [LINK_REMOVED]","spam"
"مشترک گرامی, درخواست لغو عضویت شما با موفقیت اعمال گردید. از [MASKED_NUMBER] دریافت پیامک رایگان است. بازگشایی ارسال : [RANDOM_NUMBER]","ham"
"[RANDOM_NUMBER] گیگ اینترنت [RANDOM_NUMBER] روزه هدیه معرفی رایتل به دوستانتان! اطلاعات بیشتر: [LINK_REMOVED]","spam"
"با سرویس های ویژه ماه مبارک رمضان در آیگپ همراه شوید. ادعیه و قرآن, بات های کاربردی, پخش زنده, کانال های رمضان و... نصب: [LINK_REMOVED] آیگپ, همراه هر روز من","spam"
"مشترک گرامی ذره بین یک وبگرد فارسی است که دسترسی سریع تر و ارزان تری را به اطلاعات و خدمات دنیای وب برای شما فراهم می کند, در صورت عدم تمایل به دریافت رایگان اخبار, کمپین ها, جوایز و هدایای ذره بین عدد [RANDOM_NUMBER] را به [RANDOM_NUMBER] ارسال نمایید","spam"
"مودم رو خاموش و روشن کنید","ham"
"""قالیشویی چایلار"" عالی واعلاشور هم اکنون بهترین زمان شستشو [MASKED_NUMBER]","spam"
"*خانه فرش* اقساط[RANDOM_NUMBER]ماهه بدون پیش پرداخت اولین پرداخت[RANDOM_NUMBER]روز پس ازخرید(چک اول[RANDOM_NUMBER] آذر[RANDOM_NUMBER]) حمل رایگان توضیحات بیشتر=ارسال عدد[RANDOM_NUMBER]","spam"
"قسمت دوم ویژه برنامه نوروزی ""منو بشناس"" [RANDOM_NUMBER] فروردین, ساعت [RANDOM_NUMBER] میزبانی فرزاد فرزین با حضور امیرعباس گلاب, لیندا کیانی و نیما شعبان نژاد هنرنمایی گروه رستاک و کارگردانی رضا مهران فر تماشا از روبیکا [LINK_REMOVED]","spam"
"مشترک گرامی در تاریخ [DATE] [TIME] یک عدد سرویس تلفن همگانی به شماره [RANDOM_NUMBER] با کد ملی شما در اپراتور مخابرات ایران ثبت گردیده است. در صورت وجود مغایرت با شماره [RANDOM_NUMBER] تماس حاصل فرمایید و یا با به همراه داشتن کارت ملی به مرکز مخابراتی خود مراجعه نمایید.","ham"
"دستت درد نکنهاگیف پنکیک خخخخ","ham"
"هاکوپیان انتخاب هدیه روز پدر را آسان کرد با تقدیم حواله [RANDOM_NUMBER] [RANDOM_NUMBER] یا [RANDOM_NUMBER] میلیون تومانی در بسته بندی خاص, امکان انتخاب هدیه به سلیقه پدران گرامی را فراهم و از [RANDOM_NUMBER]% تخفیف استفاده نمایید. [LINK_REMOVED]","spam"
"پذیره نویسی ""صندوق سرمایه گذاری درآمد ثابت کامیاب آشنا"" در فرابورس زمان از [RANDOM_NUMBER] تا [RANDOM_NUMBER] تیر [RANDOM_NUMBER] ""کامیاب"" نماد همیشه سبز شما [LINK_REMOVED]","spam"
"شد. حالا در موج دوم ایران همدل می خواهیم گام بلندی برداریم برای باز کردن گره های بزرگ تر؛ دل هایمان را به هم نزدیک می کنیم تا کسی از قلم نیفتد. مشارکت در پویش از طریق شماره گیری [USSD_REMOVED] و یا واریز به شماره کارت [RANDOM_NUMBER] ایران همدل؛ بزرگترین پویش مردمی ایران","spam"
"ممنون. ان شاء الله پدرت برات دعا کنه.","ham"
"*پرشین گیگ* یک پاسخ جدید برای تیکت شما با شماره پیگیری [ENGLISH]-[ENGLISH][ENGLISH] درج گردید.","ham"
"بانک سامان برداشت مبلغ [RANDOM_NUMBER] پرداخت قبض از ‪[RANDOM_NUMBER] [MASKED_NUMBER] -[RANDOM_NUMBER]-[RANDOM_NUMBER]‬ مانده [RANDOM_NUMBER] [DATE] [TIME]","ham"
"عیبی نداره","ham"
"فرصت شرکت در پذیره نویسی جدیدترین صندوق [ENGLISH] صندوق سرمایه گذاری درآمد ثابت کامیاب آشنا فقط تا [RANDOM_NUMBER] روز دیگر نماد ""کامیاب"" [LINK_REMOVED]","spam"
"آقای [NAME] الان بیدار شدن, دلار و یورو شنبه ها نیست.","ham"
"باربری ایران ترابر حمل کالا واثاثیه منزل [MASKED_NUMBER] [MASKED_NUMBER]","spam"
"عرضه محصولات ایران خودرو در بورس کالا [ENGLISH].[LINK_REMOVED] تماس[RANDOM_NUMBER] [MASKED_NUMBER]","spam"
"[RANDOM_NUMBER] هزار تومان تخفیف به همراه «ارسال رایگان» اولین سفارش از سوپرمارکت های اطراف با دیجی کالا جت کد تخفیف: [ENGLISH] مهلت استفاده تا جمعه | ارسال زیر [RANDOM_NUMBER] دقیقه: [LINK_REMOVED] لغو: [RANDOM_NUMBER]","spam"
"بازرسی کنکل شد","ham"
"گریه","ham"
"سلام چه جالب شماره من و شما من هشتاد و یک و شما هفتاد و یک هست","ham"
"بازی «استادمیرزا »هم سرگرمی, هم جایزه! با نصب و فعال سازی اشتراک «استادمیرزا», یک قدم به دریافت [RANDOM_NUMBER] گیگ اینترنت هدیه نزدیکتر شو! اطلاعات بیشتر در بخش چالشهای چارخونه [LINK_REMOVED]","spam"
"بانک سامان با پرداخت قبض و انتقال وجه از طریق «موبایلت» سامان در قرعه کشی [RANDOM_NUMBER] میلیون تومان جایزه نقدی شرکت کنید. دریافت اپلیکیشن و اطلاعات بیشتر: [LINK_REMOVED]","spam"
"عضو محترم باشگاه فیروزه ای با شماره گیری کد هدیه زیر, تا پایان هفته جاری [RANDOM_NUMBER] امتیاز از باشگاه مشتریان همراه اول هدیه بگیرید: #کدهدیه*[RANDOM_NUMBER]*[RANDOM_NUMBER]* کد هدیه شما: [RANDOM_NUMBER] تبدیل امتیازات به جوایز و طرح های متنوع با مراجعه به باشگاه فیروزه ای از طریق اپلیکیشن یا وب سایت همراه من [ENGLISH].[LINK_REMOVED] باشگاه فیروزه ای - باشگاه مشتریان همراه اول","spam"
"سه تا تخم مرغ بزرگ بگیر","ham"
"تا دوازده اتاق هستم","ham"
"پذیره نویسی صندوق سرمایه گذاری بازار آشنا هم اکنون در سامانه معاملات آنلاین کارگزاری ها با نماد بورسی ""وبازار"" [LINK_REMOVED]","spam"
"فیدیبو خرید با موفقیت انجام شد. شماره سفارش: [RANDOM_NUMBER] مبلغ پرداختی شما: [RANDOM_NUMBER] تومان کتاب الکترونیک «جزء از کل» را از فیدیبو دریافت کنید [LINK_REMOVED]","ham"
"تا[RANDOM_NUMBER]آبان[RANDOM_NUMBER]هزار تومان تخفیف اعضای خانواده ی کانونی (روز دانش آموز)برای ثبت نام, نام شهر خود رابه[RANDOM_NUMBER]پیامک کنید کانون فرهنگی آموزش(قلم چی)","spam"
"[RANDOM_NUMBER] هزار تومان تخفیف, ویژه ی اولین درخواست ارسال بار با سرویس «وانت» اسنپ! کد تخفیف: [ENGLISH]-[RANDOM_NUMBER] اعتبار: تا [RANDOM_NUMBER] شهریور «سرویس وانت, واسه کار و بارت!» از خانه به کارهایتان برسید و ارسال کالا, بسته و بار را به اسنپ بسپارید. کافی است در سوپراپلیکیشن اسنپ, سرویس «وانت» را انتخاب کنید. [LINK_REMOVED]","spam"
"سلام امروز هدیه[RANDOM_NUMBER]درصد شارژبیشتر گرفتی? از[USSD_REMOVED] یه شارژ [RANDOM_NUMBER]تومنی بخر [RANDOM_NUMBER]تومن شارژ شو پژو[RANDOM_NUMBER] هم که یادت نرفته [RANDOM_NUMBER]آذر قرعه کشی میکنیم","spam"
"[NAME] سفارش [RANDOM_NUMBER] پرداخت شد [LINK_REMOVED]","ham"
"هیچوقت اینو نمیگی","ham"
"دریافت [RANDOM_NUMBER] گیگابایت هدیه و شرکت در قرعه کشی [RANDOM_NUMBER] عدد مودم [ENGLISH]-[ENGLISH] با فعالسازی سرویس شارژ خودکار [LINK_REMOVED]","spam"
"شارژ انجام شد.اعتبارشما [RANDOM_NUMBER] ریال. اینترنت همراهی [USSD_REMOVED] خرید راحت شارژ از [USSD_REMOVED]","ham"
"مشترکین عزیز استان فارس منتظر هدیه یک روز مکالمه رایگان درون شبکه همراه اول در روز سه شنبه [RANDOM_NUMBER] بهمن باشید. فعالسازی با شماره گیری کد [USSD_REMOVED]","spam"
"کلینیک فوق تخصصی ناب زمان مراجعه شما به دکتر ذاکری: چهارشنبه عصر جهت تایید حضور, کد [RANDOM_NUMBER] را تا [RANDOM_NUMBER] صبح پیامک کنید","ham"
"برای پیشگیری از ابتلا به ویروس کرونا: دستها را مرتب با آب و صابون بشویید. از دست دادن و بوسیدن افراد دارای علائم سرماخوردگی خودداری کنید. هنگام عطسه و سرفه از دستمال استفاده کنید. از مواد غذایی بهداشتی و مطمئن استفاده کنید. وزارت بهداشت، درمان و آموزش پزشکی","ham"
"[RANDOM_NUMBER]تیر میتواند نقطه شروع و تحول شما باشد سمینار رایگان رزرو ارسال عدد [RANDOM_NUMBER]","spam"
"جناب آقای [NAME] عزیز جهت دریافت جواب آزمایش خود, لینک جواب اصلی و در صورت وجود ضمیمه, لینکهای ضمیه [RANDOM_NUMBER] و [RANDOM_NUMBER] را لمس نمایید. درصورتیکه جواب ضمیمه وجود نداشته باشد لینکهای ضمیمه باز نمیشوند. با سپاس لینک جواب اصلی [LINK_REMOVED] ضمیمه [RANDOM_NUMBER] [LINK_REMOVED] ضمیمه [RANDOM_NUMBER] [LINK_REMOVED] لغو:[RANDOM_NUMBER]","ham"
"سلام ایام بکام فدای پسرخاله با مرامم بشم من صبح اول هفته شما به خیر و شادی باشد انشا ءالله","ham"
"در راه هستم","ham"
"موافقی ؟؟","ham"
"خب پس میخواین [RANDOM_NUMBER]ونیم خانه هنر باشیم?","ham"
"کد تایید شما در پی پینگ : [RANDOM_NUMBER] [LINK_REMOVED]","ham"
"من اگر بخوام صحبت کنم میشینم حرفای خودت رو گوش میدم نه که دیگری رو قاضی کنم[RANDOM_NUMBER]","ham"
"-عرضه اولیه شرکت دارویی,آرایشی و بهداشتی آریان کیمیاتک(نماد کیمیاتک) سهمیه هر کد:حداکثر [RANDOM_NUMBER] سهم بازه قیمتی : [RANDOM_NUMBER] تا [RANDOM_NUMBER] ریال [RANDOM_NUMBER]-عرضه اولیه فرابورسی: شرکت مجتمع جهان فولاد سیرجان (فجهان[RANDOM_NUMBER]) سهمیه هر کد:حداکثر [RANDOM_NUMBER] سهم بازه قیمتی : [RANDOM_NUMBER] تا [RANDOM_NUMBER] ریال تاریخ ثبت سفارش : روز چهارشنبه [DATE] زمان ورود ثبت سفارش: مطابق با اطلاعیه ناظر بازار تاریخ تخصیص سهام : روز شنبه [DATE] (خرید خودکار عرضه اولیه در فرابورس ممنوع است) واحد معاملات برخط شرکت کارگزاری بانک سامان","spam"
"""نوسانگیری هوشمند در بورس"" با ابزار سفارشات شرطی درساتریدر شروع کن: [LINK_REMOVED]","spam"
"سلام طاعاتتون قبول آستار ام اگه پنج دقیقه پیش گفته بودید [NAME] میخواست بره بیرون منو میرسوند میترسم سوار تاکسی بشم عزیزم","ham"
"با سلام خدمت سرمایه گذاران محترم با توجه به اختلال در سامانه اینترنتی صندوق سرمایه گذاری یکم سامان, جهت ثبت درخواست های صدور و ابطال تا اطلاع ثانوی از طریق اپلیکیشن همراه صندوق اقدام نمایید. با تشکر صندوق سرمایه گذاری یکم سامان","ham"
"کد تایید ورود به سامانه ثبت نام واکسیناسیون کرونا: [RANDOM_NUMBER]","ham"
"سلام. من بعد از ظهر بعد از ساعت [RANDOM_NUMBER] منزل هستم. ولی باز هم میگویم که راضی به زحمتتان نیستم. در دردسر نیفتید . ممنونم","ham"
"[RANDOM_NUMBER]تومان تخفیف اسنپ ویژه درخواست خودرو با استفاده از کد زیر برای [RANDOM_NUMBER] سفر بعدی خود [RANDOM_NUMBER]درصد تخفیف (هر سفر تا سقف [RANDOM_NUMBER]تومان) بگیرید. کد تخفیف: [ENGLISH]-[RANDOM_NUMBER] اعتبار تا [RANDOM_NUMBER] تیر [LINK_REMOVED] توصیه های بهداشتی هنگام استفاده از اسنپ: [LINK_REMOVED]","spam"
"زیرقیمت؛کولرگازی+لوازم خانگی گارانتی+ارسال [MASKED_NUMBER] [MASKED_NUMBER] [ENGLISH]","spam"
"کاربر گرامی [RANDOM_NUMBER] حجم باقیمانده سرویس اینترنت پرسرعت شما مقدار [RANDOM_NUMBER] مگابایت است. لطفا نسبت به شارژ اقدام فرمایید. آسیاتک","ham"
"با سلام و احترام شهروند گرامی شماره تلفن : [RANDOM_NUMBER] بدهی خط شما در تاریخ ‎[DATE] الی [DATE] علی الحساب به شرح زیر میباشد : بدهی پیشین: [RANDOM_NUMBER] ریال قابل پرداخت: [RANDOM_NUMBER] ریال شناسه قبض: [RANDOM_NUMBER] شناسه پرداخت: [RANDOM_NUMBER] مهلت پرداخت: [DATE]","ham"
"اینترنت پرسرعت آسیاتک تنها با ماهی [RANDOM_NUMBER] هزار تومان حجم بالا ویژه شما تماس: [RANDOM_NUMBER] خرید: [LINK_REMOVED]","spam"
"بلوبانک برداشت پول [NAME] عزیز, [RANDOM_NUMBER] ریال از حساب شما پرید. موجودی: [RANDOM_NUMBER] ریال [TIME] [RANDOM_NUMBER].[RANDOM_NUMBER]","ham"
"[NAME] عزیز, از خانومی با [RANDOM_NUMBER]% تخفیف قسطی خرید کن و با اسنپ پی [RANDOM_NUMBER] هزار تومان تخفیف بیشتر بگیر! حداقل خرید: [RANDOM_NUMBER] هزار تومان کد تخفیف: [ENGLISH] لینک: [LINK_REMOVED]","spam"
"درخواست شما واصل شده و در حال انجام می باشد پلیس مهاجرت و گذرنامه فراجا","ham"
"فرداقرعه کشی جایزه[RANDOM_NUMBER]میلیونی امروز هر[RANDOM_NUMBER]تومان[RANDOM_NUMBER]شانس باخرید شارژوبسته و پرداخت قبض موبایل از[USSD_REMOVED]و اپ ستاره یک نصب: [LINK_REMOVED]","spam"
"امسال هم در ماه مبارک رمضان, بعد از [RANDOM_NUMBER] دقیقه مکالمه همراه اولی, [RANDOM_NUMBER] دقیقه بعدی در همان مکالمه را مهمان همراه اول باشید. روشهای فعال‏سازی: - شماره ‏گیری کد دستوری [USSD_REMOVED] - اپلیکیشن همراه من دانلود نسخه جدید: [LINK_REMOVED]","spam"
"بانک ملی برداشت:[RANDOM_NUMBER] حساب:[RANDOM_NUMBER] مانده:[RANDOM_NUMBER] [DATE]-[TIME]","ham"
"باشگاه مشتریان بانک ایران زمین *امتیاز تشویقی* بابت : امتیاز تشویقی بابت ورود به سایت باشگاه مشتریان امتیاز : [RANDOM_NUMBER] تاریخ : [DATE] ساعت : [TIME] امتیاز باقی مانده : [RANDOM_NUMBER] امتیاز [LINK_REMOVED]","ham"
"عزیزم حال داشتی نون بخر بوس","ham"
"من محسن رضایی در پیشگاه قرآن با شما ایرانیان عزیز عهد می بندم پس از پیروزی به وعده هایم عمل کنم؛ [RANDOM_NUMBER]-پرداخت یارانه [RANDOM_NUMBER] هزارتومانی [RANDOM_NUMBER]-پرداخت حقوق ماهانه به زنان خانه دار به حساب خودشان [RANDOM_NUMBER]-تامین زمین رایگان و اعطای وام ساخت [RANDOM_NUMBER] ساله [LINK_REMOVED]","spam"
"تخفیف های شگفت‎انگیز تولد دیجی کالا تا[RANDOM_NUMBER]٪تخفیف کالای دیجیتال، لوازم بهداشتی،محصولات سوپرمارکتی و ... فقط تا امشب [LINK_REMOVED]","spam"
"برای دریافت امتیاز کالای خودباماتماس بگیرید داخلی [RANDOM_NUMBER] [MASKED_NUMBER]","spam"
"[RANDOM_NUMBER] هزار تومان اعتبار هدیه غذای مامان ، برای هر کارمند در محل کار شما! (ویژه شرکت های بالای [RANDOM_NUMBER] نفر) تماس [RANDOM_NUMBER]","spam"
"این پروتون [RANDOM_NUMBER] ساله ش رو الان داره می فروشه [RANDOM_NUMBER] دلار, دلاری چند باهاشون حساب کردن?","ham"
"فیلیمو رو با اینترنت ایرانسل رایگان ببین و [RANDOM_NUMBER] میلیون تومن جایزه بگیر! فیلم سینمایی «دوگل(ژنرال)» رو رایگان تماشا کن: [LINK_REMOVED]","spam"
"این سری که قبض های اومد پرداخت نکن بفرست برای من که بزنم توی اپلیکشن پرداخت اتوماتیک","ham"
"گناوه ویژه مشتریان کولرگازی,ظرفشویی,لباسشویی [MASKED_NUMBER] [MASKED_NUMBER]","spam"
"بانک رفاه حساب [RANDOM_NUMBER] واریز [RANDOM_NUMBER] [RANDOM_NUMBER] کارانه پزشکان فولتایم و غیر فولتایم تیر ماه [RANDOM_NUMBER] [DATE]-[TIME]","ham"
"بله از سایت اصلیش که هزینه رو هم به بیت کوین میگیره","ham"
"سلام عمو جان ممنون, ایشالا نوه های خودتون","ham"
"حراج پایان فصل دیجی استایل تا [RANDOM_NUMBER]% تخفیف لباس مردانه و زنانه + [RANDOM_NUMBER]% تخفیف تا سقف [RANDOM_NUMBER] هزار تومان کد تخفیف اولین خرید: [ENGLISH][RANDOM_NUMBER] تا [RANDOM_NUMBER] شهریور تخفیف مردانه [LINK_REMOVED] تخفیف زنانه [LINK_REMOVED]","spam"
"مشترک گرامی[MASKED_NUMBER] شما [RANDOM_NUMBER]% از حجم بسته [RANDOM_NUMBER] ماهه [RANDOM_NUMBER] گیگ را استفاده کرده اید. بسته های ویژه اینترنت خود را در [USSD_REMOVED] پیداکنید!","ham"
"هایپراستار[RANDOM_NUMBER]~[DATE] انواع کیف و کوله پشتی [RANDOM_NUMBER]%ت پنیر پیتزا [RANDOM_NUMBER]ک [RANDOM_NUMBER]ت بوفالو هات داگ و کوکتل [RANDOM_NUMBER]%ت کاله پنیر سفید تازه [RANDOM_NUMBER]گ [RANDOM_NUMBER]ت","spam"
"نه تاحالا نیومدم","ham"
"بسیار خوب سپاسگزارم","ham"
"سلام قیمت هر واحد چند در نظر دارید و آدرس دقیق کجاست کدوم سمت شهر","ham"
"لام و وقت بخیر . لطفا با املاک [NAME] هماهنگ کنید برای ساعت هفت عصر امروز به بعد , هر موقع خواستید , در خدمتم . ارادتمند [NAME]","ham"
"روژایی عزیز تا [RANDOM_NUMBER]% تخفیف فقط تا [RANDOM_NUMBER] دی خرید حضوری و تلفنی از شعب روژا لینک: [LINK_REMOVED] لغو پیامک:[RANDOM_NUMBER]","spam"
"سلام عزیزم نه مترو تجریشم نگران نباشین رسیدم میگم","ham"
"سلام دیروز تا حالا که دارن به اون ها که پای صندوق رای بودن میزنن اسمشون فرمانداری داده سالی نبوده","ham"
"‏مشترک گرامی, قالب ارسالی شما صحیح نمی باشد. لطفا شماره ‏مورد نظر که طی سه روز اخیر پیامک تبلیغاتی ارسال نموده ‏را به صورت [ENGLISH][RANDOM_NUMBER] برای شماره تلفن های سیار یا [ENGLISH][RANDOM_NUMBER] یا [ENGLISH][RANDOM_NUMBER] برای شماره تلفن های ثابت ‏یا شماره های شروع شده با [RANDOM_NUMBER] یا [RANDOM_NUMBER] یا [RANDOM_NUMBER] یا [RANDOM_NUMBER] برای سرشماره های تبلیغاتی ارسال نمایید. ‎ ‎ ‎([RANDOM_NUMBER] ‏مشترک گرامی, قالب ارسالی شما صحیح نمی باشد. لطفا شماره مورد نظر که طی سه روز اخیر پیامک ارسال نموده ‏را به صورت [MASKED_NUMBER] برای شماره [RANDOM_NUMBER] با [MASKED_NUMBER] برای شماره تلفن های ثابت ‏یا شماره های شروع شده با [RANDOM_NUMBER] یا [RANDOM_NUMBER] یا [RANDOM_NUMBER] یا [RANDOM_NUMBER] سس ‎ ‎ ‏برای سرشماره های تبلیغاتی ارسال نمایید. ‎[MASKED_NUMBER] ‎[MASKED_NUMBER][RANDOM_NUMBER] ِ","ham"
"عرضه اولیه: شرکت صنعت غذایی کوروش (غکوروش) سهمیه هر کد:حداکثر [RANDOM_NUMBER] سهم بازه قیمتی : [RANDOM_NUMBER] تا [RANDOM_NUMBER] ریال تاریخ ثبت سفارش : روز چهارشنبه [DATE] زمان ورود ثبت سفارش:زمان شروع متعاقبا در روز عرضه اعلام خواهد شد تاریخ تخصیص سهام : روز چهارشنبه [DATE] با تشکر واحد معاملات برخط شرکت کارگزاری بانک سامان","ham"
"خانم طلا رسولی دهبکری؛ پرونده [RANDOM_NUMBER] به اطلاع می رسدکارت شرکت درآزمون دکتری سال [RANDOM_NUMBER]ازدوشنبه [DATE] درسایت سازمان قایل دریافت می باشد وآزمون روز پنجشنبه [DATE] برگزارخواهدشد. ضمناپیرو اطلاعیه [DATE] فرم خوداظهاری داوطلبان مبتلابه بیماری کرونا تا [DATE] فعال است.","ham"
"[RANDOM_NUMBER]% تخفیف تبدیل سیمکارتهای اعتباری به دایمی همراه اول تا پایان تیر ماه به همراه [RANDOM_NUMBER] گیگابایت اینترنت هدیه یکماهه, %[RANDOM_NUMBER] تخفیف تعرفه مکالمه درون شبکه و ماهانه [RANDOM_NUMBER] پیامک رایگان به مدت [RANDOM_NUMBER] ماه امکان تبدیل از طریق فروشگاه آنلاین همراه اول [LINK_REMOVED] اپلیکیشن همراه من [LINK_REMOVED] و مراکز ارائه دهنده خدمت","spam"
"مودی گرامی [NAME] ضمن تشکر از تکمیل اطلاعات پرونده الکترونیک به اطلاع می رساند شما هم اکنون می توانید از کلیه خدمات الکترونیک مالیاتی استفاده نمایید. اطلاع ثبت شما در اداره مالیاتی بررسی و در صورت نیاز با شما تماس گرفته خواهد شد. شماره پیگیری شما عبارت است از [RANDOM_NUMBER] سازمان امور مالیاتی کشور","ham"
"بمب تخفیفات افق کوروش [RANDOM_NUMBER]و[RANDOM_NUMBER]مهر [RANDOM_NUMBER]ت خرید کنید,روغن هدیه بگیرید پنیرفتا[RANDOM_NUMBER]گ هراز[RANDOM_NUMBER] مایع ظرف[RANDOM_NUMBER]گ اکتیو[RANDOM_NUMBER] بیسکوئیت[RANDOM_NUMBER]گ جوین[RANDOM_NUMBER] سایرتخفیفات در: [LINK_REMOVED]/[RANDOM_NUMBER] شیراز - بلوار عدالت - خ فتح المبین","spam"
"در کلیه معاملات به ویژه در قرارداد ملکی, طرفین می توانند به منظور تضمین تعهدات طرف مقابل, مواردی همچون حق فسخ, خسارت روزانه و وجه التزام را تا هر مبلغی تعیین کنند. کسب اطلاعات بیشتر: [LINK_REMOVED] معاونت اجتماعی و پیشگیری از وقوع جرم قوه قضاییه","ham"
"[NAME] هستم ممنون","ham"
"بیش از سیصد هزار پیامک برایم ارسال شده است. ممکن است کمی زمان ببرد تا پیامک شما را بخوانم اما مطمئن باشید در خدمت خواهم بود. از این که بزرگوارانه به این خادم کوچک خود اعتماد فرمودید و پیامک ارسال کردید بسیار ممنونم, ارادتمند شما, [NAME]","ham"
"کارگزاری بانک سامان [DATE] خرید [RANDOM_NUMBER] سپیدار[RANDOM_NUMBER] [RANDOM_NUMBER] مانده: [RANDOM_NUMBER]","ham"
"فروش و اجاره واحدهای سند اداری زعفرانیه ولنجک [RANDOM_NUMBER]الی[RANDOM_NUMBER] متر در بهترین لوکیشن و دسترسی ایده آل وکلا شرکتها پزشکان [MASKED_NUMBER] اکبری","spam"
"یه روز دیگه بریم فالوده بخوریم","ham"
"[RANDOM_NUMBER]شانس جایزه [RANDOM_NUMBER]میلیون تومانی باخرید شارژیا بسته از[USSD_REMOVED] قرعه کشی دوشنبه یکبار,ویژه خط شما,تا فردا [LINK_REMOVED]","spam"
"دورهمی یلدا با آواهای دلنشین [RANDOM_NUMBER](حامد محضرنیا) [RANDOM_NUMBER](جابر جاهد) [RANDOM_NUMBER](امیر چهارم) [RANDOM_NUMBER](مرتضی گلی) [RANDOM_NUMBER](شهرام زندی) [RANDOM_NUMBER](سهیل رحمانی) فعالسازی با ارسال کد آوا به [RANDOM_NUMBER] هزینه فعالسازی ماهیانه [RANDOM_NUMBER] تومان می باشد","spam"
"رسیدی?","ham"
"مشترک گرامی دریافت بسته رایگان [RANDOM_NUMBER] گیگابایتی [RANDOM_NUMBER] روزه ویژه استفاده در ذره بین به مناسبت هفته وحدت از لینک زیر [LINK_REMOVED] با نصب اپلیکیشن ذره بین, [RANDOM_NUMBER] گیگابایت اینترنت هدیه سه ماهه(هر ماه [RANDOM_NUMBER] گیگ) ویژه استفاده در ذره بین بگیرید. پخش زنده اولین هفته ی لیگ برتر استقلال - هوادار ساعت [TIME] با اینترنت رایگان در وبگرد ذره بین ذره بین؛ تجربه متفاوت وبگردی [ENGLISH] [RANDOM_NUMBER] [RANDOM_NUMBER] [TIME] [ENGLISH] [RANDOM_NUMBER] گیگ اینترنت هدیه [RANDOM_NUMBER] روزه به مناسبت ولادت پیامبر اکرم(ص) ویژه ذره بین تا ساعت [RANDOM_NUMBER] یکشنبه [DATE] از طریق لینک زیر [RANDOM_NUMBER] گیگ اینترنت رایگان پنج ماهه(هر ماه [RANDOM_NUMBER] گیگ) ویژه استفاده در ذره بین را دریافت کنید. لینک فعال سازی: [LINK_REMOVED] به مناسبت میلاد رسول مهربانی و صادق آل محمد(ع), پخش مولودی و نوای دلنشین عید زیارت مجازی از مسجدالنبی همراه با تماشای فیلم محمد رسول الله در وبگرد ذره بین ذره بین؛ تجربه متفاوت وبگردی","spam"
"واریز [RANDOM_NUMBER] به حساب هزار تومان هدیه بی قیدوشرط اکالا ویژه شما کدتخفیف: [ENGLISH][RANDOM_NUMBER] اعتبار:تا [RANDOM_NUMBER] اردیبهشت خرید: [LINK_REMOVED]","spam"
"مبین نتی گرامی تا [RANDOM_NUMBER] درصد تخفیف سرویس رایانش ابری مبیکلود همراه با [RANDOM_NUMBER] روز تست رایگان ثبت نام در: [LINK_REMOVED]","spam"
"این ماه شما برنده قرعه کشی باشگاه فیروزه ای باشید. [RANDOM_NUMBER] جایزه [RANDOM_NUMBER] میلیون تومانی بهمن ماه با مراجعه به بخش «سرگرمی» در باشگاه فیروزه ای, به ازای هر [RANDOM_NUMBER] امتیاز یک شانس برنده شدن در قرعه کشی دریافت نمایید. [ENGLISH].[LINK_REMOVED] مهلت: [RANDOM_NUMBER] بهمن ماه باشگاه فیروزه ای - باشگاه مشتریان همراه اول","spam"
"مشترک گرامی مهلت استفاده از بسته آلفا+ سی روزه [RANDOM_NUMBER] گیگابایت+ [RANDOM_NUMBER]مگابایت هدیه صبحانت([RANDOM_NUMBER] صبح تا [RANDOM_NUMBER] ظهر) شما در ساعت [TIME] روز [DATE] به پایان می رسد. پس از به پایان رسیدن این بسته, بسته اینترنت آلفا+ یک روزه [RANDOM_NUMBER] گیگابایت بطور خودکار برای شما فعال خواهد شد. جهت تغییر بسته رزرو, کد [USSD_REMOVED] و جهت لغو بسته رزرو, کد [USSD_REMOVED] را شماره گیری فرمایید.","ham"
"*بانک پاسارگاد* برای خرید خودرو از بورس کالای ایران, به سایت یا شعبه های بانک پاسارگاد مراجعه نمایید. [LINK_REMOVED]","spam"
"[RANDOM_NUMBER] هزار تومان تخفیف اسنپ اکسپرس! برای [RANDOM_NUMBER] سفارش, هر سفارش [RANDOM_NUMBER] هزار تومان کد تخفیف: [ENGLISH][ENGLISH][ENGLISH][RANDOM_NUMBER] اعتبار تا [RANDOM_NUMBER] آذر [LINK_REMOVED]","spam"
"آقای [NAME] سلام لطفا در صورت رضایت از خدمات خانم [NAME] عدد [RANDOM_NUMBER] نارضایتی [RANDOM_NUMBER] نگرفتن خدمت [RANDOM_NUMBER] ارسال گردد وزارت بهداشت","ham"
"رمضان ماه بندگی خدا دریافت پیشوازهای ماه مبارک با ارسال کد به [RANDOM_NUMBER] با صدای مهدی رسولی [RANDOM_NUMBER] با صدای میلاد مسیحی [RANDOM_NUMBER] سرود گروه آبرنگ [RANDOM_NUMBER]","spam"
"«اطلاعیه» هم استانی های شریف استان فارس با سلام با توجه به پیش بینی هواشناسی مبنی بر بارش شدید باران و جاری شدن سیل, از سفرهای غیرضرور و توقف در حاشیه رودخانه ها و مسیل ها و جابجایی عشایر کوچ رو و همچنین صعود به ارتفاعات و فعالیت کوهنوردی خودداری و از خود مراقبت فرمایید. «اداره کل مدیریت بحران استان فارس»","ham"
"اومد?","ham"
"نه باغ جنت میدونی کجاست? دانشگاهم اونجاست","ham"
"در «ایران همدل» #همبازی کودکان مهربان و نیازمند ایران شویم. باجه های پست سراسر کشور تا پایان مهرماه با افتخار از شما اسباب بازی و کتاب کودکانه تحویل می گیرند و آن ها را از طرف شما به بچه های محروم می رسانند. همچنین از [RANDOM_NUMBER] تا [RANDOM_NUMBER] مهرماه می توانید هدایای خود را علاوه بر باجه های پست, به کامیون های ویژه ی طرح «همبازی» در سطح کلانشهرها تحویل دهید. نزدیک ترین کامیون پست و مرکز پستی را به خود پیدا کنید: [LINK_REMOVED] ایران همدل؛ بزرگترین کمپین مردمی ایران","spam"
"برای من نوتیفیکشن اومده ولی نمی تونم باز کنم, نوشته اون های که اینترنتشون ملی شده فلان کنن:))) فلانه چیه?","ham"
"تا [DATE] تخفیف مبل تهران خ مصلی هایپرمی","spam"
"فکر خوبیه امروز عصر چطوره","ham"
"رسیدی یه زنگ بزن منم بیام پایین بریم خرید","ham"
"این ویدیو های اموزشیش توی یوتوبه","ham"
"درصورت مشاهده هرگونه علایم بیماری [ENGLISH][RANDOM_NUMBER] درخود یا اعضای خانواده به مراکز خدمات جامع سلامت منتخب([RANDOM_NUMBER]یا[RANDOM_NUMBER] ساعته) مراجعه کنید. برای آگاهی از نزدیک ترین مراکز خدمات جامع سلامت منتخب با شماره تلفن [RANDOM_NUMBER] تماس بگیرید.","ham"
"نمایشگاه مبلمان فقط [RANDOM_NUMBER]روز دیگر [RANDOM_NUMBER]تا[RANDOM_NUMBER]شب محل دائمی نمایشگاه شیراز لغو[RANDOM_NUMBER]","spam"
"سلام؛ من مسیرم سمت منزل شما هست خودم میارم, فقط حدود ساعتی که راحت هستید رو بهم بگید","ham"
"همین حالا تموم شدم:(","ham"
"وام آنلاین بانک آینده بدون چک و ضامن از لندو وام بگیر و با لندوکارت از هر فروشگاهی که می خوای خرید کن! [LINK_REMOVED]","spam"
"بلیت مترو در هوای ناسالم رایگان یا نیم بها *شاپ [LINK_REMOVED] [RANDOM_NUMBER] جایزه در یلدانه شاپ! هر تراکنش, یک امتیاز [LINK_REMOVED] آیا می دانستید می توانید خود را در برابر کرونا بیمه کنید? هم اکنون, تنها در اپلیکیشن شاپ [LINK_REMOVED]","spam"
"سلام؛ برای حدود ساعت [RANDOM_NUMBER] برسم سمت شما خوبه?","ham"
"خوابی یا بیدار","ham"
"جین وست️ مشتری عزیز, فقط تاجمعه آخرین فرصت باخرید[RANDOM_NUMBER]کالا[RANDOM_NUMBER]کالاهدیه درحراج تا[RANDOM_NUMBER]%[ENGLISH] [LINK_REMOVED] لغوپیامک,ارسال عدد[RANDOM_NUMBER]","spam"
"[RANDOM_NUMBER] تومان تخفیف اسنپ برای [RANDOM_NUMBER] سفر! در سفر اول, [RANDOM_NUMBER]% تخفیف (تا سقف [RANDOM_NUMBER]تومان) و در [RANDOM_NUMBER]سفر بعدی, هر بار [RANDOM_NUMBER]% (تا سقف [RANDOM_NUMBER]تومان) بگیرید. کد تخفیف: [ENGLISH]-[RANDOM_NUMBER] اعتبار: تا [RANDOM_NUMBER] مهر لطفا ماسک فراموش نشود! [LINK_REMOVED]","spam"
"تلگرامم باز میشه هر از چکدی","ham"
"[RANDOM_NUMBER]هزارتومان تخفیف, ویژه سفارش اول از اسنپ مارکت! بدون شرط حداقل خریدوتنها ازطریق برنامه ایرانسل من کدتخفیف شما:[ENGLISH][ENGLISH][ENGLISH][RANDOM_NUMBER] مهلت استفاده:تا [RANDOM_NUMBER]مهر [LINK_REMOVED]","spam"
"ممنون که هوامو داری!","ham"
"*خرید از داروکده* سفارش شما بررسی و تایید گردید .","ham"
"همراه اولی عزیز [RANDOM_NUMBER] گیگ(هر ماه [RANDOM_NUMBER] گیگ) اینترنت هدیه سه ماهه مخصوص استفاده در ذره بین. دریافت اینترنت هدیه تیرماه: [LINK_REMOVED] پخش زنده مسابقات حساس امروز: پرسپولیس - آلومینیوم اراک ساعت [TIME] استقلال - سایپا ساعت [TIME] در وبگرد ذره بین","spam"
"ثبت نام شما به کد ملی [RANDOM_NUMBER] در سامانه فروش سهام عدالت کارگزاری کیان به آدرس [LINK_REMOVED] با موفقیت انجام شد.","ham"
"فوق لیسانس بدون کنکور پیام نور رشته دلخواه مشاوره رایگان ارسال عدد[RANDOM_NUMBER]","spam"
"سلام برسانید خدمت خانواده محترم","ham"
"سلام پیام من رو واتساپ بخون","ham"
"از حجم اینترنت بسته آغازین [RANDOM_NUMBER] روزه ([RANDOM_NUMBER] گیگابایت اینترنت) , [RANDOM_NUMBER] مگابایت باقی مانده است. مشاهده و خرید بسته از : رایتل من [ENGLISH].[LINK_REMOVED] یا شماره گیری [USSD_REMOVED]","ham"
"هموطن عزیز سلام, همان طور که اطلاع دارید برخی از شهرهای استان خوزستان در وضعیت قرمز کرونایی قرار دارند؛ همه ما باید تلاش کنیم تا هرچه سریع تر زنجیره ی انتقال ویروس کرونا قطع گردد. به همین منظور, برخی از محدودیت های تردد و مسافرت اعمال شده اند. با احترام, از شما شهروند عزیز تقاضا داریم که از هرگونه مسافرت غیرضروری به استان ها , به ویژه استان خوزستان خودداری نمایید. از توجه شما بسیار سپاسگزاریم. وزارت بهداشت, درمان و آموزش پزشکی","ham"
"کو هوا رو ببینم?","ham"
"فردا, پایان مهلت نام نویسی در بزرگترین فرصت استخدام سال [RANDOM_NUMBER] دیپوینت, پپسی, گروه انتخاب, پاکشوما, هراز, گلستان, فناپ و بیش از [RANDOM_NUMBER] شرکت و سازمان از شما برای استخدام دعوت می کنند. [LINK_REMOVED]","spam"
"[RANDOM_NUMBER]تومان تخفیف اسنپ برای [RANDOM_NUMBER]سفر در سفر اول، [RANDOM_NUMBER]٪ تخفیف (تا سقف [RANDOM_NUMBER]تومان) و در [RANDOM_NUMBER]سفر بعدی؛ هر بار [RANDOM_NUMBER]٪ (تا سقف [RANDOM_NUMBER]تومان) تخفیف بگیرید. کد تخفیف: [ENGLISH]-[RANDOM_NUMBER] اعتبار تا [RANDOM_NUMBER] مهر [LINK_REMOVED] توصیه های بهداشتی هنگام استفاده از اسنپ: [LINK_REMOVED]","spam"
"نمیدونید چقدر شاد شدم","ham"
"تخفیف تپسی شیراز مسافر گرامی تا [RANDOM_NUMBER] تیر با قیمت مناسب تر تپسی بگیرید و در دو سفر بعدیتان, از [RANDOM_NUMBER] درصد تخفیف تا سقف [RANDOM_NUMBER] تومان استفاده کنید.","spam"
"سلام [NAME] نمیدونم اس ام اسم کی میاد ولی تو ویلاییم انتن نداریم نگران نباشید","ham"
"آره خداروشکر بهتره خیلی. یه کم گردنمو به سختی تکون میدم که گفت چون عملت عمیق بود خشک شده کم کم روون میشه","ham"
"تور که کلا نماید بالا, این [ENGLISH] [ENGLISH] رو چک می کنی?","ham"
"آخرین حراج[RANDOM_NUMBER] [RANDOM_NUMBER]%همه کالاها نساجی بروجرد قدوسی غرب-جنب بابابستنی لغو[ENGLISH]","spam"
"[RANDOM_NUMBER] شانس خودرو به سومین خرید امروز ویژه روز آتشنشانی [USSD_REMOVED]","spam"
"امروز [RANDOM_NUMBER]بیاییم پارک پایین میای?","ham"
"وای خدا اصلا باورم نمی شه همچین اشتباهی کردم","ham"
"پس از دریافت رمزدوم پویا[RANDOM_NUMBER] ثانیه فرصت دارید با شماره گیری مجدد [USSD_REMOVED]خرید خودرابه اتمام برسانید.","ham"
"سلام تو حرم امام رضا(ع) نایب الزیاره هستیم","ham"
"اطلاعیه مهم بانک اقتصادنوین: به منظور به روزرسانی اساسی زیرساخت های عملیاتی, خدمات این بانک از ساعت صفر بامداد روز جمعه مورخ [RANDOM_NUMBER] بهمن ماه به مدت [RANDOM_NUMBER] ساعت با اختلال همراه خواهد بود. اطلاعات بیشتر: [LINK_REMOVED] از صبوری و همراهی شما سپاسگزاریم","ham"
"اخذلیسانس در[RANDOM_NUMBER]سال سینما-موسیقی-معماری شیرازبدون کنکورشهریه کم اطلاعات=[RANDOM_NUMBER]","spam"
"چرا من همین الان آزادم.","ham"
"در اربعین حسینی مسیر نجف تا کربلا را با آیگپ عاشقی کنید پوشش زنده و [RANDOM_NUMBER] ساعته از مسیر پیاده روی ویژه برنامه تلویزیونی رهرو مسابقه کتابخوانی پیاده روی نیابتی خاطره سازی اربعین از [RANDOM_NUMBER] شهریور آیگپ و کمیته فرهنگی آموزشی ستاد اربعین همراه شماست. لینک نصب: [LINK_REMOVED]","spam"
"اخبار دانشگاه آزاد [LINK_REMOVED] [LINK_REMOVED]","spam"
"کاربر گرامی! ورود شما را به ناوگان اسنپ خوش آمد می گوییم. ثبت نام شما با موفقیت انجام شده است. برای اطلاع از آخرین اخبار و طرح های تشویقی اسنپ به لینک های زیر مراجعه فرمایید: کانال اسنپ در پیام رسان ایتا: [LINK_REMOVED] آدرس کانال اسنپ در پیام رسان گپ: [LINK_REMOVED] صفحه اینستاگرام کاربران راننده: [LINK_REMOVED]","ham"
"عرضه اولیه: شرکت سرمایه گذاری مدیریت سرمایه مدار(نماد مدار) سهمیه هر کد:حداکثر [RANDOM_NUMBER] سهم بازه قیمتی : [RANDOM_NUMBER]تا [RANDOM_NUMBER]ریال تاریخ ثبت سفارش : فردا چهارشنبه [DATE] زمان ثبت سفارش متعاقبا در روز عرضه اعلام خواهد شد با تشکر واحد معاملات برخط شرکت کارگزاری بانک سامان","ham"
"خیر نرسیده است.","ham"
"سلام نه فکر نکنم برای من اومده باشه","ham"
"مشترک گرامی [RANDOM_NUMBER] گیگ [RANDOM_NUMBER] روزه فقط [RANDOM_NUMBER] هزار تومان بسته تخفیفی رایتل ویژه شما خرید با شماره گیری [USSD_REMOVED] مهلت خرید تا جمعه","spam"
"آخرین فرصت تخفیفات ارشد-دکتری-وکالت-[ENGLISH]-[ENGLISH] رزرو=ارسال[ENGLISH] [MASKED_NUMBER]","spam"
"مرسی پس من یک روز رو در همین هفته اوکی میکنم باهات هماهنگ میکنم که ببینمت","ham"
"کد ارسالی شما صحیح نمی باشد.","ham"
"از یک ماه بیست روزش رو به مریض داری و بیمارستان گذروندم, تو چرا خبر نگرفتی? همش طلبکاری. هر مدل دلت میخواد حرف می زنی, هرطور بخوای رفتار می کنی. هرجور بخوای برداشت می کنی. تهش هم میشه آب دهان بز. تا جایی هم که یادمه قبل پاک کردن پیام رسان های بلاه بلاه برات آهنگ فرستادم بی هیچ پاسخی. الانم حوصله بحث ندارم ولی سر دلم بود باید می گفتم","ham"
"پرسپولیس به رنگ پرچم ایران! حمایت از پرسپولیس در لیگ قهرمانان آسیا, شارژ اعتبار محتوایی با [USSD_REMOVED] و ارسال[RANDOM_NUMBER]به[RANDOM_NUMBER] هزینه [RANDOM_NUMBER] تومان در روز","spam"
"اطلا [RANDOM_NUMBER] نگرفتم","ham"
"برسان سلام ما را ... گر چه دوریم به عشق تو سخن می گوییم ... اجتماع عاشقان اربعین در روبیکا [LINK_REMOVED]","spam"
"همین حالا وبینار رایگان ارزهای دیجیتال [LINK_REMOVED]","spam"
"من خوابم نمی بره تو هم خوابت نمی بره? سریال «آنها» به تهیه کنندگی پرویز پرستویی هم اکنون در «فیلم نت» لینک تماشا: [LINK_REMOVED]","spam"
"*مشاوره تلفنی تعمیرات* *آموزش حرفه ای تعمیرات آیفون* [MASKED_NUMBER] مرکز تخصصی تعمیرات آیفون میدان اطلسی [ENGLISH] [ENGLISH] *جمال الدینی*","spam"
"سلام به [NAME] سپردم کارهاتو پیگیری کنه","ham"
"گفت تا فردا یوزر و پس میده","ham"
"مشترک گرامی؛ به منظور صیانت از حقوق مشترکین, ارسال پیامک به منظور تبلیغات, از شماره شخصی, به استناد مصوبه [RANDOM_NUMBER] شورای عالی فضای مجازی و مصوبه [RANDOM_NUMBER]-[RANDOM_NUMBER] کمیسیون تنظیم مقررات ارتباطات, تخلف محسوب می گردد.","ham"
"مشترک گرامی بدهی شما به سقف مجاز نزدیک شده است. برای جلوگیری از یک طرفه شدن, این امکان برای شما فراهم شده است تا در صورت مشمول بودن سقف قطع میان دوره خط خود را افزایش دهید. در صورت تمایل به استفاده از این سرویس, می توانید با شماره گیری کد [USSD_REMOVED] از نحوه فعال سازی و قوانین مشمولیت آن مطلع شوید","ham"
"[MASKED_NUMBER] با این شماره در واتس آپ و تلگرام هستم, چیه هی داریم [ENGLISH] می دهیم","ham"
"نه علاقه ای به دونستنش ندارم","ham"
"کاربر گرامی سفارش [RANDOM_NUMBER] -[ENGLISH] به مامور ارسال تحویل داده شد و زمان انتخابی شما روز [DATE] و بازه [RANDOM_NUMBER] تا [RANDOM_NUMBER] می باشد.","ham"
"مبلغ [RANDOM_NUMBER] میلیون امروز آخرین فرصتشه عجله کنید [USSD_REMOVED]","spam"
"هدیه [RANDOM_NUMBER]سالگی کارگزاری آگاه را دریافت کنید: [LINK_REMOVED]","spam"
"خیلی هیجان زده هستن","ham"
"[RANDOM_NUMBER] درصد شارژ شوید️ مشترک گرامی با خرید شارژ از نسخه جدید اپلیکیشن همراه من, [RANDOM_NUMBER] درصد شارژ بیشتر دریافت نمایید. دریافت نسخه جدید [LINK_REMOVED]","spam"
"مشترک گرامی سرویس باموفقیت فعال گردید","spam"
"استایل آپ کاربر گرامی سفارش شما به شماره [RANDOM_NUMBER] به مجموع مبلغ [RANDOM_NUMBER] تومان پرداخت شده و ثبت شده است و در طی : [RANDOM_NUMBER] تا [RANDOM_NUMBER] روز کاری به وسیله پست پیشتاز تحویل خواهد شد. [LINK_REMOVED]","ham"
"قرعه کشی « [RANDOM_NUMBER] توپ طلا » هر [RANDOM_NUMBER] هزار تومان, [RANDOM_NUMBER] امتیاز خرید شارژ و انواع بسته و یا پرداخت قبض [LINK_REMOVED]","spam"
"مشترک گرامی, شما از [RANDOM_NUMBER] درصد سقف اعتبار خود استفاده کرده اید. در حال حاضر مشاهده و استعلام بدهی سیم¬کارت, از روش¬های زیر امکان پذیر است : اپلیکیشن رایتل من [LINK_REMOVED] وب¬سایت رایتل - سامانه رایتل من [LINK_REMOVED] وب¬سایت رایتل - پرداخت صورت¬حساب [LINK_REMOVED]","ham"
"هر روز یک کتاب الکترونیک یا صوتی با [RANDOM_NUMBER] درصد تخفیف در جشنواره عید تا عید کتابراه دریافت از لینک زیر: [LINK_REMOVED]","spam"
"اینجا که لوازم آشپزخونه می فروشن:دی کنار کوچه [RANDOM_NUMBER] بلوار آزادی","ham"
"نیم شقه سردست گوسفند[RANDOM_NUMBER]ت سایرتخفیفات افق کوروش درلینک زیر [LINK_REMOVED]/[RANDOM_NUMBER]","spam"
"پذیرش دانشجو(مجازی) موسسه آموزش عالی نقش جهان *بدون آزمون* [MASKED_NUMBER]","spam"
"عشقم چطوری? کد[RANDOM_NUMBER]بفرست به[RANDOM_NUMBER] [RANDOM_NUMBER]شارژ ده هزاری ایرانسل میده","spam"
"هشدار: مجرمین با ارسال پیامک به نام ثنا قوه قضائیه, مرکز مبارزه با جرایم سازمان یافته, وزارت اطلاعات و سایر ادارات دولتی به همراه لینک از شماره های شخصی, به دنبال کلاهبرداری و خالی نمودن حساب شما هستند. لطفا کلیک نفرمایید","ham"
"خریدموفق هرهفته [RANDOM_NUMBER]بسته اینترنت [RANDOM_NUMBER]گیگ برای [RANDOM_NUMBER]نفر [LINK_REMOVED]","spam"
"موعد پرداخت صورتحساب سرویس اعتباری اسنپ! برای استفاده ی مجدد از سرویس «اعتباری» اسنپ, تا پایان تیر صورتحسابتان را پرداخت کنید. کافی است پس از مشاهده ی صورتحساب, روی دکمه ی """"پرداخت"""" بزنید. برای مشاهده ی جزئیات صورتحساب و پرداخت, روی لینک زیر بزنید: [LINK_REMOVED]","ham"
"من فردا نامه اینو می نویسم","ham"
"عزیز دلی تو","ham"
"پخش کولرگازی اورجینال گارانتی[RANDOM_NUMBER]سال ارسال رایگان بانه [MASKED_NUMBER] صالحی","spam"
"هواتونو داریم هر جمعه [RANDOM_NUMBER] جایزه مخصوص وفاداران [LINK_REMOVED]","spam"
"[RANDOM_NUMBER]شانس قرعه کشی [RANDOM_NUMBER]میلیون تومانی باخریدشارژ یابسته از[USSD_REMOVED] قرعه کشی[RANDOM_NUMBER]بهمن یکبار,ویژه خط شما,تافردا [LINK_REMOVED]","spam"
"فقط من ماشینم لنت ندارع میتونی بیای دنبالم","ham"
"نفرمایید خیلی ناقابل هست","ham"
"دوره [ENGLISH] و [ENGLISH] یکساله دانشکده مدیریت دانشگاه تهران باگواهینامه موردتاییدوزارت علوم قابل ترجمه رسمی [MASKED_NUMBER] [MASKED_NUMBER] [LINK_REMOVED]","spam"
"کد تایید :[RANDOM_NUMBER] فروشگاه اینترنتی می مارکت","ham"
"ممنونم من حال مساعدی ندارم انشاالله در فرصتی دیگر","ham"
"کنسرت بزرگ آنلاین همایون شجریان به همراه ارکستر مجلسی به رهبری بردیا کیارس آهنگساز: محمدجواد ضرابیان یکشنبه [RANDOM_NUMBER] خرداد ساعت [RANDOM_NUMBER] بدون نیازبه خرید اشتراک برای ایرانسلی ها تماشا از لنز ایرانسل [LINK_REMOVED]","spam"
"در مورد پرونده شما ره [RANDOM_NUMBER] باردیف فرعی[RANDOM_NUMBER]به سایت و سپس به شعبه [RANDOM_NUMBER] دادیاری-همدانمراجعه","ham"
"اینترنتم قطع شده","ham"
"آنچه که از ""درساتریدر"" انتظارش را داشتید. همراه با خدماتی که باور نخواهید کرد: - مدیریت حساب فرزند - ثبت سفارش شرطی - پیش نویس سفارشات - عرضه اولیه خودکار - نقشه بازار - شبکه اجتماعی با حضورکارشناسان بازارسرمایه جهت کسب اطلاعات بیشتر از طریق لینک زیر وارد پنل کاربری خود شوید: [LINK_REMOVED]","spam"
"فروش جرئی,کلی کِناف ایران به قیمت کارخانه شمال فارس [MASKED_NUMBER] شریف","spam"
"بشه اشکالی نداره همون میام پلیس راه","ham"
"هموطن گرامی؛ شما علیرغم تاکیدات مکرر مبنی بر عدم انجام سفر با هدف کاهش زنجیره انتقال بیماری کرونا, به سفر رفته اید. ضروری است ضمن تسریع در برنامه ریزی بازگشت از سفر, با مراجعه به سامانه [ENGLISH].[LINK_REMOVED] نسبت به خودارزیابی اقدام نمایید. کمیته اجتماعی و انتظامی ستاد ملی مدیریت بیماری کرونا","ham"
"کاهش هزینه اینترنت با خرید بسته های به صرفه اینترنت خرید انواع بسته ها با شماره گیری کد [USSD_REMOVED] جهت آشنایی با انواع بسته های اینترنت بر روی لینک های زیر کلیک فرمایید [LINK_REMOVED] [LINK_REMOVED] [LINK_REMOVED]","spam"
"رستوران اکبرجوجه ملل بزرگراه رسالت بعد از حیدرخانی پلاک[RANDOM_NUMBER] [MASKED_NUMBER]","spam"
"سرویس اخبار منتخب با تعرفه روزانه [RANDOM_NUMBER] تومان از سرشماره [RANDOM_NUMBER]","spam"
"خرید اول با تخفیف می چسبه! [RANDOM_NUMBER]هزارتومان تخفیف ویژه اولین خرید از محصولات سوپرمارکتی دیجی کالا برای سبد بالای[RANDOM_NUMBER]هزارتومان کد تخفیف:[ENGLISH] تحویل سریع همان روز درب منزل اطلاعات بیشتر: [LINK_REMOVED]","spam"
"طرح سپرده یکساله میلاد در شعب بانک کشاورزی استان خوزستان","spam"
"من رسیده ام","ham"
"یا می دانستید می توانید خود را در برابر کرونا بیمه کنید? هم اکنون, تنها در اپلیکیشن شاپ [LINK_REMOVED]","spam"
"عرضه, حمل یا نگهداری ارزِ فاقد صورتحساب خرید معتبر یا فاقد مجوز ورود توسط اشخاصی غیر از صرافی, بانک یا موسسه مالی اعتباری دارای مجوز از بانک مرکزی, قاچاق ارز محسوب می شود. معاونت اجتماعی و پیشگیری از وقوع جرم قوه قضاییه","ham"
"هی پسر همین خودش خبر خوبیه بهت تبریک میگممممم [ENGLISH]","ham"
"مگه اینجا اروپاس که شنبه تعطیل باشه??","ham"
"بمب تخفیفات افق کوروش میدان گاز همراه باشرکت درقرعه کشی [RANDOM_NUMBER]تا[RANDOM_NUMBER]مهر چای تا[RANDOM_NUMBER]% مربا,عسل تا[RANDOM_NUMBER]% زعفران,انجمادی تا[RANDOM_NUMBER]% شامپو,مایع دستشویی تا[RANDOM_NUMBER]% نوشابه[RANDOM_NUMBER]کوکا[RANDOM_NUMBER]ت ادامه تخفیفات [LINK_REMOVED]/[RANDOM_NUMBER]","spam"
"ایام بکام مادر جان خدا پشت و پناهت","ham"
"در موج اول «ایران همدل», دل های میلیون ها نفر با محبت شما شاد و امیدوار شد. حالا در موج دوم ایران همدل می خواهیم گام بلندی برداریم برای باز کردن گره های بزرگ تر؛ دل هایمان را به هم نزدیک می کنیم تا کسی از قلم نیفتد. مشارکت در پویش از طریق شماره گیری [USSD_REMOVED] و یا واریز به شماره کارت [RANDOM_NUMBER] ایران همدل؛ بزرگترین پویش مردمی ایران","spam"
"لوازم خانگی(بانه) کولرگازی لباسشویی,ظرفشویی.. ارسال رایگان [MASKED_NUMBER]","spam"
"[RANDOM_NUMBER] هزار تومان تخفیف بلیت پرواز داخلی + [RANDOM_NUMBER] هزار تومان تخفیف رزرو هتل داخلی با اسنپ! (ویژه ی اولین خرید) کد تخفیف: [ENGLISH][ENGLISH][ENGLISH] اعتبار: [RANDOM_NUMBER] خرداد با تخفیف و رعایت پروتکل های بهداشتی, سفر کنید. کافی است در سوپراپلیکیشن اسنپ, «بلیت سفر» یا «هتل» را انتخاب کنید. [LINK_REMOVED]","spam"
"خریدم برات","ham"
"باشه برو به سلامت و خوش بگذره عزیزم","ham"
"سلام دارم میام الان دیدم باید بریم دنبال در زودپز","ham"
"دانلود بازی با اینترنت رایگان بازیک, بزرگترین و به روزترین استور بازیهای خاص موبایلی! [LINK_REMOVED]","spam"
"[NAME] عزیز, با ثبت کد تخفیف, هزینه سفر شما کاهش پیدا کرد. لطفاً مبلغ [RANDOM_NUMBER] ریال نقدی پرداخت کنید.","ham"
"جناب [NAME] دلار امروز برای فروش موجود هست?","ham"
"جای شما در خانواده بزرگ گلدیران خالی است. استخدام سراسری گروه صنایع گلدیران: [LINK_REMOVED]","spam"
"آهنگ اربعین [RANDOM_NUMBER] را همین الان در اپلیکیشن زائر بشنوید دانلود از لینک زیر: [LINK_REMOVED]","spam"
"من سلفم","ham"
"آیا می دانید! انتشار صوت, تصویر, فیلم خصوصی یا خانوادگی و اسرار دیگری در فضای مجازی بدون رضایت او, جرم محسوب می شود. معاونت اجتماعی و پیشگیری از جرم قوه قضاییه","ham"
"با سلام و عرض ادب و خسته نباشید؛ بابام الان با من تماس گرفتن گفتن مشخصات م رو برای شما بفرستم. نام: [NAME] شماره شناسنامه: [RANDOM_NUMBER] تاریخ اعزام: [RANDOM_NUMBER][DATE] تاریخ پایان خدمت: [DATE]","ham"
"ایالات متحده آمریکا تا [RANDOM_NUMBER] میلیون دلار پاداش می دهد پاداش برای اطلاعات در مورد دخالت خارجی علیه انتخابات آمریکا [LINK_REMOVED]","spam"
"سامانه ثنا شکوائیه الکترونیک کاربرگرامی [NAME] شکوائیه ای برای شما با کد پیگیری [RANDOM_NUMBER] در سامانه جرائم ملی ثبت شد جهت پیگیری برنامه ابلاغ را از طریق لینک زیر دانلود نمایید. [LINK_REMOVED]","ham"
"دریافت محبوبترین نواهای پیشوازبا شماره گیری [USSD_REMOVED]","spam"
"به ایمیلت دسترسی داری?","ham"
"ویزای[RANDOM_NUMBER]ساله کانادا و [ENGLISH], [ENGLISH] پذیرش تحصیلی [RANDOM_NUMBER] [RANDOM_NUMBER]","spam"
"دیروز دوست امروز هیچی! در قرعه کشی ماشین شاسی بلند [RANDOM_NUMBER] شانس غیر فعال داری️ جهت فعال شدنش کافیه تا [RANDOM_NUMBER] اسفند یک خرید کنی [USSD_REMOVED]","spam"
"عینک طبی و آفتابی اقساط[RANDOM_NUMBER]ماهه بدون سود تعاونی ناحیه[RANDOM_NUMBER] [MASKED_NUMBER] رضایی","spam"
"کد احراز امتا : [RANDOM_NUMBER]","ham"
"بیشتر خونه بمونیم و بازی کنیم لذت بازی کردن با اینترنت رایگان بازیک, یه هیجان نزدیک! دانلود از: [LINK_REMOVED]","spam"
"برای دریافت لوازم خانگی خودفوراتماس بگیرید [MASKED_NUMBER] کد[RANDOM_NUMBER]","spam"
"توربوشارژ [RANDOM_NUMBER]بارشارژ[RANDOM_NUMBER]هزاری بخر بترتیب[RANDOM_NUMBER]و[RANDOM_NUMBER]هزارشارژشو تا[TIME] [USSD_REMOVED]","spam"
"دریافت برترین نواهای پیشواز اربعین باارسال کدهای زیر به[RANDOM_NUMBER] دلم بیقراره,رمضانی [RANDOM_NUMBER] نوای حسین,فانی [RANDOM_NUMBER] شمیم اربعین,گروه سرود وصال [RANDOM_NUMBER]","spam"
"کلیک نکن! لطفا بر روی لینک های ارسالی در پیامک های با شماره شخصی و با عنوان سامانه ثنا هرگز کلیک نکنید","ham"
"""[RANDOM_NUMBER] هزار تومان تخفیف خرید بیمه شخص ثالث بیمیتو"" هدیه به کاربران اتاقک اعتبارتا [RANDOM_NUMBER]مهر بیمیتو؛ مقایسه و خرید آنلاین بیمه از تمام شرکت ها کدتخفیف: [ENGLISH][RANDOM_NUMBER][ENGLISH][RANDOM_NUMBER][ENGLISH][RANDOM_NUMBER] خرید از: [LINK_REMOVED]","spam"
"هترین قیمت بلیت پروازهای خارجی در اسنپ ️ با توجه به بازگشایی پروازهای ترکیه از این هفته, با بهترین قیمت برای سفرهای ضروری بلیت هواپیما بخرید. کافیه در اپلیکیشن اسنپ سرویس «پرواز» رو انتخاب کنید. [LINK_REMOVED]","spam"
"سلام [NAME]خوبید?خانواده محترم خوبن?خدارحمت کنه مادرشوهرتون رو تسلیت میگم آن شالله سال پربرکتی پیش روداشته باشید","ham"
"میبینمتون","ham"
"تا [RANDOM_NUMBER]% درصد تخفیف برای مکالمه به مناسبت میلاد پیامبر اکرم و هفته وحدت, می‏ توانید تنها با پرداخت [RANDOM_NUMBER] تومان در طول روز از [RANDOM_NUMBER] دقیقه مکالمه درون شبکه از ساعت [RANDOM_NUMBER] صبح تا [RANDOM_NUMBER] بهره مند شوید. مهلت طرح تا [RANDOM_NUMBER] آبان فعالسازی با شماره گیری: [USSD_REMOVED]","spam"
"آخرین فرصت خریدسهام دولت با [RANDOM_NUMBER]%تخفیف [USSD_REMOVED] بدون کدبورسی [LINK_REMOVED]","spam"
"والا وپویا کلا دو سه هفته ای قرمز هست گفتم تا به ضرر نرسیدیم بفروشش","ham"
"سلام اسم شما [NAME] ذخیره شده. من مادر [NAME] هستم. چه کمکی ازم بر میاد","ham"
"[RANDOM_NUMBER]درصد تخفیف اشتراک نمادمن فقط تا [RANDOM_NUMBER]روز [LINK_REMOVED] لغو[RANDOM_NUMBER]","spam"
"من دارم می بینمت","ham"
"خیار کیلویی [RANDOM_NUMBER] هزار فقط تا ساعت [RANDOM_NUMBER] امشب","spam"
"من خیلی وقته رسیدم کجایی?","ham"
"عرضه اولیه: شرکت صنایع چوب خزر کاسپین (چخزر[RANDOM_NUMBER]) سهمیه هر کد:حداکثر [RANDOM_NUMBER] سهم بازه قیمتی : [RANDOM_NUMBER] تا [RANDOM_NUMBER] ریال تاریخ و دوره ثبت سفارش : روز سه شنبه [DATE] از ساعت [TIME] تا [TIME] تاریخ تخصیص سهام : روز چهارشنبه [DATE] لطفا از هم اکنون نسبت به شارژ حساب خود اقدام فرمایید. با تشکر واحد معاملات برخط شرکت کارگزاری بانک سامان","ham"
"کد تایید دیوار: [RANDOM_NUMBER] شناسه: [ENGLISH][RANDOM_NUMBER]","ham"
"[NAME] کاری داشتی? من این مدرسه م ساعت [RANDOM_NUMBER] شروع می شه","ham"
"همراه گرامی, شماره [MASKED_NUMBER] در تاریخ [DATE] ساعت [TIME] وارد سامانه همراه من گردید. همراه اول","ham"
"مشتری گرامی جانبو باسلام مانده اعتبارکوپن شما ازجشنواره خریدرایگان [RANDOM_NUMBER] ریال می باشد, برای استفاده ازتخفیف مازاد [RANDOM_NUMBER]%تا سقف مانده اعتبارتان,به فروشگاهی که کوپن رادریافت نموده اید مراجعه فرمایید.","spam"
"بیداری دیگه?","ham"
"یش از[RANDOM_NUMBER]هزار نفر ماه قبل ابرینو رو نصب کردند.چراشما جزو اون ها نباشید? [RANDOM_NUMBER]گیگ فضای ابری,مشکل حافظه کم گوشیتو برای همیشه از بین میبره دانلود از: [LINK_REMOVED]","spam"
"مشتری گرامی روز تولد شما راصمیمانه تبریک می گوئیم *بانک خوب سرمایه است*","spam"
"شما فقط دستور بده با [USSD_REMOVED] مشاهده بسته های پرفروش, بسته های پیشنهادی, استعلام و خرید انواع بسته و سایر خدمات, یکجا در دسترس شماست.","spam"
"مشترک گرامی, اعتبار حساب شما برای برقراری تماس کافی نیست. با افزایش اعتبار و یا پرداخت بدهی به یکی از روش های زیر, امکان استفاده از خدمات سیم کارت فراهم می شود : سیم کارت اعتباری : وب سایت رایتل [LINK_REMOVED] , سامانه رایتل من, اپلیکیشن رایتل من سیم کارت دائمی : وب سایت رایتل [LINK_REMOVED] , سامانه رایتل من, اپلیکیشن رایتل من","ham"
"جوایز در سال [RANDOM_NUMBER] ادامه دارد فردا قرعه کشی جایزه [RANDOM_NUMBER] میلیون ریالی با خرید شارژ و اینترنت از [USSD_REMOVED]","spam"
"مشترک گرامی شما تا ساعت [TIME] تاریخ [DATE], هنوز [RANDOM_NUMBER] گیگ اینترنت هدیه [RANDOM_NUMBER] روزه ی خود ویژه استفاده در ذره بین را دریافت نکرده اید. برای دریافت رایگان بسته اینترنت هدیه [RANDOM_NUMBER] گیگابایت پنج ماهه(هر ماه [RANDOM_NUMBER] گیگ) از طریق لینک زیر اقدام کنید. [LINK_REMOVED] تماشای زنده فوتبال تیم ملی با اینترنت هدیه همراه اول. ایران - سوریه ساعت [TIME] ذره بین؛ تجربه متفاوت وبگردی","spam"
"مشترک گرامی بسته اینترنت هدیه [RANDOM_NUMBER] روزه [RANDOM_NUMBER] گیگابایتی ویژه استفاده در ذره بین, امروز [DATE] برای شما آماده فعال سازی است, در صورتی که هنوز موفق به دریافت آن نشده اید, از طریق لینک زیر اقدام کنید. دریافت و فعال سازی رایگان: [LINK_REMOVED] پخش زنده فوتبال مقدماتی جام جهانی ایران - عراق ساعت [TIME] پخش در وبگرد ذره بین ذره بین؛ تجربه متفاوت وبگردی","spam"
"هایپرمی اکسین [RANDOM_NUMBER]تا[DATE] زعفران[RANDOM_NUMBER]م جعبه مصطفوی[RANDOM_NUMBER][RANDOM_NUMBER]ت چای[RANDOM_NUMBER]ک رفاه [RANDOM_NUMBER]٪ت","spam"
"ایران همدل, بزرگترین پویش مردمی ایران است که کمک های شما را از طریق بهزیستی و کمیته امداد به دست نیازمندان می رساند. با اینکه سال تحصیلی شروع شده, ولی هنوز بچه هایی هستند که ابزارهای لازم را برای درس خواندن ندارند؛ به خصوص در شرایطی که خیلی از آموزش ها مجازی شده. شما مردم عزیز ایران می توانید از طریق شماره گیری [USSD_REMOVED] و یا واریز مبالغ نقدی خود به شماره کارت [RANDOM_NUMBER] [MASKED_NUMBER] -[RANDOM_NUMBER] [MASKED_NUMBER] سهمی در تحصیل کودکان محروم داشته باشید.","spam"
"[LINK_REMOVED] دیدنش مفیده","spam"
"شاد و تندرست باشید با کارت ویزیت های خاص مخاطبانت را غافلگیر کن. عضویت با ارسال [ENGLISH][RANDOM_NUMBER] به [MASKED_NUMBER] ماهانه: [RANDOM_NUMBER] تومان","spam"
"مشترک گرامی تنها تا ساعت [TIME] تاریخ [DATE] مهلت دارید تا بسته [RANDOM_NUMBER] گیگابایت اینترنت هدیه خردادماه ویژه استفاده در اپ ذره بین را فعال کنید. فعال سازی از طریق: [LINK_REMOVED] - جست و جو در جدیدترین آهنگ های سال [RANDOM_NUMBER], پادکست ها و کتاب صوتی ها - پخش زنده مسابقات یورو [RANDOM_NUMBER] - پیش بینی نتایج مسابقات, همراه با [RANDOM_NUMBER] جایزه هیجان انگیز [ENGLISH][RANDOM_NUMBER], گوشی سامسونگ [ENGLISH][RANDOM_NUMBER] و... همه در وبگرد ذره بین","spam"
"با مکالمه رایگان رایتلی و کمترین تعرفه خدمات ارتباطی در کشور همراهتان هستیم. جهت اطلاع از طرح ها و خدمات, ما را در اینستاگرام دنبال کنید. [LINK_REMOVED]","spam"
"مشترک گرامی, مطابق مصوبات سازمان تنظیم مقررات, ارسال پیامک انبوه از سیمکارت اشخاص حقیقی ممنوع می باشد. عدم رعایت این موضوع موجب مسدودی سرویس پیامک از سمت آن سازمان خواهد شد","ham"
"پکیج ضدریزش مو+رویش مجدد برای اولین باردرایران+ضمانت کتبی ارسال [RANDOM_NUMBER]","spam"
"کرم حجم دهنده تاخیری اروس [RANDOM_NUMBER]٪ تضمینی. جهت کسب اطلاعات = ارسال عدد [RANDOM_NUMBER]","spam"
"تا حالا [RANDOM_NUMBER] برنده شدی? تا پنجشنبه [RANDOM_NUMBER] برابر امتیاز با خرید شارژ و بسته از [USSD_REMOVED] [RANDOM_NUMBER]مهرقرعه کشی[RANDOM_NUMBER]مین[RANDOM_NUMBER] اطلاعات بیشتر: [LINK_REMOVED]","spam"
"بیشترین تخفیف های دیجی کالا رو دیدی؟! از کالای دیجیتال، مد و پوشاک تا لوازم خانه و آشپزخانه تمامی این کالا ها، با تخفیف ویژه! همین حالا خرید کن: [LINK_REMOVED]","spam"
"بلهههههه","ham"
"کنسرت خنده با اجرای حسن ریوندی پخش زنده و آنلاین از لنز ایرانسل [RANDOM_NUMBER] مرداد ساعت [RANDOM_NUMBER] با رزرو زودتر, شانس بیشتری برای برنده شدن [ENGLISH][RANDOM_NUMBER] دارید! [LINK_REMOVED]","spam"
"سلام من الان بیدار شدم","ham"
"(کلاسه پرونده انتظامی : [RANDOM_NUMBER]) رسیدگی در این دادسرا خاتمه پذیرفته و پرونده شما با صدور قرار منع تعقیب مختومه گردیده است. توضیح: تصمیم دادسرا قطعی است و قابل اعتراض نمی باشد.","ham"
"تماس گیرنده محترم پیام شما با کد پیگیری[RANDOM_NUMBER] ثبت گردید/ نتیجه ی اقدامات انچام شده طی دوهفته آینده ازطریق پیامک اطلاع رسانی خواهد سامانه ملی پاسخگویی به شکایات [RANDOM_NUMBER] وزارت بهداشت, درمان و آموزش پزشکی","ham"
"مشترک گرامی بسته اینترنت [RANDOM_NUMBER] روزه، [RANDOM_NUMBER] گیگابایت بین الملل + [RANDOM_NUMBER] گیگابایت داخلی شما به پایان رسید و بسته اینترنت [RANDOM_NUMBER] روزه، [RANDOM_NUMBER] گیگابایت بین الملل + [RANDOM_NUMBER] گیگابایت داخلی فعال شده و تا ساعت [TIME] تاریخ [DATE] معتبر است.با پایان مهلت زمانی یا حجم بین الملل، این بسته به صورت خودکار تمدید خواهد شد. برای اطلاع از وضعیت بسته، کد [USSD_REMOVED] و جهت لغو تمدید خودکار، کد [USSD_REMOVED] را شماره گیری فرمایید.","ham"
"بانک قرض الحسنه مهر ایران حساب:‪[RANDOM_NUMBER] [MASKED_NUMBER] -[RANDOM_NUMBER]-[RANDOM_NUMBER]‬ مبلغ:[RANDOM_NUMBER]+ انتقال از خودپرداز مانده:[RANDOM_NUMBER] تاریخ:[DATE] ساعت:[TIME]","ham"
"مشتری گرامی کاهش شدید قیمت کولرگازی,جهیزیه عروس بندرگناوه [MASKED_NUMBER]","spam"
"مشترک گرامی, بسته [RANDOM_NUMBER]گیگ و [RANDOM_NUMBER]دقیقه مکالمه ایرانسلی رایگان تا تاریخ [DATE] فعال شد .برای مشاهده حجم باقیمانده, ابتدا از بسته استفاده کنید و پس از آن جزئیات را در [USSD_REMOVED] [USSD_REMOVED] یا اپلیکیشن ایرانسل من بررسی کنید. [LINK_REMOVED] توجه:بسته اینترنت شامل تعرفه نیم بها نمیباشد پیشنهادویژه: یک گیگ اینترنت با اولین استفاده از ایرانسل من","ham"
"سلام عزیزم صدقه ندارید واسه فقیر قالی میخوان بخرن","ham"
"پیامم چرا نمی رسد","ham"
"ممنون قربان شما اگر بشه خیلی خوبه چون فصل گرما رو خیلی مشکل داشت و کلاس بطور منظم هر دو هفته یه بار میخواد خیلی لطف میکنید اگر واسش ساعت پیدا کنید ممنون","ham"
"بلوبانک خبر خوش [NAME] عزیز, [RANDOM_NUMBER] ریال بابت سود ماهانه به حساب نشست. موجودی: [RANDOM_NUMBER]ریال [TIME] [RANDOM_NUMBER].[RANDOM_NUMBER]","ham"
"هوراا صبح تا ساعت [RANDOM_NUMBER] عصر وصله","ham"
"بانک ایران زمین واریز ‪ [MASKED_NUMBER] -[RANDOM_NUMBER]-[RANDOM_NUMBER]‬ مبلغ[RANDOM_NUMBER] ریال در[DATE] - [TIME] مانده [RANDOM_NUMBER] ریال [LINK_REMOVED]","ham"
"[RANDOM_NUMBER]تومان تخفیف اسنپ ویژه درخواست خودرو با استفاده از کد زیر برای [RANDOM_NUMBER] سفر بعدی خود [RANDOM_NUMBER]درصد تخفیف (هر سفر تا سقف [RANDOM_NUMBER]تومان) بگیرید. کد تخفیف: [ENGLISH]-[RANDOM_NUMBER] اعتبار تا [RANDOM_NUMBER] مرداد [LINK_REMOVED] توصیه های بهداشتی هنگام استفاده از اسنپ: [LINK_REMOVED]","spam"
"استخدام کارمند اداری خانم فقط مراجعه حضوری پارامونت/خ قصردشت/ک[RANDOM_NUMBER]/فاضل","spam"
"️قیمت بی نظیر کولرگاز+لوازم خانگی گارانتی [MASKED_NUMBER] [MASKED_NUMBER] [ENGLISH]","spam"
"بدون چون و چرا پسش بده! با خرید از دیجی کالا می تونی تا [RANDOM_NUMBER] روز سفارشت رو مرجوع کنی. با خیال راحت هرچی می خوای سفارش بده: [LINK_REMOVED] لغو پیامک: [RANDOM_NUMBER]","spam"
"آه:( [RANDOM_NUMBER]ای که دست یک خانوم دکتر بوده و باهاش می رفته مطب و میومده سراغ ندارید?","ham"
"برنج بخوسونم?","ham"
"آواهای انتظار پرطرفدار روز: فعالسازی با ارسال کد آوا به[RANDOM_NUMBER] [RANDOM_NUMBER]عشق تویی(رضا صادقی) [RANDOM_NUMBER]با من باش(بابک جهانبخش) [RANDOM_NUMBER]پریشب(مسعود صادقلو) [RANDOM_NUMBER]جاده های اشک(مهدی احمدوند) [RANDOM_NUMBER]دیوونتم(پویا بیاتی) [RANDOM_NUMBER]چیکه چیکه(حمید اصغری) هزینه ماهیانه [RANDOM_NUMBER] تومان","spam"
"همین الان تا [RANDOM_NUMBER]% تخفیفت رو برای خرید بسته بگیر!! تا [RANDOM_NUMBER]% تخفیف با خرید بسته های جدید مکالمه همراهی با شماره گیری کد [USSD_REMOVED] تا [RANDOM_NUMBER]% تخفیف با خرید بسته های جدید اینترنت همراهی با شماره گیری کد [USSD_REMOVED] همراه اول, همراه لحظه های دیجیتال","spam"
"اوکی اوکی؛","ham"
"با گرفتن اسنپ, عیدی بگیرید! با انجام [RANDOM_NUMBER] سفر اسنپی تا پایان اسفند, [RANDOM_NUMBER] سفر رایگان (تا سقف [RANDOM_NUMBER] تومان) عیدی بگیرید. کد تخفیف زیر بعد از انجام [RANDOM_NUMBER] سفر فعال می شود. کد تخفیف: [ENGLISH]-[RANDOM_NUMBER] اعتبار کد تا [RANDOM_NUMBER] فروردین در ضمن با انجام هر سفر, به امتیاز اسنپ کلاب شما اضافه می شود و می توانید با امتیازهایتان برای سرویس های مختلف, تخفیف بگیرید. [LINK_REMOVED]","spam"
"مشترک گرامی شارژ حساب شما کمتر از [RANDOM_NUMBER] تومان است. پیش از پایان اعتبار, از طریق لینک زیر [RANDOM_NUMBER] گیگ اینترنت هدیه [RANDOM_NUMBER] ماهه(هر ماه [RANDOM_NUMBER] گیگ) ویژه استفاده در ذره بین دریافت کرده و با خیال راحت در دنیای اینترنت وبگردی کنید و شارژ بگیرید. نصب رایگان: [LINK_REMOVED]","spam"
"اولین شعبه دیجیتال بانک ملی ایران در دستان شما. ایوا, اپلیکیشن ملی است. [LINK_REMOVED]","spam"
"فروشگاه مایلی[RANDOM_NUMBER]~[DATE] کریستال دایموند لاک ناخن[RANDOM_NUMBER]%ت هایپراستار شیراز","spam"
"پرسپولیس-استقلال رایگان پیش بینی کن آیفون ببر! با دانلود اپلیکیشن جیرینگ پی آیفون میخوای رو لینک زیر کلیک کن","spam"
"موفق باشی و ممنون که خبر دادی","ham"
"[ENGLISH][ENGLISH][ENGLISH][ENGLISH][ENGLISH] :کد رهگیری شما: لطفا این کد را حذف نکنید","ham"
"سلام اگه فردا ظهر اینجا بودی خوب بود خ [NAME] اش میپزه بریم بیرون","ham"
"فروشگاه های زنجیره ای رفاه در سراسر کشور و در عناوین شغلی گوناگون، استخدام می کنند. ثبت نام و کسب اطلاعات بیشتر: [LINK_REMOVED]","spam"
"کد تایید تلفن همراه شما [RANDOM_NUMBER] می باشد. [LINK_REMOVED] لغو: [ENGLISH]-[RANDOM_NUMBER]","ham"
"مشتری گرامی کارگزاری فارابی, برای شرکت در عرضه اولیه فتوسا, مانده حساب فارابیکسو را به حداقل [RANDOM_NUMBER] تومان افزایش داده و درخواست خود را هم اکنون از طریق لینک زیر ثبت کنید. [LINK_REMOVED]","spam"
"سلام دقیق بپرس اگه دوازده به بعد جریمه نمیشی دوازده ب بعد بیا","ham"
"مشتری گرامی, با توجه به الزامات بانک مرکزی برای اعمال تغییرات رمزپویا, تا اطلاع ثانوی استفاده از سرویس دریافت رمز پویای خودکار در همراه بانک با اختلال مواجه است. برای استفاده از همراه بانک, از رمز اخذ شده در نرم افزار ارس استفاده شود. بانک قرض الحسنه مهر ایران","ham"
"درخواست صدور گذرنامه شما در دفتر ثبت گردید پلیس مهاجرت و گذرنامه فراجا","ham"
"[ENGLISH]: [RANDOM_NUMBER] کد ورود شما به سنجاق!","ham"
"[NAME] عزیز [RANDOM_NUMBER] گیگ [RANDOM_NUMBER] ماهه [RANDOM_NUMBER] تومان خرید تا جمعه با شماره گیری [USSD_REMOVED] و اپلیکیشن رایتل من","spam"
"[RANDOM_NUMBER]% تخفیف تمام کتاب های صوتی و الکترونیک فقط [RANDOM_NUMBER] ساعت فرصت دارید همین حالا سبدت رو پر از کتاب کن [LINK_REMOVED]","spam"
"[RANDOM_NUMBER]عدد سیمکارت دائمی رند با شماره های پشت سرهم هردو باهم [RANDOM_NUMBER] هزار تومان به شما تعلق گرفت.به همراه هزار دقیقه مکالمه رایگان برای دریافت نام وآدرس دقیق خودرا به همین شماره ارسال نمایید.پرداخت درب منزل","spam"
"سلام چطوری صبح یا ظهر یا شب بریم??","ham"
"آخر هفته, تخفیف بارونه فیلمها و کتاب های منتخب را با [RANDOM_NUMBER]% تخفیف از چارخونه دریافت کنید و کد تخفیف [RANDOM_NUMBER] تا [RANDOM_NUMBER] هزارتومانی دیجی کالا هدیه بگیرید: [LINK_REMOVED]","spam"
"سلام [NAME] جون عیدت مبارک باشه ️","ham"
"در خانه بمانید! ویزیت رایگان تقویت مو,ابرو با ارسال عدد[RANDOM_NUMBER]","spam"
"متقاضی گرامی, ثبت نام وام ضروری شما با دفترکل [RANDOM_NUMBER] به نام [NAME] شماره تلفن همراه [MASKED_NUMBER] در تاریخ [DATE] با موفقیت انجام شد.","ham"
"خیلی زنگ زدم بر نداشتی","ham"
"جواب ندادن ایمیلش رو بده برم حقت رو بگیرم","ham"
"*مهر جنگل* دوست عزیز پارسال دوست, امسال آشنا! [RANDOM_NUMBER] هزار تومان تخفیف وبسایت کد ویژه شما: [ENGLISH] تا [RANDOM_NUMBER] مهر خرید: [LINK_REMOVED]","spam"
"قبل از انعقاد قرارداد پیش فروش ساختمان,خریدار باید نسبت به مشخصات مورد معامله شامل واحد ثبتی,مساحت,طبقه,محل پارکینگ وانباری,مصالح مورد استفاده,مشاعات و ... اطلاع پیدا نموده و این موارد در قرارداد قید گردد. معاونت اجتماعی و پیشگیری از وقوع جرم قوه قضاییه","ham"
"بهش زنگ زدم اونم میاد","ham"
"«ایران همدل» یعنی همه مون یک خانواده ایم. حواسمون به خانواده مون باشه همدلی برای تقدیم بسته های کمک و افطاری نیازمندان از طریق کد دستوری رایگان [USSD_REMOVED] و یا شماره کارت [RANDOM_NUMBER] #ایرانهمدل, بزرگترین پویش مردمی ایران است که کمک های شما را از طریق کمیته امداد و بهزیستی به نیازمندان هدیه می کند","spam"
"اتاقک هدیه دیجی کالا در جشنواره یلدا به شما [RANDOM_NUMBER]هزارتومان تخفیف باخرید اول بیش از صدهزارتومان اعتبار[RANDOM_NUMBER] دی کد:[ENGLISH][ENGLISH][ENGLISH][RANDOM_NUMBER] [LINK_REMOVED]","spam"
"[RANDOM_NUMBER]% کاهش تعرفه مکالمه با تبدیل سیمکارت اعتباری به دائمی شرکت در قرعه کشی [RANDOM_NUMBER] توپ طلا تا پایان جام جهانی جهت تبدیل, همین حالا از طریق اپلیکیشن همراه من [LINK_REMOVED] یا وبسایت فروشگاه آنلاین همراه اول [LINK_REMOVED] و یا با مراجعه به مراکز فروش و خدمات همراه اول اقدام کنید.","spam"
"کاشت مو,ابرو,ریش زیرنظر پزشک محیط استریل هتل رایگان [MASKED_NUMBER] لغو[ENGLISH]","spam"
"سلام ای دوست خوبی? چه روزی آزادی?","ham"
"مودی گرامی [NAME] جهت ورود به سامانه های مالیاتی می توانید از اطلاعات کاربری زیر استفاده نمایید. نام کاربری: [RANDOM_NUMBER] کلمه عبور: [RANDOM_NUMBER] سازمان امور مالیاتی کشور","ham"
"گوگل کنم همین ترجمیار ترگمان?","ham"
"هفته جدید رو کجا هستی?","ham"
"سلام قطره چشم [ENGLISH] [RANDOM_NUMBER]","ham"
"کارگزاری بانک سامان [DATE] فروش [RANDOM_NUMBER] آریا[RANDOM_NUMBER] [RANDOM_NUMBER] فروش [RANDOM_NUMBER] بپیوند[RANDOM_NUMBER] [RANDOM_NUMBER] فروش [RANDOM_NUMBER] سیتا[RANDOM_NUMBER] [RANDOM_NUMBER] مانده: [RANDOM_NUMBER]","ham"
"با فعالسازی سرویس پرداخت مستقیم آپ, بدون رمز پویا و کارت بانکی سفارش از اسنپ فود را به آسانی پرداخت کنید. [LINK_REMOVED]","spam"
"عرضه اولیه های این هفته در لینک زیر: [LINK_REMOVED] کارگزاری مفید","ham"
"پلی استور کار نمیکنه","ham"
"برای بردن جایزه [RANDOM_NUMBER] میلیونی فقط تا پایان امشب فرصت داری","spam"
"کاربر گرامی دیجی کالا با دیجی پی, بدون ضامن وام بگیرید: [LINK_REMOVED]","spam"
"پرداخت صورتحساب سرویس اعتباری اسنپ! مهلت پرداخت صورت حساب شما به پایان رسیده است. برای استفاده مجدد و جلوگیری از جریمه ی دیرکرد, حداکثر تا فردا, حسابتان را تسویه کنید. کافی است پس از مشاهده ی صورت حساب, روی دکمه ی پرداخت بزنید. برای مشاهده ی جزئیات صورتحساب و پرداخت روی لینک زیر بزنید: [LINK_REMOVED]","ham"
"پی پینگ | [ENGLISH] [NAME] گرامی؛ با ارتقا به پنل نقره ای, تجربه ی کاربری بهتری را برای خود و مشتریانتان رقم بزنید. درگاه پرداخت اختصاصی با نام و لوگوی کسب و کار شما تسویه خودکار روزانه (بدون نیاز به ثبت درخواست) [LINK_REMOVED] مشاوره رایگان: [MASKED_NUMBER]","spam"
"[NAME] چی شدی?","ham"
"بانک ملت کارت واریز به حساب [RANDOM_NUMBER] مبلغ : [RANDOM_NUMBER] ریال موجودی : [RANDOM_NUMBER] ریال مستند : [RANDOM_NUMBER] [DATE] [TIME]","ham"
"لندو فرصت استثنایی برای اولین خرید از تیمچه [RANDOM_NUMBER] هزارتومن تخفیف (حداقل خرید [RANDOM_NUMBER]هزارتومن) + %[RANDOM_NUMBER] تخفیف اشتراک نماوا(ارسال [RANDOM_NUMBER] روز پس از خرید) + ارسال کاملا رایگان کد: [ENGLISH][ENGLISH][RANDOM_NUMBER] [LINK_REMOVED]","spam"
"خودرو +لپ تاپ + سکه طلا +گوشی موبایل + [ENGLISH][RANDOM_NUMBER] همگی با [USSD_REMOVED]","spam"
"سمینارشاد رایگان یادگیری مکالمه انگلیسی باتکنیک زبان مادری شرح ارسال=[RANDOM_NUMBER]","spam"
"هایپراستار شیراز[RANDOM_NUMBER]~[DATE] شلغم کیلویی [RANDOM_NUMBER]تومان محفل تن ماهی [RANDOM_NUMBER]گرم [RANDOM_NUMBER]تومان سپید[RANDOM_NUMBER] پودر ماشین [RANDOM_NUMBER]گرم [RANDOM_NUMBER]تومان کاسپین ضدیخ [RANDOM_NUMBER]%تخفیف","spam"
"قرعه کشی پنیرلبنه آنا هر هفته[RANDOM_NUMBER]جایزه [RANDOM_NUMBER]میلیون تومانی [LINK_REMOVED]","spam"
"سلام [ENGLISH] [ENGLISH] عزیز سفارش شما با شماره پیگیری: [RANDOM_NUMBER] ثبت شد. هم اکنون می توانید فایل های مربوطه را از حساب کاربری خود دریافت نمایید. با تشکر از خرید شما مجموعه تخصصی آیلتس مترز","ham"
"قرار گذاشتم ساعت [RANDOM_NUMBER]","ham"
"اوکی من دارم میام پیشت","ham"
"سلام خوبی .چه خبر ببخشید مزاحم شدم","ham"
"مشترک گرامی بسته اینترنت آلفا+ سی روزه [RANDOM_NUMBER] گیگابایت در ساعت [TIME] مورخ [DATE], با موفقیت برای شما رزرو شد و پس از پایان بسته فعلی فعال خواهد شد.","ham"
"خریدهای سوپرمارکتی هم با اسنپ! به همراه [RANDOM_NUMBER] تومان تخفیف ویژه اولین سفارش کد تخفیف:[ENGLISH][ENGLISH] اعتبار تا [RANDOM_NUMBER]مهر کافیه به سرویس «سوپرمارکت» اسنپ بروید و ارسال فوری ( کمتر از چهل دقیقه) رو انتخاب کنید. [LINK_REMOVED]","spam"
"این پسره خطرنامه مراقب باش!","ham"
"سلام؛ [NAME] فرزند [NAME] امشب میاد اینجا, گفتم شما هم بیاید","ham"
"فروش سیم کارت دائمی جوانان همراه اول([RANDOM_NUMBER] تا [RANDOM_NUMBER] سال) با [RANDOM_NUMBER] درصد تخفیف به همراه [RANDOM_NUMBER] گیگابایت اطلاعات بیشتر : [LINK_REMOVED]","spam"
"[ENGLISH] [ENGLISH] حراج جمع آوری کتانی,تیشرت,شلوارو...[RANDOM_NUMBER]% [MASKED_NUMBER]","spam"
"همراه اولی عزیز به منظور دریافت و پرداخت صورتحساب لحظه ای یا پایان دوره ماهیانه خود می توانید از طریق یکی از روش های زیر اقدام نمایید اپلیکیشن همراه من [LINK_REMOVED] شماره گیری کد دستوری [USSD_REMOVED] تماس رایگان با شماره [RANDOM_NUMBER] و ارسال پیامک رایگان به سرشماره [RANDOM_NUMBER] همچنین راهنمای ""پرداخت اقساطی قبوض خطوط دائمی همراه اول"" نیز در لینک زیر موجود می باشد [LINK_REMOVED] ضمنا جهت کسب اطلاعات بیشتر می توانید برروی لینک های زیر کلیک فرمایید [LINK_REMOVED] [LINK_REMOVED]","spam"
"بانک ملی برداشت:[RANDOM_NUMBER]- حساب:[RANDOM_NUMBER] مانده:[RANDOM_NUMBER] [RANDOM_NUMBER]-[TIME]","ham"
"کارگزاری سهم آشنا جهت سهولت و رفاه شما اقدام به انجام تمام مراحل ثبت نام و دریافت کد آنلاین بصورت غیر حضوری نموده است, جهت عضویت در این کارگزاری از طریق لینک زیر اقدام فرمایید. [LINK_REMOVED]","spam"
"خوب خوابیدی پس","ham"
"بااینترنت ایرانسل, رایگان فیلیمو تماشا کن و[RANDOM_NUMBER]میلیون تومن جایزه بگیر! قسمت [RANDOM_NUMBER] سریال «آقازاده» رو رایگان ببین: [LINK_REMOVED]","spam"
"فقط پول اینترنت رفت توی پاچه من","ham"
"ادمین محترم کانال با سلام. به منظور صیانت از حقوق مادی و معنوی نام کانال خویش, پس از مهاجرت به پیام رسانهای داخلی در اسرع وقت، لینک کانال خود در پیام رسانهای داخلی را در ""پنل کاربری"" تان به صورت ارسال تیکت اعلام نمایید. در صورت عدم مهاجرت و عدم اعلام لینک مربوطه در پنل کاربری, این مرکز امکان حمایت از نام کانال شما را از دست خواهد داد. مرکز فناوری اطلاعات و رسانه های دیجیتال وزارت فرهنگ و ارشاد اسلامی","ham"
"«ایران همدل» یعنی همه مون یک خانواده ایم. حواسمون به خانواده مون باشه همدلی برای تقدیم بسته های کمک و افطاری نیازمندان از طریق کد دستوری رایگان [USSD_REMOVED] و یا شماره کارت [RANDOM_NUMBER] #ایرانهمدل, بزرگترین پویش مردمی ایران است که کمک های شما را از طریق کمیته امداد و بهزیستی به نیازمندان هدیه می کند.","spam"
"باشع عزیزم. بسیار عالی میبینمت","ham"
"مشترک گرامی, پاسخ استعلام مجموع هزینه های پرداختی شما بابت خدمات ارزش افزوده از ابتدای سال [RANDOM_NUMBER] تا انتهای مهر [RANDOM_NUMBER] مبلغ [RANDOM_NUMBER] تومان می باشد. در صورت درخواست جزییات عدد [RANDOM_NUMBER] را به [RANDOM_NUMBER] ارسال نمائید.","ham"
"با شرکت در مسابقه ی عیدانه نماوا و خرید اشتراک یک ماهه با [RANDOM_NUMBER] درصد تخفیف, در قرعه کشی [RANDOM_NUMBER] میلیون تومانی شرکت کنید. شاید شما برنده خوش شانس این مسابقه باشید. [LINK_REMOVED]","spam"
"برو توی [ENGLISH] یه [ENGLISH] از سایتش بگیر وارد کن سرعت اینترنتت عالی می شه.","ham"
"هموطن گرامی: به عشق حضرت زهرا (س) در جهت تامین [RANDOM_NUMBER] سبد مواد غذایی ایتام و معلولین در مناطق محروم کشور به ارزش هر سبد [RANDOM_NUMBER] تومان مشارکت کنید. واریز به شماره کارت: [RANDOM_NUMBER] بنام مرکز امام صادق (ع) یا جهت کسب اطلاعات بیشتر به سایت زیر مراجعه فرمایید. [LINK_REMOVED] (قرارگاه فرهنگی حضرت مهدی عج)","spam"
"کشته?","ham"
"سلام هموطن عزیز, از توجه شما به پیامک قبلی خود بسیار متشکرم. برای جلوگیری از شیوع کرونا, اعمال جدید محدودیت ها از اول آذر ماه اجرا خواهد شد. این کار را برای مراقبت از شما انجام می دهیم و مجددا خواهش می کنم از ترددها و تجمع های غیرضروری پرهیز کنید. کرونا, تعارف ندارد. مواظب خود و خانواده محترمتان باشید. ارادتمند, نمکی, وزیر بهداشت.","ham"
"بسته های بلندمدت همراه اول ([RANDOM_NUMBER]ماهه، [RANDOM_NUMBER]ماهه، [RANDOM_NUMBER]ماهه و سالیانه) [USSD_REMOVED]","spam"
"کاربر گرامی دریافت ترمینال اختصاصی برای شما به دلیل نقص اطلاعات با مشکل مواجه شده است. لطفا با مراجعه به بخش تکمیل پروفایل پنل کاربری خود, نسبت به صحت و تکمیل اطلاعات اطمینان حاصل فرمایید. درصورت نیاز به راهنمایی از طریق چت پشتیبانی سایت با ما در ارتباط باشید. از شکیبایی شما بی نهایت متشکریم","ham"
"[RANDOM_NUMBER] جایزه [RANDOM_NUMBER] میلیون تومانی در سه ماه مرداد, شهریور و مهر با خرید و فعالسازی سیمکارت و یا خرید هر یک از بسته های اینترنت و مکالمه همراه اول در قرعه کشی ماهانه [RANDOM_NUMBER] جایزه [RANDOM_NUMBER] میلیون تومانی شرکت کنید. اطلاعات بیشتر: [LINK_REMOVED]","spam"
"یه فوتباله و یه فوتبال برتر جدال سرخ آبی ها در آستانه شهرآورد ️️️ در آیگپ پیش بینی کنید و جایزه میلیونی برنده بشید [LINK_REMOVED]","spam"
"سهامدار محترم فولادمبارکه اصفهان ؛[NAME] , مبلغ [RANDOM_NUMBER] ریال بابت سود سهام (سال مالی [RANDOM_NUMBER]) به حساب بانک سامان شما واریز گردید ؛ شرکت سپرده گذاری مرکزی اوراق بهادار","ham"
"سلام خسته نباشید اگه زحمت نیست فرم رو بدید دست خواهر زاده ام [NAME] ازش میگیرم یا یه جا بگید بیام بگیرم","ham"
"برنده پژو[RANDOM_NUMBER]باش باخریدشارژوبسته وپرداخت قبض از [USSD_REMOVED] یااپلیکیشن ستاره یک هر[RANDOM_NUMBER] تومان[RANDOM_NUMBER] امتیاز نصب کن: [LINK_REMOVED]","spam"
"""در اجرای حکم قضایی مبای بر فیلتر شدن تلگرام, برای ادامه فعالیت کانال خود از طریق پیام رسان های داخلی ظرف [RANDOM_NUMBER] ساعت اقدام نمایید. در صورت استمرار فعالیت کانال در تلگرام برخورد قانونی صورت خواهد پذیرفت. پلیس امنیت عمومی ناجا""","ham"
"بازنشسته گرامی, شما مشمول دریافت مرحله دوم تسهیلات خرید [RANDOM_NUMBER]میلیون ریالی طرح یاری با اقساط [RANDOM_NUMBER]ماهه از فروشگاه های رفاه هستید. این تسهیلات در کارت سپهر شما فعال است. اطلاعات بیشتر: [RANDOM_NUMBER] [MASKED_NUMBER] وب سایت راهنما جهت بررسی اعتبار :[LINK_REMOVED] صندوق بازنشستگی کشوری","spam"
"فروش سیم کارت اعتباری همراه اول با [RANDOM_NUMBER] گیگابایت اینترنت هدیه [RANDOM_NUMBER] ماهه, [RANDOM_NUMBER] دقیقه مکالمه درون شبکه, [RANDOM_NUMBER] هزار تومان اعتبار اولیه و [RANDOM_NUMBER] هزار تومان هدیه خرید اولین شارژ. خرید و فعال سازی با مراجعه به مراکز فروش و خدمات همراه اول و یا فروشگاه آنلاین همراه اول (با ارسال رایگان) به نشانی: [LINK_REMOVED]","spam"
"سلام ما الان رسیدیم دیگه دیر وقته سعادت دیدارتون ندارم خوب باشید و خوش بگذره و اش نوش جونتون به جای من هم اش بخور عشق عمه ای","ham"
"بمب تخفیفات افق کوروش همراه باشرکت درقرعه کشی [RANDOM_NUMBER]تا[RANDOM_NUMBER]مهر چای تا[RANDOM_NUMBER]% زعفران,انجمادی تا[RANDOM_NUMBER]% مربا,عسل تا[RANDOM_NUMBER]% شامپو,مایع دستشویی تا[RANDOM_NUMBER]% نوشابه[RANDOM_NUMBER]کوکا[RANDOM_NUMBER]ت ادامه تخفیفات [LINK_REMOVED]/[RANDOM_NUMBER]","spam"
"مشترک گرامی [RANDOM_NUMBER] فقط [RANDOM_NUMBER] روز از زمان سرویس آسیاتک شما باقیمانده است لطفا نسبت به تمدید آن از طریق [LINK_REMOVED] اقدام فرمایید (اینترنت یک آسیاتک) دانلود اپلیکیشن آسیاتک [LINK_REMOVED]","ham"
"تماشای قسمت دوازدهم سریال کمدی «موچین» با بازی پوریا پورسرخ, مرجانه گلچین و حمید لولایی «موچین» هر چهارشنبه از «لنز» ایرانسل [LINK_REMOVED]","spam"
"مشتری گرامی؛ باعنایت به غیرفعال شدن نسخ قدیمی همراه بانک ملت تا [DATE],لطفاً ضمن خودداری از جستجوی لینک در موتورهای جستجو,صرفاً با یکی از روشهای ذیل نسبت به بروزرسانی سامانه اقدام فرمایید. -منوی تنظیمات داخل سامانه -مراجعه به بخش همراه بانک در وب سایت بانک ملت","ham"
"مشترک گرامی لیست سرویس های مبتنی بر محتوای فعال شما به شرح زیر است: سرویس کانون هواداران خندوانه از سرشماره [RANDOM_NUMBER] در صورت تمایل به غیرفعالسازی هر یک از سرویس های خود, همواره می توانید [ENGLISH] یا خاموش را به سرشماره آن سرویس ارسال نمایید.","ham"
"با امتیازت آیفون ببر! تنها تا پایان شهریور فرصت دارید تا با ارسال عدد [RANDOM_NUMBER] به شماره [RANDOM_NUMBER] در قرعه کشی آیفون [RANDOM_NUMBER] شرکت کنید. با خرید بسته یا پرداخت قبض میاندوره شانس خود را افزایش دهید. [LINK_REMOVED]","spam"
"مشتری گرامی تلفن: [RANDOM_NUMBER] مبلغ صورتحساب مهر ماه: [RANDOM_NUMBER] بدهی قبلی: [RANDOM_NUMBER] قابل پرداخت: [RANDOM_NUMBER]ریال مهلت: [DATE] ش قبض: [MASKED_NUMBER] ش پرداخت: [RANDOM_NUMBER] پرداخت با [USSD_REMOVED],تلفن [RANDOM_NUMBER] مشاهده قبض: [LINK_REMOVED] مبلغ ""ما به تفاوت حداقل هزینه ماهانه"" بر مبنای آخرین مصوبه ستاد تنظیم بازار محاسبه شده است. شرکت مخابرات ایران","ham"
"حالا شب میام با هم صحبت میکنیم","ham"
"مشتری بانی مد [RANDOM_NUMBER]شانس دیگرتا[RANDOM_NUMBER]%تخفیف بگیر فقط تاجمعه [LINK_REMOVED] لغو[RANDOM_NUMBER]","spam"
"والدین و دانش آموزان گرامی اکنون که مدارس بدلیل مراقبت از سلامت دانش آموزان تعطیل است. ادامه آموزش از طریق سامانه شاد (متعلق به وزارت آموزش و پرورش) انجام می شود. [LINK_REMOVED] شاد را نصب کنید.","ham"
"استاد مگه سالمونلا و استرپ گروه دی نبود?","ham"
"آواهای انتظار محرم[RANDOM_NUMBER] فعالسازی:ارسال کدبه[RANDOM_NUMBER] [RANDOM_NUMBER]میباره بارون(بنی فاطمه) [RANDOM_NUMBER]بایدخوند(مهدی رسولی) [RANDOM_NUMBER]ماه عزات رسیده(حدادیان) [RANDOM_NUMBER]حسین جان.آذری(نادر جوادی) [RANDOM_NUMBER]لای لای علی(هادی ناصری) [RANDOM_NUMBER]من نوکرت(مجتبی رمضانی) [MASKED_NUMBER] مشک بی آب(میثم ابراهیمی) هزینه[RANDOM_NUMBER]تومان ماهانه که از طرف شما در پویش مردمی«ایران همدل»صرف کمک به نیازمندان میشود","spam"
"""ویزیت مجازی مو رایگان"" ((به مدت محدود)) با ارسال عدد [RANDOM_NUMBER]","spam"
"الف تا ی لوازم یدکی خودرو چینی را از ما بخواهید. [LINK_REMOVED] لغو:[RANDOM_NUMBER]","spam"
"کد تخفیف [RANDOM_NUMBER] تومنی تیمچه با تعداد محدود لندویی عزیز فقط تا فردا می تونی از این تخفیف برای اولین خریدت استفاده کنی! کد: [ENGLISH][ENGLISH] عجله کن چون تعدادش محدوده [LINK_REMOVED] حداقل خرید: [RANDOM_NUMBER] هزار تومن","spam"
"نگاه کپی کن بعد برو تو واتساپ پیس کن برای بچه ها تا برات تو ضیح بدن","ham"
"واقعا جالبه","ham"
"پرداخت صورتحساب به مبلغ [RANDOM_NUMBER] ریال از حساب شما انجام شد. شناسه تراکنش [RANDOM_NUMBER] می باشد.","ham"
"[RANDOM_NUMBER] تومان تخفیف ویژه سفارش غذا در اسنپ در خانه بمانید و با تخفیف از رستوران های محبوب خود غذا سفارش دهید. کد تخفیف: [ENGLISH][ENGLISH] مهلت استفاده:تا [RANDOM_NUMBER] مرداد کافیست در سوپراپلیکیشن اسنپ, سرویس «غذا» را انتخاب کنید. [LINK_REMOVED]","spam"
"نمدونم والا هر وقت دوست داشتی بیاید در خذمتیم","ham"
"جدیدترین اخبار و تحلیل های بازار سرمایه در صفحات مجازی کارگزاری دنیای نوین کانال تلگرام:[LINK_REMOVED] اینستاگرام: [LINK_REMOVED]","spam"
"کد تایید ورود به باشگاه سهام عدالت : [RANDOM_NUMBER] شرکت سپرده گذاری مرکزی","ham"
"کارگزاری بانک سامان [DATE] خرید [RANDOM_NUMBER] اپال[RANDOM_NUMBER] [RANDOM_NUMBER] مانده: [RANDOM_NUMBER]","ham"
"با اینکه سال تحصیلی شروع شده, ولی هنوز بچه هایی هستند که ابزارهای لازم را برای درس خواندن ندارند؛ به خصوص در شرایطی که خیلی از آموزش ها مجازی شده. شما مردم عزیز ایران می توانید از طریق شماره گیری [USSD_REMOVED] و یا واریز مبالغ نقدی خود به شماره کارت [RANDOM_NUMBER] [MASKED_NUMBER] -[RANDOM_NUMBER] [MASKED_NUMBER] سهمی در تحصیل کودکان محروم داشته باشید. ایران همدل, بزرگترین پویش مردمی ایران است که کمک های شما را از طریق بهزیستی و کمیته امداد به دست نیازمندان می رساند.","spam"
"راینوازهای ویژه روز مادر احسان کیان [USSD_REMOVED] گروه نسیم قدر [USSD_REMOVED] مرتضی سرمدی [USSD_REMOVED] علی آقا دادی [USSD_REMOVED] روز اول رایگان, ماهیانه [RANDOM_NUMBER] تومان","spam"
"اشتراک شبکه رسمی لالیگا روزی[RANDOM_NUMBER]تومان با ارسال [RANDOM_NUMBER] جایزه ی امروز مشاهده فیلم ماجراهای کریسمس با اشتراک رایگان لنز [LINK_REMOVED]","spam"
"چای[RANDOM_NUMBER]گ بلوط[RANDOM_NUMBER] مالشعیراستوایی عالیس[RANDOM_NUMBER] تخفیفات افق کوروش [LINK_REMOVED]/[RANDOM_NUMBER]","spam"
"سلام چشم","ham"
"با توجه به شیوع ویروس کرونا, گزارش محتکرین لوازم بهداشتی (ماسک, مواد ضدعفونی و ...) را با شماره تلفن [RANDOM_NUMBER] در میان بگذارید. ستادخبری وزارت اطلاعات","spam"
"تخفیف ویژه کولرگازی تلویزیون ظرفشویی لباسشویی [MASKED_NUMBER]","spam"
"چه کاریه تا اینجا بیای, خودم میام دنبالت.","ham"
"آخرین فرصت برنده شدن جایزه [RANDOM_NUMBER] میلیون تومانی امروزه, قرعه کشی فردا ساعت [RANDOM_NUMBER] [USSD_REMOVED] [LINK_REMOVED]","spam"
"کارگزاری بانک سامان [DATE] فروش [RANDOM_NUMBER] آریا[RANDOM_NUMBER] [RANDOM_NUMBER] فروش [RANDOM_NUMBER] بپیوند[RANDOM_NUMBER] [RANDOM_NUMBER] فروش [RANDOM_NUMBER] سیتا[RANDOM_NUMBER] [RANDOM_NUMBER]","ham"
"تهاتر مصالح ساختمانی با آپارتمان شما در هایپرساز [LINK_REMOVED]","spam"
"صهبا فکر کنم خیلی چیزای خنده داری گفته تا الان تبیان باز می شه فقط","ham"
"سلام آش جووبرنج باهم میپزم که از شب بذارم رو بخاری ببین فردا میاییدیا کی","ham"
"سلام این شماره در گروه واتساپ برای فروش خانه گذاشته بودید خواستم بپرسم خونه فروش رفت یا هست و مبلغش چقدر هست","ham"
"رسید شما [LINK_REMOVED] فروشگاه زنجیره ای سروش","ham"
"به موجب ماده [RANDOM_NUMBER] قانون مجازات اسلامی, چنانچه شرط شود پول یا کالا با شرط اضافه به قرض دهنده بازگردانده شود, این عمل ربا بوده و ربا دهنده, رباگیرنده و واسطه به حبس, جزای نقدی, رد مال اضافی و ... محکوم می گردند. معاونت اجتماعی و پیشگیری از وقوع جرم قوه قضاییه","ham"
"عالیه از میدون علم به سمت چمران خیابون بعد از بیمارستان حافظ میشه","ham"
"غدیر؛ بهترین عید بر شما مبارک ستادبزرگداشت غدیر استان خراسان رضوی","spam"
"[ENGLISH]: [RANDOM_NUMBER] کد ورود شما به اسنپ! [ENGLISH][ENGLISH][ENGLISH]+[ENGLISH]","ham"
"بمب خنده با نمایش کمدی خنده‎گرام با بازی صالح اصغری و صدای معین خداوردی برای اولین بار در شهر رشت دریافت بلیت ارزان با [USSD_REMOVED] به همراه جوایز ویژه","spam"
"جوادعزتی در «زخم کاری» اولین سریال مهدویان کارگردان فیلم های لاتاری/ماجرای نیمروز رو تو فیلیمو ببین! تخفیف[RANDOM_NUMBER]%فقط امروز [LINK_REMOVED]","spam"
"همراه عزیز اسنپ پی! نظر شما برای ما مهم است. با شرکت در نظرسنجی زیر در بهبود اسنپ پی به ما کمک کنید: [LINK_REMOVED]","spam"
"هایپراستار[RANDOM_NUMBER]~[DATE] شقه گوسفندی کیلویی [RANDOM_NUMBER]ت سپید پودرماشین [RANDOM_NUMBER]گ [RANDOM_NUMBER]ت بوژنه مایع دست [RANDOM_NUMBER]ک [RANDOM_NUMBER]ت یزدگل کلمن [RANDOM_NUMBER] لیتری %[RANDOM_NUMBER]ت","spam"
"شارژ انجام شد.اعتبارشما [RANDOM_NUMBER] ریال. اینترنت به صرفه [USSD_REMOVED]","ham"
"سلام برو پیش خانم [NAME] پشت فرمانداری هست بگیر","ham"
"کاربر گرامی کارگزاری بانک سامان احتراما بنا به تعطیلی بانکها در تهران, درخواست وجه های روزسه شنبه مورخ [RANDOM_NUMBER] تیرماه در روز دوشنبه [RANDOM_NUMBER] مردادماه واریز می گردد","ham"
"شما معمولی نیستید! شماره معمولی نخرید! فروش شماره ها ی خاص دائمی و اعتباری همراه اول [RANDOM_NUMBER]% تخفیف, ویژه سیمکارت های دائمی خرید از طریق فروشگاه آنلاین همراه اول(ارسال رایگان) سیمکارت اعتباری: [LINK_REMOVED] سیمکارت دائمی: [LINK_REMOVED] و یا مراجعه حضوری به مراکز فروش و خدمات همراه اول","spam"
"ا حالا راحتی اپلیکیشن مِستر بلیط رو تجربه کردی? برای سفر بعدی با کد تخفیف [RANDOM_NUMBER] درصدی [ENGLISH] [MASKED_NUMBER] تا دو هفته دیگه امتحانش کن! [LINK_REMOVED]","spam"
"پیشنهاد جذاب فروشگاه اینترنتی روژا برای مشتریان چاپار ویژه استان فارس ارسال رایگان + هدیه + قرعه کشی تا [RANDOM_NUMBER] شهریور تا هدیه ها تموم نشده کلیک کن : [LINK_REMOVED]","spam"
"من می رم توی بوک لند شیراز مال قل می خورم اینور و اونور می خورم","ham"
"سلام [NAME] عزیز سفارش [RANDOM_NUMBER] دریافت شد و به زودی براتون ارسال میشه. محصول: اکانت [ENGLISH] برای تحویل سریعتر اکانت لطف کنید با شماره [MASKED_NUMBER] در تلگرام و یا واتساپ در ارتباط باشید.","ham"
"دارم یکم اش میپزم بیا حتما ساعت پنج اینا","ham"
"بیشترین سود,بابهترین استراتژی های خریدوفروش درنمادمن [ENGLISH].[LINK_REMOVED]","spam"
"سلام بی بخارا برنامه بریزید بریم بیرون من وخ [NAME] میریم","ham"
"پخش زنده تلویزیون""روبیکا""فعال شد [LINK_REMOVED] وروداز لینک","spam"
"[NAME] من سگم همرامه چیکارش کنم","ham"
"تا [RANDOM_NUMBER] مهر فرصت باقیست؛ مشترک عزیز, در صورتی که هنوز هدیه [RANDOM_NUMBER] گیگابایتی نصب اوانو را دریافت نکرده اید, تا [RANDOM_NUMBER] مهر فرصت دارید با نصب رایگان اوانو از طریق لینک زیر, [RANDOM_NUMBER] گیگابایت اینترنت رایگان با ترافیک بین الملل هدیه بگیرید. [LINK_REMOVED]","spam"
"حال و حوصله داری?","ham"
"حجم اینترنت بسته [RANDOM_NUMBER]روزه [RANDOM_NUMBER] گیگابایت شما به پایان رسید. چنانچه طرح یا بسته فعالی نداشته باشید, ادامه استفاده مشمول تعرفه عادی خواهد بود. مشاهده و خرید بسته از : اپلیکیشن رایتل من [LINK_REMOVED] یا شماره گیری [USSD_REMOVED]","ham"
"نمیدونم عصری بیام یا نه واسه همین اگه لطف کنید بزنید به حساب اگر صدرا اومدیم هم همدیگرو میبینیم","ham"
"باعرض سلاح خسته نباشید شما دوستان ومشتریان محترم غرض از مزاحمت میخواستم رسیدت انواع انگور شانی خبر بدم تره بار مرکز فاز یک کلاه سبزها [MASKED_NUMBER]","spam"
"هایپراستار [RANDOM_NUMBER]~[DATE] کاله هات داگ و کوکتل[RANDOM_NUMBER]%ت پنیر پیتزا کیلویی[RANDOM_NUMBER]ت مازولایت روغن کنجد و ذرت [DATE]ل [RANDOM_NUMBER]ت شهرزاد چای ارل گری[RANDOM_NUMBER]گ [RANDOM_NUMBER]ت","spam"
"سلام پول نریختی پیام نیومد","ham"
"هشدار: واگذاری کارت بانکی یا اطلاعات دسترسی به حساب بانکی به دیگران, ممکن است مورد استفاده سودجویان قرار گرفته و اتهاماتی همچون پولشویی و معاونت در انواع جرایم را متوجه شما کند. بانک صادرات ایران","ham"
"«بی نام», جدیدترین آلبوم محسن چاوشی را در «چارخونه» گوش کنید: [LINK_REMOVED]","spam"
"برای دریافت سهمیه خود حالا تماس بگیرید کد [RANDOM_NUMBER] [MASKED_NUMBER]","spam"
"مشترک گرامی, بسته اینترنت هدیه [RANDOM_NUMBER] گیگابایت مخصوص استفاده در ذره بین, در روز سه شنبه تاریخ [DATE] با نصب اپ ذره بین برای شما فعال می شود و تا [DATE] قابل استفاده خواهد بود. نصب و فعال سازی رایگان: [LINK_REMOVED] با نصب اپلیکیشن ذره بین علاوه بر دریافت اینترنت هدیه, مسابقات جذاب و دیدنی زیر را رایگان تماشا کنید. * استقلال - تراکتور ساعت [TIME] * پرسپولیس - فولاد ساعت [TIME] * ایتالیا - اسپانیا ساعت [TIME] با پیش بینی مسابقات یورو [RANDOM_NUMBER], [ENGLISH][RANDOM_NUMBER] جایزه ببرید!","spam"
"سلام خوبی شما[RANDOM_NUMBER]","ham"
"رستوران اکبرجوجه ملل بهترین کیفیت غذاها رسالت پلاک [RANDOM_NUMBER] [MASKED_NUMBER]","spam"
"یک سال اینترنت رایگان و [RANDOM_NUMBER]% شارژ بیشتر جایزه خرید سوپرشارژ از [USSD_REMOVED]","spam"
"همراه اولی عزیز [RANDOM_NUMBER] جایزه [RANDOM_NUMBER] یورویی [RANDOM_NUMBER] دستگاه [ENGLISH][RANDOM_NUMBER] [RANDOM_NUMBER] گوشی هوشمند سامسونگ [RANDOM_NUMBER] بسته اینترنت [RANDOM_NUMBER] گیگابایتی با [RANDOM_NUMBER] گیگ اینترنت هدیه مخصوص استفاده در ذره بین, فوتبال جذاب ایتالیا - سوئیس رو رایگان تماشا کن و با پیش بینی درست مسابقات فوتبال, برنده یکی از [RANDOM_NUMBER] جایزه هیجان انگیز ذره بین شو. نصب و دریافت از طریق لینک زیر [LINK_REMOVED]","spam"
"هشدار: مراقب مجرمین و سودجویان باشید و از واگذاری کارت بانکی یا اطلاعات دسترسی به حساب بانکی خود به دیگران جداً خودداری نمائید.","ham"
"سلام نشد .ما [RANDOM_NUMBER]کیلویی هست","ham"
"تابستانه ی ایران کتاب تا [RANDOM_NUMBER]% تخفیف و ارسال رایگان فقط تا فردا [RANDOM_NUMBER] مرداد [LINK_REMOVED]","spam"
"خوش بگذره","ham"
"از تماس دست آلوده به چشم، بینی و دهان خود بیرهیزید.","ham"
"چکار کنم مادر اینم برا خودش دکون درست کرده","ham"
"دیجی کالا [NAME] عزیز کالاهایی که بهترین قیمت [RANDOM_NUMBER] روز گذشته رو دارند از دست نده: [LINK_REMOVED] لغو ارسال [RANDOM_NUMBER]","spam"
"[NAME] عزیز تو هوای گرم نمون! سرویس سرمایشی آچاره, از راه اندازی تا تعمیر کولر. از اینجا ثبت سفارش کن: [LINK_REMOVED] پشتیبانی: [RANDOM_NUMBER]","spam"
"زیبا, زیبا","ham"
"پاچو پیا بارج آزادی","ham"
"من یادمه قرار بود زنگ بزنم, ولی فردا خیلی کار دارم و تازه الان رسیدم خونه برای آخر هفته شیراز بودی پیتزا برنامه کنیم.","ham"
"هایپراستار[RANDOM_NUMBER]~[DATE] لیمو شیرازی [RANDOM_NUMBER]ک [RANDOM_NUMBER]ت محفل کنسرو ماهی تون[RANDOM_NUMBER]گ[RANDOM_NUMBER]ت","spam"
"ا [RANDOM_NUMBER]% تخفیف برای مکالمه درون شبکه با خرید بسته های مکالمه همراهی مشاهده, خرید و مدیریت بسته ها در نسخه جدید اپلیکیشن همراه من [LINK_REMOVED] و یا با شماره گیری [USSD_REMOVED]","spam"
"اون هایی که مثل ما شانس رفتن ندارن کار دیگه ای ازشون بر نمیاد؛","ham"
"یادم رفت جوابت رو بدم:))) آره اوکیه, فقط فکر خوبیه که یه جیپسی پفکی چیزی برات بخریم حوصله ن سر رفت لااقل پفک بخوری:))","ham"
"ببخش عزیزم تماست رو دیر دیدم فردا بهت زنگ میزنم","ham"
"تماشای قسمت سیزدهم سریال کمدی «موچین» با بازی پوریا پورسرخ, مرجانه گلچین و حمید لولایی «موچین» هر چهارشنبه از «لنز» ایرانسل [LINK_REMOVED]","spam"
"مشتری گرامی؛ برای دسترسی به درگاه های الکترونیک بانک قرض الحسنه مهر ایران, صرفا از طریق آدرس های موجود در سایت بانک ([LINK_REMOVED]) اقدام نموده و از لینک های غیر معتبر استفاده نکنید","ham"
"مشترک گرامی بسته اینترنت [RANDOM_NUMBER] روزه, [RANDOM_NUMBER] گیگابایت بین الملل + [RANDOM_NUMBER] گیگابایت داخلی به پایان رسید. بسته آلفا+ سی روزه [RANDOM_NUMBER]گیگابایت + [RANDOM_NUMBER] مگابایت هدیه صبحانت([RANDOM_NUMBER] صبح تا [RANDOM_NUMBER] ظهر) رزرو شما, بدلیل کمبود اعتبار, فعال نمیشود. این بسته تا[RANDOM_NUMBER]روز حفظ و با افزایش اعتبار به میزان [RANDOM_NUMBER]ریال فعال میشود. در صورت فعال بودن سرویس اینترنت تعرفه آزاد و نداشتن بسته, مصرف شما با تعرفه آزاد حساب میشود. اطلاع از وضعیت بسته [USSD_REMOVED] افزایش اعتبار [USSD_REMOVED] لغو بسته رزرو [USSD_REMOVED]","ham"
"مالک دستگاه,شماره دیگری است درصورت خرید,از فروشنده کدفعالسازی گرفته و باشماره گیری[USSD_REMOVED]دستگاه را فعالسازی کنید,درغیراینصورت نیازبه اقدامی نیست [ENGLISH]: [RANDOM_NUMBER] راهنما: [LINK_REMOVED]","ham"
"قربونت خیلی دوست داشتم هردوتون رو در کنارم داشته باشم متاسفانه میترسم همو بکشید خیلی زود میام سراغت","ham"
"قرعه کشی و معرفی برندگان کمپین ""سال نو, همراه نو"" مشترک گرامی, شما را به تماشای مراسم قرعه کشی [RANDOM_NUMBER] جایزه [RANDOM_NUMBER] میلیون ریالی, ویژه کاربران نسخه جدید همراه من, از طریق لینک زیر دعوت می نماییم. کانال همراه اول در روبیکا [LINK_REMOVED] برای بهره مندی از طرح های تشویقی و جوایز آتی همین حالا نسخه جدید همراه من را نصب نمایید. [LINK_REMOVED]","spam"
"نه بابا شوهر خانم [NAME] خو بچه هست","ham"
"دیدمش عاااااااااااالیه","ham"
"روبیکا"" با اینترنت رایگان برای همراه اول و ایرانسلی ها. روی لینک زیر بزن: [LINK_REMOVED] روبیکا رو نصب کن","spam"
"[RANDOM_NUMBER] امتیاز هدیه جایزه پژو[RANDOM_NUMBER] و [RANDOM_NUMBER] میلیون تومانی با خرید یک شارژ یا بسته یا پرداخت قبض همراه از[USSD_REMOVED] یکبار, ویژه خط شما, تافردا","spam"
"سلام کاشت مو با ضمانت بیمه تراکم بالا مشاوره رایگان [MASKED_NUMBER]","spam"
"شما احتمالا آپ نصب کردی که این آپشن های فنسی رو داری","ham"
"برای رای, داشتن شناسنامه و دانستن کد ملی کافیست. کارت ملی نیاز نیست.","ham"
"[RANDOM_NUMBER]هزار تومان تخفیف مشاوره ی پزشکی و روانشناسی, دریافت نسخه ی آنلاین و ارسال دارو با اسنپ! کد: [ENGLISH][RANDOM_NUMBER] اعتبار:[RANDOM_NUMBER] مرداد کافیه در سوپراپلیکیشن اسنپ, «پزشک و مشاور» را انتخاب کنید [LINK_REMOVED]","spam"
"[RANDOM_NUMBER]% خریدت رو امروز هدیه میدیم عجله کنید در خرید [RANDOM_NUMBER] تومانی [USSD_REMOVED]","spam"
"قرعه کشی تبلت گلکسی [ENGLISH] سامسونگ ردیف شانس شما: از [RANDOM_NUMBER] تا [RANDOM_NUMBER]پخش زنده ساعت [RANDOM_NUMBER] از اینستاگرام آپ: [LINK_REMOVED]","spam"
"ارائه صد عنوان کتاب در غرفه ستاد اقامه نماز [LINK_REMOVED]","spam"
"مشترک گرامی شماره [MASKED_NUMBER] با توجه به نزدیک شدن کارکرد خط شما به سقف مجاز قطع میان دوره, به منظور جلوگیری از محدودیت یک طرفه نسبت به پرداخت بدهی به روز خود اقدام نمایید. قابل پرداخت [RANDOM_NUMBER] ریال شناسه قبض [RANDOM_NUMBER] شناسه پرداخت [RANDOM_NUMBER] پرداخت از طریق [USSD_REMOVED], [USSD_REMOVED], اپلیکیشن همراه من, تلفن گویای *[RANDOM_NUMBER] و [RANDOM_NUMBER] همراه اول","ham"
"بازنشسته گرامی, درصورت عدم استفاده از مرحله دوم تسهیلات [RANDOM_NUMBER] میلیون ریالی خرید از فروشگاه های رفاه (طرح یاری), شما تنها تا پایان شهریور [RANDOM_NUMBER] امکان بهره مندی از این تسهیلات را دارید. این تسهیلات در کارت حقوق شما فعال است. اطلاعات بیشتر [MASKED_NUMBER] صندوق بازنشستگی کشوری","spam"
"[RANDOM_NUMBER]ماه خریدرایگان برای همه [RANDOM_NUMBER]جایزه[RANDOM_NUMBER]میلیونی تخفیفات افق کوروش: [LINK_REMOVED]/[RANDOM_NUMBER]","spam"
"بانک ایران زمین واریز سود ‪ [MASKED_NUMBER] -[RANDOM_NUMBER]-[RANDOM_NUMBER]‬ مبلغ [RANDOM_NUMBER] ریال مانده[RANDOM_NUMBER] [DATE] - [TIME] [LINK_REMOVED]","ham"
"هایپراستار [RANDOM_NUMBER]~[DATE] گوشت منجمد گوساله کیلویی [RANDOM_NUMBER]ت تبرک رب گوجه فرنگی [RANDOM_NUMBER]گرمی [RANDOM_NUMBER]ت انواع چای هایپراستار تا [RANDOM_NUMBER]%تخفیف","spam"
"""ترمیم-تقویت مو,ابرو"" با شرایط پرداخت اقساط ارسال عدد [RANDOM_NUMBER]","spam"
"مشارکت حداکثری تبلیغ چهره به چهره درسطح شهر رسانه باشیم [LINK_REMOVED]","spam"
"ا سلام, من الان پیاما رو دیدم؛","ham"
"سلام؛ من الان دیدم زنگ زده اید, کاری داشتی?","ham"
"میگن کرونا گرفتیییی","ham"
"آقای [NAME] جواب آزمایش [RANDOM_NUMBER] آماده می باشد. شما می توانید جواب را بصورت غیر حضوری از لینک زیر دریافت کنید. [LINK_REMOVED]","ham"
"فقط امروز[RANDOM_NUMBER]برابر امتیاز بیشتربا خریدشارژ وبسته وپرداخت قبوض همراه از[USSD_REMOVED] [RANDOM_NUMBER]آبان قرعه کشی [RANDOM_NUMBER]مین پژو[RANDOM_NUMBER] شانستو امتحان کن,می ارزه!","spam"
"نمایشگاه مبلمان و لوستر [RANDOM_NUMBER]تا[RANDOM_NUMBER] آبان اهواز/کیانپارس نمایشگاه بین المللی","spam"
"بپز خودت بزن به بدن","ham"
"هشدار: سامانه ثنا از شماره شخصی پیامک ارسال نمی کند, به هیچ وجه روی لینک های ارسالی کلیک نکنید, بدانید که: کلیک=خالی شدن حساب","ham"
"بانک صادرات انتقال+کارمزد:[RANDOM_NUMBER]- حساب:[RANDOM_NUMBER] مانده:[RANDOM_NUMBER] [RANDOM_NUMBER]-[TIME]","ham"
"اون [ENGLISH] [ENGLISH] هم کار نکرد?","ham"
"*بانک پاسارگاد* مشتری گرامی با عنایت به راکد بودن سپرده با شماره[RANDOM_NUMBER].[RANDOM_NUMBER] شما و عدم تعیین تکلیف آن در موعد مقرر, طبق دستورالعمل بانک مرکزی, سپرده مذکور به سرفصل مطالبه نشده منتقل شده است؛ لیکن هرگونه گردش مالی اعم از حضوری و غیر حضوری موجب فعال شدن آن خواهد شد.","ham"
"سلام کی میرید برای صبحونه","ham"
"مشتری گرامی؛ در راستای بالا بردن امنیت رمز پویا, از این پس نوع تراکنش, دریافت کننده وجه و مبلغ در پیامک های ارسالی مشاهده می شود, لطفا اطلاعات صورت گرفته را با پیامک ارسالی کنترل نمایید. بانک ایران زمین؛ بانک دیجیتال","ham"
"سلام من میدونم این خونه هایی که گذاشتن تو دیوار کار یک نفر بوده اونم تو هستی پیداتون می کنم و شکایت می کنم.","ham"
"*بانک قرض الحسنه مهرایران* حساب:‪[RANDOM_NUMBER] [MASKED_NUMBER] -[RANDOM_NUMBER]-[RANDOM_NUMBER]‬ مبلغ:[RANDOM_NUMBER] - برداشت وجه از خودپرداز مانده:[RANDOM_NUMBER] تاریخ:[DATE] ساعت:[TIME]","ham"
"مهربانی, بی جواب نمی ماند. در روز شهادت کریم اهل بیت, امام حسن مجتبی(ع) دلهایمان را به هم نزدیک کنیم و با مشارکت در پویش «ایران همدل» از طریق شماره گیری [USSD_REMOVED] و یا واریز به شماره کارت [RANDOM_NUMBER] گره گشای نیازمندان باشیم. ایران همدل, بزرگترین پویش مردمی ایران است که کمک های شما را از طریق بهزیستی و کمیته امداد به دست نیازمندان می رساند","spam"
"[NAME] عزیز اسنپ! شما رسید","ham"
"سلام دکتر خسته نباشید؛ برای امضاهای مرتبط با دفاع پایان نامه ارشد (مدیر گروه) چه روزی تشریف میارید دانشگاه خدمتتون برسم?","ham"
"اعتبارشما [RANDOM_NUMBER]ریال خرید �","ham"
"واکسن رو","ham"
"مشترک گرامى, با تشکر از پرداخت غیر حضورى قبض قبل از ششم ماه , تا پایان ماه جارى فرصت دارید با شماره گیرى کد دستورى [USSD_REMOVED] هدیه شتاب در پرداخت خود را از میان گزینه هاى زیر انتخاب نمایید : [RANDOM_NUMBER]- یک روز مکالمه رایگان درون شبکه [RANDOM_NUMBER]- [RANDOM_NUMBER] گیگابایت اینترنت یک روزه [RANDOM_NUMBER]- [RANDOM_NUMBER] امتیاز باشگاه فیروزه اى همراه اول","ham"
"(دیجی مدرسه) خانه تان را مدرسه کنید [MASKED_NUMBER] [LINK_REMOVED]","spam"
"دزدگیر خانه اقلید از طریق (ریموت[RANDOM_NUMBER]-[NAME]) غیر فعال شد.","ham"
"اخه گفته این نبلغ کسر میشه","ham"
"پذیره نویسی صندوق شاخصی بازار آشنا با نماد بورسی “وبازار” سرمایه گذاری همزمان در تمام نمادهای شاخص ساز مهلت پذیره نویسی تا [RANDOM_NUMBER] بهمن [LINK_REMOVED]","spam"
"در ماه بخشندگی با پرداخت زکات فطره به نیازمندان, عید بندگی را جشن می گیریم. پرداخت فطریه و کفاره از طریق [LINK_REMOVED] و یا شماره گیری کد [USSD_REMOVED] کمیته امداد امام خمینی(ره)","spam"
"تا %[RANDOM_NUMBER] تخفیف بانی مد بازی کن,جایزه بگیر لینک بازی :[LINK_REMOVED]","spam"
"تدریس رایگان آیلتس-مکالمه-آلمانی-فرانسوی و.. دراپلیکیشن [ENGLISH] نصب=[RANDOM_NUMBER]","spam"
"تا [RANDOM_NUMBER] هزار تومان تخفیف خرید بلیت پروازهای خارجی با اسنپ!!! با اسنپ پرواز کنید و تخفیف های هیجان انگیز بلیت هواپیما را از دست ندهید. فقط سفر ضروری ️ کافی است در سوپراپلیکیشن اسنپ, «بلیت سفر» و سپس «پرواز خارجی» را انتخاب کنید. [LINK_REMOVED]","spam"
"دریافت برترین نواهای پیشواز باارسال کدهای زیر به[RANDOM_NUMBER] صفر خدانگهدار,طاهری [RANDOM_NUMBER] مولانا رسول الله,مطیعی [RANDOM_NUMBER] کوی رضا,بوند[RANDOM_NUMBER]","spam"
"بانک سامان مشتری گرامی برای دریافت کارتِ سپرده های سامانی تان, کافی است درخواست خود را در موبایلت ثبت کنید تا کارت به نشانی مورد نظر شما ارسال شود. دانلود موبایلت: [LINK_REMOVED]","ham"
"محرمی متفاوت با نوای حسینی شما به عنوان پیشواز! ساخت پیشواز شخصی با اپ پیشواز هوشمند دانلود از: [LINK_REMOVED]","spam"
"سلام واحترام صبح آدینه شما بخیر, در خدمتتون هستم","ham"
"سرپرست محترم خانوار؛ در صورتی که متقاضی استفاده از بسته حمایتی دوران کرونا براساس شرایط اعلامی دولت هستید, لطفا تنها از خط تلفن همراه اصلی خود که مالک آن هستید, فقط کد ملی خود را به سرشماره [RANDOM_NUMBER] ارسال فرمایید.","ham"
"پالس اکسی مترانگشتی","ham"
"بیمه شده گرامی: [RANDOM_NUMBER] آیا از خدمات ارائه شده توسط داروخانه رضایت دارید? [RANDOM_NUMBER] . بله [RANDOM_NUMBER] . خیر لطفا فقط شماره پاسخ را ارسال کنید. ""سازمان بیمه سلامت ایران","ham"
"مشتری گرامی بانک تجارت اعتبار تجارت کارت شما به شماره [RANDOM_NUMBER]******[RANDOM_NUMBER] با تاریخ انقضای [RANDOM_NUMBER], به منظور رفاه حال مشتریان و عدم مراجعه به شعبه تا تاریخ [RANDOM_NUMBER] تمدید شد. ضمنا تاریخ روی کارت برای انجام تراکنشهای غیر حضوری معتبر است.","ham"
"[RANDOM_NUMBER] میلیون تومان جایزه پاییزه فقط با استفاده از اینترنت ایرانسل برای تماشای رایگان حداقل [RANDOM_NUMBER] ساعت فیلیمو در هر ماه پاییز اطلاعات بیشتر [LINK_REMOVED]","spam"
"هشدار: هر پیامک حاوی لینک از شماره شخصی که شما را به درگاه بانکی ارجاع می دهد, به قصد کلاهبرداری و سرقت اطلاعات حساب شماست.","ham"
"️حراج بی نظیر لوازم خانگی+کولرگازی گارانتی [MASKED_NUMBER] [MASKED_NUMBER] [ENGLISH]","spam"
"در اربعین حسینی مسیر نجف تا کربلا را با آیگپ عاشقی کنید پوشش زنده و [RANDOM_NUMBER] ساعته از مسیر پیاده روی اربعین در ویژه برنامه رهرو ️مسابقه کتابخوانی ️پیاده روی نیابتی ️خاطره سازی اربعین ️مسابقه استیکر با موضوع قیام کربلا لینک نصب آیگپ: [LINK_REMOVED]","spam"
"آسون شارژ شو! [USSD_REMOVED] کدخرید شارژ واینترنت نماینده رسمی اپراتورها","spam"
"توی چند ماه گذشته بخاطر کرونا وضعیت اقتصادی همه مثل گذشته نیست, هوای همدیگه رو داشته باشیم؛ مخصوصا ضعیف ترها. از همدیگه گره گشایی کنیم. رزمایش همدلی, برای ایرانِ همدل [ENGLISH].[LINK_REMOVED]","spam"
"یا دورغ می گی که دلتنگ انسانی, یا خودت رو زدی به خریت که ول می کنی می ری بعد هی میای توییتر هر از چندی منشن می دی می گی آره دل من تنگ شده بود,","ham"
"سلام مهندس صبحت بخیر. شماره دکتر [NAME] رو می تونی برام پیام کنی.","ham"
"التماس کباب قرار بود ردیف و قافه التماس دعا باشه ولی کریپی شد","ham"
"شگفتی بزرگ فرشتگان فروش ویژه کالج های چرم مردانه [RANDOM_NUMBER] بقیه کالاها [RANDOM_NUMBER] [RANDOM_NUMBER] [RANDOM_NUMBER] [RANDOM_NUMBER] کفش فرشتگان فرهنگشهر نبش کوچه[RANDOM_NUMBER]","spam"
"مژده! اربعین امسال با شعار الحسین یجمعنا زائر خواهی بود! همین الان برروی لینک زیر کلیک کنید: [LINK_REMOVED]","spam"
"[RANDOM_NUMBER] شانس پژو [RANDOM_NUMBER] باخرید شارژ از[USSD_REMOVED] ویژه خط شما (یکبار) تا جمعه شب","spam"
"مشترک گرامی, شما می توانید با فعال سازی سرویس بانک پرداخت (پرداخت صورتحساب پایان دوره همراه اول به صورت خودکار از حساب بانکی), نسبت به پرداخت به موقع صورتحساب خود و سایرین اقدام نمایید. اطلاعات بیشتر: [LINK_REMOVED] همراه اول","ham"
"پیشنهاد ویژه و اختصاصی خرید ترافیک برای هر شاتلی مشاهده پیشنهاد: [LINK_REMOVED]","spam"
"آسان,فارغ التحصیل""ارشــد""شو! -بی آزمون)ترم:بهمن:هزینه:[RANDOM_NUMBER]م.ت یا باآزمون)شهریه([RANDOM_NUMBER]م.ت)+بیمه قبولی ترمی [MASKED_NUMBER] - [MASKED_NUMBER]","spam"
"برای دریافت بسته لوازم خانگی خود فوری تماس بگیرید کد[RANDOM_NUMBER] [MASKED_NUMBER]","spam"
"سال نو عیدی نو جایزه ویژه[RANDOM_NUMBER] میلیونی فقط امروزهر [RANDOM_NUMBER]تومان[RANDOM_NUMBER]شانس باخرید شارژوبسته از[USSD_REMOVED] یااپ ستاره یک نصب کن: [LINK_REMOVED]","spam"
"کارگزاری مفید جناب آقای/سرکار خانم [NAME] , درخواست وجه شما به مبلغ [RANDOM_NUMBER] ریال جهت واریز طی روز جاری به شماره شبا ([ENGLISH][RANDOM_NUMBER]) پردازش شد و به بانک عامل ارسال گردید. این مبلغ پس از طی چرخه پرداخت بانک مرکزی (پایا/ساتنا) به حساب شما واریز خواهد شد.","ham"
"[NAME] عزیز خیلی وقته بهمون سر نزدی! یه سر بهمون بزن, محصولات جدیدمون رو ببین و با تخفیف خرید کن. کد: [ENGLISH]-[ENGLISH][ENGLISH][RANDOM_NUMBER] [RANDOM_NUMBER] هزار تومان تخفیف برای خریدهای بالای [RANDOM_NUMBER] هزار تومان از دیجی کالا مهلت استفاده: تا [RANDOM_NUMBER] روز دیگه - تعداد محدود برو بریم: [LINK_REMOVED] لغو پیامک: [RANDOM_NUMBER]","spam"
"با سلام رمز عبور شما تغییر یافت نام کاربری: [ENGLISH][ENGLISH][RANDOM_NUMBER] رمزجدید: [ENGLISH] با تشکر کارگزاری دنیای نوین [LINK_REMOVED]","ham"
"با امتیازت آیفون ببر! برای کسب امتیاز در مرحله اول قرعه کشی آیفون[RANDOM_NUMBER] تنها امروز فرصت دارید هر [RANDOM_NUMBER] تومان تراکنش یک امتیاز شرکت در قرعه کشی: ارسال عدد [RANDOM_NUMBER] به [RANDOM_NUMBER] مشاهده امتیاز: رایتل من [LINK_REMOVED]","spam"
"من خیلی دیر راه افتادم الان تازه تو فرامرزم","ham"
"کد تایید دیوار: [ENGLISH]: [RANDOM_NUMBER] برای دیگران نفرستید. شناسه: [ENGLISH][RANDOM_NUMBER]","ham"
"من مطلقا اطلاعی ندارم, در قطب مخالف رمزارزها سیر و سلوک می کنم","ham"
"عرضه طلا بدون اجرت و کم اجرت شش ماهه تعاونی مصرف ناحیه چهار [RANDOM_NUMBER]","spam"
"فرصت خرید دو عرضه اولیه در یک روز! برای خرید عرضه های اولیه ""فسبزوار"" و ""توسن"" روز چهارشنبه [RANDOM_NUMBER] شهریور از طریق فارابیکسو اقدام کنید. [LINK_REMOVED] تماس: [RANDOM_NUMBER] (بدون پیش شماره)","spam"
"بیا چشومون سفید شد","ham"
"بازی جدول رو نصب کن که خیلی اعتیادآوره. کلی جدول داره و محشره. [RANDOM_NUMBER] رو بفرست. روزی [RANDOM_NUMBER] تومن عضویت در اپ مستر جدول","spam"
"هایپراستار[RANDOM_NUMBER]~[DATE] چرخکرده مخلوط[RANDOM_NUMBER]گ[RANDOM_NUMBER]ت مای بیبی سایز[RANDOM_NUMBER]و[RANDOM_NUMBER]و[RANDOM_NUMBER] شورتی[RANDOM_NUMBER]%ت","spam"
"شارژرمو خونت جا گذاشتم?","ham"
"مشترک گرامی [RANDOM_NUMBER] مدت زمان سرویس آسیاتک شما به پایان رسیده است لطفا نسبت به تمدید آن از طریق [LINK_REMOVED] اقدام فرمایید (اینترنت یک آسیاتک) دانلود اپلیکیشن آسیاتک [LINK_REMOVED]","ham"
"دریافت آسان مدرک درشهرشما --دییلم.پیش-- [MASKED_NUMBER] [MASKED_NUMBER] --کاردانی. کارشناسی [MASKED_NUMBER] [MASKED_NUMBER] --ارشد -- [MASKED_NUMBER] [MASKED_NUMBER] --دکتری-- [MASKED_NUMBER] -[MASKED_NUMBER] یاارسال[RANDOM_NUMBER]","spam"
"[RANDOM_NUMBER]تومان تخفیف اسنپ برای [RANDOM_NUMBER]سفر در سفر اول [RANDOM_NUMBER]%تخفیف (تا سقف [RANDOM_NUMBER]تومان) و در [RANDOM_NUMBER]سفر بعدی هر بار [RANDOM_NUMBER]%تخفیف (تا سقف [RANDOM_NUMBER]تومان) بگیرید. کد تخفیف: [ENGLISH]-[RANDOM_NUMBER] اعتبار تا [RANDOM_NUMBER] آبان [LINK_REMOVED] استفاده از ماسک در سفرهای اسنپ الزامی است. توصیه های بهداشتی هنگام استفاده از اسنپ: [LINK_REMOVED]","spam"
"*فروشگاه بزرگ مدرسه* فنرزنی کتب درسی با کمترین قیمت. [MASKED_NUMBER]","spam"
"مشترک گرامی آخرین مهلت برخورداری از هدیه شتاب در پرداخت, ششم ماه می باشد. جهت دریافت هدیه لازم است مراحل زیر را طی نمایید: [RANDOM_NUMBER]-پرداخت صورتحساب تا ششم ماه [RANDOM_NUMBER]-شماره گیری [USSD_REMOVED] (تا پایان ماه جاری) [RANDOM_NUMBER]-دریافت هدیه پرداخت از طریق [USSD_REMOVED], اپلیکیشن همراه من, اپلیکیشن اوانو (لینک دریافت [LINK_REMOVED]), پیام رسان آیگپ, تلفن گویای *[RANDOM_NUMBER] و [MASKED_NUMBER] راهنمای هدیه شتاب در پرداخت [USSD_REMOVED]","ham"
"دوست عزیز کارنامه گزارش کارشناسی مربوط به خودرو «[ENGLISH] [ENGLISH][RANDOM_NUMBER] [ENGLISH]» آماده است. لطفا جهت مشاهده و بررسی آن به لینک زیر مراجعه کنید. [LINK_REMOVED]","ham"
"فوتبال امروز برات رایگانه, مثل دیدن تلویزیون! تماشا و پیش بینی بازی فوتبال امروز در «ذره بین». نصب «ذره بین»: [LINK_REMOVED]","spam"
"من کرونا نگرفتم,گوشیم سایلنت بود الان می خواستم برم بیرون پیداش کردم:)))))","ham"
"اطلاعیه مهم سازمان همکاران استان های تهران والبرز اخذ مجوزتردد درساعات منع رفت وآمد: [LINK_REMOVED]","ham"
"حالا خدا کنه اینترنتی بتونه اهراز هویت کنه انشا ءالله","ham"
"سلام علیکم سهم شما کارکنان و هموطنان عزیز در حفظ امنیت وزارت دفاع تماس با شماره تلفن [RANDOM_NUMBER] می باشد. منتظر دریافت گزارش های شما هستیم. ستاد خبری حفاظت اطلاعات وزارت دفاع ج.ا.ا","spam"
"دانشگاهت همین کنار حافظیه س?","ham"
"تا [RANDOM_NUMBER]% تخفیف سفارش غذا از رستوران های شیراز در اسنپ! فقط امروز, غذای دلخواه خود را با یک تخفیف تصادفی سفارش دهید. تخفیف ها به صورت خودکار و از طریق کوپن اعمال می شود. کافی است در سوپراپلیکیشن اسنپ, «غذا» را انتخاب کنید. [LINK_REMOVED]","spam"
"مشترک گرامی تنها تا ساعت [TIME] تاریخ [DATE] مهلت دارید تا بسته [RANDOM_NUMBER] گیگابایت اینترنت هدیه خردادماه ویژه استفاده در اپ ذره بین را فعال کنید. فعال سازی از طریق: [LINK_REMOVED] با نصب اپلیکیشن ذره بین علاوه بر دریافت اینترنت هدیه, می توانید قسمت جدید سریال “دراکولا”, “پیش گو”, “هم رفیق”, ""سیاوش"" و هزاران فیلم و سریال دیگر نماوا را در وبگرد ذره بین رایگان تماشا کنید.","spam"
"سلام؛ توی این کانال یک سری کانفیک می ذاره که چندتا و یکی کار می کنن [ENGLISH]","ham"
"[NAME] عزیز؛ شما هم می توانید برنده کارتهای هدیه مجازی مسابقه هفت روووز هفته باشید. فکر نکن, شانستو امتحان کن : [LINK_REMOVED] بانک ایران زمین, بانک دیجیتال","spam"
"به مناسبت دههٔ فجر, کانال همراه اول در آیگپ و اپلیکیشن روبیکا با برنامه «میزبان» مهمان خانه های شماست. این برنامه از ساعت [TIME] با اجرای بنیامین بهادری خواننده پاپ به مدت [RANDOM_NUMBER] شب میزبان مهمانان مختلفی در عرصه های سینما, تلویزیون, ورزش و ... است. [LINK_REMOVED] [LINK_REMOVED]","spam"
"آواهای انتظار ویژه محرم: فعالسازی با ارسال کد آوا به[RANDOM_NUMBER] [RANDOM_NUMBER]سلام بر محرم(مهدی میرداماد) [RANDOM_NUMBER]مقتل امام حسین(آذری) (نادر جوادی اردبیلی) [RANDOM_NUMBER]ارباب عاشقی (محسن ابراهیم زاده) [RANDOM_NUMBER] سلام آقا(حسین خلجی) [RANDOM_NUMBER]اباعبدالله(میثم خدادوست) [RANDOM_NUMBER]ای ارباب دلم (محمدحسین حدادیان) هزینه ماهیانه [RANDOM_NUMBER] تومان","spam"
"نرم نرمک می رسد اینک بهار [NAME] عزیز, سال نو مبارک کالاتیک","spam"
"هروقت که بیایم می آیم, چطور?","ham"
"[RANDOM_NUMBER]-[RANDOM_NUMBER]مهر [RANDOM_NUMBER]%پچ پچ برنج هولاسو[RANDOM_NUMBER]ت [RANDOM_NUMBER]%ماست سبو [RANDOM_NUMBER]%چای لاهیجان جانبو","spam"
"آواهای انتظار ویژه نیمه شعبان: فعال سازی با ارسال کد آوا به [RANDOM_NUMBER] [RANDOM_NUMBER]حضرت ماه(گروه نسیم قدر) [RANDOM_NUMBER]دعای فرج(محمدرضا انصاریان) [RANDOM_NUMBER] حضرت دلدار(گروه وصال) [RANDOM_NUMBER]گمگشته(مجید اخشابی) [RANDOM_NUMBER]چو ماه آسمونه(محمد حسین شفیعی) [RANDOM_NUMBER]جمعه های انتظار(حسن محمودزاده) هزینه ماهیانه [RANDOM_NUMBER] تومان","spam"
"چرم نیم چکمه?","ham"
"سلام پیام بده چه خبر","ham"
"از شب اول [RANDOM_NUMBER] سالگی تا [RANDOM_NUMBER] روز !! آیگپ تی وی دانلود و تماشای رایگان - بدون اشتراک ماهیانه فیلم ها و سریال های روز ایران و جهان در آیگپ دانلود و تماشا رایگان [LINK_REMOVED]","spam"
"میدونستی با امتیازت میتونی یک گوشی [ENGLISH] ببری? پس با کسب امتیاز و ارسال عدد [RANDOM_NUMBER] به [RANDOM_NUMBER] این فرصت رو از دست نده. [LINK_REMOVED]","spam"
"مشترک گرامی با ترابرد موارد زیر را رویت خواهید کرد: [RANDOM_NUMBER]- اتمام خدمات اپراتور قبلی [RANDOM_NUMBER]- قطع مکالمات بین الملل تا ورود به اپراتور جدید [RANDOM_NUMBER]- صفرشدن اعتبار(سیمکارت اعتباری) [RANDOM_NUMBER]- اعمال تعرفه اپراتور جدید بعد از ترابرد [RANDOM_NUMBER]- امکان رد درخواست به دلیل : ورود اطلاعات غلط, عدم تسویه حساب با اپراتور قبلی, در اولین ترابرد باید سیم کارت بیش از [RANDOM_NUMBER] ماه فعال بوده باشد, موارد حقوقی, درخواست تغییر از دائمی به اعتباری و بالعکس [RANDOM_NUMBER]- امکان ترابرد تا [RANDOM_NUMBER]بار در سال شایان ذکر است, اتمام فرایند ترابرد برای سیمکارت های اعتباری [RANDOM_NUMBER] روزکاری و برای سیمکارت های دائمی [RANDOM_NUMBER] روزکاری زمان می برد","ham"
"در فروردین ماه می توانید با مراجعه به فروشگاه آنلاین همراه اول شماره متناسب با تاریخ تولد این ماه را خریداری کنید. [LINK_REMOVED]","spam"
"دیگه نگران تمام شدن شارژت نباش! بعد از اتمام شارژ,از کد[USSD_REMOVED] شارژ اضطراری بگیر وهزینشو بعدا پرداخت کن بیشتر: [LINK_REMOVED]","spam"
"باسلام و عرض تسلیت اربعین حسینی, اعلام ویژه برنامه های هیئت و کانون فرهنگی جوادالائمه(ع) طی دهه آخر ماه صفر درسایت سراج [LINK_REMOVED]","spam"
"[NAME] هستم.","ham"
"[داروپلاس] یک بسته ماسک رایگان +ارسال رایگان سفارشات بالای [RANDOM_NUMBER] تومن در لینک زیر: [LINK_REMOVED]","spam"
"هایپراستار[RANDOM_NUMBER]~[DATE] ال جی موبایل [ENGLISH][RANDOM_NUMBER] تعدادمحدود[RANDOM_NUMBER]ت [ENGLISH][RANDOM_NUMBER] پسته تازه [RANDOM_NUMBER]ک[RANDOM_NUMBER]ت کاله ماست[RANDOM_NUMBER]%سون[RANDOM_NUMBER]ک [RANDOM_NUMBER]ت سافتلن پودرماشین[RANDOM_NUMBER]گ[RANDOM_NUMBER]ت","spam"
"[NAME] رفت پیش پدرش","ham"
"من پرچم انسان بد این دوستی رو بر می دارم می ذارم روی دوشم.","ham"
"دانلود یک دوست پسر با لینک مستقیم","ham"
"چی شد؟؟","ham"
"سلام, من مثل اسب سرم در لپ تاپ بود و الان دیدم زنگ زده اید, بحمد الله همیشه سایلنتم","ham"
"راه شهیدان ادامه دارد... [RANDOM_NUMBER] اسفند «روز بزرگداشت شهدا» گرامی باد. بنیاد شهید و امور ایثارگران [ENGLISH] [RANDOM_NUMBER] [RANDOM_NUMBER] [TIME] [ENGLISH]","spam"
"سلام امیدوارم خوب باشی میشه قرار پیتزا خوردن رو بندازین یه روز دیگه?","ham"
"دریافت [RANDOM_NUMBER] گیگابایت هدیه و شرکت در قرعه کشی [RANDOM_NUMBER] عدد گوشی هوشمند با فعالسازی سرویس پرداخت قبض خودکار [USSD_REMOVED]","spam"
"مرسی عسلم متشکرم. تو هم همینطور","ham"
"فردا مثلا یا پس فردا","ham"
"پذیره نویسی صندوق لبخند فارابی آغاز شد. سفارش خود را قبل از اتمام واحدها, با جستجوی نماد ""لبخند"" در تمامی کارگزاری ها ثبت کنید.","spam"
"کمپین ختم روزانه قرآن فقط با روزی یک آیه [USSD_REMOVED] رمضان مبارک","spam"
"قیمت و تحلیل های مربوط به بیت کوین, اتریوم و کاردانو را در نمادمن جستجو و مشاهده کنید [LINK_REMOVED]","spam"
"تبریک [RANDOM_NUMBER] پیامک هدیه داخل شبکه به شما تعلق گرفت.","ham"
"برگزاری دوره [ENGLISH] آنلاین از [RANDOM_NUMBER] شهریور آریا آزمون صنعت [RANDOM_NUMBER]-[RANDOM_NUMBER]","spam"
"[NAME] عزیز, با اپلیکیشن آپ تنها با چند کلیک به مبلغ دلخواه سیم کارت خود را شارژ کنید خرید شارژ: [LINK_REMOVED]","spam"
"همراه اولی عزیز کاهش هزینه مکالمات با خرید بسته های به صرفه مکالمه بسته مکالمه همراهی [USSD_REMOVED] بسته های مدار فیروزه ای [USSD_REMOVED] جهت آشنایی با انواع بسته های مکالمه برروی لینک های زیر کلیک فرمایید [LINK_REMOVED] [LINK_REMOVED] [LINK_REMOVED] اپلیکیشن همراه من [LINK_REMOVED]","spam"
"[NAME] عزیز با [RANDOM_NUMBER] ارسال رایگان دیجی پلاس هر چی لازم داری رو رایگان تحویل بگیر. فقط با [RANDOM_NUMBER] تومان! دیجی پلاسی شو: [LINK_REMOVED] لغو ارسال [RANDOM_NUMBER]","spam"
"پی پینگ کاربر گرامی اطلاعات شما توسط سامانه شاپرک با موفقیت تایید شد. هم اکنون درگاه پرداخت شما فعال است و می توانید فعالیت خود را آغاز نمایید. از همراهی شما متشکریم","ham"
"می دونی الان وقت چیه? وقتشه از بزرگ ترین حراج میان فصل با تخفیف حسابی خرید کنی و یه استایل جذاب بسازی کد: [ENGLISH][RANDOM_NUMBER] [RANDOM_NUMBER]% تخفیف تا سقف [RANDOM_NUMBER] هزار تومان برای اولین سفارش بالای [RANDOM_NUMBER] هزار تومان از دیجی استایل تعداد محدود | تا فردا: [LINK_REMOVED] لغو: [RANDOM_NUMBER]","spam"
"احسنت من هم حالا حالاها اینجام","ham"
"لندویی عزیز هدیه بیمیتو: [RANDOM_NUMBER] هزارتومن تخفیف خرید بیمه شخص ثالث+پرداخت خسارت آنلاین کد [ENGLISH][RANDOM_NUMBER] تا آخرسال خرید: [LINK_REMOVED]","spam"
"کاربرگرامی: قرارداد فی مابین برای مطالعه در پنل شما قابل دسترس می باشد آسیاتک دانلود اپلیکیشن آسیاتک [LINK_REMOVED]","ham"
"میتونید تلفن جواب بدید","ham"
"سلام دویست و پنجاه هزار تومان واریز شد","ham"
"سفارش شما با موفقیت ثبت شد. پیگیری لحظه ای: [LINK_REMOVED]","ham"
"[RANDOM_NUMBER] تومان تخفیف مشاوره پزشکی و روانشناسی, دریافت نسخه آنلاین و ارسال دارو کد: [ENGLISH][ENGLISH][ENGLISH][RANDOM_NUMBER] اعتبار:[RANDOM_NUMBER] خرداد کافی است در سوپراپلیکیشن اسنپ, «پزشک و مشاور» را انتخاب کنید. [LINK_REMOVED]","spam"
"برای دریافت کارت خود سریعا تماس بگیرید کد [RANDOM_NUMBER] [MASKED_NUMBER]","spam"
"هوشمندانه بسته اینترنت بخرید... با خرید بسته اینترنت از طریق اپلیکیشن همراه من علاوه بر انتخاب از جامع ترین سامانه خرید و مدیریت بسته های اینترنت, در قرعه کشی [RANDOM_NUMBER] جایزه [RANDOM_NUMBER] میلیون ریالی شرکت نمایید. دریافت نسخه جدید اپلیکیشن همراه من: [LINK_REMOVED]","spam"
"چرا باید از یه چهارم شروع کنین","ham"
"کارگزاری بانک سامان‎ [DATE] خرید [RANDOM_NUMBER] فگستر[RANDOM_NUMBER] [RANDOM_NUMBER]‎ مانده: [RANDOM_NUMBER]‎","ham"
"کولرگازی گارانتی[RANDOM_NUMBER]سال+بیمه ایران ارسال رایگان [MASKED_NUMBER] [MASKED_NUMBER]","spam"
"ههههههه این ها کلا دزدن خاک بر سرشون","ham"
"مبلغ[RANDOM_NUMBER]تومان بحساب شما واریز شد","ham"
"نام کاربری و کلمه عبور شما در سامانه معاملات برخط شرکت کارگزاری مهرآفرین به شرح زیر می باشد:نام کاربری: [RANDOM_NUMBER] کلمه عبور: [RANDOM_NUMBER][ENGLISH] لطفا برای ورود به سامانه استفاده نمایید:[LINK_REMOVED]","ham"
"تداوم مراقبت و درمان در دنیای جدید روز جهانی هموفیلی گرامی باد","spam"
"ایجاد مزاحمت برای اطفال و بانوان در معابر و اماکن عمومی یا توهین به آنها با الفاظ و حرکات مخالف شئون و حیثیت, قابل مجازات می باشد. معاونت اجتماعی و پیشگیری از وقوع جرم قوه قضاییه","ham"
"در خریدهای اینترنتی قبل از هرگونه پرداخت وجه برای خرید کالا و خدمات, از معتبر بودن درگاه پرداخت (با کدهای مورد تأیید بانک مرکزی), فریبنده نبودن تبلیغات و معتبر بودن سایت فروش اطمینان حاصل نمایید تا مورد کلاهبرداری قرار نگیرید. کسب اطلاعات بیشتر: [LINK_REMOVED] معاونت اجتماعی و پیشگیری از وقوع جرم قوه قضاییه","ham"
"سلام, بله. من رسیدم در این مغازه ها می چرخم","ham"
"در کسب و کار موفق سهیم باشیم. اعطای نمایندگی افق کوروش, بزرگترین و پرفروش ترین فروشگاه زنجیره ای کشور همراه با اعطای تسهیلات بدون بهره و با باز پرداخت [RANDOM_NUMBER] ساله اطلاعات بیشتر در: [ENGLISH].[LINK_REMOVED]","spam"
"[NAME] بسیار عزیز خانه یا ماشینت نیاز به شستشو ندارد? هیچ شیری چکه نمیکند? از الان تا یک هفته میتوانی نظافت و تعمیرات خانه را با [RANDOM_NUMBER] درصد تخفیف انجام دهی! کدتخفیف: [RANDOM_NUMBER] سقف تخفیف: [RANDOM_NUMBER] تومان جزییات بیشتر: [LINK_REMOVED] آچاره منتظر شماست: تلفن [RANDOM_NUMBER]","spam"
"بلی اس دی","ham"
"پیشواز محرمی خود را بسازید! مداحیهای خود را از طریق پیشواز شخصی به گوش دوستان برسانید. دانلود اپ پیشواز","spam"
"پای کار مردم باشیم! سامانه «پاکاریم» برای جذب داوطلبین از سراسر کشور و ساماندهی افراد جهت فعالیت های جهادی و داوطلبانه مبارزه با کرونا [LINK_REMOVED] [ENGLISH]","spam"
"[RANDOM_NUMBER] هفته استفاده [RANDOM_NUMBER] سال ماندگاری قلم سفیدکننده دندان تضمینی خرید: عدد [RANDOM_NUMBER]","spam"
"سهامدار محترم شرکت سرمایه گذاری غدیر ؛ [NAME] , مبلغ [RANDOM_NUMBER] ریال بابت سود سهام (سال مالی [RANDOM_NUMBER]) به حساب بانک سامان شما واریز گردید ؛ شرکت سپرده گذاری مرکزی اوراق بهادار","ham"
"مهر بهترین فصله برای یادگیری کد [RANDOM_NUMBER]% مکتب خونه: [ENGLISH] [LINK_REMOVED]","spam"
"بلوبانک رندباکس [NAME] عزیز, [RANDOM_NUMBER] ریال از حساب شما پرید. البته [RANDOM_NUMBER] ریال هم رند شده و در باکس پس انداز نشست. موجودی: [RANDOM_NUMBER] ریال [TIME] [RANDOM_NUMBER].[RANDOM_NUMBER] [RANDOM_NUMBER] جایزه به ارزش [RANDOM_NUMBER] میلیارد تومان؛ قرعه کشی [RANDOM_NUMBER].[RANDOM_NUMBER]","ham"
"مشترک گرامی در تاریخ [DATE] [TIME] یک عدد سرویس [ENGLISH]/[ENGLISH] به شماره [MASKED_NUMBER] با کد ملی شما در اپراتور مخابرات ایران ثبت گردیده است. در صورت وجود مغایرت با شماره [RANDOM_NUMBER] تماس حاصل فرمایید و یا با به همراه داشتن کارت ملی به مرکز مخابراتی خود مراجعه نمایید","ham"
"آخرین فرصت شرکت در قرعه کشی [RANDOM_NUMBER] میلیارد ریالی کاربر گرامی اپلیکیشن همراه من, همین حالا با نصب اپلیکیشن اوانو از طریق لینک زیر وارد آخرین قرعه کشی تابستان شوید و از خدمات متنوع مالی, اپراتوری و فروشگاهی آن بهره مند شوید. [LINK_REMOVED] همچنین در اوانو با هر تراکنش هدیه نقدی بگیرید.","spam"
"[NAME] داری یک میلیون بدی من?","ham"
"باشه حتما","ham"
"گردونه [RANDOM_NUMBER] گیگی فوتبالیت رو ‎ چرخوندی? با نصب «ذره بین» و چرخاندن گردونه شانس, تا [RANDOM_NUMBER] گیگ اینترنت روزانه هدیه بگیر و با شرکت در پیش بینی های بازی های فوتبال, برنده جوایز هیجان انگیز شو! نصب «ذره بین»: [LINK_REMOVED]","spam"
"تقویتی خاص حتی دیابتی ها فشارخونی ها حتما آقایان مشاوره: [MASKED_NUMBER]","spam"
"[ENGLISH][RANDOM_NUMBER] سامسونگ باخریدشارژواینترنت از [USSD_REMOVED] قرعه کشی [LINK_REMOVED]","spam"
"بورس پروژه های مسکونی منطقه[RANDOM_NUMBER] آپارتمان[RANDOM_NUMBER][RANDOM_NUMBER] متری[DATE] پیش[RANDOM_NUMBER] ارسال[RANDOM_NUMBER]","spam"
"تسهیلات ارزان و آسان, بدون نیاز به ضامن, با طرح پژواک پارسیان. پارسیان بانک ایرانیان","spam"
"مشترک گرامی. بسته ترافیک رایگان ""در خانه بمانیم"" به میزان [RANDOM_NUMBER] گیگابایت برای شما فعال شده و تا پایان اسفند قایل استفاده است. از اینکه در خانه می مانید سپاسگزاریم. شرکت مخاب ات ایران","ham"
"اقای [NAME] رو نداریم","ham"
"*بانک سپه* قوچان برداشت از: [RANDOM_NUMBER] مبلغ: [RANDOM_NUMBER] ریال [DATE][TIME] موجودی: [RANDOM_NUMBER] ریال","ham"
"سلام مرسییی خودم میام بیدارید تا یه نیم ساعت [RANDOM_NUMBER] دقیقه دیگه بیام?","ham"
"سینماتیکتی عزیز عیدی وُدیو به شما اشتراک [RANDOM_NUMBER] روزه رایگان فیلم های کوتاه کد هدیه : [ENGLISH] دریافت از طریق : [LINK_REMOVED]","spam"
"ز رها کردن دستمال کاغذی های مصرف شده در محیط خودداری کنید و به طور بهداشتی (در سطل زباله درب دار) دفع گردد","ham"
"نرم افزار [ENGLISH] رو نصب کنید","ham"
"یه فیلم خوب, فیلم جایزه داره! بدون اشتراک در «فیلمستان روبیکا» فیلم تماشا کن, لذت ببر و آیفون [RANDOM_NUMBER] پرو برنده شو [LINK_REMOVED]","spam"
"مشترک عزیز با نصب اپلیکیشن ذره بین با دریافت اینترنت هدیه: ""[RANDOM_NUMBER] گیگ اینترنت هدیه سه ماهه مخصوص استفاده در اپ ذره بین ( هر ماه [RANDOM_NUMBER] گیگ)"" می توانید قسمت جدید “دراکولا”, “پیش گو”, “هم رفیق”, ""سیاوش"" و هزاران فیلم و سریال دیگر نماوا را رایگان در وبگرد ذره بین تماشا کنید. نصب رایگان: [LINK_REMOVED]","spam"
"سلام باشه عزیزم","ham"
"لطفا جواب بده","ham"
"[NAME]عزیز؛ شما هم می توانید برنده کارتهای هدیه مجازی آخر هفته های طلایی مسابقه همادار باشید. فکر نکن, شانستو امتحان کن : [LINK_REMOVED] بانک ایران زمین, بانک دیجیتال","spam"
"جایزه [RANDOM_NUMBER] میلیونی ویژه خریدارن امروز [USSD_REMOVED]","spam"
"[RANDOM_NUMBER]تومان تخفیف اسنپ برای [RANDOM_NUMBER] سفر با عرض پوزش برای اشتباه پیش آمده در پیامک قبلی, کد تخفیف زیر برای شما قابل استفاه است: در [RANDOM_NUMBER] سفر اول [RANDOM_NUMBER]%(هربار تا سقف [RANDOM_NUMBER]تومان) و در [RANDOM_NUMBER]سفر بعدی [RANDOM_NUMBER]%(هربار تا سقف [RANDOM_NUMBER]تومان) تخفیف بگیرید. کدتخفیف: [ENGLISH]-[RANDOM_NUMBER] اعتبار تا [RANDOM_NUMBER]آذر [LINK_REMOVED]","spam"
"من [ENGLISH] رو نصب می کنم مجددا پیام می دهم","ham"
"سلام قربانت به خودت زیاد زحمت نده عزیزم همین که پیش هم باشیم خودش عالی هست هر وقت بفرمایید من در خدمتم احتمالا یکشنبه بریم شیراز یا دوشنبه","ham"
"همسایه خوبم,بخند! بمناسبت روز همسایه,شانس حضور در جشنواره [RANDOM_NUMBER]میلیونی افق کوروش تا روز لبخند [RANDOM_NUMBER]مهر [RANDOM_NUMBER]برابر شد! تمام تخفیفات در: [LINK_REMOVED]/[RANDOM_NUMBER]","spam"
"سرمایه گذار گرامی به اطلاع می رساند از روز شنبه مورخ [DATE] امکان ثبت درخواست صدور در صندوق سرمایه گذاری سهم آشنا تنها درصورت ""سجامی بودن"" سرمایه گذاران امکانپذیر می باشد.لذا خواهشمند است درصورتیکه تاکنون سجامی نشده اید, نسبت به ثبت نام سجام و انجام احرازهویت الکترونیک بدون نیاز به مراجعه حضوری از طریق لینک زیر اقدام نماید : لینک جهت ثبت نام سجام و احرازهویت الکترونیک: [LINK_REMOVED] صندوق سرمایه گذاری سهم آشنا","ham"
"عزیز [NAME] درخواست شما پیگیری شد. از تاخیر پیش آمده,متاسفیم. پیک در حال حرکت به سمت شماست. سفارش شما تا [RANDOM_NUMBER] دقیقه دیگر تحویل میگردد. پیشاپیش از صبر و شکیبایی شما تا زمان تحویل سفارش سپاسگزاریم پیگیری سفارش: [LINK_REMOVED] پشتیبانی اسنپ فود","ham"
"[RANDOM_NUMBER] گیگابایت اینترنت داخلی هدیه رایتل به مناسبت ولادت رسول اکرم (ص) فعال سازی فقط امروز از طریق اپلیکیشن رایتل من [LINK_REMOVED]","spam"
"می تونی [RANDOM_NUMBER] بریزی به این حساب? من فردا بریزم به کارت تو? فردا حتما و حتما می ریزم برات.","ham"
"مسیررستگاری؛ جامع ترین اپلیکیشن اربعین: ترافیک راه ها, ثبت مکان پارک خودرو, زائریاب, موکب ها و ... دانلود از: [LINK_REMOVED]","spam"
"همراه اول, تلاونگ, سن ایچ, گلدیران, دیجی کالا, بانک گردشگری و ایران خودرو بخشی از [RANDOM_NUMBER] سازمان متقاضی استخدام از طریق پنجمین آزمون استخدام بخش خصوصی مشاهده جزئیات و ثبت نام تا فردا در [LINK_REMOVED]","spam"
"اصن وصل نمیشه","ham"
"استخدام تهران بابهترین شرایط ویزه اپراتوری تلفن (خانم تا [RANDOM_NUMBER] سال) ارسال [RANDOM_NUMBER]","spam"
"ویزاکارعمان (پرستاری) درآمد[RANDOM_NUMBER]میلیون تومان مشاوره رایگان [MASKED_NUMBER]","spam"
"این یعنی چه ترجمه کن لطفا","ham"
"مشتری محترم به اطلاع می رساند سقف مبلغ واریزی از طریق درگاههای بانکی(پرداخت الکترونیک) در سامانه های برخط به میزان [RANDOM_NUMBER]میلیون تومان از طریق هر کارت بانکی افزایش یافته است. شرکت کارگزاری دنیای نوین جایی که اعتماد شما گم نمیشود","ham"
"ببین کی اینجاس","ham"
"استخدام بازاریاب تپسی حقوق,بیمه,پاداش ثبت نام: [LINK_REMOVED]","spam"
"فروشگاههای تکتاز و راچی روچی با توجه به دستورالعمل ستاد کرونا از روز شنبه [RANDOM_NUMBER] اردیبهشت تا اطلاع ثانوی به شرح زیر فعال خواهند بود: روزهای زوج :تکتاز نارون - راچی روچی قدوسی و چنچنه روزهای فرد: تکتاز قران و راچی روچی سمیه ساعت کار فروشگاهها صبح [TIME] تا [RANDOM_NUMBER] و عصر از [RANDOM_NUMBER] تا [RANDOM_NUMBER] تلفن مشترکین [MASKED_NUMBER] [ENGLISH] [RANDOM_NUMBER]","spam"
"نرفتم میرم","ham"
"باشه پیام اول فکر کردم صدای ببی درآوردی","ham"
"پرداخت وام قرض الحسنه با کارمزد صفر تا[RANDOM_NUMBER]% بانک مهر ایران تلفن:[RANDOM_NUMBER]","spam"
"جواب نمی دن, جواب داد بهت اطلاع می دهم. ولی سیستم خرید برای آشنا اینه که بهش می گیم انقدر دلار/یورو برامون جور کن بعد به قیمت روز ازش می گیریم. قیمت هم معمولا مثل سایت هست ولی شیراز در حد یه [RANDOM_NUMBER]تا تک تومن از تهران گرونتر بود, حالا جواب بده با سایت بن بست چک می کنم","ham"
"تنظیمات اینترنت گوشی شما ارسال شد. لطفا آن را ذخیره ودرصورت نیاز به رمز, کد [RANDOM_NUMBER] راوارد کنید. خرید بسته اینترنت با: [USSD_REMOVED] [ENGLISH] [ENGLISH] [ENGLISH] [ENGLISH] [ENGLISH] [ENGLISH] [ENGLISH] [ENGLISH]. [ENGLISH] [ENGLISH] [ENGLISH] & [ENGLISH] [ENGLISH] [ENGLISH] [ENGLISH] [ENGLISH] [ENGLISH] [ENGLISH] [ENGLISH] [RANDOM_NUMBER]. [ENGLISH] [ENGLISH] [ENGLISH] [ENGLISH] [ENGLISH], [ENGLISH] [USSD_REMOVED]","ham"
"[RANDOM_NUMBER]% [ENGLISH] دوره آنلاین کرونا پشتیبانی + فیلم مدرک معتیر [RANDOM_NUMBER] [RANDOM_NUMBER]","spam"
"[RANDOM_NUMBER] هزار تومان تخفیف اسنپ اکسپرس! برای [RANDOM_NUMBER] سفارش, هر سفارش [RANDOM_NUMBER] هزار تومان کد تخفیف: [ENGLISH][ENGLISH][ENGLISH] اعتبار تا [RANDOM_NUMBER] آذر [LINK_REMOVED]","spam"
"حضور شما در تجمع غیرقانونی روز جاری.باعث اخلال در نظم عمومی و سوء اسفاده ضدانقلاب شده است.تکرار حضور دراینگونه تجمعات پیگرد قانونی به همراه خواهد داشت. دادستانی استان البرز","ham"
"مرسی ممنون اگه کاری داشتین در خدمتتیم","ham"
"ولی به حالا در راه شیراز نباشی:)))))","ham"
"دسترسی آنلاین به آپتودیت و کتب پزشکی بدون نیاز به نصب [LINK_REMOVED]","spam"
"پس من می رم ساحل مدیترانه, مرسی, اه.","ham"
"چرم مشهد افتتاح شعبه جدیداهواز فرداشب [RANDOM_NUMBER]%تخفیف تا[DATE] کیانپارس[RANDOM_NUMBER]غربی","spam"
"[RANDOM_NUMBER]% تخفیف کیف و کفش ویژه یلدا تا تاریخ [RANDOM_NUMBER] آذر [LINK_REMOVED] خرید آنلاین [LINK_REMOVED] لغو: [RANDOM_NUMBER]","spam"
"""موکب"" ویژه برنامه اربعین [RANDOM_NUMBER] امشب حوالی ساعت [RANDOM_NUMBER] زنده و مستقیم از کربلای معلی مجری : وحید ایمانی میهمانان : حجت الاسلام والمسلمین حاج ابوالقاسم دولابی (عضو مجلس خبرگان رهبری) حجت الاسلام حسن مرادی (فعال فرهنگی) حاج ابوذر بیوکافی [LINK_REMOVED] روی لینک روبیکا ضربه بزنید","spam"
"""موکب"" ویژه برنامه اربعین [RANDOM_NUMBER] امشب حوالی ساعت [RANDOM_NUMBER] زنده و مستقیم از کربلای معلی وحید ایمانی امشب میزبان حامد عسگری و میثم تربتی خواهد بود. [LINK_REMOVED] روی لینک روبیکا ضربه بزنید","spam"
"لوازم خانگی شما اماده تحویل است [MASKED_NUMBER] تماس فوری کد[RANDOM_NUMBER]","spam"
"سلام. وقت بخیر. لطفا تلگرام رو چک بفرمایید","ham"
"[RANDOM_NUMBER] هزار تومان تخفیف ویژه ی اولین درخواست ارسال بار با سرویس «وانت» اسنپ! «ازخونه به کار و بارت برس!» کد تخفیف: [ENGLISH][RANDOM_NUMBER] اعتبار: تا [RANDOM_NUMBER] مهر از خانه به کارهایتان برسید و ارسال کالا, بسته و بار را به اسنپ بسپارید. کافی است در سوپراپلیکیشن اسنپ, سرویس «وانت» را انتخاب کنید. [LINK_REMOVED]","spam"
"کاربر گرامی, مدارک شما با موفقیت در سیستم ثبت شد. روزهای پر درآمدی را در همراهی با اسنپ برای شما آرزومندیم. اسنپ","ham"
"یه آهنگ انتظار با ذوق و سلیقه خودت! پیشواز هوشمند رو نصب کن و یه پیشواز مخصوص خودت بساز! [LINK_REMOVED]","spam"
"همراه اولیها,خبر ادامه ی سفره های سحری با اجرای فرزاد جمشیدی. هر شب از ساعت [RANDOM_NUMBER] تا یک نیمه شب. با حضور مهمانان فرهنگی و ستاره های هنری تماشا از روبیکا [LINK_REMOVED] تماشا از آیگپ [LINK_REMOVED]","spam"
"مبلغ [RANDOM_NUMBER].[RANDOM_NUMBER]ریال فقط بین خریداران امروز [USSD_REMOVED]","spam"
"دیجی کالا/دیجی استایل [NAME] عزیز سفارش تان را برای ارسال به شما, به اداره پست تحویل دادیم. شما می توانید بسته پستی خود را از طریق نشانی زیر رهگیری کنید. شماره سفارش: [RANDOM_NUMBER] کد رهگیری مرسوله: [RANDOM_NUMBER] لینک: [LINK_REMOVED]","ham"
"بانک سامان زادروزتان خجسته و روزگارتان به سامان باد. #باشماهستیم","ham"
"بازیهای حساس کدتخفیف هدیه[RANDOM_NUMBER]% [RANDOM_NUMBER] ان-فجار ودرگاه فعال [LINK_REMOVED]","spam"
"[RANDOM_NUMBER] % تخفیف تبدیل سیمکارتهای اعتباری به دایمی همراه اول تا پایان مهرماه به همراه [RANDOM_NUMBER] گیگابایت اینترنت هدیه یکماهه و [RANDOM_NUMBER] % کاهش تعرفه تماس امکان تبدیل از طریق فروشگاه آنلاین همراه اول [LINK_REMOVED] اپلیکیشن همراه من [LINK_REMOVED] و دفاتر ارائه دهنده خدمت","spam"
"بسته های یلدایی رایتل ویژه شما [RANDOM_NUMBER] گیگ [RANDOM_NUMBER] ماهه [RANDOM_NUMBER] تومان [RANDOM_NUMBER] دقیقه مکالمه [RANDOM_NUMBER] ماهه [RANDOM_NUMBER] تومان خرید تا پایان امروز با شماره گیری [USSD_REMOVED]","spam"
"پرتوطلایی کاشت مو ابرو ریش ضمانت کتبی پرداخت اقساطی [MASKED_NUMBER]","spam"
"با تو بودن تنها دلخوشی زندگی منه, صبحت بخیر عزیزم","ham"
"تولید کننده کلیه ظروف آرایشی بهداشتی ,دارویی,غذایی,شوینده لطفا روی لینک کلیک کنید. [LINK_REMOVED] [LINK_REMOVED]","spam"
"خدافظ","ham"
"کیان دیجیتالی عزیز، رو درآمد ثابت حساب باز کن! صندوق درآمد ثابت کیان سود روزشمار بالاتر از سپرده بانکی سرمایه گذاری مطمئن و کم ریسک سود یکسال گذشته [RANDOM_NUMBER]% [LINK_REMOVED] [RANDOM_NUMBER]","spam"
"از [NAME] پرسیدی?","ham"
"اگر نیست عیب نداره ببین تا کجا میتونی بیای استپ تا اونجا شاید گرون بشه","ham"
"بیام دنبالت بریم گوشی بخریم?","ham"
"[RANDOM_NUMBER]-[RANDOM_NUMBER] تا مغازه رو رفتم فقط بزرگش رو داشتن, باید یک بار هم سمت زرگری و ستارخان و این ها رو بگردم اونجاها احتمالا گیر بیاد.","ham"
"[RANDOM_NUMBER]% تخفیف به مناسبت دهه ولایت خرید بسته یک روزه([RANDOM_NUMBER] دقیقه مکالمه درون شبکه+ [RANDOM_NUMBER] مگابایت اینترنت) تنها با پرداخت [RANDOM_NUMBER] تومان قابل خرید از [RANDOM_NUMBER] تا [RANDOM_NUMBER] مردادماه با شماره گیری [USSD_REMOVED]","spam"
"سیبچه تحریم نمیشه! با نصب اپلیکیشن های مورد نیازت از سیبچه, خیالت راحته که دیگه از دست شون نمیدی [LINK_REMOVED]","spam"
"جین وست مشتری عزیز, [RANDOM_NUMBER]٪ تخفیف بیشتردرحراج تا [RANDOM_NUMBER]٪ ازامروزوبه بعد منتظر دیدارتان هستیم #کروناراشکست میدهیم [LINK_REMOVED] لغو ارسال [RANDOM_NUMBER]٪","spam"
"با شرکت در جشن نیکوکاری, عید را به خانه نیازمندان ببریم. مشارکت از طریق شماره گیری کد [USSD_REMOVED] و یا مراجعه به سایت [LINK_REMOVED] #شکرانهسلامت کمیته امداد امام خمینی(ره)","spam"
"[NAME] عزیز مهلت پرداخت صورت حساب دوره ی جدید شما تا [RANDOM_NUMBER] ساعت آینده به پایان می رسد, سپاس گزار خواهیم بود اگر با پرداخت به موقع ما را در ارایه خدماتی شایسته تر یاری فرمایید. لینک پرداخت: [LINK_REMOVED] با سپاس/ شاتل","ham"
"وقتی زنگ زدی سر کلاس بودم یکی از بچه ها رد ددد اومدم بیرون دیدم شما بودید زنگیدم ولی....رد دادی","ham"
"[NAME] عزیز؛ جشنواره گوهر باشگاه مشتریان بانک ایران زمین شروع شده. امتیاز شما برای شرکت در این دوره کافیه. از امتیازهات استفاده کن, تا برنده جوایز باشی! کلیک کنید : [LINK_REMOVED]","spam"
"شرایط ویژه فیش حج درشهرشما خریدوفروش [MASKED_NUMBER] [MASKED_NUMBER]","spam"
"بسته اینترنت ویژه ولادت امام علی(ع) و روز پدر بسته اینترنت [RANDOM_NUMBER] گیگابایت سه روزه به قیمت [RANDOM_NUMBER] هزار تومان فعالسازی از [RANDOM_NUMBER] تا [RANDOM_NUMBER] اسفند با شماره گیری کد [USSD_REMOVED]","spam"
"[RANDOM_NUMBER] روز تا برنده شدن پژو [RANDOM_NUMBER] با پرداخت قبض موبایل از [USSD_REMOVED] [RANDOM_NUMBER] برابر امتیاز + [RANDOM_NUMBER]روز مکالمه رایگان یا [RANDOM_NUMBER] گیگ اینترنت هدیه شتاب در پرداخت بگیر! قرعه کشی [RANDOM_NUMBER] خرداد اطلاعات بیشتر: [LINK_REMOVED]","spam"
"[RANDOM_NUMBER] تومان شارژ بیشتر با خرید سوپرشارژ [RANDOM_NUMBER] تومانی جیرینگ [USSD_REMOVED]","spam"
"رسید ‏بلوبانک انتقال کارت به کارت[NAME] سپرده: ‎[RANDOM_NUMBER] [RANDOM_NUMBER]** **** [RANDOM_NUMBER] مبلغ: [RANDOM_NUMBER]٬[RANDOM_NUMBER]٬[RANDOM_NUMBER] ریال تاریخ: [TIME] یکشنبه, [RANDOM_NUMBER] آبان [RANDOM_NUMBER] واریز به: [RANDOM_NUMBER] به نام [NAME] شماره پیگیری: [RANDOM_NUMBER]","ham"
"خیلی ممنون انشاالله تو یه فرصت دیگه میرسیم خدمتتون","ham"
"از مهمترین ارکان توسعه در هر کشوری, مدرسه و ایجاد امکان تحصیل است. با امتیازات باشگاه فیروزه ای خود در ساخت آینده کودکان سرزمین سهیم شوید. مراجعه به بخش نیکوکاری باشگاه فیروزه ای در سامانه همراه من [ENGLISH].[LINK_REMOVED] باشگاه فیروزه ای – باشگاه مشتریان همراه اول","spam"
"گوگل رو بستن اما ایمیل ها هم بسته س?","ham"
"سلام, پرسیدم گفتن جریمه نمی کنن","ham"
"در «ایران همدل» #همبازی کودکان مهربان و نیازمند ایران شویم. باجه های پست سراسر کشور تا پایان مهرماه با افتخار از شما اسباب بازی و کتاب کودکانه تحویل میگیرند و آنها را از طرف شما به بچه های محروم میرسانند. همچنین از [RANDOM_NUMBER] تا [RANDOM_NUMBER] مهرماه میتوانید هدایای خود را علاوه بر باجه های پست, به کامیونهای ویژه ی طرح «همبازی» در سطح کلانشهرها تحویل دهید. نزدیک ترین کامیون پست و مرکز پستی را به خود پیدا کنید: [LINK_REMOVED] ایران همدل؛ بزرگترین کمپین مردمی ایران","spam"
"اینکه نت همراه دارم نه مودم هم بی تاثیر نیست","ham"
"سلام دکتر خسته نباشی, می خواهی بیایم دنبالت?","ham"
"[ENGLISH] روی ایرانسل","ham"
"تنگ براق گرم است, ما گول خوردیم","ham"
"هایپراستار[RANDOM_NUMBER]~[DATE] سیب زمینی کیلویی [RANDOM_NUMBER]ت هراز پنیر فتا [RANDOM_NUMBER]گ [RANDOM_NUMBER]%ت","spam"
"هموطن گرامی, مشارکت شما برای کارآزمایی بالینی واکسن فخرا(کرونا) مورد نیاز است. برای ثبت نام به تارنمای [LINK_REMOVED] مراجعه نمایید.","ham"
"سلام عشقم","ham"
"کارگزاری بانک سامان [DATE] فروش [RANDOM_NUMBER] وسپهر[RANDOM_NUMBER] [RANDOM_NUMBER] مانده: [RANDOM_NUMBER]","ham"
"[ENGLISH]: [RANDOM_NUMBER] کد فعال سازی شما در آنتن","ham"
"سلام میگن تر صد تومن","ham"
"مرسیی","ham"
"مشتریان محترم, کالج سامان برگزار می کند: آموزش کدال و اکسل های بنیادی آموزش سیستم معاملاتی ایچیموکو سرمایه گذاری هوشمند تابلوخوانی در سایت [ENGLISH] معاملات سکه بهار آزادی در بستر آنلاین سهام حسابداری صندوق های سرمایه گذاری آشنایی با معاملات آتی زعفران آشنایی با صندوق های سرمایه گذاری ثبت نام و کسب اطلاعات بیشتر: [LINK_REMOVED] ️ارتباط با ما: [MASKED_NUMBER] داخلی [RANDOM_NUMBER]","spam"
"سلام متخصص سفارش [RANDOM_NUMBER] شما: [NAME]: [MASKED_NUMBER] آچاره: [RANDOM_NUMBER]","ham"
"هایپراستار[RANDOM_NUMBER]~[DATE] سیب زمینی [RANDOM_NUMBER]ک [RANDOM_NUMBER]ت هایپراستار انواع دستمال کاغذی [RANDOM_NUMBER]%ت","spam"
"سلام حال شما ممون بله نمره شما بدلیل اینکه یکی از مجهول های پنج نمره ای تون اشتباه بود کم شده وگرنه در درس تئوری از دانشجویان خوب کلاس بودید امیدوارم در سایر درسها موفق باشید و نمرات بهتری کسب کنید","ham"
"از نوسانات بازار در امان باشید سرمایه گذاری سودآور و بدون ریسک [RANDOM_NUMBER] درصد بازدهی سال [RANDOM_NUMBER] ""صندوق سرمایه گذاری درآمد ثابت امین آشنا ایرانیان"" سرمایه گذاری غیرحضوری: [LINK_REMOVED]","spam"
"نوستراداموس کی بودم من?! دست راستم رو سر خودم!","ham"
"سلام باشه حتما میدمش","ham"
"کد تایید جهت دریافت اطلاعات در سامانه سجام [RANDOM_NUMBER] شرکت سپرده گذاری مرکزی","ham"
"لاستیک بارز, [RANDOM_NUMBER] درصد ارزانتر از قیمت دولتی! با استفاده از کد تخفیف [ENGLISH][RANDOM_NUMBER] به مدت محدود لاستیک بارز را با [RANDOM_NUMBER] درصد تخفیف از سایت اسنپ کارفیکس تهیه کنید. شروع خرید: [LINK_REMOVED]","spam"
"پدرش کجاست? میشه تماس بگیرم?","ham"
"هرگز نمیردآنکه دلش جَلدِ مشهد است مداحی های خود را با پیشواز شخصی به گوش دوستانتان برسانید دریافت اپ پیشواز: [LINK_REMOVED]","spam"
"سر راه ماسک هم بگیر","ham"
"با سلام مشتری گرامی کارگزاری دنیای نوین , عرضه [RANDOM_NUMBER]دستگاه خودرو دیگنیتی در بورس کالا تا تاریخ [DATE] می باشد. لینک ثبت نام غیر حضوری [ENGLISH].[LINK_REMOVED] تماس :[RANDOM_NUMBER] داخلی :[RANDOM_NUMBER]","spam"
"آواهای انتظار ویژه روز پدر: فعالسازی با ارسال کد آوا به[RANDOM_NUMBER] [RANDOM_NUMBER]علی اعلی (هادی ناصری) [RANDOM_NUMBER]پدر(مصطفی راغب) [RANDOM_NUMBER] پدر(علیرضا روزگار) [RANDOM_NUMBER]درّ نجف (محمد حسین پویانفر) [RANDOM_NUMBER]پدر(رضا نیک فرجام) [RANDOM_NUMBER]پدر(مازیار فلاحی) هزینه فعالسازی ماهیانه [RANDOM_NUMBER] تومان می باشد","spam"
"«درساتریدر» [NAME] عزیز, حساب شما در «کارگزاری کیان» با موفقیت افتتاح شد. نام کاربری شما, شماره موبایل شما است. از طریق لینک زیر نسبت به تعریف رمز عبور خود در درساتریدر اقدام نمایید. [LINK_REMOVED] پس از تعریف رمز عبور, جهت دانلود اپلیکیشن و استفاده از سامانه معاملاتی درساتریدر به وبسایت زیر مراجعه کنید. [LINK_REMOVED] شماره پشتیبانی: [MASKED_NUMBER]","ham"
"استور""چارخونه"" در دسترس است. لینک دانلود: [LINK_REMOVED] برنامه های کاربردی و مورد نیاز نظیر مسیریابی, پیام رسان و... را از این طریق دانلود نمایید.","spam"
"کد احراز هویت [RANDOM_NUMBER] میباشد","ham"
"[NAME] عزیز؛ شما هم می توانید برنده کارتهای هدیه مجازی آخر هفته های طلایی مسابقه همادار باشید. فکر نکن, شانستو امتحان کن : [LINK_REMOVED] بانک ایران زمین, بانک دیجیتال","spam"
"هم آوا با اربعین حسینی: فعالسازی با ارسال کد آوا به[RANDOM_NUMBER] [RANDOM_NUMBER]غم فراق(رمضانی) [RANDOM_NUMBER]به تو مدیونم(پویانفر) [RANDOM_NUMBER] سید و مولاحسین (مطیعی) [RANDOM_NUMBER]پناهم حسین ع(سیب سرخی) [RANDOM_NUMBER] اربعین حسینی(ناصری) [RANDOM_NUMBER]قدم قدم پا میزارم(رسولی) هزینه فعالسازی[RANDOM_NUMBER] تومان ماهانه که از طرف شما صرف کمک به هموطنان تحت پوشش سازمان بهزیستی می شود.","spam"
"مشترک گرامی شماره [MASKED_NUMBER] صورت حساب دی [RANDOM_NUMBER] بدهی پیشین: [RANDOM_NUMBER] ریال قابل پرداخت: [RANDOM_NUMBER] ریال ش ق: [RANDOM_NUMBER] ش پ: [RANDOM_NUMBER] آدرس اینترنتی پرداخت و مشاهده جزئیات صورت حساب: [LINK_REMOVED] دریافت و پرداخت از طریق [USSD_REMOVED],[USSD_REMOVED], اپلیکیشن همراه من, آیگپ, تلفن های گویای *[RANDOM_NUMBER] و [RANDOM_NUMBER] و [RANDOM_NUMBER] جهت دریافت راهنمای خدمات صورت حساب [ENGLISH] را به [RANDOM_NUMBER] ارسال نمایید. مهلت استفاده از هدیه شتاب در پرداخت: [DATE] مهلت پرداخت: [DATE] همراه اول","ham"
"سال نو, همراه نو با نصب رایگان آخرین نسخه اپلیکیشن همراه من تا [RANDOM_NUMBER] اردیبهشت, در قرعه کشی [RANDOM_NUMBER] کمک هزینه [RANDOM_NUMBER] میلیون ریالی خرید گوشی شرکت نمایید. [LINK_REMOVED]","spam"
"اقامتگاه و پرواز را با کدتخفیف اتاقک و فلایتیو رزرو کنید [LINK_REMOVED]","spam"
"کاربر گرامی, امکان خرید اقساطی از دیجی کالا برای شما فراهم شد. ثبت نام: [LINK_REMOVED] دیجی پی پرداخت, باهوش","spam"
"مشتری گرامی بانک تجارت : برای ورود به اپلیکیشن همراه بانک تجارت تنها رمز ورود از شما دریافت می شود و در صورت درخواست رمز دیگری از شما, اپلیکیشن نامعتبر بوده و از ارائه رمز همراه بانک خودداری کنید.","ham"
"روژایی عزیز تنها [RANDOM_NUMBER] روز دیگر باقیست تا [RANDOM_NUMBER]% تخفیف برای مادران و زنان سرزمین مان خرید از شعب: [LINK_REMOVED] لغو پیامک:[RANDOM_NUMBER]","spam"
"[RANDOM_NUMBER] هزار تومان تخفیف خرید بلیت هواپیما + تا [RANDOM_NUMBER]% تخفیف بیشتر کد تخفیف (ویژه ی پرواز داخلی): [ENGLISH][ENGLISH][ENGLISH][ENGLISH] اعتبار: یک هفته فقط سفر ضروری قبل از تکمیل ظرفیت پروازها, بلیتتان را با بهترین قیمت بخرید. کافی است در سوپراپلیکیشن اسنپ, سرویس «پرواز» را انتخاب کنید. [LINK_REMOVED]","spam"
"[RANDOM_NUMBER]%تخفیف همه کالاها نساجی بروجرد تا[RANDOM_NUMBER]اردیبهشت معالی آباد-روبروی دوستان","spam"
"سپاس از خرید شما به باشگاه مشتریان[ENGLISH] [ENGLISH] بپیوندید اینستاگرام: [LINK_REMOVED] مرکز تعمیرات پیشرفته اپل","spam"
"فروش ملزومات محافظتی کرونا در [LINK_REMOVED]","spam"
"هستی یا رفتی زیارت دهبید خانواده","ham"
"بانک سامان مشتری گرامی برای استفاده از خدمات جدید اپلیکیشن موبایلت هم اکنون آن را به روز کنید. به روزرسانی: [LINK_REMOVED]","spam"
"همین هفته برنده آیفون [RANDOM_NUMBER] شوید. با نصب و استفاده از اپلیکیشن اوانو از طریق لینک زیر [LINK_REMOVED] نصب اپلیکیشن: [RANDOM_NUMBER] امتیاز انجام هر تراکنش: [RANDOM_NUMBER] امتیاز تاریخ قرعه کشی: [RANDOM_NUMBER] شهریور","spam"
"مرگ بر سربازی","ham"
"واقعا پشیمان هستم که شما را به عنوان دانشجو انتخاب کردم.","ham"
"چیز میز که توش زیاده. باید تست بزنی ببینی کدومش برات جواب میده. [ENGLISH], [ENGLISH] افزونه فایرفاکس [ENGLISH] نرم افزار [ENGLISH]","ham"
"بانک سامان خرید همراه کسب و کار هوشمند مبلغ [RANDOM_NUMBER] ریال رمز [RANDOM_NUMBER] زمان اعتبار رمز [TIME]","ham"
"اقوی [NAME] کی وقت داری با [NAME] بریم بیرون","ham"
"خانم [NAME] تسهیلات شما به ارزش [RANDOM_NUMBER] تومان فعال شد. لطفا جهت خرید اقدام فرمایید.","ham"
"[RANDOM_NUMBER] تومان تخفیف و ارسال رایگان ویژه ی اولین سفارش از سوپرمارکت اسنپ! (هایپراستار) «با همون پول بیشتر خرید کن!» تا [RANDOM_NUMBER]% تخفیف تا [RANDOM_NUMBER] دی + تخفیف ویژه ی اولین سفارش کد تخفیف:[ENGLISH][ENGLISH][ENGLISH][RANDOM_NUMBER] اعتبار: یک هفته کافی است در سوپراپلیکیشن اسنپ, سرویس «سوپرمارکت» و پس از آن «هایپراستار» را انتخاب کنید. [LINK_REMOVED]","spam"
"نوپ, چیزی پیدا نشد؛ باید بریم اسنپ.","ham"
"لطفا نظر خود را در رابطه با مشاوره تان با ما در میان بگذارید. [LINK_REMOVED]","spam"
"صبح که استاد ساعت کلاس رو بگه خواهیم فهمید","ham"
"می خوام سامسونگ بگیرم","ham"
"عیدانه مبلغ [RANDOM_NUMBER] میلیون برای [RANDOM_NUMBER] نفر امروز آخرین فرصته [USSD_REMOVED]","spam"
"داروخانه آنلاین [داروپلاس] افتتاح شد دو عدد ژل ضدعفونی رایگان, هدیه اولین ورود به سایت از لینک زیر [LINK_REMOVED]","spam"
"آواهای انتظار پرطرفدار روز: فعالسازی با ارسال کد آوا به[RANDOM_NUMBER] [RANDOM_NUMBER]گیسو(علیرضا پوراستاد) [RANDOM_NUMBER]عشق و گناه(رضا بهرام) [RANDOM_NUMBER]شاه بیت(آرش و مسیح) [RANDOM_NUMBER]هوای عشق(مصطفی راغب) [RANDOM_NUMBER]دلبر(حمید هیراد) [RANDOM_NUMBER]بگوچند(ناصر زینعلی) هزینه ماهیانه [RANDOM_NUMBER] تومان","spam"
"اینجا هم اینترنت هست","ham"
"آقای فرش تخفیف شیرین تابستانی ویژه فرهنگیان اقساط بلندمدت بدون سود بدون پیش,کسرازحقوق ارسال رایگان جنب مصلی بزرگ [MASKED_NUMBER]","spam"
"مشترک گرامی آخرین فرصت دریافت و فعال سازی [RANDOM_NUMBER] گیگ اینترنت هدیه خردادماه ویژه استفاده در اپلیکیشن ذره بین دریافت و فعال سازی از طریق لینک زیر: [LINK_REMOVED] تماشای رایگان ""دراکولا"", ""گیسو"", ""سیاوش"", ""پیش گو"" و هزاران فیلم و سریال جذاب و دیدنی در وبگرد ذره بین","spam"
"هایپراستار[RANDOM_NUMBER]~[DATE] برنج هندی [RANDOM_NUMBER]ک[RANDOM_NUMBER]ت (تعداد محدود) نوین زعفران [RANDOM_NUMBER]مثقال[RANDOM_NUMBER]ت لپه [RANDOM_NUMBER]ک[RANDOM_NUMBER]ت عدس [RANDOM_NUMBER]ک[RANDOM_NUMBER]ت هایپراستار انواع دستمال تا[RANDOM_NUMBER]%ت","spam"
"مشترک گرامی شما درخواست فعالسازی سرویس اطلاع رسانی سازمان ثبت اسناد را با تعرفه هر محتوا [RANDOM_NUMBER] تومان داده اید. برای ادامه عدد [RANDOM_NUMBER] را ارسال نمایید.","ham"
"همسایه خوبم,بخند! بمناسبت روز همسایه,شانس حضور در جشنواره [RANDOM_NUMBER]میلیونی افق کوروش تاروز لبخند [RANDOM_NUMBER]مهر [RANDOM_NUMBER]برابر شد! تمام تخفیفات در: [LINK_REMOVED]/[RANDOM_NUMBER]","spam"
"[NAME] سالمی? ازت خبری نیست","ham"
"ابوطالب حسینی گزارشگر فینال یورو [RANDOM_NUMBER] شد! دیدار جذاب ایتالیا – انگلیس تو روبیکا بازی رو ببین و لذت ببر. [LINK_REMOVED]","spam"
"اگر انتن نداد پیام بده","ham"
"جدا؟","ham"
"پی پینگ | جشنواره تابستانی [RANDOM_NUMBER] هزارتومان تخفیف پنل نقره ای «فقط تا پایان امشب» درگاه پرداخت اختصاصی با نام و لوگوی کسب و کار شما تسویه خودکار روزانه (بدون نیاز به ثبت درخواست) ️ کد تخفیف: [ENGLISH][ENGLISH] [LINK_REMOVED] مشاوره رایگان: [MASKED_NUMBER]","spam"
"مشترک گرامی آیا همراه اول را به دیگران توصیه می کنید? لطفا در صورت امکان وارد لینک زیر شده و با توجه به تجارب و شناخت خود از همراه اول, پاسخ سوال را از میان گزینه ها انتخاب نمایید. [LINK_REMOVED] با سپاس از همراهی شما","spam"
"کد تایید پنجره ملی خدمات دولت هوشمند: [RANDOM_NUMBER] این کد مختص شما می باشد. از در اختیار قراردادن محتویات این پیامک به دیگران جدا خودداری نمایید","ham"
"سلام؛ میگم بوشهر پلاژ درست درمان با دوش و امکانات داره?","ham"
"شما [RANDOM_NUMBER] پیام خوانده نشده در اسنپ دکتر دارید. لطفا به اپ و یا وب اپ اسنپ دکتر مراجعه کنید [LINK_REMOVED]","ham"
"فروش شماره ها ی خاص دائمی و اعتباری همراه اول [RANDOM_NUMBER]% تخفیف, ویژه سیمکارت های دائمی خرید از طریق فروشگاه آنلاین همراه اول(ارسال رایگان) سیمکارت اعتباری: [LINK_REMOVED] سیمکارت دائمی: [LINK_REMOVED] و یا مراجعه حضوری به مراکز فروش و خدمات همراه اول","spam"
"شروع[RANDOM_NUMBER]امین دوره مدیریت کلینیک از[RANDOM_NUMBER]مرداد مدرس:دکترسلیم خلیلی ارسال عدد[RANDOM_NUMBER]","spam"
"نه ندارم باشه دارم میام","ham"
"بانک سامان مشتری گرامی تمدید خودکار آبونمان خدمت پیامک های بانکی شما به عالیت عدم امکان برداشت کارمزد ناموفق بود. این سرویس از [DATE]-[TIME] موقتا غیرفعال شده است. برای فعال سازی مجدد. به یکی از شعب ما بیایید.","ham"
"همراه اول, فولاد هیربد , بیمه سامان, گروه غذایی میهن, فروشگاه های رفاه و شاتل در جمع [RANDOM_NUMBER] شرکت متقاضی جذب نیروی انسانی از طریق آزمون استخدام بخش خصوصی ثبت نام تا [RANDOM_NUMBER] مرداد از طریق: [LINK_REMOVED]","spam"
"تورکیش هتل[RANDOM_NUMBER]*ترنج داریوش با اقساط بلند مدت ([RANDOM_NUMBER]الی[RANDOM_NUMBER])عظیم پرواز","spam"
"هایپراستار [RANDOM_NUMBER]الی [RANDOM_NUMBER]دی سس بیژن کچاپ [RANDOM_NUMBER]گرم [RANDOM_NUMBER]تومان مرغ کامل تازه کیلویی [RANDOM_NUMBER]تومان لغو [RANDOM_NUMBER]","spam"
"تخفیف عیدانه بسته آیلتس صفرتا صد ضمانت کتبی عودت وجه شرح [RANDOM_NUMBER] به [RANDOM_NUMBER]","spam"
"شناسه احراز هویت: [RANDOM_NUMBER] مدیریت متمرکز کاربران","ham"
"[RANDOM_NUMBER] گیگابایت اینترنت برای یک خوش آمدگویی طولانی! هدیه خرید سیم کارت اعتباری همراه اول با شماره مناسب. ( [RANDOM_NUMBER] ماه, هر ماه [RANDOM_NUMBER] گیگابایت اینترنت) خرید و فعالسازی با مراجعه به کلیه مراکز فروش و خدمات همراه اول و فروشگاه آنلاین به نشانی: [ENGLISH].[LINK_REMOVED]","spam"
"خط تلفن ثابت قطع شده است.","ham"
"به خ [NAME] گفتم اقلیدی امروز گفت فردا بیان اونجا پینگ پنگ","ham"
"سلام صبح بخیر دیرتر زنگ زدم ساعت شش ربع کم هست","ham"
"سلام بابا. نرو سر کار. برو واتس اپ خبرهارو بخون","ham"
"اگه بخوای میتونیم یه روز بیای دانشکده ما باهاش جلسه بزاریم","ham"
"آمدت نوروز و آمد جشن نوروزی فراز کامکارا کارِ گیتی تازه از سرگیر باز بازنشسته ارجمند؛ آغاز بهار و فرارسیدن نوروز را شادباش می گویم و سالی سرشار از شادکامی و کامیابی برای شما و خانواده گرامی تان آرزومندم. باشد که در این روزهای فرخنده, با تداوم رعایت پروتکل های بهداشتی, شادی و تندرستی را به یکدیگر هدیه دهیم. اکبر افتخاری مدیرعامل صندوق بازنشستگی کشوری","spam"
"بسته های ویژه خودتون رو با تخفیف های هیجان انگیز بخرید! خرید با شماره گیری [USSD_REMOVED]","spam"
"سلام صبح بخیر, بیا بیا","ham"
"کاربر گرامی دیجی کالا؛ با ثبت نام در خرید اقساطی دیجی پی, بدون ضامن و بدون مراجعه حضوری, تا [RANDOM_NUMBER] میلیون تومان از دیجی کالا, اقساطی خرید کنید. بزن بریم: [LINK_REMOVED] لغو پیامک: [RANDOM_NUMBER]","spam"
"آیا می دانستید می توانید خود را در برابر کرونا بیمه کنید? هم اکنون, تنها در اپلیکیشن شاپ [LINK_REMOVED]","spam"
"کد تأیید نور: [RANDOM_NUMBER] قرآن همراه نور دریافت رایگان: [LINK_REMOVED]","ham"
"مشترک گرامی! به پیامک هایی با مضامینی همچون برنده شدن در مسابقات و قرعه کشی ها, فروش اجناس عتیقه, امور خیریه و غیره, که اطلاعات کارت بانکی شما را درخواست می کنند, اعتماد نکرده و در این مورد از طریق تماس با مرکز خدمات مشترکین رایتل از معتبر بودن پیامک مطمئن شوید. ""معاونت پیشگیری از وقوع جرم قوه قضائیه""","ham"
"از جایزه باران [USSD_REMOVED]خبر داری? فردا [RANDOM_NUMBER]ربع سکه [RANDOM_NUMBER]ام پلی استیشن[RANDOM_NUMBER] [RANDOM_NUMBER]اذر پژو[RANDOM_NUMBER] برای افزایش امتیازت,فقط کافیه امروزاز[USSD_REMOVED] یک شارژ یابسته بخری تا [RANDOM_NUMBER]امتیاز هدیه بگیری و جایزتو خودت انتخاب کنی یکبار,ویژه خط شما","spam"
"همچنین سر راه بیاید خونه برای استراحت خوشحال می شوم","ham"
"ویزای توریستی کانادا با دعوتنامه پذیرش تحصیلی درکلیه مقاطع [MASKED_NUMBER]","spam"
"با چی وصل می شی? اینجا باز [ENGLISH] رو زدن","ham"
"مشترک گرامی [NAME] شماره موبایل شما در شرکت گازاستان تهران برای شماره اشتراک [RANDOM_NUMBER] ثبت گردیده است.درصورت عدم تایید» عبارت: *شماره اشتراک را به [RANDOM_NUMBER] ارسال فرمایید. مثال: *[RANDOM_NUMBER] عدم ارسال پاسخ, به منزله تایید این اطلاعات می باشد.","ham"
"صب کن حالا","ham"
"باهر رتبه ای دانشجوئید جهاددانشگاهی معافیت تحصیلی [MASKED_NUMBER] [RANDOM_NUMBER]","spam"
"پسوند فایلها [ENGLISH]","ham"
"مشترک گرامی در تاریخ [DATE] [TIME] یک عدد سیم کارت به شماره [MASKED_NUMBER] با کد ملی شما در اپراتور همراه اول ثبت گردیده است. در صورت وجود مغایرت به اپراتور مذکور مراجعه فرمایید.","ham"
"عطاویچ باخیال راحت غذا استریل با [RANDOM_NUMBER]%تخفیف بخر کدتخفیف:[ENGLISH][RANDOM_NUMBER] [LINK_REMOVED]","spam"
"تفلیس[RANDOM_NUMBER] آنتالیا[RANDOM_NUMBER] استانبول[RANDOM_NUMBER] تایلند[RANDOM_NUMBER] مالزی[RANDOM_NUMBER] آویس [MASKED_NUMBER]","spam"
"سلام [NAME] خوبی بیداری برات وسایلتو بیارم می خوام برم [NAME]","ham"
"تشییع پیکرهای مطهر [RANDOM_NUMBER] شهید گمنام دفاع مقدس پنجشنبه [RANDOM_NUMBER] تیر ماه [RANDOM_NUMBER] ساعت [RANDOM_NUMBER] صبح از مقابل دانشگاه تهران","ham"
"کاربر گرامی صورتحساب شماره [RANDOM_NUMBER] به مبلغ [RANDOM_NUMBER]ریال پرداخت شد. [LINK_REMOVED]","ham"
"سلام. شما قصد دفاع ندارید?","ham"
"بانک سامان در قرعه کشی جشنواره نوروزی موبایلت با [RANDOM_NUMBER] میلیون تومان جایزه شرکت کنید. به روزرسانی: [LINK_REMOVED] اطلاعات بیشتر: سایت بانک سامان","spam"
"%[RANDOM_NUMBER] تخفیف تمام کتاب های فیدیبو تا پایان امروز [LINK_REMOVED] لغو[RANDOM_NUMBER]","spam"
"با توجه به هشدارهای هواشناسی از تردد غیر ضروری پرهیز نمایید اداره کل مدیریت بحران استان فارس","ham"
"سرمایه گذاری در پرسودترین صندوق بدون ریسک رتبه [RANDOM_NUMBER] بازدهی در شهریور نماد [ENGLISH] ""کامیاب"" از طریق سامانه آنلاین کارگزاریها [LINK_REMOVED]","spam"
"بریم یه کوهی دشتی دمنی چیزی من مطمعن شم هنوز بلدم راه برم:))","ham"
"[NAME]عزیز تعیین سطح شما در تاریخ سه شنبه [RANDOM_NUMBER] تیر [RANDOM_NUMBER] راس ساعت [TIME] انجام خواهد شد. جهت یاد آوری شاداب باشی موسسه گاما لغو پیامک: [RANDOM_NUMBER]","ham"
"دانا پلاس؛دسترسی مطمئن وآسان به کلاس آنلاین و سیستم مدیریت آموزشی([ENGLISH]) یک ماه رایگان ویژه مدارس! [LINK_REMOVED]","spam"
"چیکارش کنم?","ham"
"یادآوری دکترتو: شما از دکتر مهرداد شمشیری در روز دوشنبه [DATE] ساعت[TIME] نوبت دارید. پشتیبانی وب سایت: [MASKED_NUMBER]","ham"
"پخش ایران-انگلیس [RANDOM_NUMBER]میلیاردریال جایزه ساعت[RANDOM_NUMBER] [LINK_REMOVED]","spam"
"بازنشسته گرامی, پیرو اطلاع رسانی درباره بیمه تکمیلی عمر و حوادث, با توجه به تغییر فرآیند ثبت نام در این طرح, بازنشستگانی که تمایل به بهره مندی از این خدمات ویژه را دارند, می بایست به آدرس [LINK_REMOVED] مراجعه و نسبت به ثبت نام اقدام نمایند. تلفن راهنمایی : [MASKED_NUMBER]","spam"
"هموطن گرامی؛ ثبت اعتراض به عدم دریافت بسته حمایت معیشتی نیازمند اجازه دسترسی دولت به اطلاعات مالی و بانکی شما است. جهت ارائه اجازه دسترسی, [RANDOM_NUMBER] ساعت پس از دریافت این پیامک, سرپرست خانوار پارانه بگیر با کد رهگیری [RANDOM_NUMBER] به سامانه [LINK_REMOVED] مراجعه نماید.","ham"
"خرید بلیط اتوبوست رو از مِستر بلیط نهایی کن! [LINK_REMOVED]","spam"
"[RANDOM_NUMBER] گیگ [RANDOM_NUMBER] ماهه [RANDOM_NUMBER] تومان بسته تخفیفی رایتل ویژه شما خرید با شماره گیری [USSD_REMOVED] و اپلیکیشن رایتل من [ENGLISH].[LINK_REMOVED]","spam"
"مشتری گرامی؛ واگذاری کارت بانکی یا امکان دسترسی اطلاعات حساب شما به دیگران, اتهاماتی همچون پولشویی و معاونت در انواع جرایم را در پی دارد از انجام آن خودداری نمایید. بانک ایران زمین؛ بانک دیجیتال","ham"
"یه پیشواز به سلیقه خودت بساز! آهنگ مورد علاقت رو انتخاب کن, قطعه دلخواهت رو برش بزن! [RANDOM_NUMBER]ساعت اشتراک رایگان! [LINK_REMOVED]","spam"
"[RANDOM_NUMBER] روز تا قرعه کشی بزرگ پژو[RANDOM_NUMBER] [RANDOM_NUMBER] شانس با خرید یک شارژ یا بسته از [USSD_REMOVED] ویژه خط شما،یکبار،تا ساعت [RANDOM_NUMBER]","spam"
"داوطلب محترم کارشناسی ارشد دانشگاه آزادگرگان که موفق به ثبت نام نشده ایدمیتوانیدبدون احتساب شهریه دیرکردوبدون محاسبه سنوات جهت ثبت نام در ترم بهمن [RANDOM_NUMBER] به امور ثبت نام دانشگاه مراجعه نمایید [MASKED_NUMBER]","ham"
"چاپ/تکثیر برای مدارس/دبیران/هر برگ کپی [RANDOM_NUMBER]تومان/پیک رایگا [MASKED_NUMBER]","spam"
"ببخشید یه مشکلی پیش اومد تو راهم شرمنده","ham"
"مراقب باش جریمه نشی.پرداخت عوارض آزادراهی در ایزی پی [LINK_REMOVED]","spam"
"روز و شبتان خوش ... با پیام پیشوازهای جذاب به پیشواز دوستانتان بروید. عضویت با ارسال [ENGLISH][RANDOM_NUMBER] به [RANDOM_NUMBER] ماهانه: [RANDOM_NUMBER] تومان عضویت آسان و اطلاع از سایر بسته ها با شماره گیری *[RANDOM_NUMBER] #","spam"
"[ENGLISH]: [RANDOM_NUMBER] کد تأیید ایرانتیک [LINK_REMOVED]","ham"
"[NAME] عزیز متاسفانه به دلیل پرداخت نشدن صورت حساب, سرویس اینترنت پرسرعت خط شماره [RANDOM_NUMBER] قطع است. از این که با پرداخت صورت حساب, فرصت دوباره ارایه خدمات را در اختیار شاتل قرار می دهید, سپاس گزاریم. لینک پرداخت: [LINK_REMOVED] با سپاس/ شاتل","ham"
"آخرین فرصت برای یه خرید پر تخفیف رو از دست نده! ️ فقط چند ساعت وقت داری از پرفروش ترین های بلک فرایدی دیجی کالا با کد تخفیف ارسال رایگان خرید کنی. کد: [ENGLISH][RANDOM_NUMBER] فقط تا آخر امشب: [LINK_REMOVED] لغو: [RANDOM_NUMBER]","spam"
"سلام ما داریم میریم پارک ملت بیا","ham"
"زحمت شد","ham"
"عالیه؛ جمع شیم دور هم گریه کنیم","ham"
"مبلغ آخرین خریدتان از دیجی کالا, به حسابتان برمیگردد شرط ورود به قرعه کشی داشتن اپلیکیشن دیجی پی [LINK_REMOVED]","spam"
"[NAME] هروقت نزدیک بودی بگو تا بیام پایین","ham"
"[ENGLISH] تخفیف پاییزی [RANDOM_NUMBER]%تخفیف بروی تمامی کالاها چهارراه معدل[RANDOM_NUMBER]","spam"
"درخواست شما بابت صدور کارت نقدی با شماره کارت قبلی در تاریخ [DATE] [TIME] در شعبه خیابان مکتبی شیراز ([RANDOM_NUMBER]) با موفقیت انجام شد. برای فعال سازی کارت در اولین فرصت از طریق [ENGLISH] تغییر رمز اول را انجام دهید. شماره کارت : [RANDOM_NUMBER] شماره حساب : [RANDOM_NUMBER] شماره پیگیری : [RANDOM_NUMBER] بانک ملی ایران","ham"
"نه اون مال توعه اگه یکی دیگه پیدا کردی بهش بده","ham"
"نه حتی نمیتونم به فارسی سرچ کنم چیزی همراه اولم","ham"
"بله دنبال کاتالوگ بودم گوگل کار نمیکنه , [ENGLISH] دسترسی ندارم سرکار , چندتایی از بازار دانلکد کردم کار نمیکنه","ham"
"سلام؛ به شرط آنکه گرم باشد","ham"
"ساعت هشت زنگ بزن تا هماهگ کنیم","ham"
"از کربلای معلی به استقبال ماه مبارک رمضان می رویم. ویژه برنامه ی «مُهَنّا» * دوشنبه و سه شنبه ([RANDOM_NUMBER] و [RANDOM_NUMBER] فروردین) * ساعت [RANDOM_NUMBER], از روبیکا * همراه با اجرای مژده لواسانی * گفتگوهای دلنشین با حجت الاسلام سرلک * شعرخوانی حامد عسکری * و مداحی و مناجات خوانی حمید علیمی تماشا از روبیکا [LINK_REMOVED]","spam"
"عصر [RANDOM_NUMBER] تا میارم هفت تن","ham"
"[NAME] عزیز هنوز ثبت نام نکردی?! فقط تا پایان جمعه فرصت دارید تا با ثبت نام در بازی مرکب اسنپ فود, شانستان را برای بردن جایزه میلیونی این بازی امتحان کنید. ثبت نام در بازی: [LINK_REMOVED]","spam"
"بازگشت به جوانی در [RANDOM_NUMBER] روز! رفع تمام چروک های صورت روش گیاهی ارسال [RANDOM_NUMBER]","spam"
"فروش ویلا در شمال مازندران [RANDOM_NUMBER]متر زمین [RANDOM_NUMBER]متر بنا [MASKED_NUMBER] خانم مهدی پور","spam"
"واریز مبلغ [RANDOM_NUMBER].[RANDOM_NUMBER] اگر برنده شی ویژه خریداران امروز [USSD_REMOVED]","spam"
"امام حسین(ع): بخشنده ترین آدم ها کسانی هستند که به افراد ناامید جامعه کمک کنند. بااهدای مبالغ نذری خود در ماه محرم امیدِ ناامیدان را با مهربانی خود زنده کنیم. مشارکت در پویش «ایران همدل» از طریق شماره گیری [USSD_REMOVED] و یا واریز به شماره کارت [RANDOM_NUMBER] [MASKED_NUMBER] -[RANDOM_NUMBER] [MASKED_NUMBER] ایران همدل, بزرگترین پویش مردمی ایران است که کمک های شما را از طریق بهزیستی و کمیته امداد به دست نیازمندان می رساند.","spam"
"سرمایه گذار محترم , کلمه عبور شما در تاریخ [DATE] در ساعت [TIME] اشتباه وارد شده است صندوق سهم آشنا","ham"
"هم شارژ بیشتر, هم شانس بیشتر! با خرید شارژ از اپلیکیشن همراه من, [RANDOM_NUMBER]% بیشتر شارژ شوید و در قرعه کشی پژو [RANDOM_NUMBER] و [RANDOM_NUMBER] جایزه نقدی [RANDOM_NUMBER] میلیون ریالی شرکت کنید. دانلود رایگان اپلیکیشن همراه من [LINK_REMOVED]","spam"
"[RANDOM_NUMBER]درصد تخفیف اشتراک نمادمن فقط تا [RANDOM_NUMBER]روز دیگر [LINK_REMOVED]","spam"
"کی میای انشا ءالله","ham"
"میخوای[RANDOM_NUMBER]میلیون برنده بشی? چهارشنبه و پنجشنبه[RANDOM_NUMBER]و[RANDOM_NUMBER]تیر حتما یه سر به افق کوروش بزن تخفیفات ویژه با زمان محدود تمام تخفیفات در: [LINK_REMOVED]/[RANDOM_NUMBER]","spam"
"حالا فکر کنم بینم چی باشه که همه دوست داشته باشند بعد اطلاع میدم","ham"
"سلام؛ من نشستم اتوبوس بیاد, نیومده هنوز, تاخیر خواهم داشت","ham"
"از تخصیص بخش ویژه کودکان تا ارائه مجموعه آثار [RANDOM_NUMBER] جلدی امام خمینی(ره) [LINK_REMOVED]","spam"
"آهان پس وقتی رفتم خونه","ham"
"انی وی, اگر تونستی در بر نامه هات راسته ی حافظیه رو بگنجون من در اکثر ساعات می تونم خودم رو برسونم","ham"
"منتظرتیم","ham"
"انتشار اوراق گواهی سپرده با نرخ سود[RANDOM_NUMBER]درصد در تمامی شعب بانک مسکن فارس","spam"
"/بلیط هواپیماداخلی خارجی(همه ایرلاینها) قطر,ترکیش [LINK_REMOVED] [MASKED_NUMBER]","spam"
"کاربر گرامی اپلیکیشن همراه من برای شرکت در قرعه کشی [RANDOM_NUMBER] میلیون تومانی هر هفته ضروریست از طریق لینک زیر اپلیکیشن اوانو را نیز نصب نموده و با همین شماره در آن ثبت نام نمایید. [LINK_REMOVED] به امید اینکه شما یکی از برندگان این هفته باشید.","spam"
"[RANDOM_NUMBER] هزار تومان تخفیف خرید اول از هایپراستار در آپ + ارسال رایگان بدون شرط حداقل خرید کد: [ENGLISH][ENGLISH][ENGLISH] تا [RANDOM_NUMBER] بهمن [LINK_REMOVED]","spam"
"*کارگزاری آگاه* [NAME] گرامی امکان انجام معامله در حساب کاربری سامانه ی معاملات آنلاین شما با نام کاربری [RANDOM_NUMBER] و رمزی که پیش از این انتخاب نموده اید, ایجاد گردید. [ENGLISH].[LINK_REMOVED]","ham"
"جهت دریافت امتیاز کالای خود سریعا تماس بگیرید کد: [RANDOM_NUMBER] [MASKED_NUMBER]","spam"
"<#> رمز:[RANDOM_NUMBER] آیگپ؛ در ارتباط بمانید [ENGLISH][ENGLISH][ENGLISH]","ham"
"اطلاعات خرید شما سرویس برنزی پرحجم [RANDOM_NUMBER]مگ- [RANDOM_NUMBER]ماهه(مجموع آستانه مصرف [RANDOM_NUMBER] گیگ داخلی معادل [RANDOM_NUMBER] گیگ بین الملل) شناسه فاکتور [RANDOM_NUMBER] جهت پرداخت سریع از پنل [LINK_REMOVED] و یا شماره گیری [USSD_REMOVED] دانلود اپلیکیشن آسیاتک [LINK_REMOVED]","ham"
"بهترین فرصت که دیگه بیای خونه.","ham"
"همه دعوتیم به کنسرت آنلاین «رایگان» [RANDOM_NUMBER] و [RANDOM_NUMBER] بهمن, ساعت [RANDOM_NUMBER] سالار عقیلی و فرزاد فرزین تماشا از: روبیکا [LINK_REMOVED] آیگپ [LINK_REMOVED]","spam"
"تحصیل دردانشگاه«ویژه شاغلین» قبولی قطعی* کاردانی تاأرشد* ارسال عدد [RANDOM_NUMBER]","spam"
"زنگ زدم بگم [ENGLISH] [ENGLISH] [ENGLISH] [ENGLISH] روااال نگران نباشید.","ham"
"بانک سامان مشتری گرامی هر لینکی به جز نشانی رسمی نت بانک سامان، جعلی است و واردکردن اطلاعات در آن ها قطعاً موجب کلاهبرداری خواهد شد. در صورت ورود به لینک های جعلی و غیرقانونی و ضرر و زیان مالی، تمامی مسئولیت ها بر عهده کاربر خواهد بود. نشانی رسمی: [LINK_REMOVED]","ham"
"پیشواز خود را با جدیدترین مداحی های ویژه اربعین [RANDOM_NUMBER] به روز کنید. ارسال و ساخت پیشواز شخصی با اپ پیشواز ایرانسل [LINK_REMOVED]","spam"
"همراه من, همراه اول زندگی دیجیتال مشترک گرامی با به روزرسانی و نصب نسخه جدید اپلیکیشن همراه من کلیه خدمات همراه اول را در تلفن همراه خود دریافت نمایید. [LINK_REMOVED]","spam"
"سلام [NAME] عزیز سفارش [RANDOM_NUMBER]تحویل پیک داده شد. [LINK_REMOVED] لغو ارسال پیامک: [ENGLISH]-[RANDOM_NUMBER]","ham"
"با هدف تعمیم و توسعه تیراندازی در وزارت علوم انجام شد امضای تفاهم نامه همکاری فدراسیون تیراندازی با وزارت علوم روابط عمومی فدراسیون تیراندازی ج.ا.[RANDOM_NUMBER] [LINK_REMOVED]","spam"
"و قویا و عمیقا اگر گفتم یا دروغ گویی یا احمق بهش اعتقاد داشتم, دیگه انتخاب کلمه ی بهتری نمیشه انجام داد","ham"
"سلام [NAME] گفته [RANDOM_NUMBER] قیمت شده ولی من [RANDOM_NUMBER] تومن میخرم","ham"
"گاج منتشر کرد: بانک تست زیست[RANDOM_NUMBER] میکرو کنکور [RANDOM_NUMBER] [LINK_REMOVED]","spam"
"توبیا تو پارک","ham"
"با خرید شارژ, وزنت رو ببر بالا! به عدد وزنت""گرم طلا""برنده شو [USSD_REMOVED]","spam"
"*آفر* کیش[RANDOM_NUMBER]مشهد[RANDOM_NUMBER] استانبول[RANDOM_NUMBER]ارمنستان[RANDOM_NUMBER] آنتالیا[RANDOM_NUMBER] [MASKED_NUMBER]","spam"
"سلام؛ بیدار شو بیدار شو بیا ما داریم می ریم نگین بولینگ, [NAME] هم میاد","ham"
"یک گیگ اینترنت هدیه و دریافت به صرفه ترین بسته های اینترنت همراه کشور با نصب اپلیکیشن رایتل من دانلود از: [LINK_REMOVED]","spam"
"ماه مبارک باافق کوروش فتح المبین [RANDOM_NUMBER]فروردین و[RANDOM_NUMBER]اردیبهشت زعفران نیم گرم دردانه[RANDOM_NUMBER]ت اسپاگتی[RANDOM_NUMBER]رشته[RANDOM_NUMBER]گ زر[RANDOM_NUMBER]ت نوشابه[RANDOM_NUMBER]ل کوکا[RANDOM_NUMBER]ت رشته آش[RANDOM_NUMBER]گ سمیه[RANDOM_NUMBER]ت خریداینترنتی وتحویل درب واحد از: [LINK_REMOVED]/[RANDOM_NUMBER]","spam"
"کاربرعزیز دیجی کالا برای خرید اقساطی به ضامن نیاز ندارید! [LINK_REMOVED]","spam"
"روزهای مهم حجامت [RANDOM_NUMBER]مهر [RANDOM_NUMBER] آبان [RANDOM_NUMBER] آذر موسسه حجامت [MASKED_NUMBER] [MASKED_NUMBER]","spam"
"آخر هفته, اول شانسه! «جوایز هفتگی» به باشگاه مشتریان همراه اول اضافه شد. هر هفته با امتیازات خود شانس برنده شدن یکی از [RANDOM_NUMBER] پکیج جایزه دیجیتال (شامل هدفون, هارد اکسترنال و پاور بانک) را دریافت کنید. مراجعه به بخش جوایز هفتگی باشگاه مشتریان در سامانه همراه من [LINK_REMOVED]","spam"
"*پرشین گیگ* تیکت شما با شماره پیگیری [ENGLISH]-[ENGLISH] با موفقیت ثبت گردید.","ham"
"ممنونم خاله جونم","ham"
"کاربر عزیز, امکان خرید شارژ به مبلغ دلخواه از آپ. شارژ بخرید و در قرعه کشی آپ شرکت کنید. [LINK_REMOVED]","spam"
"به عدد وزنت""گرم طلا""جایزه بگیر با شماره گیری و خریدشارژ از: [USSD_REMOVED]","spam"
"[NAME] عزیز پرسشنامه پیش رو جهت بهبود خدمات اسنپ فود تهیه شده است. خواهشمندیم با صرف زمانی کوتاه از وقت ارزشمند خود تا پایان امروز, به سوالات این پرسشنامه پاسخ دهید. همیشه در تلاشیم خدمات بهتری به شما ارائه کنیم. شروع پاسخگویی: [LINK_REMOVED]","spam"
"کاربر گرامی هفت سین جیرینگی شما تکمیل شد. جایزه شما: آیفون [RANDOM_NUMBER] لطفا متظر تعاس و اعلام زمان دریافت جایزه باشید.","ham"
"کاشت مو,ابرو,ریش زیرنظر پزشک محیط کامل استریل هتل رایگان [MASKED_NUMBER]","spam"
"سلام چطوری? گفت بهت زنگ میزنه","ham"
"آواهای انتظار محرم[RANDOM_NUMBER] فعالسازی:ارسال کدبه[RANDOM_NUMBER] [RANDOM_NUMBER]میباره بارون(بنی فاطمه) [RANDOM_NUMBER]بایدخوند(مهدی رسولی) [RANDOM_NUMBER]ماه عزات رسیده(حدادیان) [RANDOM_NUMBER]حسین جان.آذری(نادر جوادی) [RANDOM_NUMBER]لای لای علی(هادی ناصری) [RANDOM_NUMBER]من نوکرت(مجتبی رمضانی) [RANDOM_NUMBER]مشک بی آب(میثم ابراهیمی) هزینه[RANDOM_NUMBER]تومان ماهانه که از طرف شما در پویش مردمی«ایران همدل»صرف کمک به نیازمندان میشود","spam"
"راه شهیدان ادامه دارد... [RANDOM_NUMBER] اسفند «روز بزرگداشت شهدا» گرامی باد. بنیاد شهید و امور ایثارگران","spam"
"زبان آموز عزیز از اینکه که گاما را انتخاب کردید متشکریم. پشتیبانی آنلاین موسسه,آماده پاسخگویی به سوالات و انجام امور ثبت نام شما از طریق تماس تلفنی یا واتساپ میباشد. آلمانی [RANDOM_NUMBER] [MASKED_NUMBER] آلمانی [RANDOM_NUMBER] [MASKED_NUMBER] آلمانی [RANDOM_NUMBER] [MASKED_NUMBER] آیلتس [RANDOM_NUMBER] [MASKED_NUMBER] آیلتس [RANDOM_NUMBER] [MASKED_NUMBER] آیلتس [RANDOM_NUMBER] [MASKED_NUMBER] کنکور یوس ترکیه [MASKED_NUMBER] ترکی,چینی, روسی و سایر زبانها [MASKED_NUMBER] لغو پیامک: [RANDOM_NUMBER]","spam"
"مردم عزیزز لطفاً ضمن حفظ آرامش و هوشیاری و جای گیری در محل های ایمن، از هرگونه ازدحام و تجمع خودداری نموده و منتظر اطلاعیه های بعدی باشید ستاد بحران استان کرمانشاه","ham"
"ایرانسلی عزیز به دلیل عدم فعالیت.سیم کارت ایرانسل شما به زودی سلب امتیازمی شود. با فعال سازی مجدد سیم کارت خودبا [RANDOM_NUMBER]دقیقه مکالمه صددقیقه مکالمه درهمان روز هدیه بگیرید.درصورت استفاده این پیام را نادیده بگیرید.","ham"
"همراه اولی عزیز اگر تا کنون [RANDOM_NUMBER] گیگ اینترنت هدیه خود را دریافت نکرده اید, با نصب اپلیکیشن ذره بین [RANDOM_NUMBER] گیگ(هر ماه [RANDOM_NUMBER] گیگ) اینترنت هدیه مخصوص استفاده در اپلیکیشن ذره بین بگیرید. پخش زنده ایران - بحرین ساعت [TIME] [LINK_REMOVED]","spam"
"یا ابا عبدالله الحسین مداحی های محرم با اینترنت رایگان در چارخونه برای شما فراهم شده است. دریافت از طریق لینک زیر [LINK_REMOVED] +[RANDOM_NUMBER] گیگ اینترنت هدیه با ثبت نام در چارخونه","spam"
"مشتری گرامی بانک تجارت هشدار؛ مراقب مجرمین و سود جویان باشید و از واگذاری کارت بانکی یا اطلاعات دسترسی به حساب بانکی خود به دیگران جدأ خودداری کنید .","ham"
"کی خوابیده بودی","ham"
"ولی پیامک می اید","ham"
"هموطن گرامی با توجه به عدم برگزاری راهپیمایی اربعین حسینی(ع) و لزوم خدمت هرچه بیشتر به محرومین با نیت خدمت به زائرین امام حسین(ع) و با عنایت به فضیلت اطعام روز اربعین, می توانید نذورات اربعینی خود را به طرح پویش سفر عشق با هر توان مالی اختصاص دهید. جهت اطلاعات بیشتر و مشارکت در پویش سفر عشق به سایت زیر مراجعه فرمایید. [LINK_REMOVED]","spam"
"کد اعتبارسنجی شما:[RANDOM_NUMBER]. آدرس: [LINK_REMOVED]","ham"
"پس کباب نپزم? :(","ham"
"آخرین فرصت حضور در قرعه کشی تنها تا [RANDOM_NUMBER] شهریور فرصت دارید با به روزرسانی اپلیکیشن همراه من به آخرین نسخه, در قرعه کشی [RANDOM_NUMBER] بسته اینترنت [RANDOM_NUMBER] گیگابایتی و [RANDOM_NUMBER] جایزه نقدی [RANDOM_NUMBER] میلیون ریالی شرکت کنید. نصب یا به روزرسانی از طریق لینک زیر: [LINK_REMOVED]","spam"
"نیم ست طلا ویژه خریداران امروز روز مادر مبارک [USSD_REMOVED]","spam"
"فوق فوقش آدم خواب می مونه, ارزشش رو نداره","ham"
"*پرشین گیگ* یک پاسخ جدید برای تیکت شما با شماره پیگیری [ENGLISH]-[ENGLISH][RANDOM_NUMBER] درج گردید.","ham"
"زنگ نمیزنم چون میترسم پشت فرمون باشی. بیام همون جا که پیاده شدم?","ham"
"بیا کتابخونه","ham"
"تبریک! مکالمه نامحدود ایرانسلی رایگان برای امروز به شما تعلق گرفت, اطلاع از حساب: [USSD_REMOVED]","spam"
"کارگزاری مفید عرضه اولیه نماد ""اپال"": [LINK_REMOVED] آموزش: [LINK_REMOVED]","spam"
"تعمیرات تخصصی مبلمان توسکا ایرانی خارجی چرم پارچه [MASKED_NUMBER]","spam"
"مشترک گرامی جشنواره پاییزه نماوا را از دست ندهید. با پرداخت [RANDOM_NUMBER] تومان اشتراک یک ماهه و [RANDOM_NUMBER] تومان اشتراک سه ماهه خریداری نمایید. کد تخفیف: [ENGLISH] [LINK_REMOVED]","spam"
"همراه آسیاتکی لطفاً هنگام مراجعه کارشناس ضمن رویت کارت ملی اطلاعات را در صورتجلسه تحویل سرویس وارد و یک نسخه دیجیتالی از صورت جلسه را دریافت فرمائید. دانلود اپلیکیشن آسیاتک [LINK_REMOVED]","ham"
"من اگر دوست دختری مهربان داشتم که درود بر این زندگی, به این درجه رسیدم که نه پاریس رو نمی خوام سوئیس می خوام.","ham"
"سلام با چی میای کی میرسی","ham"
"شروع ثبت نام طرح ملی مسکن اقساطی [LINK_REMOVED] *رزرو پیامکی ارسال[RANDOM_NUMBER] [RANDOM_NUMBER]","spam"
"ثبت نام رایگان داوطلبین فاز سوم مطالعات واکسن کرونا «کووایران برکت» در آیگپ نصب آیگپ: [LINK_REMOVED]","spam"
"شیرازه","ham"
"هشدار, هر پیام دریافتی از شماره شخصی با متن ثنا, ابلاغیه قضایی, تخلف یا مسدودی اموال شما یا ثبت نام واکسن, جعلی و به قصد سرقت اطلاعات حساب شماست.","ham"
"سامانه آموزشیار رمز عبور موقت: [ENGLISH]","ham"
"سلام؛ سرویس [ENGLISH] [ENGLISH] بدون هیچ مشکلی برای من کار می کنه.","ham"
"سلام؛ برایت مرغ بیرون بذارم یخش آب شه? امروز [NAME] ابن [NAME] اینجاست بخوای می تونی بیای","ham"
"باید [RANDOM_NUMBER] شب که نتم وصل میشه دان کنم","ham"
"صد میلیون تومان جایزه در جام جهانی جیرینگی دانلود: [LINK_REMOVED]","spam"
"درود بر تو من تا همین الان سرکلاس بودم خوش بگذره","ham"
"دوست رایتلی تولدت مبارک. با انتخاب هدیه تولد خود, افتخار همراهی در این روز را به ما بدهید. هدیه [RANDOM_NUMBER] گیگابایت اینترنت یک روزه با شماره گیری [USSD_REMOVED] یا یک ساعت مکالمه رایتلی و غیر رایتلی یک روزه با شماره گیری [USSD_REMOVED]","spam"
"وضعیت : موفق کارت مبدا : ‎[RANDOM_NUMBER] [RANDOM_NUMBER]** **** [RANDOM_NUMBER] کارت مقصد : ‎[RANDOM_NUMBER] [RANDOM_NUMBER]** **** [RANDOM_NUMBER] نام صاحب کارت : [NAME] تاریخ و زمان : [DATE] [TIME]","ham"
"هموطن گرامی هرگونه تماس تلفنی با خطوط شخصی و پیام رسان ها به بهانه انجام عملیات کابل برگردان و جلوگیری از قطع خطوط تلفن ثابت کلاهبرداری میباشد, لذا از واگذاری کد رمز قرائت شده از بستر خط تلفن ثابت منزل به افراد غیر خودداری نمایید.","ham"
"هموطن گرامی ضمن تشکر از همراهی شما در طرح کاهش زنجیره انتقال بیماری کرونا طی روزهای گذشته, همانگونه که در رسانه ها به اطلاع ملت شریف ایران رسانده شده تمامی اماکن تجمعی اعم از پارک ها, تفرجگاه ها, بوستان ها, مراکز تفریحی و... در روز طبیعت تعطیل می باشند.","ham"
"امنیت و سلامت مردم آرزوی ماست, هفته سربازان گمنام امام زمان (عج) گرامی باد. ستاد خبری وزارت اطلاعات","spam"
"ما با [NAME] می خوایم بریم شیراز مالو, میای?","ham"
"مشترک محترم؛ یک لباس بیشتر می پوشم.یک درجه دمای اتاقم را کمتر می کنم.نمی گذارم یک هم وطن بی برق و گاز بماند. شرکت توزیع نیروی برق تهران بزرگ","ham"
"مشتری عزیز آقای/خانم [NAME], سفارش شما با شماره سفارش [RANDOM_NUMBER] و شماره تراکنش [RANDOM_NUMBER] تکمیل و ارسال شد. با تشکر از خرید شما [LINK_REMOVED] لغو ارسال پیامک: [ENGLISH]-[RANDOM_NUMBER]","ham"
"لبنیات تازه کف قیمت بازار! تا [RANDOM_NUMBER] هزار تومان تخفیف برای خرید از سوپرمارکت دیجی کالا کد: [ENGLISH][RANDOM_NUMBER] برای سفارش های بالای [RANDOM_NUMBER] هزار تومان (بجز شگفت انگیزها) فقط امروز : [LINK_REMOVED] لغو: [RANDOM_NUMBER]","spam"
"اینترنت پرسرعت آسیاتک با حجم بالا تنها با ماهی [RANDOM_NUMBER] هزار تومان پوشش دهی نامحدود تماس: [RANDOM_NUMBER] خرید: [LINK_REMOVED]","spam"
"بانک ملی کارمزد:[RANDOM_NUMBER] حساب:[RANDOM_NUMBER] مانده:[RANDOM_NUMBER] [DATE]-[TIME]","ham"
"این شنیدن دیدنی است «افسانه چشم هایت», جدیدترین آلبوم همایون شجریان و علیرضا قربانی ""همراه با [RANDOM_NUMBER] تومان اعتبار هدیه چارخونه"" لینک دانلود: [LINK_REMOVED]","spam"
"سلام عزیزدلم خوبی? هیچی کاری نداشتم زنگ زده بودم باهات حرف بزنم حالتو بپرسم","ham"
"طرح استثنایی ونیر کامپوزیت نیکان «ظرفیت فقط [RANDOM_NUMBER] نفر» شروع ثبت نام پنجشنبه [MASKED_NUMBER] [LINK_REMOVED]","spam"
"اینقدر کافه ات مزایا داره فکر کنم همراهم بیان","ham"
"یه روز تابستونی با بیدود سواری جذاب تر میشه","spam"
"وبت شما ثبت شد زمان تقریبی: [DATE] - [TIME] کد پیگیری: [RANDOM_NUMBER] بیمارستان حضرت ولیعصر اقلید محل انجام ویزیت درمانگاه امام هادی میباشد","ham"
"آره بابایی اینقدر خوشمزه بود آوردم هم صبحانه هم نهار بخورم به عمرم اینچنین کوکویی نخورده بودم قربون دختر چپ دست خودم برم عالی بود","ham"
"با اپ""تن ساز"" واسه خودت ورزشکاری میشی که نگو و نپرس فقط کافیه ورزش کنی و نتیجه رو ببینی عضویت با ارسال عدد [RANDOM_NUMBER] روزی سیصد تومان","spam"
"کوییزکاپ, بزرگ ترین رقابت اطلاعات عمومی آنلاین ایران با [RANDOM_NUMBER] میلیون جایزه نقدی در کوییز آو کینگز دانلود: [LINK_REMOVED]","spam"
"بانک سامان برداشت مبلغ [RANDOM_NUMBER] خریدکالا از ‪[RANDOM_NUMBER] [MASKED_NUMBER] -[RANDOM_NUMBER]-[RANDOM_NUMBER]‬ مانده [RANDOM_NUMBER] [DATE] [TIME]","ham"
"دسترسی به خوانندهها و آلبومهای مطرح تنظیم پیشوازهای فوری شخصیسازی و ایجاد برشهای دلخواه در پیشواز هوشمند [LINK_REMOVED]","spam"
"روی همراه اول باشه بهتره","ham"
"بهترین قیمت بلیت پروازهای خارجی در اسنپ با توجه به بازگشایی پروازهای ترکیه از این هفته، با بهترین قیمت برای سفرهای ضروری بلیت هواپیما بخرید. کافیه در اپلیکیشن اسنپ سرویس «پرواز» رو انتخاب کنید. [LINK_REMOVED]","spam"
"سلام, اگر رفتی داروخونه یه بالم لب ثمین واسه من بگیر","ham"
"[RANDOM_NUMBER] میلیون ریال نقد کنسول بازی [ENGLISH][RANDOM_NUMBER] گوشی هوشمند و صدها جایزه دیگر جوایز پیش بینی بازی های فوتبال هیجان انگیز جام جهانی در «ذره بین»! نصب «ذره بین»: [LINK_REMOVED]","spam"
"هرروز در خونه دوسی دربه روی ماهتون باز میکنیم. حضوری/بیرون بر [RANDOM_NUMBER]","spam"
"دسترسی آسان و بی دردسر به پنل سازمانی اسنپ باکس اگر برای ورود به پنل سازمانی اسنپ باکس دچار مشکل شده اید، کافی است ابتدا از طریق لینک زیر وارد سویراپلیکیشن اسنپ شوید. سپس یکی از سرویس های «اسنپ باکس» یا «وانت» را انتخاب کنید و با وارد کردن شماره مورد نظرتان وارد پنل سازمانی شوید. [LINK_REMOVED]","ham"
"همراه آسیاتکی مشکل سرویس [RANDOM_NUMBER] برطرف شده است تلفن [RANDOM_NUMBER] دانلود اپلیکیشن آسیاتک [LINK_REMOVED]","ham"
"استفاده از ماسک برای همه ی افراد جامعه الزامی است.","ham"
"[NAME] عزیز متاسفانه به دلیل پرداخت نشدن صورت حساب, سرویس اینترنت پرسرعت خط شماره [RANDOM_NUMBER] قطع است, سپاس گزار خواهیم بود اگر با مراجعه به [ENGLISH].[LINK_REMOVED] از پیشنهادهای جذاب شاتل که به صورت ویژه برای شما در نظر گرفته شده است, بهره مند شوید. لینک پرداخت صورت حساب: [LINK_REMOVED]","ham"
"فرصت ویژه بازرگانی پرتو قرعه کشی کد [RANDOM_NUMBER] [MASKED_NUMBER]","spam"
"سید [NAME] گرامی, شعب منتخب بانک های عامل آماده احراز هویت شما می باشند. [LINK_REMOVED] شرکت سپرده گذاری مرکزی","ham"
"تورهای مشهد(هوایی-ریلی) کیش وقشم به صورت نقدواقساط نسیم بهشت [RANDOM_NUMBER]","spam"
"سفر به سلامت, اگه میخوای حین سفرهای خارجی به پرتال های بانکیت دسترسی داشته باشی, پیامک رمز دوم بگیری و با شبکه های اجتماعی ارزون صحبت کنی, حتماً الان از فعال بودن رومینگت مطلع شو! فعال کردن رایگان سرویس رومینگ بین الملل با کد دستوری ذیل: [USSD_REMOVED] خرید فوری بسته های رومینگ (+ فاکتور رسمی + هدیه مکالمه و پیامک): ویژه جام جهانی قطر [LINK_REMOVED] ویژه عراق - کربلا [LINK_REMOVED] ویژه امارات - دوبی [LINK_REMOVED] بسته رومینگ دور دنیا با قابلیت استفاده در بیش از [RANDOM_NUMBER] کشور: [LINK_REMOVED]","spam"
"مشتری گرامی پذیره نویسی صندوقهای قابل معامله (واسطه گری مالی یکم) تا [DATE] در بانک پارسیان از طریق سامانه تاپ به آدرس [LINK_REMOVED] , شبکه اجتماعی آیگپ و وب سایت بانک به آدرس [LINK_REMOVED] انجام می شود. پارسیان-بانک ایرانیان","spam"
"وضعیت تیکت شما با شماره پیگیری [ENGLISH]-[ENGLISH][ENGLISH] به وضعیت جدید بسته شده تغییر یافت.","ham"
"برای بازیابی رمز عبور در سامانه فروش سهام عدالت کارگزاری توسعه معاملات کیان کد [ENGLISH][ENGLISH][ENGLISH] را وارد کنید.","ham"
"سلام روزت بخیر دوست داری چهارشنبه پژو [RANDOM_NUMBER] ببری? [RANDOM_NUMBER]شانس هدیه فقط با خرید یک شارژ یا بسته از[USSD_REMOVED] ویژه خط شما, یکبار, تا فرداشب","spam"
"کاشت تضمینی مو بالیزر اسکان رایگان,تاری[RANDOM_NUMBER] شیراز [MASKED_NUMBER]","spam"
"درخواست ترابرد شما به شبکه ایرانسل در تاریخ [RANDOM_NUMBER]-[RANDOM_NUMBER]-[RANDOM_NUMBER] [TIME] و به دلیل وجود تعهدات قراردادی با اپراتور فرستنده انجام نشد. برای ثبت مجدد درخواست, لطفا به [LINK_REMOVED] مراجعه کنید.","ham"
"شما [RANDOM_NUMBER] تماس از دست رفته از [MASKED_NUMBER] در تاریخ [DATE] ساعت [TIME] دارید.","ham"
"همراه اولی عزیز به منظور دریافت و پرداخت صورتحساب لحظه ای یا پایان دوره ماهیانه خود می توانید از طریق یکی از روش های زیر اقدام نمایید. اپلیکیشن همراه من [LINK_REMOVED] شماره گیری کد دستوری [USSD_REMOVED] تماس رایگان با شماره [RANDOM_NUMBER] و ارسال پیامک رایگان به سرشماره [RANDOM_NUMBER] همچنین راهنمای ""پرداخت اقساطی قبوض خطوط دائمی همراه اول"" نیز در لینک زیر موجود می باشد [LINK_REMOVED] ضمنا جهت کسب اطلاعات بیشتر می توانید برروی لینک های زیر کلیک فرمایید [LINK_REMOVED] [LINK_REMOVED]","spam"
"*خرید از داروکده* شماره پیگیری : [RANDOM_NUMBER] زمان : [DATE] ; [TIME] مبلغ : [RANDOM_NUMBER] تومان","ham"
"گیگ اینترنت هدیه, چون تو چارخونه, گیگ بارونه! برای شروع, کیف پول دیجیتال ایرانسلتان را حداقل [RANDOM_NUMBER] هزار تومان شارژ کنید و [RANDOM_NUMBER] گیگ هدیه بگیرید: [LINK_REMOVED]","spam"
"بسته های ترکیبی ویژه شب یلدا با [RANDOM_NUMBER]% تخفیف! بسته [RANDOM_NUMBER]روزه: ""[RANDOM_NUMBER] ساعت مکالمه داخل شبکه و [RANDOM_NUMBER] گیگ اینترنت"" بسته [RANDOM_NUMBER] روزه:""[RANDOM_NUMBER] ساعت مکالمه داخل شبکه و [RANDOM_NUMBER] گیگ اینترنت"" فعالسازی و خرید بسته ""[RANDOM_NUMBER]آذر تا [RANDOM_NUMBER] دی"" با شماره گیری کد زیر [USSD_REMOVED]","spam"
"سلام عزیزم خوبی دیدم پیام ها رو نخواندی نگران شدم","ham"
"وا اینکه خجالت نداره , چ خجالتی چون سرجمع [RANDOM_NUMBER] هزارتومن پول تو حسابم دارم","ham"
"سلام. خیلی ممنونم. امشب که خیلی دیر هست. فردا مزاحمتان میشم","ham"
"سلام؛ اگر این ها نخوان اینترنت رو درست کنن ما کلاس نخواهیم داشت?","ham"
"هموطن گرامی به شماره [RANDOM_NUMBER] جهت دسترسی به خدمات پرونده سلامت شخصی خود. هرچه سریعتر نسبت به نصب اپلیکیشن شمیم سلامتی اقدام نمایید. [LINK_REMOVED]","ham"
"آواهای انتظارمحرم[RANDOM_NUMBER] فعالسازی:ارسال کد به[RANDOM_NUMBER] [RANDOM_NUMBER]ظهرعاشورا(بنی فاطمه) [RANDOM_NUMBER]بایدرفت(مهدی رسولی) [RANDOM_NUMBER]سلطان کربلا(هادی ناصری) [RANDOM_NUMBER]ای که به خشکی لبات(حدادیان) [RANDOM_NUMBER]منو دریاب(پویابیاتی) [MASKED_NUMBER] جانم رقیه(محمدحشمتی) [RANDOM_NUMBER]دلم بی تابه(علی رحمانی) هزینه[RANDOM_NUMBER]تومان ماهانه که از طرف شما در پویش مردمی ""ایران همدل""صرف کمک به نیازمندان میشود.","spam"
"در «ایران همدل» #همبازی کودکان مهربان و نیازمند ایران شویم. باجه های پست سراسر کشور تا پایان مهرماه با افتخار از شما اسباب بازی و کتاب کودکانه تحویل میگیرند و آنها را از طرف شما به بچه های محروم میرسانند. همچنین از [RANDOM_NUMBER] تا [RANDOM_NUMBER] مهرماه میتوانید هدایای خود را علاوه بر باجه های پست، به کامیونهای ویژه ی طرح «همبازی» در سطح کلانشهرها تحویل دهید. نزدیک ترین کامیون پست و مرکز پستی را به خود پیدا کنید: [LINK_REMOVED] ایران همدل؛ بزرگترین کمپین مردمی ایران","spam"
"عیدی ما همراهی شماست تا [RANDOM_NUMBER] هزار تومان اعتبار هدیه با شماره گیری [USSD_REMOVED] یا ارسال [RANDOM_NUMBER] به [RANDOM_NUMBER] از [RANDOM_NUMBER] تا [RANDOM_NUMBER] فروردین","spam"
"سلام؛ اون ساندویچی که اون سری با هم رفتیم دوستت/قوم و خویش ت اونجا کار می کرد اسمش چی بود کجا بود?","ham"
"کد تایید دیوار: [ENGLISH]: [RANDOM_NUMBER] این کد مختص شماست, لطفاً برای دیگران نفرستید","ham"
"با صدای خودتان, پیشواز محرمی بسازید! مداحی های خود را از طریق پیشواز شخصی به گوش دوستان و آشنایانتان برسانید. دانلود اپ پیشواز: [LINK_REMOVED]","spam"
"[RANDOM_NUMBER] [NAME] [MASKED_NUMBER] اقا سید [NAME]","ham"
"دست استادت رو می بوسم","ham"
"سرمایه گذاران محترم امکان سرمایه گذاری در صندوق ارزش کاوان ایرانیان مهیا شد. جهت کسب اطلاعات بیشتر به لینک زیر مراجعه نمایید. [LINK_REMOVED] [MASKED_NUMBER] -[RANDOM_NUMBER]","spam"
"دیجی کالا/دیجی استایل [NAME] عزیز ممنون می شویم تا از طریق نشانی زیر به کالا/کالاهای خریداری شده امتیاز دهید و به ما برای بهبود کیفیت کالاها و خدمات کمک کنید. همچنین با نوشتن نظر و تایید آن از سوی همکاران ما, در دیجی کلاب امتیاز بگیرید. [LINK_REMOVED]","spam"
"در خانه بمانید و جایزه بگیرید؛ [RANDOM_NUMBER] جایزه [RANDOM_NUMBER] میلیونی با هر تراکنش از آپ تا [DATE] تراکنش بیشتر = شانس بیشتر [LINK_REMOVED]","spam"
"«همین امروز فرصت دارید» برای خرید سهام بانک ها و بیمه ها بدون نیاز به کد بورسی و با [RANDOM_NUMBER] درصد تخفیف, به شعب و سایت بانک مهر ایران مراجعه نمایید. لینک ثبت نام: [LINK_REMOVED]","spam"
"با تبدیل خط اعتباری به دایمی دیگر نگران شارژ کردن خط خود نباشید! تا *[RANDOM_NUMBER]% تخفیف ویژه* با شماره گیری [USSD_REMOVED] از پیشنهاد ویژه خود مطلع شوید.","spam"
"بدلیل بروزرسانی,یک و دو شهریور بااختلال و قطعی مواجه هستیم آی آرپیامک","ham"
"سلام مغازه عموت کیسه خالی نیستش?","ham"
"کاربرگرامی دیجی کالا/دیجی پی برای خرید اقساطی از دیجی کالا همین حالا وارد شوید: [LINK_REMOVED]","spam"
"یکسال شارژ رایگان برای [RANDOM_NUMBER] نفر خرید شارژ از جیرینگ همراه اول [USSD_REMOVED]","spam"
"[RANDOM_NUMBER] تومن شارژ اضافه تر با خرید شارژ هزار تومانی فقط امروز [USSD_REMOVED]","spam"
"بانه لباسشویی ظرفشویی یخچال کولرگازی [MASKED_NUMBER] [MASKED_NUMBER] رحمانی","spam"
"شما مردم عزیز ایران می توانید از طریق شماره گیری [USSD_REMOVED] و یا واریز مبالغ نقدی خود به شماره کارت [RANDOM_NUMBER]-[RANDOM_NUMBER]-[RANDOM_NUMBER]-[RANDOM_NUMBER] سهمی در تحصیل کودکان محروم داشته باشید.","spam"
"[RANDOM_NUMBER]% تخفیف خرید بلیت هواپیما از اسنپ کد تخفیف ویژه ی پرواز داخلی: [ENGLISH][ENGLISH][ENGLISH][ENGLISH] (قابل استفاده تا سقف [RANDOM_NUMBER]هزار تومان) اعتبار: یک هفته فقط سفر ضروری️ کافی است در سوپراپلیکیشن اسنپ, سرویس «پرواز» را انتخاب کنید. [LINK_REMOVED]","spam"
"برای منم اومده","ham"
"ویزیت رایگان, نسخه ی پزشکی آنلاین [RANDOM_NUMBER]تومان تخفیف اولین استفاده کد:[ENGLISH][ENGLISH][RANDOM_NUMBER] اعتبار:تا [RANDOM_NUMBER] بهمن با بهترین پزشکان آنلاین صحبت کنید, نسخه ی پزشکی دریافت کنید و مشاوره ی کرونا بگیرید کافی است در اپلیکیشن اسنپ, سرویس «پزشک و مشاور» را انتخاب کنید. [LINK_REMOVED]","spam"
"فرصت استثنایی فروش ویلا پیلوت زیرقیمت بازار شرایط نقداقساط [MASKED_NUMBER]","spam"
"من همیشه اسیرم؛ ولی برای شما هم همیشه وقت میشه پیدا کرد.","ham"
"اعطای نمایندگی هـپی لند [LINK_REMOVED]","spam"
"سلام حاجی وسط خطیم","ham"
"[RANDOM_NUMBER] [NAME]","ham"
"""آفر"" کیش[RANDOM_NUMBER] مشهد[RANDOM_NUMBER]روزه[RANDOM_NUMBER] استانبول[RANDOM_NUMBER] گرجستان[RANDOM_NUMBER] دبی [MASKED_NUMBER]","spam"
"مشتری گرامی ؛ به اطلاع می رساند: برخی از خدمات بانکداری مدرن بانک ایران زمین, برای ساعاتی با اختلال همراه خواهد بود. با عرض پوزش از شما, همکاران ما در تلاش هستند به سرعت اختلال ایجاد شده را برطرف کنند. ایران زمین خانه ماست","ham"
"من که میگفتم قطع شدم ناراحتم پر پرم","ham"
"بانک سامان موبایلتی عزیز فقط تا [RANDOM_NUMBER] اسفند فرصت دارید تا با انجام تراکنش بیشتر از موبایلت, شانس برنده شدن خود را در قرعه کشی [RANDOM_NUMBER] میلیون تومان جایزه نقدی افزایش دهید.","spam"
"تا [RANDOM_NUMBER]% تخفیف برای مکالمه درون شبکه با خرید بسته های جذاب, ویژه شما مشاهده, خرید و مدیریت بسته ها در نسخه جدید اپلیکیشن همراه من [LINK_REMOVED] و یا با شماره گیری [USSD_REMOVED]","spam"
"بازنشسته گرامی, پیرو اطلاع رسانی درباره بیمه تکمیلی عمر و حوادث, به اطلاع می رساند که بهره مندی از این بیمه, اختیاری می باشد و تنها به دلیل شرایط بسیار مناسب آن, برای کلیه بازنشستگان به صورت پیش فرض منظور شده است. نظر به ارسال لیست مشمولین در نیمه اسفند, در صورت انصراف شما در درگاه [LINK_REMOVED] , از لیست مشمولین حذف خواهید شد و هیچگونه هزینه ای متوجه شما نخواهد گردید. تلفن پاسخگویی : [MASKED_NUMBER]","spam"
"[RANDOM_NUMBER] تومان تخفیف اسنپ برای [RANDOM_NUMBER]سفر در [RANDOM_NUMBER] سفر, [RANDOM_NUMBER]% (هر بار تا سقف [RANDOM_NUMBER] تومان) و در [RANDOM_NUMBER] سفر بعدی [RANDOM_NUMBER]% (هر بار تا سقف [RANDOM_NUMBER] تومان) تخفیف بگیرید. کدتخفیف: [ENGLISH]-[RANDOM_NUMBER] اعتبار تا [RANDOM_NUMBER] تیر لطفا ماسک فراموش نشود. [LINK_REMOVED]","spam"
"این [ENGLISH] به نظر می رسه کار می ده","ham"
"[RANDOM_NUMBER] هزارتومان از [USSD_REMOVED] شارژ بخر «درلحظه بدون قرعه کشی» [RANDOM_NUMBER]هزار تومان شارژ هدیه بگیر! [ویژه سیم کارت شما فقط یکبار و تا ساعت[RANDOM_NUMBER]] [USSD_REMOVED]","spam"
"تماشای هزاران فیلم و سریال در نماوا تنها با پرداخت [RANDOM_NUMBER] تومان بدون مصرف ترافیک اینترنت, ویژه کاربران شاتل [LINK_REMOVED]","spam"
"ایرانسلی عزیز, پس از تماس با دوستانی که از سرویس مکالمه خط ایرانسل خود استفاده نمی کنند, کلیه تماس ها و پیامک های بین شما به مدت یک هفته رایگان خواهد بود","spam"
"بله بله","ham"
"سلام ممنون خوبیم الحمداله خدا رحمت کنه رفتگان شما رو منم آرزوی سال خوب و خوشی رو برایتان دارم فقط اگه زحمت نیست خودتون معرفی کنید شمارتون به اسم ندارم","ham"
"من یک ساعت دیگه میام با [NAME]هستم نگران نباشید","ham"
"مشترک گرامی اخبار همراه اول در خصوص طرح های تشویقی, خدمات و محصولات, اسامی برندگان قرعه کشی ها و سایر اطلاعات مورد نیاز را تنها از طریق مبادی رسمی این اپراتور پیگیری نمائید. وب سایت: [LINK_REMOVED] شبکه اجتماعی: [LINK_REMOVED] تماس با [MASKED_NUMBER]","spam"
"سوال سینمایی جواب بده و [RANDOM_NUMBER] میلیون برنده شو در این مسابقه شرکت کنید و شانس خود را در قرعه کشی [RANDOM_NUMBER] میلیون تومانی نماوا امتحان کنید. [LINK_REMOVED]","spam"
"در جهت پیشگیری از کلاهبرداری و خرید محصولات تقلبی, کد ده رقمی مندرج ذیل نشان استاندارد را به شماره [RANDOM_NUMBER] پیامک کنید, تا از اصالت این نشان و مشخصات کالای مورد نظر اطمینان حاصل نمایید. در صورتی که طی [RANDOM_NUMBER] ثانیه پاسخی دریافت نشد, نشان هک شده بر روی محصول جعلی است. معاونت اجتماعی و پیشگیری از وقوع جرم قوه قضاییه","ham"
"سلام [NAME] گرامی با تشکر از خرید شما سفارش ثبت شد. شماره سفارش: [RANDOM_NUMBER] فروشگاه هایتل","ham"
"سلام انشا ءالله یه روز دیگه [NAME] امروز سرش شلوغه منو برسونه اگه تنهایی بیا اینجا","ham"
"متعهد گرامی با سلام. نظر به عدم پرداخت اقساط تسهیلات شماره [RANDOM_NUMBER] مربوط به آقای/خانوم/شرکت [NAME] و ظمانت جنابعالی/آن شرکت، ضرف [RANDOM_NUMBER] روز نسبت به انجام تعهدات اقدام فرمایید. بانک ملی ایران [RANDOM_NUMBER] جایزه میلیونی در جشنواره «بیستابیست» بانک ملی [LINK_REMOVED] شماره [RANDOM_NUMBER] مربوط به آقای/خانم/شرکت ی رای جنابعالی/آن شرکت. ظرف [RANDOM_NUMBER] روز نسبت به انجام تعهدات اقدام فرمایید. بانک ملی ایران [RANDOM_NUMBER] جایزه میلیونی در جشنواره ""بیستابیست"" بانک ملی [RANDOM_NUMBER]/[RANDOM_NUMBER] [RANDOM_NUMBER].[RANDOM_NUMBER]/ [RANDOM_NUMBER]","ham"
"پارچه لباسی [RANDOM_NUMBER] پتو سفری [RANDOM_NUMBER] نساجی بروجرد قدوسی غربی-جنب بابابستنی","spam"
"توباغیم اگه بریم هم میتونم آبیاری کنم وهم طبیعتا خوبه","ham"
"خ [NAME] ماشین و کمی کوکو .خ بزرگی سوپ خودش و سالاد کلم اگه داشت.[NAME] میوه سالاد اگه داشت برای دونفریتیمچه دارم درست میکنم وفلاکس چای. قند وفنجون نون هرکسی .سالاد الویه گفت [NAME] نخورید.این نظر من","ham"
"آیفون [RANDOM_NUMBER] جایزه تو که جیرینگی شارژ می خری! دانلود: [LINK_REMOVED]","spam"
"[NAME] نداره از اون بخریم بعدا پولش رو بدیم?","ham"
"مشتری گرامی,با توجه به نزدیک شدن موعد تحویل ردیف قرارداد[RANDOM_NUMBER] .لطفا جهت تهیه برگه احراز محل سکونت به مراکز خدمات خودروئی یا تعویض پلاک مراجعه نموده و آن را به نمایندگی محل ثبت نام ارائه نمایید *ایران خودرو*","ham"
"مشترک گرامی بسته آلفا+ سی روزه [RANDOM_NUMBER] گیگابایت+ [RANDOM_NUMBER]مگابایت هدیه صبحانت([RANDOM_NUMBER] صبح تا [RANDOM_NUMBER] ظهر) به پایان رسید. بسته آلفا+ سی روزه [RANDOM_NUMBER] گیگابایت+ [RANDOM_NUMBER]مگابایت هدیه صبحانت([RANDOM_NUMBER] صبح تا [RANDOM_NUMBER] ظهر) رزرو شما, بدلیل کمبود اعتبار, فعال نمیشود. این بسته تا[RANDOM_NUMBER]روز حفظ و با افزایش اعتبار به میزان [RANDOM_NUMBER]ریال فعال میشود. در صورت فعال بودن سرویس اینترنت تعرفه آزاد و نداشتن بسته, مصرف شما با تعرفه آزاد حساب میشود. اطلاع از وضعیت بسته [USSD_REMOVED] افزایش اعتبار [USSD_REMOVED] لغو بسته رزرو [USSD_REMOVED] قطع اینترنت تعرفه آزاد [USSD_REMOVED]","ham"
"سلام صبح تون به خیر؛ من یه مشکل برام پیش اومده با نیم ساعت تاخیر می رسم پادگان.","ham"
"در صورت مشاهده یا مواجهه با موارد کودک آزاری,همسر آزاری در ایام کرونا, برای دریافت خدمات اجتماعی-روانی به صورت رایگان و شبانه روزی با شماره تلفن [RANDOM_NUMBER], اورژانس اجتماعی سازمان بهزیستی کشور, تماس بگیرید.","ham"
"بهش گفتم بریم بیرون گفت باشه","ham"
"اگربخواهید قطعا وکیل هستید رزرورایگان آزمون درسراسرکشور [LINK_REMOVED]","spam"
"مشترکین دائمی و اعتباری که تا کنون [RANDOM_NUMBER] گیگ اینترنت هدیه خود را دریافت نکرده اند, با نصب اپلیکیشن ذره بین از طریق لینک زیر می توانند [RANDOM_NUMBER] گیگ اینترنت هدیه سه ماهه (هر ماه [RANDOM_NUMBER] گیگ) مخصوص استفاده در اپلیکیشن ذره بین بگیرند. دریافت و فعال سازی رایگان: [LINK_REMOVED] پخش زنده جنگ قهرمانی لیگ برتر: پرسپولیس - تراکتور سپاهان - ذوب آهن استقلال - نساجی ساعت [TIME] در وبگرد ذره بین ذره بین؛ تجربه متفاوت وبگردی","spam"
"برو تسکولو","ham"
"سلام دکتر؛ هنوز دانشکده تشریف دارید?","ham"
"بله درسته","ham"
"[NAME]","ham"
"آقای [NAME] سفارش شما در سنجاق چطور پیش رفته است? روی لینک زیر بزنید و به متخصصین امتیاز بدهید: [LINK_REMOVED]","spam"
"[ENGLISH] %[RANDOM_NUMBER]+%[RANDOM_NUMBER] تخفیف ویژه برروی تمامی کالاها شیرازمال لغو[RANDOM_NUMBER]","spam"
"حسینیه مجازی آیگپ ""نسل امام حسینی"" با یاقوت, هر خانه یک حسینیه است -پخش زنده هیئات -کانال رسمی مداحان و وعاظ -حمایت و شتاب دهی هیئات مذهبی -معرفی مداحان و محافل - کاملترین آرشیو مداحی و فایل -آموزش مداحی لینک نصب: [LINK_REMOVED]","spam"
"بازنشسته گرامی, با توجه به درخواست فراوان بازنشستگان محترم جهت تمدید ثبت نام بیمه تکمیلی عمر و حوادث, شما می توانید حداکثر تا تاریخ [DATE] با مراجعه به آدرس [LINK_REMOVED] نسبت به ثبت نام خود و یا اعضای خانواده خود اقدام نمایید. لازم به ذکر است که تاریخ شروع این بیمه از ابتدای اردیبهشت [RANDOM_NUMBER] می باشد. تلفن راهنمایی: [MASKED_NUMBER]","spam"
"مشتری گرامی کارگزاری دنیای نوین شرایط خرید خودرو [RANDOM_NUMBER] از بورس کالا متقاضیان باید سفارش خود را تا ساعت [RANDOM_NUMBER] روز [RANDOM_NUMBER] آبان ثبت نمایند . میزان پیش پرداخت برای خرید خودروی [RANDOM_NUMBER], [RANDOM_NUMBER] درصد می باشد . افرادی که در عرضه های قبلی موفق به خرید خودرو سواری شده اند, امکان ثبت سفارش را ندارند. هر کد بورسی صرفا مجاز به یک ثبت سفارش است. ثبت سفارش برای افراد حقوقی مجاز نیست. لینک ثبت نام غیر حضوری: [ENGLISH].[LINK_REMOVED] شماره تماس [MASKED_NUMBER] -- [MASKED_NUMBER] داخلی[RANDOM_NUMBER] شرکت کارگزاری دنیای نوین جایی که اعتماد شما گم نمی شود","spam"
"جناب آقای [NAME] با کد ملی [RANDOM_NUMBER] درخواست شما به دلیل نقص مدارک برگشت خورده است لطفا به کارتابل خود مراجعه و مدارک خود را کامل نمایید.","ham"
"برای [RANDOM_NUMBER] ماه خریدم","ham"
"یکشنبه قرعه کشی جایزه [RANDOM_NUMBER] میلیون تومانی [RANDOM_NUMBER] شانس هدیه با خرید یک شارژ یا بسته اینترنت از [USSD_REMOVED] یکبار , ویژه خط شما , تا فردا شب","spam"
"هموطن عزیز! بیشتر دعاوی راجع به املاک ناشی از ثبت نکردن آنها است؛ ثبت رسمی معاملات راهکاری مناسب برای پیشگیری از طرح دعوی و شکایت است. معاونت اجتماعی و پیشگیری از وقوع جرم قوه قضاییه","ham"
"جمع بندی: اگر مشکلی پیش نیاد مرکز اسناد و حافظیه خلوت گاه من می شن, وقت آزاد داشتید بیاید منو از درس نجات بدید","ham"
"با سلام مشتری گرامی کارگزاری دنیای نوین عرضه [RANDOM_NUMBER] دستگاه خودرو [RANDOM_NUMBER] در بورس کالا در تاریخ [DATE] می باشد. لینک ثبت نام غیرحضوری :[ENGLISH].[LINK_REMOVED] تلفن تماس [MASKED_NUMBER] داخلی[RANDOM_NUMBER]","spam"
"نکن بهترشو پیدا کن","ham"
"فردا وقتشه! بهترین پیشنهادهای خرید گوشی همراه, فقط از اپ دیجی کالا فردا, تا یک میلیون و چهارصد هزار تومان تخفیف این کمپین هر سه شنبه برقراره و فقط توی اپ برگزار میشه! دریافت اپ از: [LINK_REMOVED] لغو پیامک: [RANDOM_NUMBER]","spam"
"«درساتریدر» [NAME] عزیز, اطلاعات وارد شده بررسی و تایید گردید. جهت امضای الکترونیکی قراردادها به وبسایت زیر مراجعه کنید. [LINK_REMOVED]","ham"
"در قرعه کشی[RANDOM_NUMBER]میلیون تومانی شرکت کن با خریدشارژ و اینترنت تا امشب [USSD_REMOVED]","spam"
"بهترین هدیه? پیشنهاد ما طراحی چهره عزیزانتان [LINK_REMOVED]","spam"
"بعد از ناهار رو هم می تونم کمتر و بیشتر کتم","ham"
"فدا","ham"
"برای تخفیف های [DATE] آماده ای? برای دریافت وام [RANDOM_NUMBER]میلیونی خرید اقساطی از دیجی کالا, دیجی پی رو نصب کن. بزن بریم: [LINK_REMOVED]","spam"
"خدا خیرت بده خیر از جوونیت ببینی همه درسام تویوتوبه","ham"
"سلام؛ من عصر می رم سمت شاه چراغ یکی از دوست هام رو ببینم,از ساعت [RANDOM_NUMBER]-[RANDOM_NUMBER] به بعد اوکی هستم","ham"
"خب فکر نمی کنی نتیجه دور شدن دلتنگیه???","ham"
"[NAME] عزیز سلام میدونستی اگر [RANDOM_NUMBER] امتیازی که تا الان تو باشگاه کسب کردی رو در سبدهای قرعه کشی, جشنواره بزرگ گوهر هزینه کنی, ممکنه [RANDOM_NUMBER] آذر اسمت رو تو لیست برنده ها ببینی?! با لینک زیر, مستقیم بیا تو پنل کاربریت و تو جشنواره شرکت کن : [LINK_REMOVED] باشگاه مشتریان بانک ایران زمین","spam"
"من رسیدم این پایین دروازه قرآن","ham"
"وضعیت تیکت شما تغییر کرد وضعیت تیکت شما با شماره پیگیری [ENGLISH]-[ENGLISH] به وضعیت جدید پاسخ داده شده تغییر یافت.","ham"
"پوشاک آلیزه [RANDOM_NUMBER]%تخفیف کلیه اجناس اهواز بلوار کیانپارس نبش موحدین شرقی","spam"
"دلمان برایتان تنگ شده","ham"
"سلام [NAME] جان. [NAME]م. یک بنده خدایی می خواد سفارش لوگو بده تو زمان داری برای انجامش؟؟","ham"
"تاپشت زانوم برف است. باکمرافتادم به آقای [NAME] چیزی نگفتم. پدرم درامد. سرم هم اذیت شد انکاربلندم کردندبدانداختم.","ham"
"بهم اطلاع بده تا آماده بشم ممنون عزیزم","ham"
"کنکور کی بود? اگر همین فردا نیست عصری بریم پارک آزادی?","ham"
"حمام بودم و رخت هارو شستم","ham"
"مشاوره ی رایگان, نسخه ی پزشکی آنلاین [RANDOM_NUMBER] تومان تخفیف برای اولین استفاده کد:[ENGLISH][ENGLISH][RANDOM_NUMBER] اعتبار تا: [RANDOM_NUMBER] دی با بهترین پزشکان آنلاین صحبت کنید و در صورت نیاز نسخه ی پزشکی دریافت کنید. کافی است در اپلیکیشن اسنپ, سرویس «پزشک و مشاور» را انتخاب کنید. [LINK_REMOVED]","spam"
"پایگاه سلامت مرکزشماره [RANDOM_NUMBER] متقاضی دریافت اطلاعات پرونده الکترونیک سلامت [RANDOM_NUMBER] می باشد.در صورت تایید کد زیر را به ایشان اعلام فرمایید. کد تایید جهت پذیرش مهمان : [RANDOM_NUMBER]","ham"
"دنبال تخفیف بیشتر نگرد! بالاترین تخفیفات در افق کوروش نوشابه[RANDOM_NUMBER]کانادا[RANDOM_NUMBER] پنیر[RANDOM_NUMBER]صباح[RANDOM_NUMBER] شکر[RANDOM_NUMBER] پودرماشین گلرنگ[RANDOM_NUMBER] [LINK_REMOVED]/[RANDOM_NUMBER]","spam"
"حراج واقعی بانه*** کولرگازی کم مصرف فقط امروز [MASKED_NUMBER] [MASKED_NUMBER]","spam"
"کارجوی عزیز از اینکه در جاب ویژن ثبت نام کرده اید ممنونیم در حال حاضر بیش از [RANDOM_NUMBER] هزار فرصت شغلی از معتبرترین سازمان های کشور از جمله ایرانسل, کاله, دیجی کالا, اسنپ, بانک خاورمیانه در جاب ویژن وجود دارد فرصت را از دست ندهید و همین الان برای فرصت شغلی دلخواه خود رزومه ارسال کنید [LINK_REMOVED]","spam"
"همراه اولی عزیز سلام آیا می دانید با یک خرید علاوه بر تا [RANDOM_NUMBER] درصد شارژ بیشتر, در قرعه کشی خودروی لاکچری ام وی ام [ENGLISH][RANDOM_NUMBER] قرار می گیرین? خرید شارژ و اینترنت از: [USSD_REMOVED]","spam"
"سلام اقایان لطفا عدد[RANDOM_NUMBER] ارسال کنید جهت درمان مشکلات جنسی به صورت رایگان","spam"
"سرپرست محترم خانوار؛ در صورتی که متقاضی استفاده از بسته حمایتی دوران کرونا براساس شرایط اعلامی دولت هستید. لطفا تنها از خط تلفن همراه اصلی خود که مالک آن هستید, فقط کد ملی خود را به سرشماره [RANDOM_NUMBER] ارسال فرمایید.","ham"
"اوکیه یه سوال بگیرم","ham"
"پنجشنبه قرعه کشی ماهانه پژو [RANDOM_NUMBER] ستاره یک [RANDOM_NUMBER]شانس باخرید یک شارژ یا بسته از[USSD_REMOVED] ویژه خط شما،یکبار،تا فرداشب بیشتر [LINK_REMOVED]","spam"
"[NAME] عزیز, با خرید از سرویس شارژ سیم کارت آپ امتیاز بگیرید و در قرعه کشی ماهانه آپ شرکت کنید خرید شارژ: [LINK_REMOVED]","spam"
"از عید قربان تا عید غدیر بسته [RANDOM_NUMBER] گیگابایت اینترنت و [RANDOM_NUMBER] ساعت مکالمه (داخل شبکه و ثابت) سه روزه, به قیمت [RANDOM_NUMBER] هزار تومان فعالسازی با شماره گیری [USSD_REMOVED]","spam"
"[RANDOM_NUMBER]% ‏تخفیف به مناسب افتتاحیه سالن زیبایى مریم صفرى لاین کراتین و رنگ فقط برای [RANDOM_NUMBER]روز وهابی خ [RANDOM_NUMBER] کیان آباد ساعت [RANDOM_NUMBER] تا [RANDOM_NUMBER] [MASKED_NUMBER]","spam"
"برنامه امروزت چیه دکتر?","ham"
"فرستادم. شرمنده یکم طول کشید کارتمو پیدا نمیکردم","ham"
"با توجه به اعلام وضعیت قرمز در تهران, محدوده مجاز تردد با دوچرخه های بیدود افزایش یافت برای مشاهده محدوده جدید, اپلیکیشن را آپدیت کنید","spam"
"هموطن گرامی,پیامک ارسالی باعنوان ثبت نام کارت سوخت,جعلی وبه قصدسرقت اطلاعات کارت بانکی شمابوده است,درصورت ورودبه سایت معرفی شده, سریعاً نسبت به تغییر رمزهای کارت(بویژه رمزدوم) خوداقدام نمایید. پلیس فتا","ham"
"دوشنبه های آخر ماه با هدایای شگفت انگیز همراه اول دوشنبه [RANDOM_NUMBER] فروردین, بسته های «رایگان» یک روزه از [RANDOM_NUMBER] صبح تا [RANDOM_NUMBER] عصر, از [RANDOM_NUMBER] مگابایت تا [RANDOM_NUMBER] گیگابایت با شماره گیری [USSD_REMOVED]","spam"
"برای پیشگیری از ابتلا به کرونا ویروس, شستن مکرر دست ها با آب و صابون را فراموش نکنید.","ham"
"تخفیف تشک زست آلمان دیگر نقد نخرید اقساط بی بهره [MASKED_NUMBER] [RANDOM_NUMBER]","spam"
"هایپراستار[RANDOM_NUMBER]~[DATE] قزل آلا [RANDOM_NUMBER]ک [RANDOM_NUMBER]ت انبه [RANDOM_NUMBER]ک [RANDOM_NUMBER]ت پپسی [RANDOM_NUMBER]ل [RANDOM_NUMBER]عدد[RANDOM_NUMBER]ت","spam"
"کلمه عبور جدید شما در پرتال جامع سازمانی: [RANDOM_NUMBER]","ham"
"اربعین [RANDOM_NUMBER] و آواهای انتظار پرطرفدار: فعالسازی با ارسال کدآوا به [RANDOM_NUMBER] [RANDOM_NUMBER]جونم به فدات(محمدحسین پویانفر) [RANDOM_NUMBER]داره اربعین میاد(حمید علیمی) [RANDOM_NUMBER]همه جا کربلا(مجید بنی فاطمه) [RANDOM_NUMBER]سلام آقا(محمدحسین حدادیان) [RANDOM_NUMBER]زینب زینب(سلیم موذن زاده) [RANDOM_NUMBER]کی بهترازحسین(پویا بیاتی) [RANDOM_NUMBER]حماسه اربعین(گروه فرکانس) هزینه [RANDOM_NUMBER]تومان ماهانه که از طرف شما در پویش مردمی«ایران همدل»صرف کمک به نیازمندان میشود","spam"
"فردا [RANDOM_NUMBER] ببر! [RANDOM_NUMBER]ساعت تا پایان مهلت شرکت در قرعه کشی پژو[RANDOM_NUMBER] [RANDOM_NUMBER]شانس هدیه با خرید یک شارژ یا بسته از[USSD_REMOVED] ویژه خط شما,یکبار,تا ساعت [RANDOM_NUMBER]","spam"
"گوشی[ENGLISH][RANDOM_NUMBER]سامسونگ باخرید شارژ و اینترنت از [USSD_REMOVED] [RANDOM_NUMBER]برابر امتیاز فقط امروز","spam"
"با توجه به پرداخت هاى هفته گذشته, امتیازات زیر در باشگاه مشتریان براى شما قابل دریافت است: خرید شارژ: [RANDOM_NUMBER] امتیاز با مراجعه به صفحه امتیازگیرى باشگاه فیروزه اى در اپلیکیشن همراه من, نسبت به دریافت امتیازات و تبدیل آن به جوایز متنوع شامل بسته هاى اینترنت و مکالمه, کدهاى تخفیف و ... اقدام نمایید. مهلت دریافت امتیاز یک ماه از زمان پرداخت [ENGLISH].[LINK_REMOVED] همراه اول","spam"
"این تابستون برنامه هات جایزه داره! هر هفته [RANDOM_NUMBER] میلیارد ریال کمک هزینه خرید ادوات دیجیتال با نصب و استفاده از اپلیکیشن های ""همراه من"" و ""اوانو"" همراه من؛ جامع ترین سامانه خدمات همراه اول [LINK_REMOVED] اوانو؛ خدمات دیجیتال مدیریت زندگی [LINK_REMOVED] برای شرکت در قرعه کشی هفتگی [RANDOM_NUMBER] میلیارد ریال لطفاً ""هر دو"" اپلیکیشن را نصب, ثبت نام و استفاده نمایید.","spam"
"زی زیگولو خیلی خاشوکه کلا هیچکدوم ولی اگه قرار باشه انتخاب کنیم بستگی داره کی میزنه کی میخوره مثلا من ترجیح میدم مامانم منو بزنه تا من مامانمو ولی واسه یه غریبه برعکس","ham"
"ارزان شد !!! کولرگازی مستقیم از بانه [MASKED_NUMBER]","spam"
"همراه آسیاتکی, جهت بازیابی رمز عبور از کد زیر استفاده کنید: [RANDOM_NUMBER] یا برای بازیابی سریع از لینک زیر استفاده کنید: [LINK_REMOVED]","ham"
"اون خوشش نمیاد","ham"
"سلام یه سوال در مورد برنامه داره لطفا بهش زنگ بزن","ham"
"بانک سامان با [RANDOM_NUMBER] رسید, به [RANDOM_NUMBER] میلیون برسید! قرعه کشی موبایلت با [RANDOM_NUMBER] میلیون تومان جایزه [RANDOM_NUMBER] بهمن تا [RANDOM_NUMBER] اسفند اطلاعات بیشتر: [LINK_REMOVED]","spam"
"نمیدونم ایمیل بده یک پیام روانه کنم","ham"
"به سلامت خدا پشت و پناهت مامان جون سلام برسون مراقب خودت باش مادر جان","ham"
"حسین برق رفتتت ایشالا بیات تا اونموقع","ham"
"دوس داری شاسی بلند برنده شی? حتی با یه خرید هم ممکنه [LINK_REMOVED]","spam"
"حالا [RANDOM_NUMBER] نباشه [RANDOM_NUMBER] تا هستن","ham"
"[RANDOM_NUMBER]شانس جایزه [RANDOM_NUMBER]میلیون تومانی باخرید شارژیا بسته از[USSD_REMOVED] قرعه کشی یکشنبه یکبار,ویژه خط شما,تا فردا [LINK_REMOVED]","spam"
"اعتماد شما به نخستین بانک خصوصی ج.ا.ا [RANDOM_NUMBER] ساله شد. با شما نخستین می مانیم. بانک اقتصادنوین [LINK_REMOVED]","spam"
"چه چیزی را قطع کنی? اگر وصلی هیچی رو قطع نکن","ham"
"[RANDOM_NUMBER] [RANDOM_NUMBER] پنجاه و سه هزار و [RANDOM_NUMBER] تومان","ham"
"کد فعالسازی شما در آنتن [RANDOM_NUMBER] است","ham"
"آره خوبه؛ من حدود [TIME] می رم آب خودم رو با کتاب هاشون سرگرم می کنم.","ham"
"مشترک گرامی , صورتحساب اینترنتی سیم کارت شما به آدرس ایمیل [LINK_REMOVED] ارسال شد.","ham"
"کارگزاری مفید برای شکست کرونا در کنار هم هستیم تا پایان فروردین می توانید با خرید دو نماد کرونا[RANDOM_NUMBER] (اهدای کامل) یا کرونا[RANDOM_NUMBER] (صرفا اهدای سود) در فرابورس ایران, کمک های نقدی خود را به وزارت بهداشت اهدا نمایید. خرید از طریق پلتفرم های آنلاین کارگزاری مفید مقدور می باشد. توضیحات بیشتر: [LINK_REMOVED]","spam"
"ثبت نام شما با موفقیت انجام شد. نام کاربری شما: [MASKED_NUMBER] رمز عبور شما: [ENGLISH][ENGLISH] [LINK_REMOVED]","ham"
"امشب دربرنامه عصرجدید [RANDOM_NUMBER] میلیون تومان برنده شو! با خرید شارژیا بسته اینترنت از [USSD_REMOVED] با[RANDOM_NUMBER] شانس بیشتردراین قرعه کشی هیجان انگیز شرکت کن","spam"
"بله","ham"
"خان ما داریم می ریم تنگ براق, عصر این ها میام سمت تو.","ham"
"ولی می دونم من برم کلا این ها رو نادیده می گیرم.","ham"
"کاربر راننده عزیز, از سه شنبه تا پنجشنبه ([RANDOM_NUMBER] تا [RANDOM_NUMBER] شهریور) فرصت دارید با انجام سفر پاداش دریافت کنید. [RANDOM_NUMBER] سفر: [RANDOM_NUMBER] هزار تومان پاداش [RANDOM_NUMBER] سفر: [RANDOM_NUMBER] هزار تومان پاداش نسخه اندروید: [LINK_REMOVED] اسنپ","spam"
"[RANDOM_NUMBER] هزار تومن تخفیف اولین استفاده از سرویس «اسباب کشی» اسنپ! کد: [ENGLISH] اعتبار: تا [RANDOM_NUMBER] بهمن برای اسباب کشی راحت, مطمئن و به صرفه, کافیه توی سوپراپلیکیشن اسنپ, «اسباب کشی» رو انتخاب کنی. [LINK_REMOVED]","spam"
"[NAME] عزیز, سررسید سرویس اعتباری اسنپ پی فرا رسیده است. برای جلوگیری از جریمه ی دیرکرد, لطفا حداکثر تا روز [RANDOM_NUMBER] بهمن حسابتان را تسویه کنید. مشاهده صورت حساب: [LINK_REMOVED] اسنپ پی [ENGLISH] [RANDOM_NUMBER] [RANDOM_NUMBER]","ham"
"مشترک گرامی, مطابق مصوبات سازمان تنظیم مقررات, سقف مجاز برای ارسال پیامک در هر شبانه روز [RANDOM_NUMBER] عدد تعیین شده است. عدم رعایت سقف اعلام شده موجب مسدودی سرویس پیامک از سمت آن سازمان خواهد شد","ham"
"کوچولو ببخشید خوابم برد نفهمیدم چی شد","ham"
"سلام خداروشکر.ببین قطار هست من از جمعه میتونم بریم مشهد","ham"
"مشترک گرامی شما دارای [RANDOM_NUMBER] مگابایت دیتا تا [DATE],می باشید.","ham"
"مشاوره رایگان پزشکی با اسنپ از خانه با بهترین پزشکان و روانشناسان مشورت کنید.در اپلیکیشن اسنپ سرویس «پزشک و مشاور» رو انتخاب کنید. کد تخفیف [RANDOM_NUMBER] هزار تومانی:[ENGLISH][RANDOM_NUMBER] اعتبار تا [RANDOM_NUMBER] شهریور [LINK_REMOVED]","spam"
"شرکت اجریزدسفال تولید انواع تیغه[RANDOM_NUMBER]و[RANDOM_NUMBER]؛اجرنما؛سقفی[RANDOM_NUMBER]و[RANDOM_NUMBER] [MASKED_NUMBER] ملک","spam"
"عضو محترم باشگاه فیروزه ای, پس از هربار پرداخت قبض تا یک ماه فرصت دارید با مراجعه به بخش ""امتیازگیری"" در باشگاه فیروزه ای, امتیاز مربوطه را دریافت نمایید. ورود از طریق اپلیکیشن یا وب سایت همراه من به آدرس [ENGLISH].[LINK_REMOVED] باشگاه فیروزه ای- باشگاه مشتریان همراه اول","spam"
"السلام علیک یا علی بن موسی الرضا(ع) بهره مندی از ""ویژه برنامه های حرم مطهر رضوی"" از طریق فضای مجازی فراهم شده است. زیارت حرم امام رضا(ع) و پخش زنده مراسم را از مسیرهای زیر دنبال فرمایید: اپلیکیشن رضوان: [LINK_REMOVED] اپلیکیشن روبیکا: [LINK_REMOVED] [LINK_REMOVED] سایت حرم: [ENGLISH].[LINK_REMOVED] سایت آپارات: [LINK_REMOVED] (مشارکت در ""طرح سفره مهربانی [RANDOM_NUMBER] - اهدای نان متبرک به نیازمندان"" با ارسال پیامک عدد [RANDOM_NUMBER] به شماره [RANDOM_NUMBER]) کسب اطلاعات بیشتر: تلفن ملی [RANDOM_NUMBER]","spam"
"بانک سامان کارت شماره [RANDOM_NUMBER] در ماه جاری منقضی خواهد شد","ham"
"[RANDOM_NUMBER]ما نشستیم","ham"
"اخطار فوری از طرف دیوار : فروشنده خودروی گرامی ! تا [RANDOM_NUMBER] ساعت دیگر آگهی شما از روی دیوار پاک میشود! برای جلوگیری از پاک شدن آگهی مالیات آگهی خودروی خود را پرداخت کنید: مبلغ قابل پرداخت : [RANDOM_NUMBER] هزار تومان ‎[LINK_REMOVED]","spam"
"خوابی یا بیدار [NAME]?","ham"
"خودم میام ازونور بریم","ham"
"مدت شست و شوی دست ها حداقل به اندازه [RANDOM_NUMBER] ثانیه باشد و تمامی قسمت های دست (انگشتان خصوصا انگشت شصت، کف دست و مچ دست).","ham"
"کیش[RANDOM_NUMBER] مشهد[RANDOM_NUMBER]روز[RANDOM_NUMBER] استانبول[RANDOM_NUMBER] آنتالیا دبی [MASKED_NUMBER] [MASKED_NUMBER]","spam"
"مشترک [MASKED_NUMBER] [RANDOM_NUMBER] گیگ اینترنت هدیه با اولین شارژ[RANDOM_NUMBER]هزارتومنی کیف پول دیجیتال ایرانسل شما. با شماره گیری: [USSD_REMOVED]","spam"
"مشترک گرامی, از حجم اینترنت بسته [RANDOM_NUMBER]روزه [RANDOM_NUMBER] گیگابایت , [RANDOM_NUMBER] مگابایت باقی مانده است. [USSD_REMOVED] مشاهده و خرید بسته از : رایتل من [ENGLISH].[LINK_REMOVED] یا شماره گیری [USSD_REMOVED]","ham"
"مشترک گرامی در صورتی که [RANDOM_NUMBER] درصد از حجم بسته اینترنت خود را مصرف کرده اید, با نصب اپلیکیشن ذره بین [RANDOM_NUMBER] گیگ اینترنت هدیه سه ماهه(هر ماه [RANDOM_NUMBER] گیگ) مخصوص استفاده در ذره بین بگیرید و با خیال راحت در دنیای اینترنت وبگردی کنید. نصب و فعال سازی رایگان: [LINK_REMOVED] پخش زنده فوتبال در وبگرد ذره بین: پرسپولیس - آلومینیوم اراک ساعت [TIME] استقلال - سایپا ساعت [TIME]","spam"
"[NAME] عزیز, برای استفاده مجدد از سرویس اعتباری اسنپ پی و جلوگیری از جریمه ی دیرکرد, لطفا تا فردا صورت حساب خود را پرداخت کنید. مشاهده صورت حساب: [LINK_REMOVED] اسنپ پی","ham"
"بهترین استراتژی معامله برای نمادهای شما بر اساس بک تست در ""نماد من"" [LINK_REMOVED]","spam"
"سلام, سه شنبه کجایید?! دهم فروردین, ساعت [RANDOM_NUMBER] قسمت سوم برنامه «منو بشناس» رو از دست ندید؛ فرزاد فرزین با یک اجرای جذاب, گپ و گفت جالبی با این سه نفر داره: سیدجلال حسینی, سیدمهدی رحمتی و حامد همایون. هنرنمایی گروه رستاک و کارگردانی رضا مهران فر این برنامه رو براتون تماشایی می کنه تماشا از روبیکا [LINK_REMOVED]","spam"
"مشترک گرامی, مدت اعتبار بسته آغازین [RANDOM_NUMBER] روزه ([RANDOM_NUMBER] گیگابایت اینترنت) شما [RANDOM_NUMBER]-[RANDOM_NUMBER]-[RANDOM_NUMBER] [TIME] به پایان می رسد. چنانچه طرح یا بسته فعالی نداشته باشید, ادامه استفاده مشمول تعرفه عادی خواهد بود. مشاهده و خرید بسته از : رایتل من [ENGLISH].[LINK_REMOVED] یا شماره گیری [USSD_REMOVED]","ham"
"شارژ هدیه نوت [RANDOM_NUMBER] سامسونگ با سوپرشارژ [USSD_REMOVED] اطلاعات بیشتر [LINK_REMOVED]","spam"
"فقط امروز گناوه کولرگازی,[ENGLISH],یخچال,ظرفشوی ضمانت,تحویل منزل [MASKED_NUMBER]","spam"
"سرویس اطلاع رسانی سازمان ثبت اسناد با تعرفه هر پیامک [RANDOM_NUMBER] تومان از سرشماره [RANDOM_NUMBER] در صورت تمایل به غیرفعالسازی هر یک از سرویس های خود, همواره می توانید [ENGLISH] یا خاموش را به سرشماره مربوطه ارسال نمایید.","ham"
"حالا بینیم چی میگه","ham"
"پیشنهاد ویژه هایپراستار(فقط [RANDOM_NUMBER]روز) جمعه [RANDOM_NUMBER]تیر غنچه روغن حلب[DATE]ک [RANDOM_NUMBER]%تخفیف","spam"
"سلام و درود و عرض ارادت حله باس تلفنی باهات صحبت کنم","ham"
"لرن فایلز آخرین ساعات تونلتخفیف رو از دست ندید... لینک: [LINK_REMOVED]","spam"
"خوب یعنی فردا میاد میخواستم برم راه گفتم یه وقت نیاد من نباشم","ham"
"سلام نه هنوز شیرازم آخر هفته [NAME] میاد دنبالم","ham"
"سلام و عرض ادب . اشکالی نداره . به بابا و خانواده محترمتون سلام برسونید","ham"
"*سیماک* شهرداری اهواز - منطقه [RANDOM_NUMBER] ش پ: [RANDOM_NUMBER] گواهی صادر شد.شهروند گرامی لطفاً [RANDOM_NUMBER] ساعت بعد به منطقه مراجعه فرمایید [MASKED_NUMBER] ,[DATE]","ham"
"[NAME] عزیز, اشتراک ویژه شما در «نماد من» در حال پایان است. در صورت تمایل, جهت تمدید اشتراک به صفحه اشتراک ویژه در اپلیکیشن نماد من مراجعه کنید. از همراهی شما بی نهایت سپاسگزاریم... برای لغو [RANDOM_NUMBER] را ارسال کنید","ham"
"تا [RANDOM_NUMBER]% تخفیف برای مکالمه درون شبکه با خرید بسته های مکالمه همراهی مشاهده, خرید و مدیریت بسته ها در نسخه جدید اپلیکیشن همراه من [LINK_REMOVED] و یا با شماره گیری [USSD_REMOVED]","spam"
"کد احراز هویت شما در سامانه مدیریت سهام عدالت [RANDOM_NUMBER] می باشد. لطفا جهت ورود این کد را وارد نمایید.","ham"
"دارم میام تو راهم","ham"
"کودک شما در نقش پزشک! بازی سرگرم کننده و آموزشی ""پزشک کودکان"" را با اینترنت رایگان از ""بازیک"" دانلود کنید: [LINK_REMOVED]","spam"
"نوزادپسرصالحه با یاری شما در حس مهر درمان خود را کامل کرد. برای مشاهده اسناد مالی و بیمارستانی بیمار,روی لینک زیر کلیک کنید: [LINK_REMOVED]","spam"
"نمی دونی کدومو انتخاب کنی? با دیدن نظرات هزاران کاربر دیجی کالا, می تونی یه انتخاب درست و هوشمندانه داشته باشی. همین حالا سفارشت رو ثبت کن: [LINK_REMOVED] لغو پیامک: [RANDOM_NUMBER]","spam"
"عصای سفید نماد استقلال, هویت, شجاعت, شهامت, جسارت و کرامت نابینا است ""روز جهانی نابینایان گرامی باد","spam"
"هموطن گرامی ضمن تشکر از همراهی شما در طرح کاهش زنجیره انتقال بیماری کرونا طی روزهای گذشته, همانگونه که در رسانه ها به اطلاع ملت شریف ایران رسانده شده تمامی اماکن تجمعی اعم از پارک ها, تفرجگاه ها, بوستان ها, مراکز تفریحی و... در روز طبیعت تعطیل می باشند. انتظار از مردم عزیز می رود تا با توجه به تاکیدات کارشناسان و متخصصین درمانی و پزشکی از هرگونه تجمع در این روز خودداری تا به لطف خدا این بیماری را باهم شکست دهیم. کمیته اجتماعی و انتظامی ستاد ملی مدیریت بیماری کرونا","ham"
"همراه گرامی کارنامه, در جهت انجام پروسه کامل کارشناسی خودرو, رعایت موارد زیر الزامی است: [RANDOM_NUMBER]. خشک و تمیز بودن بدنه خودرو در حد کارواش جهت انجام کارشناسی بدنه, قیمت گذاری و صدور برگه. [RANDOM_NUMBER]. حضور مالک به همراه اصل بیمه نامه و اصل کارت یا سند خودرو جهت تست رانندگی. [RANDOM_NUMBER]. فراهم بودن نور کافی جهت کارشناسی بدنه. [RANDOM_NUMBER]. فراهم بودن مکان مسقف و پرنور در مواقع بارندگی. [RANDOM_NUMBER]. لغو درخواست کمتر از [RANDOM_NUMBER] ساعت مانده به شروع کارشناسی مشمول کسر هزینه [RANDOM_NUMBER] هزار تومانی خواهد شد. * لینک گزارش, دقایقی پس از اتمام کارشناسی پیامک خواهد شد. از همراهی شما سپاسگزاریم کارنامه, دستیار مطمئن شما در خرید و فروش خودرو","ham"
"بانک سامان واریز مبلغ [RANDOM_NUMBER]ریال به [RANDOM_NUMBER] مانده [RANDOM_NUMBER]","ham"
"اشکال نداره خوشا به حال آنان که شانس داشتن","ham"
"کارگزاری بانک سامان‎ [DATE] خرید [RANDOM_NUMBER] ولکار[RANDOM_NUMBER] [RANDOM_NUMBER]‎ مانده: [RANDOM_NUMBER]‎","ham"
"️وکلای گرامی️ پلتفرم هوشمند دادیاب برای شما این امکان را فراهم می کند تا با معرفی خود ,تخصصتان و تعیین حق الوکاله به ارائه مشاوره حقوقی تلفنی و خدمات وکالتی به مخاطبان بپردازید. همین حالا در دادیاب ثبت نام کنید. [LINK_REMOVED]","spam"
"دست و پا می زنیم واسه چی? یک چیزی بود تموم شد","ham"
"تعطیل شد رفت برای یکشنبه","ham"
"بانک سامان مشتری گرامی برای جلوگیری از سوء استفاده احتمالی از طریق حملات فیشینگ, هنگام ورود به نت‎ بانک یا انجام پرداخت و خرید اینترنتی حتما به نشانی صحیح درگاه های بانکی توجه کنید. اطلاعات بیشتر را در این ویدئو مشاهده کنید: [LINK_REMOVED]","ham"
"[NAME] عزیز سلام میدونستی اگر [RANDOM_NUMBER] امتیازی که تا الان تو باشگاه کسب کردی رو در سبدهای قرعه کشی, جشنواره بزرگ سالواره هزینه کنی, ممکنه [RANDOM_NUMBER] اسفند اسمت رو تو لیست برنده ها ببینی?! با لینک زیر, مستقیم بیا تو پنل کاربریت و تو جشنواره شرکت کن : [LINK_REMOVED] باشگاه مشتریان بانک ایران زمین","spam"
"فروش ویژه سالگرد افتتاح فروشگاه هفت بین شاهد[RANDOM_NUMBER]و[RANDOM_NUMBER] فردا یکشنبه تا[RANDOM_NUMBER]%[ENGLISH]","spam"
"جوابی نگرفتم افلاینه. پیگیری میکنم","ham"
"سلام آقای دکتر وقت بخیر ببخشید مزاحم میشم من و یکی از همکارا مشکلی برامون پیش اومده جسارتا امکانش هست این هفته زحمت شیفت های سه شنبه چهارشنبه پنج شنبه و جمعه ساعت های [RANDOM_NUMBER] تا [RANDOM_NUMBER] صبح [RANDOM_NUMBER] تا [RANDOM_NUMBER] عصر و [RANDOM_NUMBER] تا [RANDOM_NUMBER] شب رو بکشید?","ham"
"باشه تا عصر میریزم حساب","ham"
"[RANDOM_NUMBER]هزار تومان تخفیف ویژه ی اولین درخواست ارسال بسته با سرویس «باکس» اسنپ! «ازخونه به کار و بارت برس!» کد تخفیف: [ENGLISH]-[RANDOM_NUMBER] اعتبار تا [RANDOM_NUMBER] خرداد از خانه به کارهایتان برسید و ارسال کالا, بسته و بار را به اسنپ بسپارید. کافی است در سوپراپلیکیشن اسنپ, سرویس «باکس» را انتخاب کنید. [LINK_REMOVED]","spam"
"هشدار: هم استانی های گرامی با توجه به پیش بینی ادامه ی بارش های رگباری تا روز سه شنبه [RANDOM_NUMBER] مرداد ماه, لطفا ضمن رعایت نکات ایمنی و توجه به هشدارهای صادره, از حضور و قرار گرفتن در حریم رودخانه ها مسیلها و نقاط کوهستانی پرهیز فرمایید. اداره کل مدیریت بحران استان فارس","ham"
"جایزه سامسونگ نوت[RANDOM_NUMBER] با خرید سوپرشارژ طی امروز و فردا [RANDOM_NUMBER]برابر شانس خود را برای برنده شدن بیشتر کنید [USSD_REMOVED] اطلاعات بیشتر [LINK_REMOVED]","spam"
"یلدای امسال شما هم دعوتید به یه دورهمی پرازچالش وجایزه. توی دورهمی یلداییتون کوییزآوکینگز بازی کنید. لینک نصب: [LINK_REMOVED]","spam"
"*بانک تجارت بانک فردا* تبریک صمیمانه مارا در سالروز تولدتان پذیرا باشید.","spam"
"بوت رو بذار روی [ENGLISH] بعدش دقیقه [RANDOM_NUMBER] به بعد اینو ببین و به معنویاتش دقت کن. [LINK_REMOVED]","ham"
"[RANDOM_NUMBER] هزار تومان تخفیف رزرو هتل با تضمین بهترین قیمت ️ کد تخفیف: [ENGLISH][ENGLISH][RANDOM_NUMBER] اعتبار: یک هفته فقط سفر ضروری️ «گشتیم نبود, نگرد نیست!» اگر هتلی را ارزانتر از اسنپ پیدا کردید, اختلاف قیمت + [RANDOM_NUMBER]% تخفیف بیشتر را مهمان اسنپ باشید! کافی است در سوپراپلیکیشن اسنپ, سرویس «هتل» را انتخاب کنید! [LINK_REMOVED]","spam"
"مشترک گرامی [MASKED_NUMBER] , تراکنش شما در تاریخ [DATE] [TIME] با موفقیت انجام شد. مبلغ پرداختی با احتساب مالیات بر ارزش افزوده : [RANDOM_NUMBER] ریال, مبلغ شارژ دریافتی : [RANDOM_NUMBER] ریال از طریق : هف هشتاد.ثبت نام قرعه کشی [RANDOM_NUMBER]میلیون تومانی از طریق کد [USSD_REMOVED] موجودی جدید : [RANDOM_NUMBER]","ham"
"ناگفته های مدال آور المپیک توکیو؛ «مدال طلا بازی دنیاست!» گفتگوی ناب «جواد فروغی» با محمدحسین پویانفر امشب در ویژه برنامه «مهلا» ساعت [RANDOM_NUMBER] در روبیکا و آیگپ [LINK_REMOVED] [LINK_REMOVED]","spam"
"وارد اون سایت ""شکن"" شدی? فیلتر نیست و آموزش جمع و جور برای هر دیوایسی گذاشته","ham"
"مشترک گرامی, بسته اینترنت هدیه [RANDOM_NUMBER] گیگابایت مخصوص استفاده در ذره بین, در روز دوشنبه تاریخ [DATE] با نصب اپ ذره بین برای شما فعال می شود و تا [DATE] قابل استفاده خواهد بود. نصب و فعال سازی رایگان: [LINK_REMOVED]","spam"
"کنسرت خنده با اجرای حسن ریوندی پخش زنده و آنلاین از لنز ایرانسل [RANDOM_NUMBER] مرداد ساعت [RANDOM_NUMBER] با رزرو زودتر، شانس بیشتری برای برنده شدن [ENGLISH][RANDOM_NUMBER] دارید! [LINK_REMOVED]","spam"
"با سلام رمز عبور شما تغییر یافت نام کاربری: [ENGLISH][RANDOM_NUMBER] رمزجدید: [ENGLISH] با تشکر کارگزاری دنیای نوین [LINK_REMOVED]","ham"
"اقامت ترکیه فقط [RANDOM_NUMBER]میلیون ‎بدون خرید ملک و سرمایه گذاری ‎مزایا: ‎افتتاح حساب بانکی اخذ راحت ویزای شنگن.. ‎ستاره طلایی [MASKED_NUMBER]","spam"
"دوست عزیز دیوار تمامی مراحل ثبت, پرداخت (در بعضی دسته بندی ها) و انتشار آگهی, فقط درون برنامه یا وب سایت دیوار ([LINK_REMOVED]) انجام می شود. توجه: لطفاً از طریق هیچ پیامکی برای پرداخت وجه جهت انتشار آگهی اقدام نکنید.","ham"
"[RANDOM_NUMBER] تومان تخفیف مشاوره ی پزشکی و روانشناسی با اسنپ! کد: [ENGLISH][ENGLISH][RANDOM_NUMBER] اعتبار:تا [RANDOM_NUMBER] اردیبهشت مشاوره ی تخصصی, درلحظه و به صرفه! از بهترین پزشکان و روانشناسان مشاوره بگیرید و نسخه ی داروهایتان را آنلاین تهیه کنید. کافی است در سوپراپلیکیشن اسنپ, «پزشک و مشاور» را انتخاب کنید. [LINK_REMOVED]","spam"
"هدیه ویژه همراه اول براى شما مشترک گرامى, [RANDOM_NUMBER] گیگ اینترنت هدیه سه ماهه(هر ماه [RANDOM_NUMBER] گیگ) مخصوص استفاده در اپلیکیشن ذره بین. دریافت و فعال سازی از طریق لینک زیر: [LINK_REMOVED] [RANDOM_NUMBER] دستگاه [ENGLISH][RANDOM_NUMBER] و [RANDOM_NUMBER] میلیون تومان جایزه هفتگی پیش بینی فوتبال در ذره بین. انگلیس ? - ? دانمارک ساعت [TIME] رایگان تماشا کنید و با پیش بینی مسابقه جایزه ببرید. همچنین در صورت عدم تمایل به دریافت اخبار, کمپین ها, جوایز و هدایای ذره بین عدد [RANDOM_NUMBER] را به [RANDOM_NUMBER] ارسال نمایید","spam"
"کاربر گرامی کد تایید شما: [RANDOM_NUMBER] فیکوشاپ","ham"
"الو","ham"
"سلام رسیدم","ham"
"کارگزاری مفید مشتری گرامی, سرکار خانم [NAME] احراز هویت شما در دفتر پیشخوان در حال انجام است. طبق مصوبه سازمان تنظیم مقررات و ارتباطات رادیویی هزینه این خدمت در دفاتر پیشخوان دولت [RANDOM_NUMBER] ریال می باشد.","ham"
"قربان خودت [NAME] جان","ham"
"اکبرجوجه ملل کیفیت بی نظیر غذاها رسالت غرب پلاک[RANDOM_NUMBER] [MASKED_NUMBER]","spam"
"تشریحی هنوز تصحیح نشده","ham"
"هر هفته تا [RANDOM_NUMBER] گیگا بایت اینترنت هدیه بگیر! فقط کافیه هر روز [RANDOM_NUMBER] نفر از دوستان غیرچارخونه ایت رو به چاخونه دعوت کنی و با ثبت نام هرکدوم, جایزه بگیری. [LINK_REMOVED]","spam"
"از [RANDOM_NUMBER] تا [RANDOM_NUMBER] درصد تخفیف برای بسته های مکالمه ویژهٔ روز دربی پایتخت! فعالسازی [USSD_REMOVED]","spam"
"هنوز تموم نشده زنگ میزنم","ham"
"شماره این روانشناسی که گفتی رو پیامک می کنی?","ham"
"در شرایط سخت همه گیری کرونا اگر دانش آموزانی را می شناسید که به علت مشکلات مالی نمی توانند در کانون ثبت نام کنند آن ها را برای بورسیه شدن به کانون معرفی کنید [LINK_REMOVED]","spam"
"سلام گوشیت خاموش شد فک کنم هر وقت روشن شدی یه خبر بده زنگت بزنم","ham"
"فیلترشکن آمدنیوز: [LINK_REMOVED]","spam"
"سپاس از همراهی صمیمانه شما ""سهم آشنا"" سالی پربرکت, سرشار از لبخند, سلامتی, عشق, آرامش و بهروزی برایتان آرزومند است. مروری بر دستاوردهای سهم آشنا در سالی که گذشت: [LINK_REMOVED]","spam"
"هایپراستار[RANDOM_NUMBER]~[DATE] لپه کیلویی [RANDOM_NUMBER] تومان خاکستر مایع ظرفشویی [RANDOM_NUMBER]گرم [RANDOM_NUMBER] تومان پاکناز مایع دستشویی [RANDOM_NUMBER]گرم [RANDOM_NUMBER] تومان","spam"
"پی پینگ؛ راهکار جامع پرداخت کسب و کارها [NAME] سالاریگرامی؛ خوشحالیم که شما هم با نام کاربری [ENGLISH] عضو خانواده بزرگ پرداخت یار پی پینگ هستید. درصورت نیاز به مشاوره و راهنمایی برای استفاده از خدمات درگاه پرداخت پی پینگ, می توانید از طریق شماره تماس [MASKED_NUMBER] و یا چت پشتیبانی سایت با ما در ارتباط باشید. [LINK_REMOVED]","spam"
"سلام مامان جون خوبی من داشتم نماز می خوندم زنگ زدی بعدش هم هر چی تماس گرفتم موفق نشدم خوبی مادر سلامتی","ham"
"سایت علی بابا باز است. برای خرید بلیط, آدرس سایت [LINK_REMOVED] را مستقیما تایپ کرده یا روی لینک زیر کلیک کنید: [LINK_REMOVED]","spam"
"فیلم ببین, [ENGLISH][RANDOM_NUMBER] برنده شو کافیه وارد گپ فیلم بشی و با اشتراک رایگان فیلم مورد علاقه ات رو تماشا کنی تا در قرعه کشی یک [ENGLISH][RANDOM_NUMBER] شرکت کنی [LINK_REMOVED]","spam"
"مشتری گرامی [NAME] شما وارد اپلیکیشن همراه صندوق وارد شدید","ham"
"شاسی بلند+ [RANDOM_NUMBER] میلیون+ گوشی هوشمند همگی با [USSD_REMOVED]","spam"
"نوبت شما با موفقیت در سیستم ثبت شد ساعت حضور شما در کلینیک [TIME]","ham"
"پرش نهایی به سوی موفقیت با دو گام اساسی, دوره امهات و جمع بندی و آزمونهای [RANDOM_NUMBER] مرحله ای جامع . با ما تماس بگیرید [MASKED_NUMBER]","spam"
"مهاجرت به دانمارک/نروژ (به همراه خانواده) با حقوق بالا ورود بدون نیاز به زبان پزشک/دندانپزشک/پرستار/ماما/فیزیوتراپ توسط وکیل دادگستری دفتر حقوقی و مهاجرتی آرپ [MASKED_NUMBER] [MASKED_NUMBER] [LINK_REMOVED]","spam"
"من با غم تو زنده می مونم با محرم تو زنده می مونم پای پرچم تو زنده می مونم الحمدلله شما عزاداران هنوز همراه واقعه هستید, با نگاه شما مجموع تماشای آنلاین و آفلاین مراسمات مذهبی در پنج شب ماه محرم از [RANDOM_NUMBER] میلیون تماشا گذشت. برای تماشای پخش زنده هیات مذهبی با اینترنت رایگان همراه اول از لینک های زیر استفاده نمایید. روبیکا [LINK_REMOVED] آیگپ [LINK_REMOVED]","spam"
"پرداخت قبض با اوانو همراه با هدیه نقدی با پرداخت اولین قبض در اپلیکیشن اوانو, [RANDOM_NUMBER] ریال هدیه نقدی بگیرید نصب رایگان اپلیکیشن اوانو: [LINK_REMOVED]","spam"
"بهترین نرخ کیش[RANDOM_NUMBER] مشهد[RANDOM_NUMBER] استانبول[RANDOM_NUMBER] دبی ارمنستان [MASKED_NUMBER]","spam"
"سلام, ببخشید این مدرک موقت من آماده نشد?","ham"
"که برای شنبه آماده باشه, خلاص شه داستان","ham"
"[RANDOM_NUMBER] فروردین, ساعت [RANDOM_NUMBER] چشم از گوشی برندارید! ویژه برنامه نوروزی ""منو بشناس"" اجرای گروه رستاک با میزبانی فرزاد فرزین حضور علی اوجی, نرگس محمدی و رضا یزدانی و کارگردانی رضا مهران فر تماشا از: روبیکا [LINK_REMOVED]","spam"
"چهارطرفه زدم","ham"
"قرعه کشی [RANDOM_NUMBER] دستگاه فیلیموباکس به همراه اینترنت یکساله برای [RANDOM_NUMBER] نفر! تنها تا فردا فرصت دارید با مراجعه به اینستاگرام رایتل یا فیلیمو در مسابقه روز سینما شرکت کنید. [ENGLISH]","spam"
"سلام. خیلی ممنونم که گفتی. هنوز حرکت نکردیم","ham"
"با سلام احتراما به استحضار می رساند, به منظور اصلاحات اورژانسی شبکه, بروزرسانی نرم افزاری و تعویض برخی از تجهیزات در سرور [ENGLISH], هاست شما در تاریخ [RANDOM_NUMBER] دی ماه [RANDOM_NUMBER] (ساعت [RANDOM_NUMBER] صبح) به مدت حدوداً یک ساعت از دسترس خارج خواهد شد. پس از انجام همه موارد بروزرسانی و تغییرات, هاستتان مجدد فعال و در دسترس قرار خواهد گرفت . برای مشاهده اینکه این اطلاعیه در خصوص کدامیک از هاست های شماست به ایمیل یا [LINK_REMOVED] مراجعه نمایید. میهن وب هاست","ham"
"سلام سیم کارت شما را به بالاترین قیمت خریداریم. تماس: [MASKED_NUMBER]","spam"
"یعنی بذارمش روی اتوماتیک","ham"
"رایتلی عزیز در استان فارس, تعرفه هر گیگابایت اینترنت فقط [RANDOM_NUMBER] هزار تومان است. با خیال آسوده و بدون نیاز به خرید بسته از اینترنت پرسرعت رایتل لذت ببرید","spam"
"آموزشگاه علمی""علم مبین"" تقویتی تیزهوشان موسس:استادفرحانی [MASKED_NUMBER]","spam"
"بانک صادرات ایران مشتری گرامی هزینه ارسال پیامک حساب شماره [RANDOM_NUMBER] سالیانه مبلغ یکصد هزار ریال میباشد. در صورت عدم تمایل حداکثر ظرف مدت یک هفته به یکی از شعب بانک مراجعه فرمایید.","ham"
"سلام تو راه کویر عزیزم","ham"
"می خوام [RANDOM_NUMBER] سانس درس بخونم","ham"
"مدیر هوشمند کسب و کار هوشمند همایش رایگان آشنایی با مدیریت عالی کسب و کار [ENGLISH] & [ENGLISH] چهارشنبه [RANDOM_NUMBER] خرداد ساعت [RANDOM_NUMBER] رزرو ارسال عدد [RANDOM_NUMBER] ویژگان","spam"
"روز مرد روز روباه مکار گربه نره شاهزاده همیشه گدا پینوکیوی دروغگو خرس پشمالو گرگ شکمو جفغد شب بیدار مزاحم همیشگی زیبای خفته... مبارک بادا!","ham"
"چهارشنبه پژو [RANDOM_NUMBER] ببر با خرید شارژ و بسته یا پرداخت قبض از طریق کد [USSD_REMOVED] یا اپلیکیشن ستاره یک لینک نصب: [LINK_REMOVED]","spam"
"[RANDOM_NUMBER] [NAME] هزینه بازدید و عیب یابی [RANDOM_NUMBER] تومن","ham"
"می رم کیش:(","ham"
"حساب:‪[RANDOM_NUMBER] [MASKED_NUMBER] -[RANDOM_NUMBER]-[RANDOM_NUMBER]‬ مبلغ:[RANDOM_NUMBER]+ انتقال از پایانه شعب مانده:[RANDOM_NUMBER] تاریخ:[DATE] ساعت:[TIME]","ham"
"با سلام مشتری گرامی , جناب آقای/سرکار خانم ,[NAME], درخواست شما جهت بررسی مغایرت در مانده حساب بررسی شد. لطفا حساب خود را بررسی نمائید.موفق باشیدکارگزاری مفید","ham"
"کی زنگ زدم خودم بیخبرم?","ham"
"دی ان اس شکن را","ham"
"شماره نیومد عزیزم","ham"
"همراه من کد احراز هویت شما: [RANDOM_NUMBER] [ENGLISH][ENGLISH][ENGLISH] [ENGLISH]:[RANDOM_NUMBER]","ham"
"""بیست هدیه [RANDOM_NUMBER] میلیون تومانی برای [RANDOM_NUMBER] بانوی همراه اولی به مناسبت میلاد حضرت فاطمه(س) و روز زن برای شرکت در قرعه کشی کافی است در روز [RANDOM_NUMBER] بهمن یکی از بسته های مکالمه یا اینترنت همراه اول را خریداری کنید"" #دستبوسمادریم","spam"
"بانک سامان از این پس در تهران بدون نیاز به حضور در شعبه, کارت هدیه خود را از موبایلت سفارش دهید. [LINK_REMOVED]","spam"
"مشترک گرامی سرویس [ENGLISH] شما آماده بهره برداری است. شما تا [RANDOM_NUMBER] روز فرصت دارید با استفاده از راهنمای نصب سرویس و نام کاربری و کلمه عبور, بدون نیاز به تماس با شرکت شاتل, این سرویس را راه اندازی کنید: نام کاربری: [RANDOM_NUMBER] کلمه عبور: [RANDOM_NUMBER] راهنمای نصب: [LINK_REMOVED] نام کاربری و کلمه عبور پیش فرض اکثر مودم ها نیز [ENGLISH] است. اگر به هر دلیل موفق نشدید سرویس را راه اندازی کنید, برای راهنمایی یا انجام هماهنگی های بیشتر با شماره سراسری [MASKED_NUMBER] تماس حاصل فرمایید. با سپاس, امور مشتریان شاتل","ham"
"ممنون چند خریدی گلم","ham"
"دنیای بافت,کاپشن مردانه,زنانه,بچگانه روسری,لباس زیر تا[RANDOM_NUMBER]%ارزانتر -بین معلم[RANDOM_NUMBER]و[RANDOM_NUMBER] واحد[RANDOM_NUMBER]-برج آبشار -نبش امامت [RANDOM_NUMBER] [LINK_REMOVED]","spam"
"مشتری گرامی بانک سپه با توجه به حذف رمز ایستای کارت در تراکنش های غیرحضوری از نیمه دوم دی ماه سال [RANDOM_NUMBER] جهت تایید و ثبت شماره تلفن همراه خود برای دریافت رمز پویا, به یکی از شعب بانک سپه مراجعه فرمایید.","ham"
"خدا رو شکر خیلی هم عالی اتفاقا فیلتر شکن لازمم!","ham"
"تخفیف های استثنایی سوپرمارکت دیجی کالا ویژه آخرین روز آخرین تابستان قرن! [RANDOM_NUMBER] هزار تومان تخفیف برای سبد بالای [RANDOM_NUMBER] هزار تومان کد ویژه شما: [ENGLISH][RANDOM_NUMBER] | تا جمعه بزن بریم: [LINK_REMOVED]","spam"
"مودم پرسرعت نسل چهار + [RANDOM_NUMBER] گیگابایت اینترنت + سیم کارت اعتباری خرید از فروشگاه آنلاین همراه اول با ارسال رایگان به سراسر کشور [LINK_REMOVED] و یا مراجعه حضوری به مراکز فروش و خدمات همراه اول","spam"
"هدیه نوروزی اپلیکیشن بورسی«نماد من»یک ماه اشتراک ویژه رایگان مراجعه به صفحه پروفایل [LINK_REMOVED] برای لغو [RANDOM_NUMBER] را ارسال کنید","spam"
"شاید برات جالب باشه بدونی امروز تولد کیه? اصلا تولد خودت مصادف با کدوم چهره های دنیاست? سرویس تولد کیه عضویت باارسال عدد [RANDOM_NUMBER] صد تومان","spam"
"ویژه برنامه آزادسازی خرمشهر؛ ️ «روایت مردانگی» با حضور «پوریا پورسرخ» و راویان دفاع مقدس؛ ️از [RANDOM_NUMBER] خرداد به مدت [RANDOM_NUMBER] شب رأس ساعت [RANDOM_NUMBER]؛ پخش از روبیکا و آی گپ؛ لینک روبیکا: ‏[LINK_REMOVED] لینک آی گپ: ‏[LINK_REMOVED]","spam"
"دیگه [RANDOM_NUMBER] رو رد کردیم","ham"
"برای دریافت امتیاز و کالای خود تماس بگیرید(کد[RANDOM_NUMBER])شماره تما [MASKED_NUMBER]","spam"
"مشترک گرامی مهلت استفاده از بسته آلفا+ سی روزه [RANDOM_NUMBER] گیگابایت + [RANDOM_NUMBER] مگابایت هدیه صبحانت([RANDOM_NUMBER] صبح تا [RANDOM_NUMBER] ظهر) شما در ساعت [TIME] تاریخ [DATE] به پایان می رسد. این بسته فاقد تمدید خودکار است. پس از به پایان رسیدن این بسته, درصورت فعال بودن سرویس اینترنت تعرفه آزاد و نداشتن بسته, مصرف شما با تعرفه آزاد محاسبه می شود. جهت اطلاع از وضعیت بسته اینترنت خود کد [USSD_REMOVED] و جهت رزرو بسته اینترنت کد [USSD_REMOVED] را شماره گیری فرمایید.","ham"
"سلام کجایی نیومدی","ham"
"اسکایپ کن رفیق, اسکایپ کن رفیق, تنها نمان به چت","ham"
"مشترک گرامی؛ به منظور صیانت از حقوق مشترکین, ارسال پیامک به منظور تبلیغات, از شماره شخصی, به استناد مصوبه [RANDOM_NUMBER] شورای عالی فضای مجازی و مصوبه [RANDOM_NUMBER]-[RANDOM_NUMBER] کمیسیون تنظیم مقررات ارتباطات, تخلف محسوب می گردد","ham"
"مشترک گرامی به منظور کاهش ترددهای غیرضروری و حفظ سلامتی شما, ارائه خدمات همراه اول از طریق سرویس خدمات در محل(همراه یار) فراهم شده است. شما می توانید با شماره گیری [RANDOM_NUMBER] و انتخاب گزینه خدمات در محل از این سرویس استفاده نمایید. همراه اول","spam"
"[RANDOM_NUMBER]گیگ اینترنت، ویژه مشترکین منتخب اپلیکیشن دکتر زیتون! زیرنظر دکترمتخصص رژیم بگیرید: [LINK_REMOVED]","spam"
"دریافت جدیدترین آهنگهای پیشواز باارسال کدهای زیر به [RANDOM_NUMBER] جای تو خالیه, فرزاد فرزین, [RANDOM_NUMBER] آروم ندارم, مهدی جهانی» [RANDOM_NUMBER] رد پا، رضا صادقی, [RANDOM_NUMBER]","spam"
"برای اولین بار مجازی ویزیت شو! کاشت مو با مجوز رسمی ارسال عدد[RANDOM_NUMBER]","spam"
"وای امیدوارم با خبر خوب پیام بدن","ham"
"مشترک گرامی: برای دریافت سیمکارت رایگان دانش آموزی, حتماً قبل از مراجعه به دفاتر کد مربوطه را با ارسال عدد [RANDOM_NUMBER]به [RANDOM_NUMBER] دریافت نمایید.","ham"
"بازنشسته گرامی برای پیگیری تسهیلات بانک ملت همراه با اصل وکپی شناسنامه وکارت ملی وفیش حقوقی به شعبه اقلید مراجعه نمایید","ham"
"سلاام من پنج مین دبگه میرسم","ham"
"هشدار مهم؛ هرگونه تماس تلفنی با عنوان شرکت مخابرات به بهانه کابل برگردان و قطع خطوط تلفن و درخواست کد از شما کلاهبرداری است, هرگز کدهای صوتی دریافتی از تلفن ثابت خود را برای هیچ کس قرائت نکنید","ham"
"انواع چک شخصی و شرکتی و صیادی جهت ضمانت موجود است [MASKED_NUMBER]","spam"
"بازنشسته گرامی پیرو تصمیم صندوق بازنشستگی کشوری, هزینه واکسن آنفولانزا فصلی, تا سقف [RANDOM_NUMBER] تومان تحت پوشش درمان تکمیلی شما قرار گرفت.","spam"
"تا [RANDOM_NUMBER] درصد شارز بیشتر+شانس خودرو+شانس سفر به کیش و گوشی هفتگی همه با یک خرید امروز از [USSD_REMOVED]","spam"
"[ENGLISH]: [RANDOM_NUMBER] کد تایید ورود شما به زرین پال","ham"
"سلام بر [NAME] دلها, خیر بدجورم قطع است","ham"
"خرید با چی میچسبه???با تخفیف!!! [RANDOM_NUMBER]تا [RANDOM_NUMBER]مهر در افق کوروش","spam"
"[RANDOM_NUMBER] جایزه [RANDOM_NUMBER] میلیون تومانی امشب [LINK_REMOVED]","spam"
"بانک سامان مشتری گرامی باتوجه به ارتقای زیرساخت اپلیکیشن موبایلت, حتماً نسخه فعلی را تا [RANDOM_NUMBER] آذرماه به روزرسانی کنید. لینک به روزرسانی: [LINK_REMOVED]","ham"
"️[ENGLISH]️ تا[RANDOM_NUMBER]% تخفیف برروی تمامی کالاها چهارراه معدل/شیراز[RANDOM_NUMBER]","spam"
"فرش فرهی شیرین ترین تخفیف سال تا [RANDOM_NUMBER]% خیابان [RANDOM_NUMBER] متری , نبش آهنگری [MASKED_NUMBER] [LINK_REMOVED]","spam"
"نمی دونم مرکز اسناد اومده باشی یا نه, یه طوریه فضاش آدم می خواد بدون استراحت درس بخونه, دوستش دارم. حیف سینما و کارفه هاش تعطیل شد وگرنه [RANDOM_NUMBER] از [RANDOM_NUMBER] بود","ham"
"از اپلیکیشن هف هشتاد به راحتی شارژ و بسته اینترنت بخر و در قرعه کشی[RANDOM_NUMBER]میلیونی([RANDOM_NUMBER]تا[RANDOM_NUMBER] میلیون) شرکت کن.دانلود از [LINK_REMOVED]","spam"
"*پرشین گیگ* یک پاسخ جدید برای تیکت شما با شماره پیگیری [ENGLISH]-[ENGLISH] درج گردید.","ham"
"موبایلتان را خاموش نکنید قرعه کشی [RANDOM_NUMBER]میلیونی امروز ساعت [TIME] هر تراکنش امروز [RANDOM_NUMBER] شانس [LINK_REMOVED]","spam"
"اعلام شعب کشیک بانک شهر در روزهای [RANDOM_NUMBER] اسفند[RANDOM_NUMBER]و[RANDOM_NUMBER]فروردین [RANDOM_NUMBER] [LINK_REMOVED]","spam"
"عزیزم به [NAME] بگو آب رو درست کنه","ham"
"مشترک گرامی، با توجه به پایان فرآیند بررسی و رسیدگی به موردی که ارجاع دادید خواهشمند است جهت بهبود ارائه خدمات. میزان رضایت خود را از فرآیند پیگیری واحد پشتیبانی مشترکان با ارسال 'شماره' گزینه انتخابی به شماره [RANDOM_NUMBER] اعلام فرمایید: [RANDOM_NUMBER]- کاملا ناراضی [RANDOM_NUMBER] ناراضی [RANDOM_NUMBER]-نظری ندارم [RANDOM_NUMBER]-راضی [RANDOM_NUMBER]-کاملا راضی باتشکر ایرانسل","ham"
"[RANDOM_NUMBER]تومان تخفیف مشاوره ی پزشکی و روانشناسی, دریافت نسخه ی آنلاین و ارسال دارو با اسنپ! کد:[ENGLISH][ENGLISH][RANDOM_NUMBER] اعتبار:[RANDOM_NUMBER] مرداد کافیه در سوپراپلیکیشن اسنپ, «پزشک و مشاور» را انتخاب کنید. [LINK_REMOVED]","spam"
"سر کوچه سوار میشم","ham"
"بلیت مترو در هوای ناسالم رایگان یا نیم بها *شاپ [LINK_REMOVED]","ham"
"[RANDOM_NUMBER] هزارتومان تخفیف بلیت پرواز داخلی + [RANDOM_NUMBER] هزارتومان تخفیف رزرو هتل با اسنپ کد تخفیف: [ENGLISH][ENGLISH][ENGLISH][ENGLISH][ENGLISH] اعتبار: تا [RANDOM_NUMBER] فروردین سلامتی اولویت دارد. با رعایت پروتکل های بهداشتی فقط به شهرهای مورد تایید ستاد مقابله با کرونا سفر کنید. [LINK_REMOVED]","spam"
"چک های صیادی باید توسط صادرکننده یا انتقال دهنده در سامانه صیاد ثبت شود. دریافت کننده باید اطلاعات مربوط به خود و چک را در سامانه صیاد تأیید نماید, در غیر اینصورت چک قابل وصول نیست. جلوگیری از جعل, دستکاری چک, سرقت, کلاهبرداری, مفقودی و صدور اجرائیه بدون نیاز به حکم دادگاه از امتیازات ویژه چک های صیادی است. بیشتر بدانیم: [LINK_REMOVED] معاونت اجتماعی و پیشگیری از وقوع جرم قوه قضاییه [ENGLISH] [RANDOM_NUMBER] [RANDOM_NUMBER]","ham"
"برنامه ت برای ادامه امروز چیه?","ham"
"هنوز نخابیدم, البته الان دیگه باید بخابم کم کم","ham"
"سلام شماره واتساپ شما رو ندیدم","ham"
"عرضه اولیه شرکت سرمایه گذاری و خدمات مدیریت صندوق بازنشستگی کشوری (نماد مدیریت) سهمیه هر کد:حداکثر [RANDOM_NUMBER] سهم بازه قیمتی : [RANDOM_NUMBER] تا [RANDOM_NUMBER] ریال تاریخ ثبت سفارش : فردا چهارشنبه [DATE] توجه داشته باشید طبق دستورالعمل واحد نظارت فرابورس, خرید خودکار عرضه اولیه در فرابورس ممنوع است.خواهشمند است در روز عرضه, مطابق با پیغام ناظر نسبت به ثبت سفارش خرید خود اقدام نمایید. واحد معاملات برخط شرکت کارگزاری بانک سامان","ham"
"مشترک گرامی درخواست ترابرد شما پس از پرداخت هزینه های مرتبط با واگذاری سیم کارت فعلی قابل انجام می باشد جهت کسب اطلاعات بیشتر با اپراتور فرستنده تماس حاصل فرمایید","ham"
"تسهیلات گیرنده محترم باسلام به منظورآگاهی ازشرایط مساعدت دربازپرداخت تسهیلات دریافتی فعالان اقتصادی به آدرس سایت [LINK_REMOVED] مراجعه فرمائید.بانک مهراقتصاد","spam"
"ولله قسم اگر بفهمی","ham"
"سلام [NAME] من [NAME] هستم یهویی گفتم نکنه امکانات خواب نداشته باشی بیا اینجا ما هم مثل قبل امکانات نداریم ولی یکاریش میکنیم اگه هم خواب هستی صبحانه بیا اینجا","ham"
"خوشا به حال آنان که مهربان و با گذشت اند, زیرا از دیگران گذشت خواهند دید. شما هموطن گرامی می توانید با ارسال عدد [RANDOM_NUMBER] به شماره [RANDOM_NUMBER] صدقه اول ماه قمری خود را به مبلغ [RANDOM_NUMBER] هزار تومان بدست نیازمندان مناطق محروم برسانید. کمیته امداد امام خمینی(ره)","spam"
"دانشگاه بر پاست فعلا","ham"
"شرکت شماره [RANDOM_NUMBER] میهن نورآریا شیراز کد بلیط [RANDOM_NUMBER] شناسه پایانه ها [RANDOM_NUMBER] تاریخ حرکت [DATE] ساعت حرکت [TIME] سایت پایانه ها, معتبرترین سامانه فروش بلیط اتوبوس [LINK_REMOVED]","ham"
"به رنگ جایزه, به سبک دیجیتال [RANDOM_NUMBER] میلیون تومان برای [RANDOM_NUMBER] برنده خوش شانس با تراکنش پاییزی در ایرانسل من دانلود ایرانسل من با شماره گیری: [USSD_REMOVED]","spam"
"چه ساعتی?","ham"
"سلام من از جمعه آزادم [NAME] اومده .کی میای تهران .کمرت خوب شد?","ham"
"عرضه اولیه: شرکت مدیریت سرمایه گذاری کوثر بهمن (وکبهمن[RANDOM_NUMBER]) سهمیه هر کد:حداکثر [RANDOM_NUMBER] سهم بازه قیمتی : [RANDOM_NUMBER] تا [RANDOM_NUMBER] ریال تاریخ و دوره ثبت سفارش : روز سه شنبه [DATE] از ساعت [TIME] تا [TIME] تاریخ تخصیص سهام : روز چهارشنبه [DATE] لطفا از هم اکنون نسبت به شارژ حساب خود اقدام فرمایید. با تشکر واحد معاملات برخط شرکت کارگزاری بانک سامان","ham"
"فدای سرت دوشنبه می زنیم انشا ءالله","ham"
"[NAME] عزیز سلام پیشنهاد میکنیم در واپسین روزهای بهار, اولین سفر بهاری خود با دوچرخه های بیدود را در حال و هوایی متفاوت از زمستان تجربه کنید. مشاهده نزدیک ترین دوچرخه به شما هم اکنون در اپلیکیشن بیدود","spam"
"یه تعدادی آموزش هست برای رفع این [ENGLISH]","ham"
"کد تایید سامانه سهام عدالت: [RANDOM_NUMBER] سازمان خصوصی سازی","ham"
"خرمشهر را خدا آزاد کرد؛ ️ «پوریا پورسرخ» در “روایت مردانگی”؛ ️از [RANDOM_NUMBER] خرداد به مدت [RANDOM_NUMBER] شب رأس ساعت [RANDOM_NUMBER]؛ پخش از روبیکا و آی گپ؛ لینک روبیکا: ‏[LINK_REMOVED] لینک آی گپ: ‏[LINK_REMOVED]","spam"
"باشه دست گلت درد نکنه اگه جواب داد بگو من [RANDOM_NUMBER] دلار میخوام. اگه داشتم قیمت رو بهم خبر بده","ham"
"خرید و فروش فیش حج با مناسب ترین قیمت [MASKED_NUMBER] [MASKED_NUMBER] لغو: [ENGLISH]","spam"
"خرید بلیطت رو از مِستربلیط نهایی کن! [LINK_REMOVED]","spam"
"مشتری محترم تیپاکس , سلام , مرسوله شما به شماره [RANDOM_NUMBER] با هزینه حمل [RANDOM_NUMBER]ریال به صورت نقدی تحویل گیرنده گردید","ham"
"[ENGLISH] [RANDOM_NUMBER]%تخفیف روی تمام اجناس+ [RANDOM_NUMBER]%تخفیف بیشترزمان پرداخت شیراز[RANDOM_NUMBER]","spam"
"کارگزاری بانک سامان‎ [DATE] خرید [RANDOM_NUMBER] ومدیر[RANDOM_NUMBER] [RANDOM_NUMBER]‎ مانده: [RANDOM_NUMBER]‎","ham"
"بذار ساعت [RANDOM_NUMBER] حرکت کن بیا","ham"
"مشتری عزیز موناد برای اطلاع از تخفیفات ویژه تابستانه لیزر عدد [RANDOM_NUMBER] تزریق ژل و بوتاکس عدد [RANDOM_NUMBER] خدمات رژیم و لاغری عدد [RANDOM_NUMBER] خدمات زیبایی پوست عدد [RANDOM_NUMBER] [MASKED_NUMBER] [MASKED_NUMBER] [MASKED_NUMBER]","spam"
"بازنشسته گرامی بر اساس تفاهم نامه منعقد شده با بیمه ملت, شما می توانید با مراجعه به نمایندگی های این شرکت, بیمه های شخص ثالث و بدنه خودرو, آتش سوزی منازل و عمر و حادثه را با تخفیف و در اقساط یکساله خریداری کنید. اطلاعات بیشتر: تماس با شماره [MASKED_NUMBER] -[RANDOM_NUMBER] یا مراجعه به سایت [LINK_REMOVED] صندوق بازنشستگی کشوری","spam"
"میخوای پژو[RANDOM_NUMBER] ببری? [RANDOM_NUMBER]امتیاز هدیه فقط با خرید یک شارژ یا بسته اینترنت و مکالمه از[USSD_REMOVED] ویژه خط شما,یکبار,تا فرداشب","spam"
"السلام علی الخدّ التریب پیاده روی اربعین حسینی در مسیر نجف تا کربلا را لحظه به لحظه با روبیکا عاشقی کنید پوشش زنده و تصویری از مسیر پیاده روی اربعین در ویژه برنامه قدمگاه هر روز ساعت [RANDOM_NUMBER] , [RANDOM_NUMBER] , [RANDOM_NUMBER] , [RANDOM_NUMBER] و [RANDOM_NUMBER] پیاده روی و زیارت نیابتی خاطره سازی اربعین از نجف تا کربلا قدمگاه, همراه اول شما در این مسیر است. لینک نصب روبیکا و کانال برنامه قدمگاه: [LINK_REMOVED]","spam"
"بگوشت گوسفندی داغ در پک ویژه بیرون بر(پیتی سفالی, گوشتکوب, پیاز و سبزی) کته مخصوص با برنج ایرانی و انواع کباب *مسترپیتی در خدمت شماست* ولیعصر, فلکه پروین اعتصامی, جنب مجسمه پروین [RANDOM_NUMBER] و [RANDOM_NUMBER]","spam"
"با کمترین سرعت اینترنت بلیط هواپیما آنلاین بخرید [LINK_REMOVED]","spam"
"چاپ کتاب ویژه مصاحبه دکترا ناشر معتبر فوری کم هزینه [MASKED_NUMBER]","spam"
"بدم نمیاد حداقل یه شامپو بخرم:))","ham"
"*تهران ملودی* تخفیف های ویژه در فستیوال زمستانی [LINK_REMOVED]","spam"
"[NAME] عزیز, با تکمیل پرسش نامه زیر, ما را در ایفای بهتر نقش مسئولیت اجتماعی یاری کنید: [LINK_REMOVED] از اینکه با اختصاص زمان ارزشمندتان دیجی کالا را همراهی می کنید سپاس گزاریم. لغو: [RANDOM_NUMBER]","spam"
"خواهش می کنم ولی به احتمال زیاد به شماره اشتباهی پیام دادی","ham"
"پیشواز خودت رو بساز! آهنگ دلخواهت رو انتخاب کن, قطعه مورد علاقه ات رو برش بزن! [RANDOM_NUMBER]ساعت اشتراک رایگان! دانلود: [LINK_REMOVED]","spam"
"بانک سامان ورود به درگاه بانکی [DATE] [TIME] [ENGLISH].[LINK_REMOVED]","ham"
"صبح به خیر فرقی نداره, بیکارم و حوصله م سر رفته, هر کدام که کیفیت بیشتری داره و به کشتن نمی دهد.","ham"
"سلام از خدمت از ما تماس می گیرم ارسال رزومه داشتید برای تحلیلگر دیتا","ham"
"آخرین پیامی رو هم که یادم میاد دادیم عکس لپ تاپت بود بی هیچ توضیحی, نسبت آهنگ ها به پیام های بی جواب رو هم در بیارم قطعا تو یکی فرستاده بوده باشی من [RANDOM_NUMBER]تا فرستادم","ham"
"کولرگازی کم مصرف راگران نخرید! ارسال رایگان تسویه درب منزل [MASKED_NUMBER]","spam"
"بریم فالوده بخوریم?","ham"
"ران مرغ [RANDOM_NUMBER] مغز ران گوساله [RANDOM_NUMBER] همبرگر [RANDOM_NUMBER]عددی [RANDOM_NUMBER]% [RANDOM_NUMBER] ماءالشعیر ایستک [RANDOM_NUMBER]% سس بیژن [RANDOM_NUMBER]% دستمال سافتلن [RANDOM_NUMBER]([RANDOM_NUMBER]%) هایپر فامیلی پروما","spam"
"من اومدم عسلویه و ظاهرا اینجا تلفن هیچ علاقه ای به کار کردن نداره؛ زنگ می زنی نمی بینم یه نیم ساعت بعدش [ENGLISH] میاد که تمام گرفتی","ham"
"رفاه تهرانسر گوسفندنیم شقه دست[RANDOM_NUMBER]ت نیم شقه ران[RANDOM_NUMBER]ت فقط امروز لغو[RANDOM_NUMBER]","spam"
"بانک ملت واریز سود علی الحساب سپرده [RANDOM_NUMBER] به حساب [RANDOM_NUMBER] مبلغ [RANDOM_NUMBER] ریال [DATE]","ham"
"سلام ببخشید خیلی به زحمت افتادی اگر موندن ناهار امروز [NAME] به حساب [NAME] برای [NAME] نوشتم","ham"
"مشتری گرامی جانبو مانده اعتبارکوپن شما ازجشنواره خریدرایگان[RANDOM_NUMBER]ریال می باشد, فقط تا[RANDOM_NUMBER]دی برای استفاده ازتخفیف مازاد[RANDOM_NUMBER]%تاسقف مانده اعتبارتان, به فروشگاهی که کوپن رادریافت نموده اید مراجعه فرمایید.","spam"
"کد تایید شما در سامانه احراز هویت خدمات انتظامی : [RANDOM_NUMBER]","ham"
"کاربر گرامی فلای تودی؛ لطفا جهت دریافت بهترین قیمت پروازهای داخلی و خارجی به وبسایت فلای تودی مراجعه نموده و با ثبت ایمیل خود از هرگونه تغییر قیمت بلیط در هر لحظه مطلع شوید. [LINK_REMOVED]","spam"
"کتاب های صوتی مورد علاقه خود را در چاخونه با اینترنت رایگان گوش کنید+ [RANDOM_NUMBER] گیگ اینترنت هدیه با ثبت نام در چارخونه [LINK_REMOVED]","spam"
"تخفیف ویژه روز مادر در خرید بسته های مکالمه و اینترنت همراه اول برای خود و دیگران بسته مکالمه [RANDOM_NUMBER] دقیقه ای [RANDOM_NUMBER] روزه بسته اینترنت [RANDOM_NUMBER] گیگ [RANDOM_NUMBER] روزه بسته ترکیبی([RANDOM_NUMBER]گیگ اینترنت[RANDOM_NUMBER]دقیقه مکالمه) [RANDOM_NUMBER] روزه مهلت فعالسازی فقط تا پایان [RANDOM_NUMBER] دی خرید و فعالسازی از طریق شماره گیری کد [USSD_REMOVED]","spam"
"زمان خوبیه","ham"
"کاربر گرامی اپلیکیشن همراه من برای شرکت در قرعه کشی [RANDOM_NUMBER] میلیون تومانی هر هفته, ضروریست از طریق لینک زیر اپلیکیشن اوانو را نیز نصب نموده و با همین شماره در آن ثبت نام نمایید. [LINK_REMOVED] به امید اینکه شما یکی از برندگان این هفته باشید.","spam"
"در تلگرام به من پیام بدید به دستم می رسه, گوشی رو چون خیلی کاریش ندارم میندازم یه گوشه [RANDOM_NUMBER] روز بعد پیداش می کنم","ham"
"[RANDOM_NUMBER]بسته اینترنت[ENGLISH] جایزه خریدشارژ و اینترنت از [USSD_REMOVED] امروز[RANDOM_NUMBER]برابرشانس","spam"
"شکایت شما ثبت گردید.","ham"
"[RANDOM_NUMBER] گیگابایت اینترنت رایگان, با ترافیک بین الملل با به روزرسانی یا نصب آخرین نسخه اپلیکیشن همراه من, [RANDOM_NUMBER] گیگابایت اینترنت رایگان با ترافیک بین الملل دریافت نمایید. [LINK_REMOVED] همراه اول؛ همراه لحظه های دیجیتال","spam"
"من برای خودم اینترنت درس کردم, هیچ کس آنلاین نیست ولی, خیلی خوبه مثل دمو مهاجرت می مونه","ham"
"درود نوروز فرخنده با ارزوی سلامتی و موفقیت [NAME]","ham"
"سلام ارباب گلمحمدافغان هستم شمارت ازعبدلابراکارگرفتم چن بارزنگ زدم جواب ندادی داشتم چاکنده میکردم [RANDOM_NUMBER]سیکه زرپیداکردم اگه توان داری برامان فروشان کن شراکتی تورابقران براکسی گپ نزن زنگ بزن","ham"
"همراه اولی عزیز [RANDOM_NUMBER] جایزه [RANDOM_NUMBER] یورویی [RANDOM_NUMBER] دستگاه [ENGLISH][RANDOM_NUMBER] [RANDOM_NUMBER] گوشی هوشمند سامسونگ [RANDOM_NUMBER] بسته اینترنت [RANDOM_NUMBER] گیگابایتی با [RANDOM_NUMBER] گیگ اینترنت هدیه مخصوص استفاده در ذره بین, فوتبال سرنوشت ساز ایران – عراق رو رایگان تماشا کن و با پیش بینی درست مسابقات فوتبال, برنده یکی از [RANDOM_NUMBER] جایزه هیجان انگیز ذره بین شو. نصب و دریافت از طریق لینک زیر [LINK_REMOVED]","spam"
"«تاک شو طناز», به میزبانی کمال تبریزی [LINK_REMOVED] گفتگویی چالشی با مازیار لرستانی, ژاله صامتی و سایر بازیگران سینما","spam"
"هدیه همراه اول به مناسبت عید مبعث رسول اکرم(ص) [RANDOM_NUMBER]گیگابایت اینترنت هدیه (ویژه محتوای داخلی) فرصت فعالسازی بسته تا [RANDOM_NUMBER] اسفند با شماره گیری کد [USSD_REMOVED]","spam"
"رسیدهایپرمیمشتری نواز به خرمی وسعادت به خطه شیراز بیست وششمین شعبه هایپرمی [RANDOM_NUMBER]مترسطح فروش افتتاح: پنجشنبه,ساعت[RANDOM_NUMBER]مشیرشرقی","spam"
"بازنشسته گرامی, به آگاهی می رساند مهلت ثبت نام بیمه تکمیلی عمر و حوادث در [RANDOM_NUMBER] اسفند به پایان می رسد و پس از آن,سامانه ثبت نام غیرفعال خواهدشد.برای استفاده از خدمات ویژه این طرح تنها دوروز دیگر فرصت دارید از طریق نشانی [LINK_REMOVED] ثبت نام کنید. تلفن راهنمایی [MASKED_NUMBER]","spam"
"هایپراستار[DATE]~[DATE] چرخکرده مخلوط [RANDOM_NUMBER]گ [RANDOM_NUMBER]ت پیک کنسرو ماهی تن [RANDOM_NUMBER]ت شکلی کره [RANDOM_NUMBER]گ [RANDOM_NUMBER]ت","spam"
"تیکت شما با شماره پیگیری: [ENGLISH]-[ENGLISH] در وضعیت بسته شده قرار دارد. لطفا به ما امتیاز دهید, تا بتوانیم خدمات پشتیبانی مشتریان خود را بهبود ببخشیم.","ham"
"خریدهاتون رو مهمون تخفیف های آیگپ باشید, کدهای تخفیف کالاهای دیجیتال, سوپرمارکتی و.... منتظر شماست. دانلود [LINK_REMOVED]","spam"
"پرسپولیس با شما قهرمانه با ارسال [RANDOM_NUMBER] به [RANDOM_NUMBER] از تیم خود حمایت کنید و در قرعه کشی [RANDOM_NUMBER] جایزه [RANDOM_NUMBER] میلیون تومانی شرکت کنید","spam"
"کلمه عبور شما به [RANDOM_NUMBER]تغییر یافت. صندوق رفاه دانشجویان","ham"
"دارم انگیزه نامه مینویسم","ham"
"زبانسرا: ثبت نام ترم پاییز[RANDOM_NUMBER] درکلیه دوره ها ویژه کودکان تا بزرگسالان به صورت غیرحضوری شروع ترم: [RANDOM_NUMBER] مهرماه مشاوره آنلاین از طریق واتس اپ([RANDOM_NUMBER] ساعته) [LINK_REMOVED] سامانه تعیین سطح: [LINK_REMOVED] شماره تماس: [MASKED_NUMBER]","spam"
"[NAME] عزیز تنقلات رو با تخفیف بخر! [RANDOM_NUMBER]% تخفیف ویژه سفارش انواع چیپس, پفک و پاپ کورن از سوپرمارکت ها در اسنپ فود فقط امروز تا ساعت [RANDOM_NUMBER] مشاهده سوپرمارکت ها در صفحه اول اپلیکیشن: [LINK_REMOVED]","spam"
"هوشمندانه پرداخت کنید... با پرداخت قبض پایان دوره تا [RANDOM_NUMBER] خرداد از طریق اپلیکیشن همراه من و یا اوانو علاوه بر دریافت قطعی هدیه شتاب در پرداخت, شانس خود را برای برنده شدن [RANDOM_NUMBER] جایزه [RANDOM_NUMBER] میلیون ریالی از دست ندهید. دریافت نسخه جدید اپلیکیشن همراه من: [LINK_REMOVED] دریافت اپلیکیشن مالی, اپراتوری و فروشگاهی اوانو: [LINK_REMOVED]","spam"
"خرید گندم آبی بصورت نقدی بدون افت بالاتر از قیمت دولتی به قیمت هر کیلو [RANDOM_NUMBER] تومان توسط کارخانه آرد وحدت آباده [MASKED_NUMBER] [MASKED_NUMBER]","spam"
"گل به سرت عزیزم سلامت باشی عزیزم","ham"
"این سایت هم باید کار کنه برای دانلود اپ ها [ENGLISH] .[ENGLISH]","ham"
"آخرش هم مجبور می شم آقای خرگوش رو بدم روبی:(","ham"
"هموطن گرامی: با توجه به عدم برگزاری برخی از مراسمات ماه مبارک رمضان و لزوم خدمت هر چه بیشتر به محرومین کشور به نیت خدمت به روزه داران و با عنایت به فضیلت افطاری ماه مبارک رمضان, شما می توانید هدایا و نذورات ماه رمضان خود را به طرح پویش ""همدلی ماه رمضان"" با هر توان مالی اختصاص دهید. جهت اطلاعات بیشتر و مشارکت در این پویش به سایت زیر مراجعه فرمایید. [LINK_REMOVED]","spam"
"[NAME] عزیز, به دلیل انتخاب یکی از گزینه های سفر, هزینه سفر شما تغییر کرد. لطفاً مبلغ [RANDOM_NUMBER] ریال نقدی پرداخت کنید.","ham"
"تماشای فیلمهای برنده گلدن گلوب [RANDOM_NUMBER] در چارخونه: [LINK_REMOVED]","spam"
"قفل کرد گوشی بی موقع","ham"
"ممنون ازت من دویست و پنجاه میریزم حساب برای بچه ها","ham"
"[NAME] عزیز, کد ورود به سامانه شما: [RANDOM_NUMBER] ابر آسیاتک","ham"
"خداروشکر که خوبی خواهش میکنم مراقب خودت باش و لطفا من رو در جریان اپدیت هات قرار بره","ham"
"باهاش روی نت همراه اول وصلم","ham"
"من شرکت سبزارم نگران نشید","ham"
"سلام اگه خواستید جا به جا بشید بهم اطلاع بده","ham"
"سپرده گذار محترم عمره مفرده سلام علیکم ضمن عرض تبریک عید سعید غدیر, آرزومندیم با برطرف شدن موانع و بازگشایی سفر زیارتی عمره , توفیق این سفر معنوی نصیب همه مشتاقان زیارت بیت الله الحرام و حرم شریف نبوی(ص) گردد. ضمناً از طریق همین شماره آماده دریافت نظرات و پیشنهادات شما عزیزان هستیم. «سازمان حج و زیارت»","spam"
"جای [ENGLISH] یه بذار","ham"
"مادر به من میگفتی تنبل همون کفش چرمی قدیمیه","ham"
"مدرسه ت ساعت چند تموم می شه?","ham"
"در موج اول «ایران همدل», دل های میلیون ها نفر با محبت شما شاد و امیدوار شد. حالا در موج دوم ایران همدل می خواهیم گام بلندی برداریم برای باز کردن گره های بزرگ تر؛ دل هایمان را به هم نزدیک می کنیم تا کسی از قلم نیفتد. مشارکت در پویش از طریق شماره گیری [USSD_REMOVED] و یا واریز به شماره کارت [RANDOM_NUMBER]","spam"
"بمب تخفیفات افق کوروش شیراز فتح المبین [RANDOM_NUMBER]و[RANDOM_NUMBER]شهریور هر[RANDOM_NUMBER]ت خرید=اشانتیون روغن کوکا[RANDOM_NUMBER] تن[RANDOM_NUMBER]گ سانتین[RANDOM_NUMBER] مایع لباس سافتلن[RANDOM_NUMBER] بلوار عدالت - خیابان فتح المبین [LINK_REMOVED]/[RANDOM_NUMBER]","spam"
"رمز یکبار مصرف: [RANDOM_NUMBER] پورتال ایرانسل","ham"
"جالبیش میدونی چیه.من اول بک رو دوست داشتم.گفتم خوبه یکی رو دوست داشته باشم بقیه مث دوست معمولی باشن برام بعد چان اومد.بعد سوهو. سهون. دی او. چن. کای. شیومین . کریس وو ...","ham"
"[NAME] عزیز هرجا نانه, ارسالش رایگانه! ارسال رایگان ویژه اولین سفارش نان گرم و تازه از اسنپ فود اعمال خودکار از طریق کوپن فقط تا پنجشنبه [RANDOM_NUMBER] مهر مشاهده نانوایی ها: [LINK_REMOVED]","spam"
"مشتری گرامی زادروزتان خجسته باد ""بانک سپه (مهر سابق)""","spam"
"شما؟","ham"
"نه رفتار خوانی بلد نیستی ولی از حرف هم هرچی دلت میخواد برداشت می کنی","ham"
"سرمایه گذار گرامی پیرو مصوبه ستاد ملی کرونا تمامی فعالیت ها از [RANDOM_NUMBER]مرداد تا [RANDOM_NUMBER]مرداد تعطیل است. لذا امکان درخواست صدور و ابطال تا پایان روز [RANDOM_NUMBER]مرداد مقدور نیست. سبدگردان سهم آشنا","spam"
"نتم کار نمیکنه اصلا","ham"
"آدینه بوک خرید از نمایشگاه بین المللی کتاب تهران [LINK_REMOVED]","spam"
"اقامت دائم کانادا برای کل اعضای خانواده باهزینه [MASKED_NUMBER] دلار [MASKED_NUMBER]","spam"
"مشترک گرامی در تاریخ [DATE] [TIME] یک عدد سرویس [ENGLISH]/[ENGLISH] به شماره [MASKED_NUMBER] با کد ملی شما در اپراتور آسیاتک ثبت گردیده است. در صورت وجود مغایرت به اپراتور مذکور مراجعه فرمایید.","ham"
"سلام گوجه بگیر بیار برای شب املت درست کنم تلفنت در دسترس نیست","ham"
"شترک گرامی, بسته اینترنت هدیه [RANDOM_NUMBER] گیگابایت مخصوص استفاده در ذره بین, در روز چهارشنبه تاریخ [DATE] با نصب اپ ذره بین برای شما فعال می شود و تا [DATE] قابل استفاده خواهد بود. نصب و فعال سازی رایگان: [LINK_REMOVED] مسابقات فوتبال رو پیش بینی کن و [RANDOM_NUMBER] یورو جایزه ببر! فرانسه ? - ? پرتغال [TIME] آلمان ? - ? مجارستان [TIME] اسپانیا ? - ? اسلواکی [TIME] ثبت پیش بینی و دریافت هدیه در وبگرد ذره بین.","spam"
"سلام داری بر میگردی خونه بیا در خونه ما بهت کار دارم عزیزم یه لحظه","ham"
"مودی گرامی درخواست اعتبارسنجی پیش ثبت نام (واحد اکتشافی یکپارجه) برای شما صادر شد. اطلاعات شما در سازمان اعتبارسنجی و در صورت صحت اطلاعات, نام کاربری و کلمه عبور ویژه نرم افزار ثبت نام الکترونیک برای شما صادر و پیامک خواهد شد. شماره پیگیری شما عبارت است از [RANDOM_NUMBER] سازمان امور مالیاتی کشور","ham"
"کاربر گرامی فلای تودی؛ برقراری مجدد پروازهای مستقیم ""تهران - استانبول"" هواپیمایی ترکیش ""از [RANDOM_NUMBER] مهر"" خرید بلیط با بهترین قیمت : [LINK_REMOVED]","spam"
"""با ما حرف بزن"" مشاوره تلفنی [RANDOM_NUMBER], خدمتی از خدمات رایگان سازمان بهزیستی, صدای مشاور سازمان بهزیستی با ارائه خدمات تخصصی مشاوره روانشناختی در کنار شماست. تلفن تماس [RANDOM_NUMBER] (از ساعت [RANDOM_NUMBER] صبح تا [RANDOM_NUMBER] شب در سراسر کشور)","spam"
"تبریک! با توجه به مصرف بیش از [RANDOM_NUMBER] مگابایت اینترنت امروز شما، [RANDOM_NUMBER]تماس رایگان درون شبکه با اعتبار امروز به شما تعلق گرفت. باقیمانده اعتبار: [USSD_REMOVED]","ham"
"ترامپ یا بایدن؟! پخش زنده اولین مناظره انتخاباتی امریکا در روبیکا با ترجمه همزمان ساعت [TIME] بامداد [LINK_REMOVED] روی لینک بالا و ضربه بزنید","spam"
"خوشحالم واست حتما","ham"
"هشدار: کاربر گرامی؛ کلیک بر روی هر لینک دریافتی از شماره های شخصی برابر با اعطای دسترسی کامل به مجرم و خالی شدن حساب شماست","ham"
"[RANDOM_NUMBER]تومان تخفیف تپسی [RANDOM_NUMBER]تخفیف [RANDOM_NUMBER]درصدی تا سقف [RANDOM_NUMBER]تومان و [RANDOM_NUMBER]تخفیف [RANDOM_NUMBER]درصدی تا سقف [RANDOM_NUMBER]تومان برایتان فعال شد مهلت استفاده:[RANDOM_NUMBER]آبان [LINK_REMOVED]","spam"
"امروز زنگ زدم اینترنت خریدم مودم اتیش کنم","ham"
"و انگار من خیلی زندگی خوب و شادی دارم و توان فکر کردن به دیگران, یک زمانی داشتم تهش این شد, دیگه ندارم.","ham"
"سونی پلی استیشن [RANDOM_NUMBER] با خرید شارژ از [USSD_REMOVED] هر هزارتومان یک شانس تا [RANDOM_NUMBER] مرداد","spam"
"خبر شروع کلاس زبان انگلیسی فشرده(مبتدی-پیشرفته) ابوریحان [MASKED_NUMBER]","spam"
"دوره [ENGLISH]و [ENGLISH] مدیریت عالی کسب وکار مدرک وزارت علوم تماس [MASKED_NUMBER] لغو[RANDOM_NUMBER]","spam"
"-مرکزخریدتیراژه- عیدتاعیدرامتفاوت تجربه کنید... تا[RANDOM_NUMBER]%تخفیف جاده طرقبه,امام رضا[RANDOM_NUMBER] [LINK_REMOVED]","spam"
"سلام عزیز اسمت تولیست نگرفته ها بود مدا ک رو خودمون بررسی می کنیم میفرستیم","ham"
"مادرم تویی که با ارزشی هدیه مایلی ازطرف فرزند عزیزت رو درلینک زیردریافت کن [LINK_REMOVED] فروشگاه های لوازم آرایشی بهداشتی مایلی لغو[RANDOM_NUMBER]","spam"
"نام کاربری و یا کلمه عبور با موفقیت تغییر یافت صندوق سهم آشنا","ham"
"سلام صبح بخیر میگما من ساعت چند دقیقا پلیس راه باشم","ham"
"زود خوب شو","ham"
"از مهلت تمدید اینترنت [RANDOM_NUMBER] گیگ ([RANDOM_NUMBER] گیگ + [RANDOM_NUMBER] گیگ شبانه) با قیمت استثنایی [RANDOM_NUMBER] هزار تومان تنها [RANDOM_NUMBER] روز باقی مانده است. خرید در [ENGLISH].[LINK_REMOVED] شناسه: [MASKED_NUMBER] مبین نت","ham"
"سبد. کالا، به شما تعلق گرفت ثبت نام در لینک زیر [LINK_REMOVED]","spam"
"سلام من همون شماره قبلی که داده بودی پیدا کردم و [NAME] هستم","ham"
"سلام دایی جون ما تو باغیم منتظرتونیم","ham"
"یخچال فریزر ساید و تلویزیون هوشمند [RANDOM_NUMBER] اینچ [RANDOM_NUMBER] جایزه پرداخت بدهی پارک حاشیه ای از آپ تا پایان هفته پرداخت: [LINK_REMOVED]","spam"
"خب شت","ham"
"کدوم","ham"
"عضو محترم باشگاه فیروزه ای, در [RANDOM_NUMBER] روز ماه مبارک رمضان, با شماره گیری کد زیر و انتخاب گزینه ""فعالسازی هدیه رمضان"", [RANDOM_NUMBER] امتیاز در باشگاه فیروزه ای هدیه بگیرید: [USSD_REMOVED] مشاهده امتیازات و برخورداری از جوایز باشگاه با مراجعه به بخش باشگاه فیروزه ای در اپلیکیشن یا وب سایت همراه من [LINK_REMOVED] باشگاه فیروزه ای- باشگاه مشتریان همراه اول","spam"
"برای دریافت امتیاز کالای خود با ما تماس بگیرید. داخلی[RANDOM_NUMBER] [MASKED_NUMBER]","spam"
"می خوای [RANDOM_NUMBER]گیگ فضا روی گوشیت داشته باشی? با ""ابرینو"" همیشه و هر جا [RANDOM_NUMBER]گیگ فضای ذخیره سازی ابری داری. دانلود از: [LINK_REMOVED]","spam"
"خیلی دوست دارم بیام ولی باید مثل خرگوش زبان بخونم دو سه ماه آینده رو","ham"
"مسافر وفادار هواپیمایی ایران ایرتور به منظور: ️اطلاع از تخفیف ها ️شرکت در قرعه کشی های ماهانه ️استخدام های شرکت ایران ایرتور ️صفحه اینستاگرام ما را دنبال کنید️ [LINK_REMOVED]","spam"
"[RANDOM_NUMBER] گیگابایت اینترنت رایگان هدیه بگیرید. مشترک گرامی با به روزرسانی و یا نصب نسخه جدید اپلیکیشن همراه من و مراجعه به بخش طرح های تشویقی, بدون قرعه کشی [RANDOM_NUMBER] گیگابایت اینترنت رایگان هدیه بگیرید. نصب و دریافت هدیه: [LINK_REMOVED]","spam"
"دیجی کالا/دیجی استایل [NAME] عزیز سفارش تان ثبت شد و در حال پردازش آن هستیم. شما می توانید وضعیت آن را از نشانی زیر پیگیری کنید: شماره سفارش: [RANDOM_NUMBER] لینک پیگیری: [LINK_REMOVED]","ham"
"[ENGLISH] [RANDOM_NUMBER]هزارتومان پرداخت به ازای هر [RANDOM_NUMBER] میلیون تومان خرید شیراز[RANDOM_NUMBER]","spam"
"[RANDOM_NUMBER]بسته اینترنت[ENGLISH] جایزه خریدشارژ و اینترنت از [USSD_REMOVED] [LINK_REMOVED]","spam"
"پخش زنده لیگ برتر استقلال گل گهر ویژه برنامه با حضور پیشکسوتان باشگاه استقلال ساعت [TIME] از کانال رسمی باشگاه استقلال در روبیکا [LINK_REMOVED]","spam"
"""""توزیع برق استان تهران مشترک گرامی شرکت ایرانسل [RANDOM_NUMBER] مبلغ قبض [RANDOM_NUMBER] ریال ش قبض:[RANDOM_NUMBER] ش پرداخت:[RANDOM_NUMBER] جهت رویت قبض و انجام کلیه خدمات برق [LINK_REMOVED] """"","ham"
"پخش انواع کولرگازی نصب وارسال رایگان [MASKED_NUMBER] [MASKED_NUMBER] بانه/ویسی","spam"
"بانک ملت به سامانه همراه بانک ملت خوش آمدید. [DATE] - [TIME]","ham"
"پیشنهاد جذاب فروشگاه اینترنتی روژا برای مشتریان چاپار ویژه استان فارس کد تخفیف [RANDOM_NUMBER] هزار تومانی: [ENGLISH] هدیه خرید + ارسال رایگان فقط [RANDOM_NUMBER] روز دیگر فرصت باقیست خرید: [LINK_REMOVED]","spam"
"""موکب"" ویژه برنامه اربعین [RANDOM_NUMBER] امروز حوالی ساعت [TIME] زنده و مستقیم از کربلای معلی رسالت بوذری امروز میزبان میرزا حسن زبیدی (خادم حرم امام حسین ع) خواهد بود. [LINK_REMOVED] روی لینک روبیکا ضربه بزنید","spam"
"تو چارخونه, گیگ بارونه! فرصت را از دست ندهید و همین حالا با شرکت در چالش های هیجان انگیز و سرگرم کننده در چارخونه, بیش از [RANDOM_NUMBER] گیگ اینترنت هدیه بگیرید! [LINK_REMOVED]","spam"
"سرمایه گذاران محترم آدرس جدید و معتبر صفحات فضای مجازی صندوق: اینستاگرام [ENGLISH] تلگرام [ENGLISH] ارزش کاوان آینده","spam"
"سپاسگزارم موفق و موید و سربلند باشید","ham"
"سید [NAME] عزیز تنقلات رو با تخفیف بخر! [RANDOM_NUMBER]% تخفیف ویژه سفارش انواع چیپس, پفک و پاپ کورن از سوپرمارکت ها در اسنپ فود فقط امروز تا ساعت [RANDOM_NUMBER] مشاهده سوپرمارکت ها در صفحه اول اپلیکیشن: [LINK_REMOVED]","spam"
"دوتومن برداشتم بهش برخورده! هعی اس ام اس میده!!! دو تومن برداشتی...","ham"
"آفر ویزا ویزا کانادا ویزای بلند مدت استرالیا ویزای اروپا [MASKED_NUMBER]","spam"
"به به به سلامتی بازم ممنون بابت امروط","ham"
"حراج پوشاک زیبو [RANDOM_NUMBER]% تا [RANDOM_NUMBER]% کلیه کالا تاجمعه رویال پارس [MASKED_NUMBER]","spam"
"کولرگازی,یخچال,ارسال رایگان از بانه,باضمانت[RANDOM_NUMBER]ساله [MASKED_NUMBER] خانم احمدی","spam"
"*سالمندان کیمیا* فلکه دوم تهرانیارس ویزه بانوان [MASKED_NUMBER] [MASKED_NUMBER]","spam"
"به کارگزاری کیان خوش آمدید. کد فعال سازی شما: [RANDOM_NUMBER] [ENGLISH]: [RANDOM_NUMBER]","ham"
"مشتری گرامی؛ به منظور استفاده از خدمات جدید سامانه همراه بانک, لطفا نسخه نرم افزاری خود را بروزرسانی نمایید. بانک ملت","ham"
"به سلامتی من اومدم میخواستم موستو بدم","ham"
"با روبان روتین پوستیت رو کامل کن! لینک خرید: [LINK_REMOVED]","spam"
"[RANDOM_NUMBER]% تخفیف تبدیل سیمکارتهای اعتباری به دایمی تا پایان خردادماه امکان تبدیل از طریق فروشگاه آنلاین همراه اول [LINK_REMOVED] اپلیکیشن همراه من [LINK_REMOVED] و مراکز ارائه دهنده خدمت اطلاعات بیشتر در [LINK_REMOVED]","spam"
"بیدار شدی? پاشو بیا","ham"
"[RANDOM_NUMBER] [NAME] مبلغ [RANDOM_NUMBER]تومن","ham"
"مشتری گرامی هزینه اشتراک سالانه سرویس پیام کوتاه بانک ملی [RANDOM_NUMBER]ریال می باشد که در صورت تمدید سرویس از حساب به شماره [RANDOM_NUMBER] شما کسر می گردد.جهت انصراف عدد [RANDOM_NUMBER] را به شماره [RANDOM_NUMBER] ارسال نمایید.","ham"
"مدارک لازم برای خریدار و چک دهنده شناسنامه کارت ملی پرینت سه ماه حساب با مهر بانک مدرک اهراز سکونت قبیل اجاره نامه قولنامه یا سند پرینت کد ثنا از دفاتر قضایی تهیه کنید پونک بلوار میرزابابایی نرسیده به چهارراه سردار جنگل پلاک [RANDOM_NUMBER] راد هستم","ham"
"سلام خوبی عزیزم ازدرددارم میریم رفتم خونه به خانم [NAME] گفتم","ham"
"لندو هنوز برای وام [RANDOM_NUMBER] میلیونی فرصت داری! از صدها فروشگاه, اقساطی خرید کن بدون چک و ضامن ثبت نام [LINK_REMOVED]","spam"
"*بانک قرض الحسنه مهرایران* حساب:‪[RANDOM_NUMBER] [MASKED_NUMBER] -[RANDOM_NUMBER]-[RANDOM_NUMBER]‬ مبلغ:[RANDOM_NUMBER] - خرید کالا و خدمات مانده:[RANDOM_NUMBER] تاریخ:[DATE] ساعت:[TIME]","ham"
"یه زنگ بزن مدیران خودرو در مورد در ماشین بپرس:))","ham"
"عضو محترم باشگاه فیروزه ای, با توجه به پرداخت قبض طی هفته گذشته, شما مشمول دریافت [RANDOM_NUMBER] امتیاز باشگاه فیروزه ای می باشید, در صورتیکه هنوز امتیاز مربوطه را دریافت ننموده اید تا یک ماه پس از پرداخت قبض می توانید با مراجعه به صفحه ""امتیازگیری"" نسبت به دریافت این امتیاز اقدام نمایید. باشگاه فیروزه ای - باشگاه مشتریان همراه اول","spam"
"سلام خودم که نه ولی میپرسم شهرک","ham"
"میخوای عیدغدیر پژو[RANDOM_NUMBER] ببری? [RANDOM_NUMBER]امتیاز هدیه باخرید یک شارژ یا بسته اینترنت از[USSD_REMOVED] شانستو امتحان کن! ویژه خط شما,یکبار,تا فرداشب","spam"
"دلتنگ که میشی حستو میگیرم دلتنگمی که دارم برات میمیرم جدیدترین پیشوازهای فرزاد فرزین با ارسال کد به [RANDOM_NUMBER] آینده[RANDOM_NUMBER] ای کاش[RANDOM_NUMBER] مانکن [RANDOM_NUMBER]","spam"
"ممنون و واریز شد.","ham"
"گفتم هیچی","ham"
"تا پایان آذر ماه بسته های اینترنت منتخب باشگاه فیروزه ای را با [RANDOM_NUMBER] درصد تخفیف امتیازی فعال نمایید. [RANDOM_NUMBER] گیگابایت اینترنت [RANDOM_NUMBER] روزه: [RANDOM_NUMBER] امتیاز [DATE] گیگابایت اینترنت [RANDOM_NUMBER] روزه: [RANDOM_NUMBER] امتیاز [RANDOM_NUMBER] گیگابایت اینترنت [RANDOM_NUMBER] روزه: [RANDOM_NUMBER] امتیاز مراجعه به بخش جوایز باشگاه فیروزه ای از طریق اپلیکیشن یا وبسایت همراه من [ENGLISH].[LINK_REMOVED]","spam"
"کاتخوان سیار تحویل فوری اتصال به چند حساب ارسال عدد [RANDOM_NUMBER] تماس [MASKED_NUMBER]","spam"
"بابت استقبال بی نظیر و اعتماد شما مشتریان عزیز بی نهایت سپاسگذاریم هایپرتنکابنی","spam"
"با سلام مشتری گرامی کارگزاری دنیای نوین, خودرو لاماری ایما در تاریخ[DATE] و خودرو وانت کارا در تاریخ [DATE] در بورس کالا عرضه می گردد. لینک ثبت نام غیر حضوری [ENGLISH].[LINK_REMOVED] تماس [RANDOM_NUMBER] داخلی [RANDOM_NUMBER]","spam"
"درود به شرفت! من برم دانشگاه لنگ ظهر که بیدار شدی بهت زنگ می زنم","ham"
"حزیران[RANDOM_NUMBER]خردادو[RANDOM_NUMBER]تیر بهترین روزحجامت موسسه حجامت م.انقلاب خ.آزادی نبش والعصر [RANDOM_NUMBER] [RANDOM_NUMBER] [RANDOM_NUMBER]تا[RANDOM_NUMBER]%تخفیف فروشگاه سلامتیار [RANDOM_NUMBER]","spam"
"بگم؟","ham"
"داشتم یه ویدیو در مورد تعویض کلاچ تریلی می دیدم, حدود ساعت [RANDOM_NUMBER] به نظرم","ham"
"کیش[RANDOM_NUMBER] مشهد[RANDOM_NUMBER] استانبول[RANDOM_NUMBER] آنتالیا دبی [MASKED_NUMBER] [MASKED_NUMBER]","spam"
"نمیخوای بخوابی ?","ham"
"از بیماران مبتلا به علایم تنفسی (نظیر سرفه و عطسه),حداقل یک متر فاصله داشته باشید. در صورت داشتن علایم شبیه آنفلوانزا, با آب و نمک, دهان خود را شستشو دهید","ham"
"حاجی ساعت [RANDOM_NUMBER] بودا","ham"
"پرسپولیس به رنگ پرچم ایران! حمایت از پرسپولیس در لیگ قهرمانان آسیا، شارژ اعتبار محتوایی با [USSD_REMOVED] و ارسال[RANDOM_NUMBER]به[RANDOM_NUMBER] هزینه [RANDOM_NUMBER] تومان در روز","spam"
"لاویا خوبه کجا بود? توی نقشه سرچ کردم [RANDOM_NUMBER] تا هستن","ham"
"[RANDOM_NUMBER] تا [RANDOM_NUMBER]:(","ham"
"تسویه شما در مرکز آموزشی دانشگاه صنعتی شیراز صادر شد","ham"
"گوشت شاهان ران و دست بره نرینه[RANDOM_NUMBER] گوساله[RANDOM_NUMBER] چرخ کرده درحضورمشتری[RANDOM_NUMBER] مرغ[RANDOM_NUMBER] بلوار شریعتی قبل از شریعتی [RANDOM_NUMBER] [MASKED_NUMBER] [LINK_REMOVED]","spam"
"سلام قرص سیتا لو پرام البته از پزشک خانواده مشورت بگیرسلام برسون خدا نگهدار","ham"
"بیستمین کارگاه عملی اعتماد به نفس مدرس بهداد بخشی ثبت نام ارسال عدد[RANDOM_NUMBER]","spam"
"دانمارک/نروژ/آلمان/سوئد حقوق بالا بدون زبان کادر درمان [MASKED_NUMBER]","spam"
"در انتخابات ریاست جمهوری به چه کسی رای می دهید? [RANDOM_NUMBER].جلیلی [RANDOM_NUMBER].رضایی [RANDOM_NUMBER].رئیسی [RANDOM_NUMBER].زاکانی [RANDOM_NUMBER].قاضی زاده [RANDOM_NUMBER].مهرعلیزاده [RANDOM_NUMBER].همتی [RANDOM_NUMBER].تصمیم دیگر (نظرپلاس ایران) عدد گزینه خود را به همین شماره ارسال نمایید","spam"
"مسابقه رایگان عیدانه کوئیز بدون قرعه کشی هر روز یک دوربین [USSD_REMOVED]","spam"
"مشترک گرامی تنها تا ساعت [TIME] تاریخ [DATE] مهلت دارید تا بسته [RANDOM_NUMBER] گیگابایت اینترنت هدیه تیرماه ویژه استفاده در اپ ذره بین را فعال کنید. فعال سازی رایگان از طریق: [LINK_REMOVED] با نصب اپلیکیشن ذره بین, علاوه بر دریافت اینترنت هدیه می توانید حساس ترین دربی سال های اخیر را رایگان تماشا کنید و اخبار و حواشی داغ این مسابقه را دنبال کنید. پخش زنده فوتبال در وبگرد ذره بین: پرسپولیس - استقلال ساعت [TIME]","spam"
"بانک سامان مشتری گرامی اگر هنوز نسخه جدید موبایلت را دانلود و نصب نکرده اید, برای استفاده از خدمات جدید روی لینک زیر کلیک کنید. این آپدیت الزامی است. [LINK_REMOVED]","spam"
"ساحل دریاکه مسطح وهموارباشدبرای تفریح و آب تنی ( اسم ) [RANDOM_NUMBER]- ساحل مسطح دریا . [RANDOM_NUMBER]- گرماب. دریایی که جای شنا حمام و تفریح است .","ham"
"مشتری گرامی جهت اطلاع از آخرین وضعیت حساب جوانان خود و بهره مندی از تسهیلات [RANDOM_NUMBER]% و بازپرداخت [RANDOM_NUMBER] ساله به شعبه افتتاح حساب مراجعه نمایید. بانک مسکن استان فارس [LINK_REMOVED]","spam"
"باسلام خدمت شما نیکوکار گرامی؛ شماره کارت ملی بنیاد بین المللی خیریه آبشار عاطفه ها[RANDOM_NUMBER].لطفا بعد از واریز تاریخ, ساعت و مبلغ را به شماره [MASKED_NUMBER] ارسال کنید. باتشکر پناهی","spam"
"سلام فردا پلی استیشن[RANDOM_NUMBER]دوست داری ببری? یا [RANDOM_NUMBER] آذر پژو [RANDOM_NUMBER]? دوتاشو میتونی ببری! امروز یه شارژ یا بسته از [USSD_REMOVED] بخر [RANDOM_NUMBER] امتیاز بگیر و بعد توی قرعه کشیها شرکت کن. فرصت تافرداشب [RANDOM_NUMBER] بار برای همین خط","spam"
"این یک موفقیت بزرگه, به شما و خانواده محترم تبریک می گم","ham"
"سلام چطوری خوبی میگم ترجمیار دیگه مترجم نمیگیرع?","ham"
"تماشا و پیش بینی بازی فوتبال ایران - آمریکا در «ذره بین». نصب «ذره بین»: [LINK_REMOVED]","spam"
"سلطان کمک رسانی های نامنظم, خونه ای کابلتو بیارم دم در?","ham"
"نه بزار فیلمو نشونش بدیم شایذ خوشش نیومد استیکر دختر بچه مو طلایی با دهن کچ","ham"
"بااینترنت ایرانسل, رایگان فیلیمو تماشا کن و[RANDOM_NUMBER]میلیون تومن جایزه بگیر! فیلم کمدی «سن پطرزبورگ» رو رایگان در فیلیمو ببین: [LINK_REMOVED]","spam"
"اقامت دائم اروپابدون شرط حضورظرف[RANDOM_NUMBER]ماه وتحصیل کلیه مقاطع [MASKED_NUMBER] [ENGLISH]","spam"
"بِرووووو","ham"
"به جای پس انداز و انتظار, از دیجی کالا قسطی بخرش! جزئیات و ثبت نام: [LINK_REMOVED] دیجی پی پرداخت باهوش","spam"
"سهم تو یک خشت سلامتی مشارکت در ساخت بزرگترین مرکز فوق تخصصی ریه در بیمارستان مسیح دانشوری و افزودن بیش از[RANDOM_NUMBER]تخت تنها کارت معتبر ویژه کمک های مردمی: [RANDOM_NUMBER] [MASKED_NUMBER] [MASKED_NUMBER] -[RANDOM_NUMBER] اطلاعات بیشتر: [MASKED_NUMBER] [RANDOM_NUMBER]-[RANDOM_NUMBER]","spam"
"هر ماه [RANDOM_NUMBER] جایزه [RANDOM_NUMBER] میلیون ریالی تا پایان آذر با خرید سیمکارت و هر نوع بسته در قرعه کشی بزرگ همراه اول شرکت کنید ثبت نام در قرعه کشی از طریق شماره گیری: [USSD_REMOVED] اطلاعات بیشتر در [LINK_REMOVED]","spam"
"[RANDOM_NUMBER] توپ طلا جایزه بزرگ همراه اول روش شرکت در قرعه کشی و افزایش شانس برنده شدن انجام حداقل یکی از اقدامات زیر [RANDOM_NUMBER]-خرید بسته مکالمه, پیامک, اینترنت و یا ترکیبی [RANDOM_NUMBER]- خرید سیمکارت [RANDOM_NUMBER]- تبدیل سیمکارت اعتباری به دائمی [RANDOM_NUMBER]-خرید شارژ(برای مشترکین اعتباری) [RANDOM_NUMBER]-نصب اپلیکیشن اوانو یا همراه من [RANDOM_NUMBER]-پرداخت قبض(برای مشترکین دائمی) [RANDOM_NUMBER]-فعالسازی بسته شرکت در ""قرعه کشی جام جهانی"" در باشگاه مشتریان دریافت راهنما و فعالسازی بسته ویژه ""جام جهانی"" از طریق شماره گیری کد دستوری [USSD_REMOVED] اطلاعات بیشتر از طریق [LINK_REMOVED] مهلت: تا پایان جام جهانی با آرزوی موفقیت تیم ملی️ باجایزه های توپ #همراهتیم","spam"
"من دوتاتون رو دوست دارم بیاید داداشی باشیم باهم","ham"
"بازنشسته گرامی, صندوق بازنشستگی کشوری به منظور تسهیل ارائه خدمات,نرم افزار موبایل صبا را عملیاتی نموده است که بوسیله آن می توانید علاوه بردریافت اطلاعات حکم و فیش,از سایر خدمات الکترونیک صندوق بازنشستگی بهره مند شوید. لینک دریافت نرم افزار: [LINK_REMOVED] تلفن [MASKED_NUMBER]","spam"
"مبین نتی گرامی برای دریافت سرویس رایانش ابری مبیکلود با [RANDOM_NUMBER] درصد تخفیف, فقط [RANDOM_NUMBER] ساعت فرصت دارید. برای [RANDOM_NUMBER] روز تست رایگان بر روی لینک زیر کلیک نمایید. [LINK_REMOVED]","spam"
"سلام لاویا بود","ham"
"موسسه صندوق ذخیره فرهنگیان اطلاعات شما با موفقیت ثبت شد کد پیگیری شما: [RANDOM_NUMBER]","ham"
"ممنون وقت گذاشتین","ham"
"بانک ملی آبونمان ساپتا:[RANDOM_NUMBER]- حساب:[RANDOM_NUMBER] مانده:[RANDOM_NUMBER] [RANDOM_NUMBER]-[TIME]","ham"
"تماشای رایگان بازی ایران-آمریکا امشب باجوایزویژه [LINK_REMOVED] لغو[RANDOM_NUMBER]","spam"
"سلام؛ من می خواهم برم زاور(یا هرجای دیگه که پیتزا ایتالیایی داره), شما می آیید?","ham"
"هایپراستار[RANDOM_NUMBER]~[DATE] میکائیلیان انواع سوسیس و کالباس [RANDOM_NUMBER]%ت پنیر پیتزا کیلویی [RANDOM_NUMBER]ت پسته تازه کیلویی [RANDOM_NUMBER]ت پمینا ناگت مرغ [RANDOM_NUMBER]ک [RANDOM_NUMBER]ت","spam"
"لذت شنیدن قصه های دلنشین کودکانه در چارخونه دانلود کتاب های صوتی با اینترنت رایگان ایرانسل","spam"
"سلام یکی دو هفته دیگس, اخر هفته رو اسیرم اول هفته بریم?","ham"
"مشترک گرامی افزایش شارژ [RANDOM_NUMBER] ریال در ساعت [TIME] مورخ [DATE] با موفقیت انجام شد.","ham"
"بسته'[RANDOM_NUMBER]روزه [RANDOM_NUMBER] گیگابایت' برای شما فعال شد. مدت اعتبار آن تا[RANDOM_NUMBER]-[RANDOM_NUMBER]-[RANDOM_NUMBER] [TIME] می باشد","ham"
"ب این پیامک ها اصلا جواب نده","ham"
"یک سورپرایز [RANDOM_NUMBER] گیگابایتی همین امروز اپلیکیشن همراه من رو نصب کن و [RANDOM_NUMBER] گیگابایت اینترنت رایگان هدیه بگیر نصب رایگان [LINK_REMOVED]","spam"
"جالبه که هیچ چیزی کار نمی کنه","ham"
"کلیه اقلام[RANDOM_NUMBER]% بجزکالاهای مصوب فقط[RANDOM_NUMBER]روز هایپرباما کیان سنتر[RANDOM_NUMBER]","spam"
"[RANDOM_NUMBER] هزار تومن تخفیف سفارش اول از سرویس داروخانه ی اسنپ! کد: [ENGLISH][ENGLISH][ENGLISH][RANDOM_NUMBER] اعتبار: تا [RANDOM_NUMBER] آذر حداقل سفارش: [RANDOM_NUMBER] هزار تومن برای سفارش, روی لینک زیر بزن: [LINK_REMOVED]","spam"
"بانک ملی سود:[RANDOM_NUMBER]+ حساب:[RANDOM_NUMBER] مانده:[RANDOM_NUMBER] [RANDOM_NUMBER]-[TIME] استعلام و پرداخت تمام قبض های خدماتی و عوارض شهرداری با ایوا [LINK_REMOVED]","ham"
"جهت دریافت تخفیف کالای خود در زمان کرونا تماس بگیرید [ENGLISH] [RANDOM_NUMBER] [MASKED_NUMBER]","spam"
"مشترک گرامی, شما از [RANDOM_NUMBER] درصد اعتبار خود استفاده نموده اید, با اضافه شدن مبلغ آبونمان و مالیات در زمان محاسبه صورت حساب(یکم ماههای فرد), سقف اعتبار شما به اتمام خواهد رسید. جهت پرداخت قبوض میاندوره به وب سایت رایتل, مدیریت حساب یا اپلیکیشن رایتل من و مراجعه نمایید","ham"
"بادصبایی عزیز: زیارت حضرت رضا(ع) به نیابت ازشما توسط خدام انجام شد.","ham"
"سلام اگه اومدی تا بالا بگو تا بدیم بیرون","ham"
"بگو خانم[NAME] آقای [NAME] سفارش کرده گفت میمونم تا بیاد","ham"
"هم اکنون بیدار گشته ام","ham"
"ثبت نام کاردانی وکارشناسی بدون کنکوردر[RANDOM_NUMBER]رشته دانشگاه عالیفرد[RANDOM_NUMBER]","spam"
"مشتری گرامی شماره تلفن [RANDOM_NUMBER] تا پایان قرارداد اشتراک اینترنت شما [RANDOM_NUMBER] روز باقیمانده است. برای رزرو سرویس جدید به صفحه کاربری به آدرس [ENGLISH].[LINK_REMOVED] مراجعه نمائید. دریافت کلمه عبور: [USSD_REMOVED] شرکت مخابرات ایران","ham"
"قطارهای پنج ستاره نور با رعایت پروتکل های بهداشتی و حتی فراتر از آن فضایی کاملا ایمن و سلامت برای سفر شما همراهان همیشگی مهیا نموده است. حفظ امنیت و سلامت شما وظیفه ماست. قطارهای پنج ستاره نور: [LINK_REMOVED] [LINK_REMOVED]","spam"
"سلام چرا دارم ولی خیلی نیست شماره بدید تا بریزم حساب","ham"
"من مرغ خریدم برای کباب امشب؛ لطفا حدود ساعتی که می رسی رو مشخص کن بدونم کی آتیش رو روشن کنم","ham"
"[RANDOM_NUMBER] تومان تخفیف اسنپ برای [RANDOM_NUMBER] سفر در [RANDOM_NUMBER] سفر اول, [RANDOM_NUMBER]% تخفیف (هر بار تا سقف [RANDOM_NUMBER] تومان) و در [RANDOM_NUMBER] سفر بعدی [RANDOM_NUMBER]% تخفیف (تا سقف [RANDOM_NUMBER] تومان) بگیرید. کد تخفیف: [ENGLISH][ENGLISH]-[RANDOM_NUMBER] اعتبار تا [RANDOM_NUMBER] تیر لطفا ماسک فراموش نشود. [LINK_REMOVED]","spam"
"یه شماره حساب بده","ham"
"بازنشسته گرامی, به منظور رفاه حال شما, قرارداد بیمه تکمیلی عمر و حوادث منازل مسکونی(سیل,زلزله,آتش سوزی)با در نظر گرفتن شرایط ویژه با بیمه ملت منعقد شده و نظر به شرایط مناسب آن,کلیه بازنشستگان و وظیفه بگیران تحت پوشش قرار گرفته اند. در صورت عدم تمایل به بهره مندی از این خدمات, می توانید حداکثر تا تاریخ [RANDOM_NUMBER] اسفند [RANDOM_NUMBER] با مراجعه به آدرس [LINK_REMOVED] انصراف خود را اعلام نمایید. تلفن راهنمایی: [MASKED_NUMBER]","spam"
"سلام امیدوارم خوب باشی بله من قبل از ساعت [RANDOM_NUMBER] اینترنت داشتم","ham"
"مشترک گرامی, دریافت پیام تبلیغاتی برای شماره شما تا [RANDOM_NUMBER] ساعت آینده فعال خواهد گردید.","ham"
"نگران بالا و پایین بورسی? روی درآمد ثابت حساب باز کن! با نصب اپلیکیشن کیان دیجیتال, در کمتر از [RANDOM_NUMBER] دقیقه, صندوق درآمد ثابت و سکه طلای کیان خودت را فعال کن. [LINK_REMOVED] پشتیبانی [MASKED_NUMBER]","spam"
"کد اعتبارسنجی شما: [RANDOM_NUMBER] صندوق سرمایه گذاری سهم آشنا","ham"
"هایپراستار[RANDOM_NUMBER]~[DATE] خیاردرختی[RANDOM_NUMBER]ک[RANDOM_NUMBER]ت گوجه فرنگی[RANDOM_NUMBER]ک[RANDOM_NUMBER]ت شکلی کره [RANDOM_NUMBER]گ[RANDOM_NUMBER]ت کاله خامه [RANDOM_NUMBER]گ[RANDOM_NUMBER]%ت ایکس ویژن تلویزیون""[RANDOM_NUMBER]هوشمند[RANDOM_NUMBER]ت تخفیف","spam"
"همون آبی خوبه?","ham"
"انقد هیجان کشیدیم دیگه نمیدونیم چه کنیم شما بیاید مامان و بابا هم تو راهن با اتوبوس یک اومدن تا یه نیم ساعت دیگه میرسن بیاید دور هم باشیم","ham"
"جلسه اول کلاس وبینار(رایگان)ژنتیک دکتردستمالچی سه شنبه[RANDOM_NUMBER] مهرساعت[RANDOM_NUMBER] رزروارسال[RANDOM_NUMBER] به [MASKED_NUMBER] [LINK_REMOVED] *بالاترین جامعه آماری*","spam"
"سلام صبح بخیر دستت دردنکنه جبران کنم در لحظات خوش","ham"
"سلام؛ من اومده بودم کوچه شما ماشینتون رو ببینم متاسفانه جواب تلفن ندادید,","ham"
"نه دیگه بذار خوب شی بعد","ham"
"سلام ما داریم میریم تو باغ شماهم بیاید","ham"
"ویزیت مجازی مو,ابرو توسط پزشک(بصورت رایگان) با ارسال عدد [RANDOM_NUMBER]","spam"
"اعتبارشماروبه پایان است.درخواست هزینه تماس ازمخاطب با #شماره مقصد *[RANDOM_NUMBER]*","ham"
"تورهای ژانویه اروپا ارزان و باکیفیت فرانسه مجارستان [MASKED_NUMBER] ژیوار","spam"
"[RANDOM_NUMBER]بوک عزیز تخفیف آخر هفته رو از دست ندید تا [RANDOM_NUMBER]% تخفیف کد: [ENGLISH][RANDOM_NUMBER] فقط تا امروز [LINK_REMOVED]","spam"
"کولاک[RANDOM_NUMBER]%[ENGLISH] [RANDOM_NUMBER]تا[RANDOM_NUMBER]مهر شکر[RANDOM_NUMBER]%-[RANDOM_NUMBER] قند[RANDOM_NUMBER]%-[RANDOM_NUMBER] دلستر[RANDOM_NUMBER]% حبوبات[RANDOM_NUMBER]% رب[RANDOM_NUMBER]% مربا[RANDOM_NUMBER]% ابمیو[RANDOM_NUMBER]ل[RANDOM_NUMBER]% دستمال کاغذی[RANDOM_NUMBER]% دستمال توالت[RANDOM_NUMBER]% لغو=[RANDOM_NUMBER]","spam"
"مادرم تویی که باارزشی! تا [RANDOM_NUMBER]%تخفیف به مناسبت روز مادر+تخفیف ویژه در خرید بعدی [RANDOM_NUMBER] تا [RANDOM_NUMBER] دی فروشگاه های لوازم آرایشی و بهداشتی مایلی","spam"
"مشترک گرامی بسته اینترنت [RANDOM_NUMBER] روزه، [RANDOM_NUMBER] گیگابایت بین الملل + [RANDOM_NUMBER]گیگابایت داخلی به پایان رسید. بسته اینترنت [RANDOM_NUMBER] روزه، [RANDOM_NUMBER] گیگابایت بین الملل + [RANDOM_NUMBER] گیگابایت داخلی رزرو شما، بدلیل کمبود اعتبار، فعال نمیشود. این بسته تا [RANDOM_NUMBER]روز حفظ و با افزایش اعتبار به میزان [RANDOM_NUMBER]ریال فعال میشود. در صورت فعال بودن سرویس اینترنت تعرفه آزاد و نداشتن بسته، مصرف شما با تعرفه آزاد حساب میشود. اطلاع از وضعیت بسته [USSD_REMOVED] افزایش اعتبار [USSD_REMOVED] لغو بسته رزرو [USSD_REMOVED]","ham"
"هرشب[RANDOM_NUMBER]میلیون جایزه جهت اطلاع از تخفیفات افق کوروش کلیک کن: [LINK_REMOVED]/[RANDOM_NUMBER]","spam"
"اگه اصرار داری بیا میخوام اذیت نشی تا ابیوردی بیای","ham"
"سلام تشک زست فول ارتوپدیک اقساط تاآخرهفته استاندارد[ENGLISH] [MASKED_NUMBER]","spam"
"با آرزوی سلامتی وبسایت نوبتدهی [ENGLISH].[LINK_REMOVED] لطفا جهت بهبود عملکرد کلینیک درد ناب در نظر سنجی زیر شرکت نمایید [LINK_REMOVED] کلینیک فوق تخصصی ناب","spam"
"سرپرستان گرامی خانوار؛ به استحضار می رساند تا هر زمان که مهلت ثبت نام وام یک میلیون تومانی تمدید شود, طرح اهدای سیم کارت رایگان توسط همراه اول نیز تمدید خواهد شد. همچنین با توجه به اولویت حفظ سلامت شهروندان, متقاضیان می توانند به صورت غیرحضوری از نشانی [ENGLISH].[LINK_REMOVED] نسبت به ثبت نام اقدام فرمایند. مطابق اعلام شرکت پست, سیم کارت های ثبت نام شده در اسرع وقت تحویل خواهد شد.","spam"
"بانک صادرات انتقال:[RANDOM_NUMBER]- حساب:[RANDOM_NUMBER] مانده:[RANDOM_NUMBER] [RANDOM_NUMBER]-[TIME]","ham"
"بانی مد تا[RANDOM_NUMBER]% تخفیف بازی کن,جایزه بگیر لینک بازی: [LINK_REMOVED]","spam"
"کد تایید شماره همراه: [RANDOM_NUMBER] میهن وب هاست","ham"
"عبارت ساده «اسقاط کافه خیارات» همه حق فسخ هایی راکه می تواند در یک معامله وجود داشته باشد, از بین می برد. معاونت اجتماعی و پیشگیری از وقوع جرم قوه قضاییه","ham"
"با کرونا نگران سفری? جلسه و کلاس هاتو آنلاین در همکلاس برگزار کن کد تخفیف [RANDOM_NUMBER]% : [ENGLISH][RANDOM_NUMBER] همکلاس محصول جدید تی چارتر [LINK_REMOVED]/[ENGLISH]","spam"
"جمعه های رایتلی تا [RANDOM_NUMBER] گیگابایت اینترنت هدیه یا یک بسته مکالمه جذاب هر جمعه از طریق رایتل من [LINK_REMOVED] [LINK_REMOVED] اطلاعات بیشتر در: [LINK_REMOVED]","spam"
"مرکز پخش کتاب رعد در شیراز: خیابان مشیر فاطمی, سه راه معدل, مقابل مخابرات ابوذر, انتشارات میرزای شیرازی","spam"
"حالا صحبت میکنیم","ham"
"زمین پلور در شهرک پزشکان با شرایط بی نظیر و استثنائی [MASKED_NUMBER] رضائی","spam"
"بیکاری","ham"
"مشتری گرامی پست آرامکس تنها ارائه دهنده برتر خدمات بین المللی در ایران برای اطلاعات بیشتر با شماره [RANDOM_NUMBER] تماس حاصل فرمائید. باتشکر","spam"
"باخرید[RANDOM_NUMBER]هزارتومان شارژاز[USSD_REMOVED] ""درلحظه بدون قرعه کشی"" [RANDOM_NUMBER]هزارتومان شارژهدیه بگیر ویژه سیمکارت اعتباری شما، یکباروتاساعت[RANDOM_NUMBER] *[RANDOM_NUMBER]*[RANDOM_NUMBER][MASKED_NUMBER]#","spam"
"مشترک گرامی, مبلغ[RANDOM_NUMBER]ریال در تاریخ[RANDOM_NUMBER]-[RANDOM_NUMBER]-[RANDOM_NUMBER] [TIME] جهت پرداخت صورتحساب با موفقیت پرداخت گردید .","ham"
"فلزیاب پیشتاز فروش ط.لایاب فلزیاب تصویری [MASKED_NUMBER] [MASKED_NUMBER]","spam"
"سلام ممنون","ham"
"[NAME] عزیز سفارش شما به شناسه: [RANDOM_NUMBER] به وضعیت: بسته بندی شده, آماده ارسال تغییر یافت. [LINK_REMOVED]","ham"
"دانلود اپلیکیشن درخواست تاکسی کارپینو [LINK_REMOVED]","spam"
"اون ساعتی که شما زنگ زدی جانم من داشتم کابوس دومم رو خواب می دیدم","ham"
"فردا میریم","ham"
"بانک سامان مشتری گرامی در [RANDOM_NUMBER]واره سامانتل, علاوه بر دریافت سیم کارت هدیه در قرعه کشی هدایای ارزنده با حضور چهره های محبوب شرکت کنید. هر شب ساعت [RANDOM_NUMBER] و [RANDOM_NUMBER] دقیقه تا [DATE] در صفحه اینستاگرام سامانتل اطلاعات بیشتر: [LINK_REMOVED]","spam"
"[RANDOM_NUMBER] هزار تومان تخفیف اسنپ اکسپرس! برای [RANDOM_NUMBER] سفارش, هر سفارش [RANDOM_NUMBER] هزار تومان کد تخفیف: [ENGLISH][ENGLISH][ENGLISH] اعتبار تا [RANDOM_NUMBER] بهمن [LINK_REMOVED]","spam"
"«جابینجا» کد تایید: [RANDOM_NUMBER]","ham"
"مشترک گرامی افزایش شارژ [RANDOM_NUMBER] ریال در ساعت [TIME] مورخ [DATE] با موفقیت انجام شد","ham"
"سلام؛ آره اوکیه باشه برای یک روز دیگه","ham"
"هایپراستار[RANDOM_NUMBER]~[DATE] کاله پنیر لبنه کیلویی [RANDOM_NUMBER]ت پنیر پیتزا کیلویی [RANDOM_NUMBER]ت پگاه خامه [RANDOM_NUMBER]گرمی [RANDOM_NUMBER]%ت شکلی کره سنتی [RANDOM_NUMBER]گرمی [RANDOM_NUMBER]ت","spam"
"من چیکارش دارم? بهش می گم ماسک بزنه و سیگار نکشه بهش بر می خوره","ham"
"مچکرم","ham"
"به اطلاع مشتریان محترم می رساند سهام مجتمع جهان فولاد سیرجان ,امروز مورخ[DATE] به روش ثبت سفارش, در نماد فجهان عرضه می شود. تعداد سهام قابل خریداری توسط هر شخص [RANDOM_NUMBER] سهم دامنه قیمت در ثبت سفارش : [RANDOM_NUMBER]تا مبلغ [RANDOM_NUMBER] ریال ساعت ثبت سفارش از [TIME] لغایت [TIME] می باشد. شرکت کارگزاری دنیای نوین [LINK_REMOVED]","spam"
"فروش رفت","ham"
"[RANDOM_NUMBER] هزار تومان تخفیف اسنپ اکسپرس! برای [RANDOM_NUMBER] سفارش, هر سفارش [RANDOM_NUMBER] هزار تومان کد تخفیف: [ENGLISH][ENGLISH] حداقل خرید [RANDOM_NUMBER] هزار تومان اعتبار تا [RANDOM_NUMBER] آذر [LINK_REMOVED]","spam"
"به [NAME] زنگ بزنی شماره [NAME] رو می ده نمی دونم کدومشون صبح هست کدوم ظهر","ham"
"تا حالا وسط جنگ, گیر افتادی? فکرکن یه تفنگ دوربیندار داشته باشی یه بازی تیراندازی واقعی کریزی اسنایپر رو نصب کن: [LINK_REMOVED]","spam"
"اپلیکیشن هف هشتادرانصب کنیدوبه راحتی شارژو اینترنت بخرید,قبض پرداخت کنید,کارت به کارت کنید. لینک نصب: [LINK_REMOVED]","spam"
"جمعه س بپوشید بریم بیرون ️","ham"
"#اینجا [RANDOM_NUMBER] روز از عمرم رو صرف ساختن این سایت کردم: [LINK_REMOVED]","ham"
"*سالیان* حراج تابستانی پوشاک,کیف وکفش [RANDOM_NUMBER] تا [RANDOM_NUMBER]% تخفیف تا [RANDOM_NUMBER] مردادماه نور-نمک آبرود [LINK_REMOVED] [ENGLISH]:[ENGLISH]","spam"
"برای جلوگیری از باطل شدن بن خود فوری تماس بگیرید [MASKED_NUMBER] کد[RANDOM_NUMBER]","spam"
"مخاطب گرامی زمان تعویض فیلتر آب یخچال سایدشما فرا رسیده با تعویض فیلتر ضمن حفظ سلامتی از خرابی احتمالی جلوگیری نمایید تلفن[RANDOM_NUMBER]رقمی امور مشتریان[RANDOM_NUMBER]","spam"
"رسید","ham"
"هشدارهای هواشناسی در خصوص بارندگی و سیل را جدی گرفته و از توقف در مسیر و حاشیه رودخانه ها جدا خودداری فرمایید. مدیریت بحران استان فارس","ham"
"هاااااااااااا","ham"
"عید غدیر مبارک! ️ فقط امروز در«بله» می تونید باخرید شارژ یا اینترنت وارد قرعه کشی سفرکیش درهتل ترنج بشید. بیشتر: [LINK_REMOVED]","spam"
"[NAME] عزیز بی دردسر خرید کن! [RANDOM_NUMBER] تومان تخفیف ویژه اولین سفارش از سوپرمارکت ها در اسنپ فود کد تخفیف اختصاصی شما: [ENGLISH][ENGLISH][ENGLISH] مهلت استفاده: تا سه شنبه [RANDOM_NUMBER] دی سوپرمارکت های اطراف شما: [LINK_REMOVED]","spam"
"شرکت کارگزاری بانک سامان دوره های آموزشی ذیل را برگزار می کند آشنایی با سرمایه گذاری در بورس آشنایی با صندوق های سرمایه گذاری آشنایی با معاملات آتی زعفران تابلوخوانی در سایت [ENGLISH] تحلیل تکنیکال مقدماتی تحلیل تکنیکال پیشرفته ثبت نام و کسب اطلاعات بیشتر: [LINK_REMOVED] ارتباط با ما:","spam"
"در همین ثانیه درست شد","ham"
"من با اسنپ در راه هستم. شروع سفر: [TIME] نام هم راه: [NAME] کد سفر: [ENGLISH]-[RANDOM_NUMBER] [MASKED_NUMBER] -[RANDOM_NUMBER] جزئیات کامل هم راه و سفر: [LINK_REMOVED]","ham"
"مممون, فردا شما رو خواهم دید.","ham"
"کارگزاری مفید عرضه اولیه نماد ""اپال"": [LINK_REMOVED]","ham"
"ما رسیدیم هروقت رسیدی بگو","ham"
"بازی پژوه و بازی ساز گرامی؛ امشب تا ساعت [TIME] مهلت پایانی ثبت نام تیم ها و ارسال مقالات و آثار به رویداد جایزه بازی های جدی [RANDOM_NUMBER] است و به هیچ عنوان تمدید نخواهد شد. ورود به سایت: [LINK_REMOVED]","ham"
"عیدتان مبارک دنیایی از تفریحات و سرگرمی را در سیبچه تجربه کنید با آرزوی سالی پر از سلامت هم اکنون نصب کنید: [LINK_REMOVED]","spam"
"لیست نهایی شیراز [LINK_REMOVED] شورای ائتلاف نیروهای انقلاب","spam"
"صدای عادل فردوسی پور را از فیدیبو بشنوید کتاب صوتی هنر شفاف اندیشیدن منتشر شد! همین حالا خرید کن: [LINK_REMOVED]","spam"
"مشترک گرامی کد[RANDOM_NUMBER]بلیط هدیه شماصادرشدجهت دریافت تماس بگیرید [MASKED_NUMBER]","spam"
"اولین رویداد بین المللی گردشگری الکترونیک ایران (هکاتوریسم[RANDOM_NUMBER]) [LINK_REMOVED]","spam"
"سلام خاله جون شرمنده کارت من پیش خودت ببر بانک فردا صبح میام میگیرم","ham"
"میسی","ham"
"دریافت [RANDOM_NUMBER] گیگابایت هدیه و شرکت در قرعه کشی [RANDOM_NUMBER] عدد گوشی هوشمند با فعالسازی سرویس شارژ خودکار [USSD_REMOVED]","spam"
"سلام [RANDOM_NUMBER] تومن بالا [RANDOM_NUMBER] تومن پایین خیابان گلستان آخر کوچه نهم [RANDOM_NUMBER] متری بوستان خونه سوم","ham"
"سلام من [NAME] [NAME] هست عزیزم نمیتونم بیام بیرون","ham"
"مشتری گرامی بانک اقتصادنوین؛ از این پس می توانید در هر ساعت از شبانه روز وجوه نقد خود را از طریق دستگاه خود دریافت نصب شده در شعبه مدرس شیراز به حساب خود واریز نمائید. [MASKED_NUMBER]","ham"
""" نَم چِرو امروز همه جُو دَرُی خونا وازِه کاکُو منم چه حرفا میزنم خُب روزِه شیرازه کاکُو "" شیرازی های عزیز تا [RANDOM_NUMBER]% + [RANDOM_NUMBER]% تخفیف بیشتر برای خرید از دیجی استایل هدیه ی ما به شما کد تخفیف: [ENGLISH][RANDOM_NUMBER] تا جمعه: [LINK_REMOVED] لغو: [RANDOM_NUMBER]","spam"
"مشترک گرامی شما می توانید در ماه مرداد با مراجعه به فروشگاه آنلاین همراه اول, شماره متناسب با تاریخ تولد این ماه را خریداری نمایید. [ENGLISH].[LINK_REMOVED]","spam"
"تک بار باسابقه ترین باربری درحمل لوازم منزل باکادرمجرب ونرخ مصوب [RANDOM_NUMBER]","spam"
"مشترک [MASKED_NUMBER] , درخواست ترابرد شما به شبکه ایرانسل در تاریخ [RANDOM_NUMBER]-[RANDOM_NUMBER]-[RANDOM_NUMBER] [TIME] ثبت شد.. ضروریست مشترکان دائمی, پیش ازتایید از پرداخت آخرین قبض خود اطمینان حاصل نمایند. با تشکر, ایرانسل","ham"
"اکو کمبوهای جدید پیتزا سیب [RANDOM_NUMBER] [MASKED_NUMBER] [LINK_REMOVED]","spam"
"من فردا تا ساعت [RANDOM_NUMBER]-[RANDOM_NUMBER] عصر مرکز اسناد هستم, بعدش ملسمانی بیاید نجاتم بده بریم تفریح","ham"
"از خوردن مواد غذایی نیم پز و خام خودداری کنید. از تماس دست آلوده به چشم, بینی و دهان خود بپرهیزید. مدت شست وشوی دست ها حداقل به اندازه [RANDOM_NUMBER] ثانیه باشد و تمامی قسمت های دست (انگشتان خصوصا انگشت شست, کف دست و مچ دست) شسته شود.","spam"
"چی بود اسمش?","ham"
"""تخفیف عید"" مرکزکاشت مو,ابرو شیواکیانی کلینیک فوق تخصصی مو [MASKED_NUMBER]","spam"
"سلام [NAME][NAME] خوبی بمون احتمالا شنبه خونه خ [NAME] بریم.شوهرش میره بیرون جمعه هم باهم میریم بیرون اگه بمونی منم جمعه میره باغ [NAME] ازاصفهان اومده . ما هم میریم میگردیم","ham"
"مشتری گرامی جناب آقای/سرکار خانم [NAME] از همراهی شما با این کارگزاری , سپاسگزاریم. جهت ورود به حساب کاربری خود از اطلاعات زیر استفاده نمایید: نام کاربری : [ENGLISH][RANDOM_NUMBER] رمز عبور :[ENGLISH][RANDOM_NUMBER] لینک ورود به سامانه : [LINK_REMOVED]","ham"
"با سلام جهت ارتباط و عضویت در شبکه دانش آموختگان دانشگاه صنعتی شیراز به آدرس زیر مراجعه نمایید. [LINK_REMOVED]","spam"
"هموطن گرامی هر گونه تماس تلفنی با خطوط شخصی مبنی بر دریافت جوایز در مسابقات رادیویی, خوش حسابی تلفن همراه و ... کلاهبرداری میباشد. لذا از واگذاری کد رمز پیامک شده در جهت جلوگیری از سرقت از حساب بانکی به افراد غیر خودداری نمایید.","ham"
"از همراهی تا تحقق ایده هایتان در چهارمین جشنواره اندیشمندان و دانشمندان جوان فقط [RANDOM_NUMBER] روز فرصت باقیست لینک ثبت و ارسال ایده: [LINK_REMOVED]","spam"
"سعی میکنم انشا ءالله تا سه اونجا باشم","ham"
"کد تایید ورود به سامانه کارت واکسن کرونا: [RANDOM_NUMBER]","ham"
"کابینت.کناف.کاغذ دیواری.دکور.اقساط.بدون سو [MASKED_NUMBER]","spam"
"کاربر عزیز, امکان خرید سهام دولتی از طریق گزینه نشان بانک اپلیکیشن آپ فراهم شد. خرید سهام: [LINK_REMOVED]","spam"
"متقاضی گرامی به شماره ملی [RANDOM_NUMBER] درخواست اعزام شما در دفتر پلیس [RANDOM_NUMBER] تکمیل و جهت بررسی به سازمان وظیفه عمومی ارسال خواهد شد","ham"
"مستقتیم","ham"
"افتتاح مطب دکتر بهمن فرهنگی متخصص جراحی عمومی ,چکاپ بیماریهای پستان,تیروئید,گوارش ,خ هراز, س. پزشکان قائم [RANDOM_NUMBER] [MASKED_NUMBER] و [MASKED_NUMBER]","spam"
"برای سفارش میوه با اسنپ, [RANDOM_NUMBER] هزار تومن تخفیف داری! با کد [ENGLISH] اعتبار: تا [RANDOM_NUMBER] مهر کافیه توی سوپراپلیکیشن اسنپ, سرویس «غذا» و بعدش «میوه» رو انتخاب کنی. [LINK_REMOVED]","spam"
"*سامانه سعدی* دارنده گرامی سهام عدالت، به اطلاع میرساند همزمان با عید سعید غدیر خم امکان ثبت درخواست فروش [RANDOM_NUMBER] درصد دیگر از سهام عدالت فراهم شده است. برای مشاهده ارزش روز یا فروش سهام عدالت کلیک کنید: [LINK_REMOVED]","spam"
"مشتری محترم (فروشنده سهام عدالت) با سلام با توجه به نوسانات اخیر بازار سرمایه و نظر به اینکه سفارش فروش جنابعالی تا به حال اجرا نشده, میتوانید نسبت به لغو سفارش خود با مراجعه به درگاه کارگزاری اقدام نمایید. بدیهی است در صورت عدم مراجعه, فروش سهام به قیمت روز بنا بر تشخیص کارگزاری منتخب در چهارچوب قوانین و مقررات جاری بازار خواهد بود. شرکت سپرده گذارى مرکزى","ham"
"رمز یکبار مصرف: [RANDOM_NUMBER]","ham"
"آگاهی خانواده را ارتقاء داده و جایزه بگیرید. با هدف آمادگی در برابر مخاطرات و به منظور ارتقاء سطح آگاهی خانواده به ما بپیوندید و ضمن دریافت پیام های آمادگی, با شرکت در مسابقات هفتگی؛ یک عدد کیف کمک های اولیه از محصولات جمعیت هلال احمر برنده شوید. فضای مجازی(اینستاگرام) [LINK_REMOVED]","spam"
"سلام نه لطفا دیگه به من پیام نده, چیزی بینمون نیست و نبوده.","ham"
"مشترک گرامی در تاریخ [DATE] [TIME] یک عدد سیم کارت به شماره [MASKED_NUMBER] با کد ملی شما در اپراتور رایتل ثبت گردیده است. در صورت وجود مغایرت به اپراتور مذکور مراجعه فرمایید.","ham"
"با سلام؛ مشتری گرامی کارگزاری دنیای نوین, خودرو هایما در تاریخ [DATE] در بورس کالا عرضه می گردد. لینک ثبت نام غیر حضوری [ENGLISH].[LINK_REMOVED] تماس [RANDOM_NUMBER] داخلی[RANDOM_NUMBER]","spam"
"اتفاقا چون حالمان کسی خوب نیست بردگیم و دور همی تجویز می شود","ham"
"مشترک گرامی([RANDOM_NUMBER])فاکتور شما با موفقیت پرداخت شد. آسیاتک [RANDOM_NUMBER] دانلود اپلیکیشن آسیاتک [LINK_REMOVED]","ham"
"امتیاز بده, توپ طلا بگیر! با دریافت بسته ویژه جام جهانی در بخش طرح ها و جوایز باشگاه مشتریان همراه اول, شانس خود را برای برنده شدن افزایش دهید. [LINK_REMOVED]","spam"
"فوتبالیا توچارخونه جَمعشون جَمعه دانلود اپ رسمی پرسپولیس ازچارخونه [LINK_REMOVED] دانلوداپ استقلال ازچارخونه [LINK_REMOVED]","spam"
"آواهای انتظار پرطرفدار روز: فعالسازی با ارسال کد آوا به[RANDOM_NUMBER] [RANDOM_NUMBER]شیدایی(امین نیکو) [RANDOM_NUMBER]خدا نکند(حمید هیراد) [RANDOM_NUMBER]سنی دییللر(آذری) (ابراهیم علیزاده) [RANDOM_NUMBER]مثلاً(حامیم) [RANDOM_NUMBER]بیا پیشم(سینا درخشنده) [RANDOM_NUMBER]نفس(فرزاد فرزین) هزینه فعالسازی ماهیانه [RANDOM_NUMBER] تومان","spam"
"نمی دونم چرا هروقت یکی دیگه اینجاست یادم میاد به تو هم بگم","ham"
"بعد از اون میتونم","ham"
"عهههه","ham"
"ایشالا ک بیدارت نکردم","ham"
"یک ماه پرداخت کن دو ماه تماشا کن فقط تا [RANDOM_NUMBER] آبان! نماوا [LINK_REMOVED]","spam"
"[NAME] عزیز, به جهت رفاه کاربران, مهلت پرداخت صورتحساب شهریور ماه سرویس اعتباری اسنپ پی تا دهم مهر تمدید شد. مشاهده صورتحساب: [LINK_REMOVED]","ham"
"من دارم می رم بازار انقلاب, اگر اطراف ارم هستید بیای ببینمتان","ham"
"بازنشسته گرامی به منظور تسهیل دسترسی فراگیر شما,زین پس علاوه بر وبسایت و سامانه همراه صبا, خدمات چاپ فیش و حکم,صدور گواهی کسر از حقوق و استعلام بازنشستگی خارج از کشور,وام ضروری ووام ازدواج در کلیه دفاتر پیشخوان دولت قابل ارائه می باشد. اطلاع از آدرس دفاتر پیشخوان و خدمات اضافه شده در آینده: [LINK_REMOVED] تلفن راهنمایی: [MASKED_NUMBER]","spam"
"غلط کردی یعنی چی ادم نیستم تو گل پسری گل بسری","ham"
"از طرف من برو سلام کن تو تایملاین","ham"
"متقاضی گرامی! کد اعتبارسنجی شما جهت ثبت نام در طرح شماره همسان [RANDOM_NUMBER] می باشد","ham"
"فروش ویژه سالگرد افتتاحیه فروشگاه تخفیفی هفت فردا یکشنبه تا [RANDOM_NUMBER]%تخفیف","spam"
"[RANDOM_NUMBER] دقیقع گوشیو بردارین من کار دارم باهاتون","ham"
"گره گشای کار مردم باشیم با انتشار فیلم و عکس از گره گشایی و کارهای خیر خود با هشتگ #همهخادمالرضاییم , در این پویش خیرخواهانه شرکت کنید. به اشتراک گذاری محتواها در شبکه اجتماعی «ایتا» در نشانی: [ENGLISH] اطلاعات بیشتر: [LINK_REMOVED] * آستان قدس رضوی, همراه اول *","spam"
"آدرس سامانه : [LINK_REMOVED] نام کاربری :‭[RANDOM_NUMBER]‬ اسم رمز :[RANDOM_NUMBER] مشترک گرامی ثبت نام شما را درسامانه امور مشترکین آسیاتک خوش آمد می گوییم از این پس برای خرید ویا هرگونه درخواست از آسیاتک و یا هر تعداد ثبت نام سرویس از آدرس , نام کاربری و اسم رمز فوق استفاده نمائید در صورتیکه در مدت [RANDOM_NUMBER] ساعت آینده در سایت اولین فرایند خرید خود را تکمیل ننمائید سیستم به صورت خودکار این دسترسی را از سامانه حذف خواهد نمود درصورت هرگونه ابهام ویا سئوال با ما در ارتباط باشید [RANDOM_NUMBER] دانلود اپلیکیشن آسیاتک [LINK_REMOVED]","ham"
"آیا به عنوان پناهنده یا پناهجو می خواهید از حقوق, وظایف و خدمات موجود با خبر شوید؟ صفحه فیسبوک [LINK_REMOVED] را ببینید و جستجو کنید [RANDOM_NUMBER]","spam"
"سرنوشت شما خودنوشت شماست؛ خودتان برای وکیل شدن تصمیم بگیرید فردانخستین آزمون وکالت داداستان ثبت نام باتخفیف سراسرکشور [MASKED_NUMBER]","spam"
"سلام بریم وقت شکار امشب تا [RANDOM_NUMBER]٪ تخفیف فقط ساعت [RANDOM_NUMBER] تا [RANDOM_NUMBER] [LINK_REMOVED]","spam"
"هایپراستار[RANDOM_NUMBER]~[DATE] انار کیلویی [RANDOM_NUMBER]ت مزمز رب گوجه [RANDOM_NUMBER]گ [RANDOM_NUMBER]ت یک و یک خیارشور [RANDOM_NUMBER]ک [RANDOM_NUMBER]ت","spam"
"وقتی نیچه گریست, خرده جنایت های زناشوهری و ... پرطرفدارترین کتاب های «نشر قطره» را با [RANDOM_NUMBER]% تخفیف از فیدیبو دریافت کنید. کد تخفیف: [ENGLISH][RANDOM_NUMBER] [LINK_REMOVED]","spam"
"سلام؛ یه سری سرور رایگان شدوساکس کانال [ENGLISH] [ENGLISH] داره می ذاره که من دو روزه استفاده می کنم خوبن, به شما هم توصیه می کنم.","ham"
"فروشگاه زنجیره ای سروش [LINK_REMOVED] خرید غیر حضوری از [LINK_REMOVED]","ham"
"سرمایه گذاران محترم صندوق رشد سامان به اطلاع می رساند: آدرس جدید پرتال این صندوق به [LINK_REMOVED] تغییر کرده است. مدیریت صندوق/ تامین سرمایه کاردان","ham"
"پربیننده ترین برنامه اینترنتی دفاع مقدس رو از دست ندید! روایت گری پوریا پورسرخ از خرمشهر قهرمان قسمت پایانی برنامه «روایت مردانگی», امشب [RANDOM_NUMBER] خرداد ساعت [RANDOM_NUMBER] تماشا از: روبیکا [LINK_REMOVED] آیگپ [LINK_REMOVED]","spam"
"سلام, امتحانو نمیای?","ham"
"من می خوام برم ملاصدرا کتاب بخرم؛ بعد از کلاست بیا بریم کتاب بخریم","ham"
"مشترک گرامی با عضویت خود و دعوت از دوستان به آیگپ, هم برنده خودروی [RANDOM_NUMBER] شوید و هم در خرید تبلت برای دانش آموزان نیازمند مشارکت کنید. لینک نصب: [LINK_REMOVED] آیگپ","spam"
"دندانپزشکی کودک بدون بیهوشی کلینیک پاستور کیانپارس[RANDOM_NUMBER]شرقی [MASKED_NUMBER] -[RANDOM_NUMBER]","spam"
"تو چه خبر?","ham"
"مشترک گرامی به منظور کاهش ترددهای غیرضروری و حفظ سلامتی شما, امکان ارائه خدمات همراه اول از طریق سرویس خدمات در محل (همراه یار) فراهم شده است. شما می توانید با شماره گیری [RANDOM_NUMBER] و انتخاب گزینه خدمات در محل(کلید شماره [RANDOM_NUMBER]) از این سرویس برخوردار شوید. همراه اول","spam"
"ویزیت رایگان + نسخه و داروی آنلاین با اسنپ! [RANDOM_NUMBER]تومان تخفیف مشاوره ی پزشکی, دریافت نسخه ی آنلاین, ارسال دارو و مشاوره ی کرونا کد: [ENGLISH][RANDOM_NUMBER] اعتبار:تا [RANDOM_NUMBER] اردیبهشت کافی است در سوپراپلیکیشن اسنپ, «پزشک و مشاور» را انتخاب کنید. [LINK_REMOVED]","spam"
"سلام رفتن کد رو گرفتن لازم هست برای شما ارسال کنن یا همون که گرفتن کافی هست","ham"
"بازنشسته گرامی مرحله جدید طرح خرید اعتباری از فروشگاه های زنجیره ای رفاه با اعتبار [RANDOM_NUMBER].[RANDOM_NUMBER] ریال آغاز شد. شما از هم اکنون می توانید از این تسهیلات قرض الحسنه استفاده نمایید. تلفن راهنمایی: [MASKED_NUMBER] [ENGLISH]","spam"
"سلام من پیش مامانتم","ham"
"جان من است او تا [RANDOM_NUMBER]% تخفیف ویژه در روژا برای مادران و زنان سرزمین مان فقط تا [RANDOM_NUMBER] دی خرید از شعب لینک: [LINK_REMOVED] لغو پیامک:[RANDOM_NUMBER]","spam"
"من سوار شدم","ham"
"کیف پول دیجیتال ایرانسل راه حل نوین برای استفاده از خدمات دیجیتال! اطلاعات بیشتر با مراجعه به لینک زیر به همراه [RANDOM_NUMBER] گیگ جایزه! لینک: [LINK_REMOVED]","spam"
"سلام ای غرقِ نور؛ سلام از راهِ دور, سلام؛ آقایِ پُر دردِ صبور دریافت نواهای عاشورایی با ارسال کد به [RANDOM_NUMBER] اذان علی اکبر,سیب سرخی[RANDOM_NUMBER] اکبرم چرا خفته ای,سیب سرخی[RANDOM_NUMBER] سلام ای کوه نـور, مطیعی [RANDOM_NUMBER] وزیر شاه کربلاسن, رسولی [RANDOM_NUMBER] تو حسـین بچگیمی, علیمی [RANDOM_NUMBER]","spam"
"بانک ملی برداشت: [RANDOM_NUMBER] حساب: [RANDOM_NUMBER] مانده: [RANDOM_NUMBER] [TIME]-[DATE] هپ نصب کن, [ENGLISH]. گوشی و ساعت هوشمند ببرا! [LINK_REMOVED]","ham"
"میخواستم بگم جان توا دیدی ؟","ham"
"ممنونم.","ham"
"(( مژده به مشتریان گرامی کارگزاری دنیای نوین)) دوره ی آنلاین آموزشی رایگان (( تحلیل تکنیکال مقدماتی )) ویژه مشتریان گرامی برگزار می گردد. تعداد جلسات: [RANDOM_NUMBER] - روزهای یکشنبه و سه شنبه - ساعت [TIME] الی [RANDOM_NUMBER] شروع دوره : یکشنبه [RANDOM_NUMBER] آبان جهت ثبت نام با داخلی [RANDOM_NUMBER] تماس حاصل فرمایید. تلفن شرکت : [RANDOM_NUMBER] (( بورس برای همه – شرکت کارگزاری دنیای نوین))","spam"
"[NAME] عزیز در صورتیکه پیشنهادات دریافتی برای سفارش نصب و تعمیر یخچال و فریزر مورد پسند شما نبوده, لطفا به پشتیبانی آچاره اطلاع دهید تا بتوانند متخصص مناسبی برای کار شما پیدا کنند. اگر هنوز تمایل به انجام سفارشتان دارید لطفا مجدد سفارشتان را با [RANDOM_NUMBER] درصد تا سقف [RANDOM_NUMBER] هزار تومان تخفیف هدیه ثبت نمایید و مشکل پیشنهادات قبلی را به ما بگویید. مهلت استفاده : [RANDOM_NUMBER] هفته ثبت سفارش: [LINK_REMOVED] پشتیبانی: [RANDOM_NUMBER] کدتخفیف: [MASKED_NUMBER]","ham"
"[RANDOM_NUMBER]ربع سکه برای[RANDOM_NUMBER]نفر فقط امروز,باخریدشارژوبسته از[USSD_REMOVED] هر[RANDOM_NUMBER]تومان[RANDOM_NUMBER]شانس","spam"
"سلام و درود تازه پیامتو دیدم... بیو کاکو...","ham"
"کارگزاری فارابی مشتری گرامی, ثبت سفارش عرضه اولیه نماد (وکبهمن) تا ساعت [RANDOM_NUMBER] امروز ادامه دارد. سهمیه در نظر گرفته شده برای هر کد معاملاتی حداکثر [RANDOM_NUMBER] سهم میباشد و هر کد معاملاتی تنها مجاز به ارسال یک سفارش است. بازه قیمتی [RANDOM_NUMBER] تا سقف [RANDOM_NUMBER] ریال, امکانپذیر است. [LINK_REMOVED]","spam"
"نوروز[RANDOM_NUMBER] تفلیس[RANDOM_NUMBER] باکو[RANDOM_NUMBER] استانبول[RANDOM_NUMBER] دبی[RANDOM_NUMBER] مالزی [MASKED_NUMBER]","spam"
"راجعه کننده گرامی به دستگاه قضایی, با سلام. لطفا با ملاحظه لینک زیر, نسبت به ثبت نظرات خود در خصوص تجربه حضور در واحد قضایی اقدام فرمایید. با تشکر [LINK_REMOVED]","ham"
"مشترک گرامی سلام در حال حاضر برای کد ملی شما [RANDOM_NUMBER] عدد سیم کارت به شرح زیر ثبت شده است: ایرانسل: [RANDOM_NUMBER] سیم کارت همراه اول: [RANDOM_NUMBER] سیم کارت رایتل: [RANDOM_NUMBER] سیم کارت در صورت وجود مغایرت, ضمن مشاهده تارنمای رسمی و یا برقراری تماس با مرکز پشتیبانی اپراتور مورد نظر با به همراه داشتن مدارک هویتی مجاز به یکی از دفاتر پشتیبانی و فروش اپراتور مربوطه مراجعه و نسبت به رفع مغایرت اقدام نمایید. سازمان تنظیم مقررات و ارتباطات رادیویی","ham"
"ولی مهم اینه تو هم اومدی تو کار","ham"
"[RANDOM_NUMBER] هزار تومن تخفیف سفارش اول از سرویس داروخانه ی اسنپ! کد: [ENGLISH][RANDOM_NUMBER] اعتبار: تا [RANDOM_NUMBER] آبان حداقل سفارش: [RANDOM_NUMBER] هزار تومن برای سفارش, روی لینک زیر بزن: [LINK_REMOVED]","spam"
"قربونت بشم ممنون","ham"
"بازنشسته گرامی ثبت نام شما در صندوق سرمایه گذاری قابل معامله([ENGLISH]) ""واسطه گری مالی یکم"", به وسیله تسهیلات قرض الحسنه [RANDOM_NUMBER].[RANDOM_NUMBER] ریالی با موفقیت انجام گرفت. اطلاعات بیشتر در خصوص فرآیند بهره گیری از این سهام: [RANDOM_NUMBER] [MASKED_NUMBER] و یا مراجعه به آدرس [LINK_REMOVED] صندوق بازنشستگی کشوری","ham"
"تورهای کروز نوروز[RANDOM_NUMBER] شرایط ویژه ایتالیااسپانیافرانسه [MASKED_NUMBER] نیلفام","spam"
"رفتارهای هیجانی و شادی گذرا را, جایگزین سلامت پایدار و نشاط بهاری نکنیم. معاونت اجتماعی نیروی انتظامی جمهوری اسلامی ایران","ham"
"همراه گرامی اگرگوشی هوشمندداریدبامراجعه به نزدیکترین دفترپیشخوان سیم کارت جدید([ENGLISH]) را (رایگان) تحویل بگیرید واز[RANDOM_NUMBER][ENGLISH]اینترنت هدیه برای تلفن های دائمی و[RANDOM_NUMBER][ENGLISH]برای تلفن های اعتباری بهره مندشوید. با تشکر""همراه اول""","spam"
"[NAME] ما داریم میریم کجایین شما?","ham"
"[RANDOM_NUMBER]تومان تخفیف تپسی [RANDOM_NUMBER]تخفیف [RANDOM_NUMBER]درصدی تا سقف [RANDOM_NUMBER]تومان, [RANDOM_NUMBER]تخفیف [RANDOM_NUMBER]درصدی تا سقف [RANDOM_NUMBER]تومان برایتان فعال شد مهلت:[RANDOM_NUMBER]مهر [LINK_REMOVED]","spam"
"با سلام طبق دستورالعمل واحد نظارت فرابورس, خرید خودکار عرضه اولیه در فرابورس ممنوع است.خواهشمند است در روز چهارشنبه مورخ [DATE], مطابق با پیغام ناظر نسبت به ثبت سفارش خرید در نماد وهامون اقدام نمایید. واحد معاملات برخط کارگزاری بانک سامان","ham"
"مشتری گرامی بانک سپه(مهر سابق) با سلام به منظور جلوگیری از سوء استفاده های احتمالی و نقل و انتقالات غیرمجاز وجوه, مانند فیشینگ , بلیط امنیتی برای تمامی انتقالات در اینترنت بانک شما فعال گردید. تنها نشانی رسمی : [LINK_REMOVED]","ham"
"بانک سامان مشتری گرامی از این پس ارسال پیامک های رمز پویا, با شرح ورود به درگاه الکترونیکی یا انتقال تفکیک خواهد شد. لطفاً برای حفظ امنیت حساب خود و جلوگیری از سوء استفاده احتمالی از طریق فیشینگ, هنگام انتقال وجه یا ورود به نت بانک یا موبایلت به شرح متن پیامک دقت کنید.","ham"
"[RANDOM_NUMBER]تومان تخفیف تپسی یک تخفیف [RANDOM_NUMBER]درصدی تا سقف [RANDOM_NUMBER]تومان و [RANDOM_NUMBER]تخفیف [RANDOM_NUMBER]درصدی تا سقف [RANDOM_NUMBER]تومان برایتان فعال شد مهلت استفاده:[RANDOM_NUMBER]مهر [LINK_REMOVED]","spam"
"شروع گرما با پیشگو هیجان انگیز پژمان جمشیدی [RANDOM_NUMBER]% تخفیف تمدید اشتراک [RANDOM_NUMBER] ماهه + [ENGLISH][RANDOM_NUMBER] کد تخفیف اختصاصی: [ENGLISH] [LINK_REMOVED]","spam"
"سلام ثبت نام که کردند کافیه","ham"
"لیزینگ فرهنگیان آغاز ارائه تسهیلات خرید لوازم خانگی و دیجیتال [LINK_REMOVED]","spam"
"[RANDOM_NUMBER] هزار تومان تخفیف اسنپ اکسپرس! برای [RANDOM_NUMBER] سفارش, هر سفارش [RANDOM_NUMBER] هزار تومان کد تخفیف: [ENGLISH][ENGLISH][RANDOM_NUMBER] اعتبار تا [RANDOM_NUMBER] دی [LINK_REMOVED]","spam"
"مشترک گرامی شما تا ساعت [TIME] تاریخ [DATE], هنوز [RANDOM_NUMBER] گیگ اینترنت هدیه سه ماهه خود ویژه استفاده در ذره بین را دریافت نکرده اید. برای دریافت رایگان بسته اینترنت هدیه ذره بین [RANDOM_NUMBER] گیگابایت [RANDOM_NUMBER] روزه(هر ماه [RANDOM_NUMBER] گیگ) از طریق لینک زیر اقدام کنید. [LINK_REMOVED] تماشای والیبال سرنوشت ساز تیم ملی در المپیک: ایران - ژاپن ساعت [TIME] پخش در وبگرد ذره بین ذره بین؛ تجربه متفاوت وبگردی","spam"
"استفاده از [MASKED_NUMBER] به عنوان کد امنیتی حساب [ENGLISH]","ham"
"مشاوره رایگان پزشکی با اسنپ با ارسال کد معرفی برای دوستان خود, در اولین مشاوره پزشکی [RANDOM_NUMBER]هزار تومان اعتبار به آنها هدیه دهید و خودتان هم پس از مشاوره دوستانتان, [RANDOM_NUMBER]هزار تومان اعتبار مشاوره پزشکی دریافت کنید. برای دریافت کد معرفی در پایین صفحه سرویس «پزشک و مشاور», مشاوره رایگان رو انتخاب کنید. [LINK_REMOVED]","spam"
"مسیریاب بلد [LINK_REMOVED]","ham"
"با سلام رمز عبور شما تغییر یافت نام کاربری: [ENGLISH][RANDOM_NUMBER] رمزجدید: [ENGLISH][ENGLISH] با تشکر کارگزاری دنیای نوین [LINK_REMOVED]","ham"
"کد ویرایش موبایل روبوایکیو [RANDOM_NUMBER]","ham"
"همراه اول حامی نخستین نمایشگاه مجازی قرآن کریم؛ همراه با [RANDOM_NUMBER]% تخفیف و ارسال رایگان کتب به سراسر کشور تا پایان ماه مبارک رمضان. [LINK_REMOVED]","spam"
"عمه جون سلام مامان و بابام دارن میان من و [NAME] هم بعد امتحان من میایم","ham"
"فقط تا آخر فروردین برای شرکت در فیلماراتون لنز فرصت دارید.با دیدن فیلم بیشتر، شانستون برای برنده شدن [RANDOM_NUMBER] گوشی آنر یا [RANDOM_NUMBER] ساعت هوشمند یا [RANDOM_NUMBER] مچ بند هوشمند آنر افزایش بدید. اطلاعات بیشتر در: [LINK_REMOVED]","spam"
"باشه بهم اطلاع بده من با اسنپ میام پلیس راه","ham"
"با اسنپ باکس میشه دیگه درسته خود اسنپ که نمی بره","ham"
"امشبی را شه دین در حرمش مهمان است مکن ای صبح طلوع با اینترنت رایگان همراه اول دعوتید به تماشای آخرین قسمت ویژه برنامه «مهلا» با گپ و گفت دو مداح معروف کشور, حمیدرضا علیمی و محمدحسین پویانفر. به همراه پخش زنده بیش از [RANDOM_NUMBER] هیئت مذهبی. از ساعت [RANDOM_NUMBER] در روبیکا و آیگپ. روبیکا [LINK_REMOVED] آیگپ [LINK_REMOVED]","spam"
"بعدش این تنظیمات [ENGLISH]://[ENGLISH]?[ENGLISH][ENGLISH][ENGLISH][ENGLISH][ENGLISH][ENGLISH]","ham"
"بانک ملت کارت برداشت از حساب [RANDOM_NUMBER] مبلغ : [RANDOM_NUMBER] ریال موجودی : [RANDOM_NUMBER] ریال مستند : [RANDOM_NUMBER] [DATE] [TIME]","ham"
"شبت بخیر و شادی. به خدا میسپارمت و برایت فردایی بهتر و زیباتر آرزو میکنم","ham"
"[داروپلاس] ماسک رایگان در لینک زیر: [LINK_REMOVED]","spam"
"همراه اولی عزیز شما واجد شرایط دریافت [RANDOM_NUMBER] گیگ اینترنت هدیه سه ماهه(هر ماه [RANDOM_NUMBER] گیگ) مخصوص استفاده در اپلیکیشن ذره بین هستید. نصب و فعال سازی رایگان: [LINK_REMOVED] قسمت جدید سریال “دراکولا”, “پیش گو”, “هم رفیق”, ""سیاوش"" و هزاران فیلم و سریال دیگر نماوا را رایگان تماشا کنید. همچنین در صورت عدم تمایل به دریافت اخبار, کمپین ها, جوایز و هدایای ذره بین عدد [RANDOM_NUMBER] را به [RANDOM_NUMBER] ارسال نمایید.","spam"
"شرکت گاز استان بوشهر مشترک گرامی مهران نیکخواه شماره اشتراک: [RANDOM_NUMBER] سریال کنتور: [RANDOM_NUMBER] رقم قبلی: [RANDOM_NUMBER] رقم اعلامی: [RANDOM_NUMBER] تاریخ قبلی: [DATE] تاریخ قرائت: [DATE] شناسه قبض: [MASKED_NUMBER] شناسه پرداخت: [RANDOM_NUMBER] تعداد بدهی: [RANDOM_NUMBER] بدهی قبلی: [RANDOM_NUMBER] ریال مبلغ قابل پرداخت:[RANDOM_NUMBER] ریال مهلت پرداخت: [DATE] جزئیات قبض: [LINK_REMOVED]","ham"
"مبلغ [RANDOM_NUMBER]ریال","ham"
"سلام. بیداری? :(","ham"
"تو و [NAME] رفتید ?به این ها نمیشه اعتماد کرد فکر کنم مثل سیم کارتشون","ham"
"آواهای انتظار ویژه روز مادر: فعالسازی با ارسال کد آوا به[RANDOM_NUMBER] [RANDOM_NUMBER]مادر(علیرضا ایروانی) [RANDOM_NUMBER]مهر مادری(پویا بیاتی) [RANDOM_NUMBER]مادر(آذری) (گروه نسیم قدر) [RANDOM_NUMBER]مادر(آرون افشار) [RANDOM_NUMBER]مادر(مهرداد شفیعی) [RANDOM_NUMBER]مادر (علیرضا طلیسچی) هزینه فعالسازی ماهیانه [RANDOM_NUMBER] تومان می باشد","spam"
"[RANDOM_NUMBER]ربع سکه برای [RANDOM_NUMBER]نفر با خرید شارژ و بسته از [USSD_REMOVED] از امروز تا شنبه️ هر[RANDOM_NUMBER] تومان [RANDOM_NUMBER]شانس قرعه کشی:دوشنبه بیشتر: [LINK_REMOVED]","spam"
"خدا لعنتشون کنه","ham"
"آینده فرزندخودرابیمه کن! [پزشکی,دندان,غیرپزشکی] مهر اروپــا,انگلیسی [RANDOM_NUMBER]م.تومان=تسویه[RANDOM_NUMBER]سال شهریه[RANDOM_NUMBER]سال خوابگاه [MASKED_NUMBER] [MASKED_NUMBER]","spam"
"در روزهای اول بیماری تنفسی, ضمن استراحت در منزل, از حضور در اماکن پر تردد پرهیز کنید. دهان و بینی خود را هنگام سرفه و عطسه با دستمال(ترجیحا) و یا قسمت بالای آستین بپوشانید","ham"
"خب بهم بگید کجا بیام","ham"
"شما [RANDOM_NUMBER] شانس[RANDOM_NUMBER]میلیونی گرفتی قرعه کشی فردا[TIME] [LINK_REMOVED]","spam"
"دی ان اس رو پیدا نکردم ولی هاااآااا","ham"
"اعتبارشما [RANDOM_NUMBER]ریال خرید به ص","ham"
"نیکوکاری با امتیازات باشگاه فیروزه ای با امتیازات خود در ساخت مدرسه, توزیع اقلام بهداشتی در مناطق کم برخوردار با هدف جلوگیری از شیوع کرونا, حمایت از محیط زیست و سایر طرح های نیکوکاری مشارکت نمایید. مراجعه به بخش نیکوکاری باشگاه فیروزه ای از طریق اپلیکیشن/ وب سایت همراه من [ENGLISH].[LINK_REMOVED] باشگاه فیروزه ای- باشگاه مشتریان همراه اول","spam"
"مالک محترم خودروی شماره [RANDOM_NUMBER] در خودروی شما در آدرس توچال خ دانشجو تاریخ [TIME]-[DATE] جرم کشف حجاب صورت گرفته است. با توجه به تکرار و عدم توجه شما به تذکر قبلی، ظرف مدت [RANDOM_NUMBER] روز آینده جهت تعیین تکلیف به نزدیکترین مرکز پلیس امنیت اخلاقی محل زندگی خود مراجعه نمایید.","ham"
"توفان پایینترین قیمتهادرافق کوروش [RANDOM_NUMBER]تا[RANDOM_NUMBER]آبان شکر[RANDOM_NUMBER]ک[RANDOM_NUMBER] رب رعنا[RANDOM_NUMBER] دستمال ک[RANDOM_NUMBER]ع[RANDOM_NUMBER] مایع دست[RANDOM_NUMBER]ل اکتیو[RANDOM_NUMBER] ماست دومینو[RANDOM_NUMBER] [LINK_REMOVED]/[RANDOM_NUMBER]","spam"
"بانک سامان مشتری گرامی اپلیکیشن رمزینه به دلیل تغییرات فنی تا اطلاع ثانوی قابل استفاده نیست. ضمن عرض پوزش لطفا برای دریافت رمز یکبار مصرف از سامانه پیامکی(هریم) استفاده کنید.","ham"
"کاربر گرامی دیجی کالا/دیجی پی همین حالا با پرداخت قبوض خود با اپلیکیشن دیجی پی علاوه بر هدیه نقدی در قرعه کشی [RANDOM_NUMBER] ساعت هوشمند سامسونگ نیز شرکت کنید [LINK_REMOVED]","spam"
"آواهای انتظار ویژه ولادت امام رضا(ع): فعالسازی با ارسال کد آوا به[RANDOM_NUMBER] [RANDOM_NUMBER]صلوات خاصه امام رضا(محمدرضا انصاریان) [RANDOM_NUMBER]آقام(آذری)(عباس حبیب زاده) [RANDOM_NUMBER]امام رضاییم(حسین طاهری) [RANDOM_NUMBER]کبوترای حرم(برادران سعیدی) [RANDOM_NUMBER]نغمه خوان خادمان(حسین بوند) [RANDOM_NUMBER]یا امام رضا(علی کارونی) هزینه ماهیانه [RANDOM_NUMBER] تومان","spam"
"رفتی بوشهر?","ham"
"یک بلیط در حال خرید روی مِستر بلیط داری! قبل از گرون شدن یا پر شدن برای خرید عجله کن. [LINK_REMOVED]","spam"
"*پرشین گیگ* تیکت شما با شماره پیگیری [ENGLISH]-[ENGLISH][ENGLISH] با موفقیت ثبت گردید.","ham"
"با [NAME] شرط بسته بودم که زودتر از [RANDOM_NUMBER] راه نمی افته:))","ham"
"تا برسی به خونه,سفارشت رسیده: همه تخفیف های افق کوروش رو کمتر از یک ساعت, درب واحد دراهواز تحویل بگیر! خرید از طریق اپلیکیشن اُکالا: [LINK_REMOVED]","spam"
"دانشگاه فردوسی[ENGLISH]-[ENGLISH] شروع دوره[RANDOM_NUMBER]مهر [LINK_REMOVED] [MASKED_NUMBER]","spam"
"ثبت نام سامانه املاک(مالک و مستاجر) زرهی,وسط کوچه [RANDOM_NUMBER] فلاحی دفتر پیشخوان","spam"
"مشترک گرامی تنها تا ساعت [TIME] تاریخ [DATE] مهلت دارید تا بسته [RANDOM_NUMBER] گیگابایت اینترنت هدیه خردادماه ویژه استفاده در اپ ذره بین را فعال کنید. فعال سازی از طریق: [LINK_REMOVED] با نصب اپلیکیشن ذره بین علاوه بر دریافت اینترنت هدیه, می توانید قسمت جدید سریال “دراکولا”, “پیش گو”, “هم رفیق”, ""سیاوش"" و هزاران فیلم و سریال دیگر را رایگان تماشا کنید.","spam"
"امکان دریافت سریع رمز پویا و انجام تراکنشهای بانکی در جدیدترین نسخه اپلیکیشن هف هشتاد [LINK_REMOVED]","spam"
"یه فضایی باشه بذارمش توش","ham"
"مجموعه وبینارهای کنترل کیفی آزمایشگاه جنین شناسی (با حضور پرفسور مارک ون دن برگ) از [RANDOM_NUMBER] تیر [RANDOM_NUMBER] روزهای جمعه, ثبت نام رایگان با ظرفیت محدود, کسب اطلاعات بیشتر؛ [MASKED_NUMBER] داخلی [RANDOM_NUMBER] پژوهشگاه ابن سینا","spam"
"سلام چطوری من دانشگاه بودم","ham"
"[RANDOM_NUMBER]% تخفیف بسته ویژه ماه مهر رایتل فقط تا پایان امشب در اپلیکیشن رایتل من [LINK_REMOVED]","spam"
"[NAME] امروز [RANDOM_NUMBER].[RANDOM_NUMBER], تخفیف های امروز هم ویژه تره!! فرصت خریدلوازم آرایشی و بهداشتی با بیشترین تخفیف ها رو از دست نده. همین حالا یه سبد پر تخفیف برای خودت جمع کن. بزن بریم. [LINK_REMOVED]","spam"
"تبریک! کد تخفیف: [ENGLISH][RANDOM_NUMBER] ایرانسلی عزیز، تبریک! شما برنده [RANDOM_NUMBER]هزار تومان تخفیف شدید. برای استفاده از تخفیف [RANDOM_NUMBER] هزار تومانی خرید گوشی های متنوع آنر و سامسونگ از فروشگاه اینترنتی موبایلتو تنها تا [RANDOM_NUMBER] شهریور فرصت دارید. ظرفیت استفاده از این کد فقط برای [RANDOM_NUMBER] است که زودتر اقدام به خرید نمایند. خرید از طریق: [LINK_REMOVED]","spam"
"فروش دستکش یکبارمصرف نایلونی بهداشتی مارک اوژن [RANDOM_NUMBER] گرمی [MASKED_NUMBER]","spam"
"تنها با ماهی [RANDOM_NUMBER]هزار تومان اینترنت پرسرعت و باکیفیت آسیاتک [RANDOM_NUMBER]ماهه با [RANDOM_NUMBER]گیگ ترافیک بین الملل [RANDOM_NUMBER] [LINK_REMOVED]","spam"
"[RANDOM_NUMBER] تومان تخفیف ویژه ی سفارش غذا در اسنپ در خانه بمانید و با تخفیف از رستوران های محبوب خود غذا سفارش دهید. کد تخفیف: [ENGLISH][ENGLISH] مهلت استفاده:تا [RANDOM_NUMBER] تیر کافیست در سوپراپلیکیشن اسنپ, سرویس «غذا» را انتخاب کنید. [LINK_REMOVED]","spam"
"بانک سامان خرید شرکت ارتباطات مبین نت مبلغ [RANDOM_NUMBER] ریال رمز [RANDOM_NUMBER] زمان اعتبار رمز [TIME]","ham"
"سلام فقط فردا میتونیم خ [NAME] پس فردا میره تهرون هرکاردارید تعطیل کنید فردا بریم","ham"
"[RANDOM_NUMBER]خریدهیجان انگیزدرافق کوروش [RANDOM_NUMBER]تا[RANDOM_NUMBER]آبان اسپاگتی[RANDOM_NUMBER]گ[RANDOM_NUMBER] تن ماهی تحفه[RANDOM_NUMBER] مالشعیرهی دی[RANDOM_NUMBER] پنیر[RANDOM_NUMBER]صباح[RANDOM_NUMBER] روغن طبیعت[RANDOM_NUMBER]گ[RANDOM_NUMBER] [LINK_REMOVED]/[RANDOM_NUMBER]","spam"
"رسیدم تو متروام ببخشین یادم رفت","ham"
"من احتمالا فردا بعد از کلاس زبان برم یکمی مغازه هارو در جست و جوی موبایل بگردم","ham"
"آره خوبه","ham"
"کد تایید علی بابا : [RANDOM_NUMBER]","ham"
"عرضه اولیه شرکت سرمایه گذاری هامون صبا (نماد وهامون) سهمیه هر کد:حداکثر [RANDOM_NUMBER] سهم بازه قیمتی : [RANDOM_NUMBER] تا [RANDOM_NUMBER] ریال تاریخ ثبت سفارش : فردا سه شنبه [DATE] زمان ورود ثبت سفارش: طبق اطلاعیه ناظر بازار با تشکر واحد معاملات برخط شرکت کارگزاری بانک سامان","ham"
"مبلغ [RANDOM_NUMBER] میلیون جایزه مختص مهر ماه فرصت رو از دست ندید [USSD_REMOVED]","spam"
"بااهدای مبالغ نذری خود در ماه محرم امیدِ ناامیدان را با مهربانی خود زنده کنیم.","spam"
"موکا غذا خورد?","ham"
"هنرمند جوان در چه حالن?","ham"
"آسی پاسی دراز کولا?","ham"
"ایرانسلی عزیز, عضو شبکه اجتماعی پاتوق شو, بازی کن و سرگرم شو! با ارسال عدد [RANDOM_NUMBER] به همین شماره لینک دانلود را دریافت کن","spam"
"زندگیت را از نو بساز معارفه تور سکوی پرتاب [RANDOM_NUMBER]شنبه ارسال[ENGLISH]ب [MASKED_NUMBER]","spam"
"خانم/آقای [NAME] درخواست ا ب ط ا ل شما به شماره [RANDOM_NUMBER] به تعداد [RANDOM_NUMBER] در تاریخ [DATE] در صندوق سرمایه گذاری سهم آشنا ثبت گردید","ham"
"نماوایی عزیز امشب اولین قسمت گیسو ساعت [RANDOM_NUMBER] منتشر می شود [RANDOM_NUMBER]% تخفیف خرید و تمدید اشتراک یک ماهه با کد: [ENGLISH][RANDOM_NUMBER] [LINK_REMOVED]","spam"
"[NAME] میدونی این پیام واسه چه موقعس? اونشب که اومدم خونتون اینو فرستادم [ENGLISH] شده تو ارسال گوشیمو الان خاموش و روشن کردم ارسال شده","ham"
"ثبت نام نهمین دوره طرح ملی تلاوت قرآن کریم شباب الرضا(ع) پرورش استعداد های قرآنی پسران [RANDOM_NUMBER] تا [RANDOM_NUMBER] و دختران [RANDOM_NUMBER] تا [RANDOM_NUMBER] سال جهت ثبت نام دوره های آموزشی به صورت مجازی و کسب اطلاعات بیشتر: [LINK_REMOVED]","spam"
"ایرانسلی عزیز, آدرس ایمیل شما در پرونده سیم کارتتان ثبت نشده است. با مراجعه به آدرس زیر و ثبت آدرس ایمیل خود, می توانید فایل صورت حساب, رمز ورود به حساب کاربری و اپلیکیشن های ایرانسلی و همچنین پیشنهادهای ویژه را در ایمیل خود دریافت نمایید. (ترجیحا آدرس جیمیل) [LINK_REMOVED]","ham"
"[RANDOM_NUMBER] تومان تخفیف اسنپ برای [RANDOM_NUMBER] سفر! در سفر اول, [RANDOM_NUMBER]% (تا سقف [RANDOM_NUMBER] تومان) و در [RANDOM_NUMBER] سفر بعدی [RANDOM_NUMBER]% (هر بار تا سقف [RANDOM_NUMBER] تومان) تخفیف بگیرید. کد تخفیف: [ENGLISH]-[RANDOM_NUMBER] اعتبار: تا [RANDOM_NUMBER] آبان لطفا ماسک فراموش نشود! [LINK_REMOVED]","spam"
"کاربر گرامی دیجی کالا / دیجی پی امکان خرید اقساطی از دیجی کالا برای شما فراهم شد: [LINK_REMOVED] لغو پیامک: [RANDOM_NUMBER]","spam"
"فرهنگی محترم فرش فارسی کسرازحقوق شیرازبلوارامیرکبیر [MASKED_NUMBER] لغو=[RANDOM_NUMBER]","spam"
"رسید کارت به کارت مبلغ : [RANDOM_NUMBER] ریال به کارت : [RANDOM_NUMBER] متعلق به : [NAME] تاریخ : [DATE] [TIME] از کارت : [ENGLISH][RANDOM_NUMBER] شماره پیگیری : [RANDOM_NUMBER] با موفقیت انتقال یافت. همراه بام ملی [LINK_REMOVED]","ham"
"باشه چشم فردا اقدا م می کنم","ham"
"آواهای انتظار پرطرفدار روز: فعالسازی با ارسال کد آوا به[RANDOM_NUMBER] [RANDOM_NUMBER]خوشحالم (بهنام بانی) [RANDOM_NUMBER]بی احتیاط (مصطفی راغب) [RANDOM_NUMBER]طاقت ندارم(فردین ناجی) [RANDOM_NUMBER]نفس نفس(الیاد) [RANDOM_NUMBER]بخند رفیق(سینا سرلک) [RANDOM_NUMBER]دل به دل(علیرضا طلیسچی) هزینه ماهیانه [RANDOM_NUMBER] تومان","spam"
"از آقا اعاجزانه درخواست شد و اومهربا است","ham"
"[RANDOM_NUMBER] گیگ اینترنت هدیه برای شما! مشترک گرامی بسته اینترنت هدیه [RANDOM_NUMBER] گیگابایت سه ماهه(هر ماه [RANDOM_NUMBER] گیگ) ویژه استفاده در ذره بین, در روز سه شنبه تاریخ [DATE] با نصب اپ ذره بین برای شما فعال می شود و تا [DATE] قابل استفاده خواهد بود. دریافت و فعال سازی رایگان: [LINK_REMOVED] گلچین محتوای فضای مجازی جدیدترین ها در دنیای ورزش, اقتصاد, سرگرمی, گردشگری, آشپزی و روانشناسی با اینترنت رایگان برای همراه اولی ها در وبگرد ذره بین ذره بین؛ تجربه متفاوت وبگردی همچنین در صورت عدم تمایل به دریافت اخبار, کمپین ها, جوایز و هدایای ذره بین عدد [RANDOM_NUMBER] را به [RANDOM_NUMBER] ارسال نمایید.","spam"
"تا[RANDOM_NUMBER]%تخفیف همه کالاها نساجی بروجرد تا[RANDOM_NUMBER]خرداد معالی آباد-روبروی دوستان","spam"
"خانم/آقای [NAME] درخواست ابطال شما به شماره [RANDOM_NUMBER] به تعداد [RANDOM_NUMBER] در تاریخ [DATE] در صندوق سرمایه گذاری صندوق سرمایه گذاری مشترک یکم سامان ثبت گردید.","ham"
"فراخوان جذب نیرو در بیمه پاسارگاد تماس جهت پذیرش و مصاحبه: [MASKED_NUMBER]","spam"
"چرا اینقدر هوا که تاریکه میری اسناد?","ham"
"نه آینه کامل لازم نیست فقط قاب و شیشه ش رو عوض می کنیم ارزون تر بشه.","ham"
"هموطن عزیز با تلاش های گسترده مشکل فنی سامانه هوشمند سوخت به زودی برطرف می شود. سهمیه بنزین موجود در کارت های سوخت محفوظ است و شایعه افزایش قیمت بنزین یا حذف سهمیه ها واقعیت ندارد. لطفاً اخبار صحیح را از رسانه های رسمی کشور پیگیری نمایید. وزارت نفت","ham"
"[RANDOM_NUMBER] % تخفیف تبدیل سیمکارتهای اعتباری به دایمی همراه اول به همراه [RANDOM_NUMBER] گیگابایت اینترنت هدیه یکماهه و [RANDOM_NUMBER] % کاهش تعرفه تماس امکان تبدیل از طریق فروشگاه آنلاین همراه اول [LINK_REMOVED] اپلیکیشن همراه من [LINK_REMOVED] و دفاتر ارائه دهنده خدمت","spam"
"مشترک گرامی شماره [MASKED_NUMBER] بدهی خط شما به سقف مجاز قطع میان دوره رسیده و خط شما به مدت [RANDOM_NUMBER] هفته به صورت یک طرفه محدود گردید. جهت وصل مجدد و جلوگیری از قطع دو طرفه, در اسرع وقت نسبت به پرداخت بدهی به روز خود اقدام نمایید. قابل پرداخت [RANDOM_NUMBER] ریال شناسه قبض [RANDOM_NUMBER] شناسه پرداخت [RANDOM_NUMBER] پرداخت از طریق [USSD_REMOVED], [USSD_REMOVED], اپلیکیشن همراه من, تلفن گویای *[RANDOM_NUMBER] و [RANDOM_NUMBER] همراه اول","ham"
"در اروپا رایگان تحصل کن رشته های پزشکی [RANDOM_NUMBER] تا [RANDOM_NUMBER] میلیون [MASKED_NUMBER]","spam"
"سرمایه گذار محترم پذیره نویسی صندوق ارزش کاوان ایرانیان (با درآمد ثابت) آغاز شد. برای سرمایه گذاری به لینک زیر مراجعه نمایید. [LINK_REMOVED] جهت کسب اطلاعات بیشتر با شماره [MASKED_NUMBER] -[RANDOM_NUMBER] تماس حاصل فرمایید.","spam"
"استایل آپ کاربر گرامی سفارش شما ارسال شد. کد رهگیری سفارش [RANDOM_NUMBER] به شرح زیر است: [RANDOM_NUMBER] پیگیری پستی: [LINK_REMOVED]","ham"
"نمایشگاه مبلمان ""باتخفیف"" زمان:[RANDOM_NUMBER]تا[RANDOM_NUMBER]مرداد جاده تهران-نمایشگاه رشت","spam"
"فصل نو مبارک خلق تجربه ای تازه از گذران تعطیلات سال نو در خانه همراه با اینترنت شرکت مخابرات ایران تماشای تلویزیون اینترنتی تلوبیون با ترافیک کاملا رایگان خرید بسته های ترافیکی با تخفیف ویژه از طریق مراجعه به [ENGLISH].[LINK_REMOVED] [RANDOM_NUMBER] اسفند تا [RANDOM_NUMBER] فروردین دریافت رمز عبور پنل کاربری: شماره گیری [USSD_REMOVED] شرکت مخابرات ایران","spam"
"اگر یکی از وراث بدون اجازه سایر ورثه اقدام به فروش ملک نماید, مرتکب فروش مال غیر شده و وراث حق دارند علیه وی به عنوان فروش مال غیر و کلاهبرداری شکایت نمایند. معاونت اجتماعی و پیشگیری از وقوع جرم قوه قضاییه","ham"
"بیدار","ham"
"می خوای یک ترابایت فضا روی گوشیت باشه؟ با ""ابرینو""همیشه و هرجا یک ترا بایت فضای ذخیره سازی ابری داری. دانلود از: [LINK_REMOVED]","spam"
"سلام استخدام دانشجویان حقوق پاره وقت, حقوق ثابت تماس: [MASKED_NUMBER]","spam"
"[RANDOM_NUMBER]میلیون جایزه پاییزه تماشای رایگان فیلیمو با اینترنت ایرانسل! فیلم «انولا هولمز» رو با دوبله فارسی و رایگان درفیلیمو تماشا کن: [LINK_REMOVED]","spam"
"کتاب مبانی هنرهای تجسمی ([RANDOM_NUMBER]) و ([RANDOM_NUMBER]): گزینه ه دوباره موجود شد. خرید از [LINK_REMOVED]","ham"
"تو واتس اپ فرستادم برات","ham"
"پروردگارا؛ در این نوبهار مردمان بزرگ این سرزمین پرآوازه را به سلامت دار. نوروز بر شما مبارک؛ با سلام و سلامتی. حسن روحانی رئیس جمهور","spam"
"سلام میگما تو موم دندون داری??","ham"
"سلام از فردا تعویض پلاک تهران باز می باشد جهت خرید اقساطی","ham"
"آواهای انتظار ویژه رمضان: فعالسازی با ارسال کد آوا به[RANDOM_NUMBER] [RANDOM_NUMBER]ربنا(حسین بوند) [RANDOM_NUMBER]قسم به روزای روزه(مهدی رسولی) [RANDOM_NUMBER]مناجات(محمد معتمدی) [RANDOM_NUMBER]تو کریمی(محمد محبی) [RANDOM_NUMBER]خیال روی تو(محمدحسین پویانفر) [RANDOM_NUMBER]رمضان(گروه لیله القدر) هزینه ماهیانه [RANDOM_NUMBER] تومان","spam"
"دیجی استایل می دونستی می تونی انواع کفش, لباس و اکسسوری رو با تنوع بالا و تخفیف خوب, آنلاین بخری! همین الان اولین خریدت رو با بهترین برندها, آدیداس, ریباک, مانگو و....شروع کن: [LINK_REMOVED]","spam"
"همراه اولی عزیز اگر تا کنون [RANDOM_NUMBER] گیگ اینترنت هدیه خود را دریافت نکرده اید, با نصب اپلیکیشن ذره بین [RANDOM_NUMBER] گیگ(هر ماه [RANDOM_NUMBER] گیگ) اینترنت هدیه مخصوص استفاده در اپلیکیشن ذره بین بگیرید. پخش زنده دومین مناظره انتخابات [RANDOM_NUMBER] ساعت [TIME] در وبگرد ذره بین [LINK_REMOVED]","spam"
"میخوای اباجیم زنگ یزنه","ham"
"از هر [RANDOM_NUMBER] فرد مبتلا به دیابت, یک نفر از بیماری خود بی اطلاع است؛ برای سنجش خطر ابتلا به دیابت و آموزش پیشگیری, وارد لینک زیر شوید: [LINK_REMOVED] انجمن اطلاع رسانی دیابت گابریک","spam"
"[RANDOM_NUMBER] گیگ اینترنت هدیه برای شما! مشترک گرامی بسته اینترنت هدیه [RANDOM_NUMBER] گیگابایت سه ماهه(هر ماه [RANDOM_NUMBER] گیگ) ویژه استفاده در ذره بین, در روز یکشنبه تاریخ [DATE] با نصب اپ ذره بین برای شما فعال می شود و تا [DATE] قابل استفاده خواهد بود. دریافت و فعال سازی رایگان: [LINK_REMOVED] پخش زنده بین الحرمین و عزاداری بیش از [RANDOM_NUMBER] هیات مذهبی با اینترنت رایگان در وبگرد ذره بین! ذره بین؛ تجربه متفاوت وبگردی هیات آنلاین؛ بستر پخش زنده مراسم های مذهبی","spam"
"خانم [NAME]","ham"
"سلام بابا, شیشه جلو گیر اومد ایرانی رو میده [RANDOM_NUMBER] خارجی فابریک [RANDOM_NUMBER]","ham"
"سلام جناب [NAME] عزیز اگر مقدور هست جواب تلفن بده گل پسر","ham"
"باشه ساعت [TIME] می.بینمت","ham"
"مشترک گرامی, پاسخ استعلام هزینه های پرداختی شما بابت خدمات ارزش افزوده در سه سال گذشته [RANDOM_NUMBER] ریال است. درصورت درخواست جزییات *[RANDOM_NUMBER]*[RANDOM_NUMBER] را شماره گیری نمایید","ham"
"بانک سامان مشتری گرامی از این پس برای انتقال وجه تا سقف [RANDOM_NUMBER] میلیون تومان در روز به راحتی از موبایلت استفاده کنید. دانلود: [LINK_REMOVED]","spam"
"سیم کارت دانشجویی همراه اول با [RANDOM_NUMBER] درصد تخفیف, مکالمه رایگان نامحدود در روزهای جمعه, [RANDOM_NUMBER] گیگابایت اینترنت هدیه و سایر تخفیفات و هدایای ویژه دانشجویی به مناسبت آغاز سال تحصیلی جدید خرید به همراه ارسال رایگان از [LINK_REMOVED]","spam"
"[RANDOM_NUMBER]درصدتخفیف ویژه آیلتس-تافل-مکالمه-آلمانی-ترکی-[ENGLISH]-[ENGLISH] شرح=ارسال[RANDOM_NUMBER]","spam"
"سرکار خانم [NAME] با آرزوی بهترینها, تولدتان مبارک امور مشتریان [MASKED_NUMBER] شادیت ممتد-بیمه سرمد","ham"
"نه به خدا این چه صحبتی است می کنید من توروشما خجالت می کشم","ham"
"همراه من؛ برنده شو قرعه کشی «یک دستگاه پژو [RANDOM_NUMBER] + [RANDOM_NUMBER] جایزه نقدی [RANDOM_NUMBER] میلیون ریالی» با پرداخت قبض, خرید شارژ و انواع بسته (با پرداخت مستقیم) در اپلیکیشن همراه من هر [RANDOM_NUMBER] هزار تومان, [RANDOM_NUMBER] امتیاز [LINK_REMOVED]","spam"
"سلام هر چی زنگ میزنم گوشی بر نمیدارن پیام دادم منتظرم بفرستن به محض اینکه بفرستن چشم البته فقط پیام دادن که پسر داییشون هست","ham"
"کسب درآمد از یک نمایش به تنهایی[RANDOM_NUMBER]ریال !! پاپ آپ پلاس - [LINK_REMOVED]","spam"
"زنده ای?","ham"
"عوضش کلی وقته بغل دریافت نکردم","ham"
"فرصت ویژه خرید اینترنت پرسرعت آسیاتک حجم بالا, تنها با ماهی [RANDOM_NUMBER] هزار تومان حتی مناطق فیبر و محدود [RANDOM_NUMBER] خرید: [LINK_REMOVED]","spam"
"رایتلی عزیز در استان فارس, تعرفه هر گیگابایت اینترنت فقط [RANDOM_NUMBER] هزار تومان است. با خیال آسوده و بدون نیاز به خرید بسته از اینترنت پرسرعت لذت ببرید. [LINK_REMOVED]","spam"
"نخستین جشنواره ملی مشارکت اجتماعی سلامت (ویژه عموم شهروندان, دانش آموزان و دانشگاهیان) برای ثبت نام و ارسال آثار به سایت جشنواره مراجعه نمایید: [LINK_REMOVED]","spam"
"نسخه جدید اپلیکیشن همراه من, جامع ترین سامانه خدمات همراه اول را نصب نموده و از خدمات متنوع آن بهره مند شوید. [LINK_REMOVED] در صورتی که هنوز عیدی همراه اول خود را دریافت نکرده اید از طریق اپلیکیشن همراه من تا سقف [RANDOM_NUMBER] هزار ریال عیدی بگیرید. [RANDOM_NUMBER] درصد شارژ بیشتر در خرید شارژ پرداخت و تسویه آنی صورتحساب و بسیاری از امکانات و خدمات جذاب دیگر...","spam"
"خرید کاملترین بسته های اینترنت و مکالمه همراه اول از [USSD_REMOVED] جایزه ویژه پژو[RANDOM_NUMBER] قرعه کشی [RANDOM_NUMBER]شهریور هر[RANDOM_NUMBER] تومان[RANDOM_NUMBER] امتیاز","spam"
"آکی آکی","ham"
"با سلام طبق دستورالعمل واحد نظارت فرابورس, خرید خودکار عرضه اولیه در فرابورس ممنوع است.خواهشمند است در روز عرضه, مطابق با پیغام ناظر نسبت به ثبت سفارش خرید خود اقدام نمایید. واحد معاملات برخط کارگزاری بانک سامان","ham"
"ماشین شاسی بلند اتوماتیک جایزه گذاشتیم شانستون رو امتحان کنید [USSD_REMOVED]","spam"
"آغاز جشنواره بزرگ بهمنگان مارال چرم تا[RANDOM_NUMBER]%تخفیف آدرس:[LINK_REMOVED]","spam"
"[RANDOM_NUMBER]تومان تخفیف اسنپ برای [RANDOM_NUMBER]سفر در سفر اول [RANDOM_NUMBER]%تخفیف (تا سقف [RANDOM_NUMBER]تومان) و در [RANDOM_NUMBER]سفر بعدی هر بار [RANDOM_NUMBER]%تخفیف (تا سقف [RANDOM_NUMBER]تومان) بگیرید. کد تخفیف: [ENGLISH]-[RANDOM_NUMBER] اعتبار تا [RANDOM_NUMBER] مهر [LINK_REMOVED] توصیه های بهداشتی هنگام استفاده از اسنپ: [LINK_REMOVED]","spam"
"لطف میکنید","ham"
"هشدار: مشتریان گرامی درصورت هرگونه تماس تلفنی از طرف اشخاصی که خود را نماینده و یا کارمند کارگزاری بانک سامان معرفی می نمایند و تقاضای واریز یا انتقال وجه به حساب غیر از حساب های بانکی معرفی شده و رسمی این کارگزاری می نمایند لطفا هوشیار باشید و اقدامی صورت نپذیرید .لازم به ذکر است درصورت واریز وجه به حساب اشخاص غیر, مسئولیتی متوجه این کارگزاری نمیباشد. کارگزاری بانک سامان","ham"
"سلام کمی هم نقد پیشم هست اگه اومدید اینجا بدمتون","ham"
"[RANDOM_NUMBER]هزارتومان از [USSD_REMOVED] شارژ بخر ""درلحظه بدون قرعه کشی"" [RANDOM_NUMBER]هزارتومان شارژهدیه بگیر [ویژه سیم کارت شما, فقط یکباروتاساعت[RANDOM_NUMBER]] [USSD_REMOVED]","spam"
"تومان تخفیف ارسال بسته با اسنپ باکس دیگه لازم نیست از خونه بیرون برید؛ اسنپ با %[RANDOM_NUMBER] تخفیف (تا سقف [RANDOM_NUMBER]هزار تومن) بسته شما رو به مقصد می رسونه. کد تخفیف: [ENGLISH]-[RANDOM_NUMBER] (قابل استفاده برای [RANDOM_NUMBER] درخواست) اعتبار تا [RANDOM_NUMBER] مهر [LINK_REMOVED]","spam"
"برای #نجات_ایران با رای به #همتی #بزنید زیرمیز کد انتخاباتی [RANDOM_NUMBER]","spam"
"فروش سیم کارت دائمی همراه اول ویژه جوانان([RANDOM_NUMBER] تا [RANDOM_NUMBER] سال) با [RANDOM_NUMBER] درصد تخفیف و [RANDOM_NUMBER] گیگابایت اینترنت خرید و فعالسازی غیرحضوری(با ارسال رایگان) از طریق مراجعه به فروشگاه آنلاین همراه اول به نشانی [LINK_REMOVED]","spam"
"سلاح [NAME] جان. خوبی? اگه انتخاب واحد نکردی میخواستم بگم کد هاتو بفرست تا من برات انجام بدم. عین ترم قبل جا نمونی","ham"
"بله خیلی حوصله مجازی هم ندارم کلا","ham"
"سلام بریم برای وقت شکار امروز بدو برای تخفیف های هیجانی [LINK_REMOVED]","spam"
"سلام و درود؛ سوال: شما اون اون [RANDOM_NUMBER] دم دارت رو [اسمشون یادم نمیاد:))))] فروختی?","ham"
"نمایشگاه فرش و تابلودستباف [RANDOM_NUMBER]لغایت[RANDOM_NUMBER] تیر لاهیجان تالار میثاق فرش جلالی","spam"
"به هر قیمتی سفر نرو️ [RANDOM_NUMBER] هزارتومان تخفیف برای خرید بلیت هواپیما ویژه سفرهای داخلی ضروری از اسنپ کد تخفیف: [ENGLISH][ENGLISH][ENGLISH] مدت اعتبار: یک هفته برای بهترین قیمت بلیت پرواز داخلی کافیست در اپ اسنپ سرویس «پرواز» را انتخاب کنید. [LINK_REMOVED]","spam"
"کلاس کنکورارشدودکتری روانشناسی نیایش(دکترفتاحی) اطلاع:ارسال[RANDOM_NUMBER]به[RANDOM_NUMBER]","spam"
"در من باز کنید","ham"
"[RANDOM_NUMBER]% شارژ شو! [RANDOM_NUMBER]% شارژ بیشتر در هر بار خرید شارژ از همراه من به روزرسانی و نصب رایگان: [LINK_REMOVED]","spam"
"کارگزاری مفید مشتری گرامی جناب آقای/سرکار خانم [NAME] جهت شرکت در عرضه اولیه نماد صبا در تاریخ [RANDOM_NUMBER] فروردین ماه لطفا مانده حساب خود را به مبلغ یک میلیون و [RANDOM_NUMBER] هزار تومان شارژ نمایید. [LINK_REMOVED]","spam"
"جین وست️ سمیرا عزیز[RANDOM_NUMBER]%تخفیف بیشترروی کالاهای مشکی️ درحراج تا[RANDOM_NUMBER]% [ENGLISH] [ENGLISH] [ENGLISH] [LINK_REMOVED]","spam"
"مشترک گرامی, بسته اینترنت هدیه [RANDOM_NUMBER] گیگابایت مخصوص استفاده در ذره بین, در روز دوشنبه تاریخ [DATE] با نصب اپ ذره بین برای شما فعال می شود و تا [DATE] قابل استفاده خواهد بود. نصب و فعال سازی رایگان: [LINK_REMOVED] پخش رایگان فوتبال استقلال - شهر خودرو [TIME] بلژیک - فنلاند [TIME] با پیش بینی یورو [RANDOM_NUMBER], [ENGLISH][RANDOM_NUMBER] برنده شوید","spam"
"ها انشاءالله","ham"
"سیسکو و سرور [ENGLISH] اورجینال در پیشرونگارهدف [RANDOM_NUMBER] لغودریافت: [RANDOM_NUMBER]","spam"
"دریافت [RANDOM_NUMBER] گیگابایت هدیه و شرکت در قرعه کشی [RANDOM_NUMBER] عدد مودم [ENGLISH]-[ENGLISH] با فعالسازی سرویس شارژ خودکار [USSD_REMOVED]","spam"
"بانی مد کل مبلغ خریدتو بن بگیرودوباره رایگان خریدکن خرید:[LINK_REMOVED]","spam"
"برنگشتی خوابگاه??","ham"
"هورا هورا بهتون خوش بگذره","ham"
"رفاه صنایع گوشت تازه مغزران گوساله[RANDOM_NUMBER] مرغ منجمد[RANDOM_NUMBER] تا[DATE] لغو[RANDOM_NUMBER]","spam"
"مشترک گرامی تا ساعت [TIME] تاریخ [DATE] شما هنوز [RANDOM_NUMBER] گیگ اینترنت هدیه خود ویژه استفاده در ذره بین را دریافت نکرده اید. برای دریافت [RANDOM_NUMBER] گیگ اینترنت هدیه سه ماهه(هر ماه [RANDOM_NUMBER] گیگ) ویژه ذره بین از طریق لینک زیر اقدام کنید. دریافت و فعال سازی رایگان: [LINK_REMOVED] ویژه برنامه اربعین با اینترنت رایگان همراه اولی در وبگرد ذره بین: -پخش زنده هیات های مذهبی -زیارت مجازی بین الحرمین -نوحه و نوای دلنشین حسینی ذره بین؛ تجربه متفاوت وبگردی","spam"
"موز هم دارید?","ham"
"در قید حیاتی?","ham"
"برش و ساخت پیشواز اختصاصی شما از مداحی های محرم [RANDOM_NUMBER] دانلود اپ پیشواز هوشمند: [LINK_REMOVED]","spam"
"سلام, باشه ممنون که خبر دادی","ham"
"کانال کاریابی نیشابور در تلگرام [LINK_REMOVED] مناسب کارفرما و جویای کار","spam"
"موفقیتی نداشتی?","ham"
"کارت واکسن [LINK_REMOVED]","ham"
"[NAME] عزیز هدیه ""دوو"" به شما؛ تماشای رایگان ""نماوا"" تا پایان روز چهارشنبه [RANDOM_NUMBER]بهمن فرصت دارید بی نهایت فیلم و سریال های جدید را در نماوا رایگان تماشا کنید. لینک مستقیم: [LINK_REMOVED] لغو[RANDOM_NUMBER]","spam"
"سونی پلی استیشن [RANDOM_NUMBER] با خرید شارژ از [USSD_REMOVED] هر هزارتومان یک شانس","spam"
"عرضه اولیه: شرکت ریل پرداز نوآفرین (حآفرین) سهمیه هر کد:حداکثر [RANDOM_NUMBER] سهم بازه قیمتی : [RANDOM_NUMBER] تا [RANDOM_NUMBER] ریال تاریخ ثبت سفارش : روز سه شنبه [DATE] از ساعت [TIME] تا [TIME] تاریخ تخصیص سهام : روز چهارشنبه [DATE] با تشکر واحد معاملات برخط شرکت کارگزاری بانک سامان","ham"
"دیجی کالا/استایل مشتری گرامی، ضمن پوزش به اطلاع می رساند. سفارش شما به شماره [RANDOM_NUMBER] به علت اختلال در فرایند تامین،در بازه ی زمانی انتخابی [DATE] ارسال نخواهد شد. اطمینان می دهیم ظرف مدت [RANDOM_NUMBER] ساعت، شما را از وضعیت نهایی سفارشتان مطلع سازیم. سپاس","ham"
"عمل حذف عینک (لازک) تخفیف [RANDOM_NUMBER]% هدیه ویژه?? مدت محدود [MASKED_NUMBER]","spam"
"فروشگاه زنجیره ای سروش جهت مشاهده فاکتور کلیک کنید [LINK_REMOVED] لینک نظر سنجی [LINK_REMOVED]","ham"
"مشترک عزیز [ENGLISH] %[RANDOM_NUMBER] تخفیف ویژه,با خریدکالای سوم شیرازمال لغو[RANDOM_NUMBER]","spam"
"بیداری? بیام دنبالت? بریم?","ham"
"سلام علیکم [NAME] مهربان وعزیزم فرارسیدن سال نووفرخنده رابه شما تبریک میگویم وسالی سرشار از تندرستی وشادی برای شما وخانواده محترم ارزومندم سرافراز باشید","ham"
"پی پینگ | [ENGLISH] [NAME] گرامی؛ با توجه به عدم شروع به فعالیت شما از زمان ثبت نام بر روی حساب کاربری [ENGLISH], لطفا درصورت نیاز به مشاوره و راهنمایی بیشتر, از طریق شماره تماس [MASKED_NUMBER] و یا چت پشتیبانی سایت با ما در ارتباط باشید. [LINK_REMOVED]","ham"
"کد تأیید اسنپ تری‍پ: [RANDOM_NUMBER]","ham"
"""پلیس هوشمند,امنیت پایدار"" پلیس مظهر اقتدار ملی است(مقام معظم رهبری مد ظله العالی) هفته نیروی انتظامی بر مدافعان وطن گرامی باد.","spam"
"باشه مامانم. اتفاقا دیشب کلی با هم صحبت کردیم","ham"
"الان یه نیم ساعتیه اومدم خونه","ham"
"برگرد سینما سینما چارسو با فیلم های جدید منتظر شماست! [LINK_REMOVED]","spam"
"پایگاه سلامت مرکزشماره [RANDOM_NUMBER] متقاضی دریافت اطلاعات پرونده الکترونیک سلامت [NAME] می باشد. در صورت تایید کد زیر را به ایشان اعلام فرمایید. کد تایید جهت پذیرش مهمان :[RANDOM_NUMBER]","ham"
"[NAME] عزیز پرداخت مبلغ سفارش در اسنپ فود در کمتر از [RANDOM_NUMBER] ثانیه! تنها با یک کلیک, امن و بدون نیاز به رمز پویا اطلاعات بیشتر و فعال سازی پرداخت مستقیم آپ: [LINK_REMOVED]","spam"
"مشترک گرامی نظر به استقبال بی نظیر شما برای خرید بیمه شخص ثالث و دریافت [RANDOM_NUMBER] میلیون ریال اعتبار هدیه آیتول, این طرح تا ساعت [TIME] تاریخ [DATE] تمدید شد. با نصب اپلیکیشن ذره بین, [RANDOM_NUMBER] میلیون ریال سود خرید بیمه شخص ثالث از آیتول بگیرید. دریافت و فعال سازی رایگان: [LINK_REMOVED] ذره بین؛ تجربه متفاوت وبگردی","spam"
"البته اگه بخوایم با ماشین تو بریم میایم در خونتون","ham"
"ببین من پرسیدم از دوستانم گفتن خانه هنر ظهر بخاطر ماه رمضان باز نیست","ham"
"تازه ترین های بازار بورس را با حضور کارشناسان اقتصادی در شبکه شتاب تماشا کنید: [LINK_REMOVED]","spam"
"آموزش تصویری قانون جدید چک و خدمات بانک شهر [LINK_REMOVED]","spam"
"سلام بیشتر از این شرمندم نکنید [NAME] الان اومد گفتن وقت مناسبی نیست مزاحمشون نمیشم عصر میرم ولی کد ملی [RANDOM_NUMBER]","ham"
"هرکس با تهدید, ترغیب, تشویق یا فریب, موجب فرار کودک یا نوجوان از خانه یا مدرسه یا ترک تحصیل شود, به مجازات مقرر قانونی محکوم خواهد شد. معاونت اجتماعی و پیشگیری از وقوع جرم قوه قضاییه","ham"
"هرچه خدابخواهدهمان میشود.باتهیه فیش حج آماده سفر شوی [MASKED_NUMBER] -","spam"
"عرضه اولیه: شرکت سپیدار سیستم آریا (سپیدار[RANDOM_NUMBER]) سهمیه هر کد:حداکثر [RANDOM_NUMBER] سهم بازه قیمتی : [RANDOM_NUMBER] تا [RANDOM_NUMBER] ریال تاریخ و دوره ثبت سفارش : روز چهارشنبه مورخ [DATE] و دوره ثبت مطابق با پیام ناظر در روز عرضه اولیه تاریخ تخصیص سهام : روز چهارشنبه [DATE] لطفا از هم اکنون نسبت به شارژ حساب خود اقدام فرمایید. با تشکر واحد معاملات برخط شرکت کارگزاری بانک سامان","ham"
"[RANDOM_NUMBER] هزار تومان تخفیف اسنپ اکسپرس! برای [RANDOM_NUMBER] سفارش, هر سفارش [RANDOM_NUMBER] هزار تومان کد تخفیف: [ENGLISH][ENGLISH] اعتبار تا [RANDOM_NUMBER] بهمن [LINK_REMOVED]","spam"
"به تجربه خریدتان از افق کوروش چه امتیازی می دهید? با شرکت در این نظرسنجی, ما را از انتظاراتتان برای سرویس دهی بهترآگاه و در قرعه کشی دو عدد تبلت در هر ماه شرکت کنید. [LINK_REMOVED]","spam"
"مشترک گرامی, بسته اینترنت هدیه [RANDOM_NUMBER] گیگابایت مخصوص استفاده در ذره بین, در روز پنجشنبه تاریخ [DATE] با نصب اپ ذره بین برای شما فعال می شود و تا [DATE] قابل استفاده خواهد بود. نصب و فعال سازی رایگان: [LINK_REMOVED] با نصب اپلیکیشن ذره بین علاوه بر دریافت اینترنت هدیه, می توانید قسمت جدید سریال “دراکولا”, “پیش گو”, “هم رفیق”, ""سیاوش"" و هزاران فیلم و سریال دیگر نماوا را رایگان تماشا کنید.","spam"
"آن ساعت عصر","ham"
"بانک سامان مشتری گرامی قوانین صدور و دریافت چک در سال [RANDOM_NUMBER] تغییر خواهد کرد. لطفا برای آگاهی کامل از روال قانونی صدور, ثبت و انتقال چک های جدید به لینک زیر مراجعه کنید. [LINK_REMOVED] :راهنما","spam"
"خرسندیم که با شما همراه هستیم و پرشین گیگ را انتخاب کردید . مبلغ [RANDOM_NUMBER] ریال از اعتبار حساب کاربری شما برای پرداخت فاکتور سرورمجازی با مشخصات زیر کاسته شد.","ham"
"هایپراستار[RANDOM_NUMBER]~[DATE] هویج کیلویی[RANDOM_NUMBER]ت هراز ماست سبوکم چرب[RANDOM_NUMBER]گ[RANDOM_NUMBER]ت مازولایت روغن ذرت وآفتابگردان[RANDOM_NUMBER]ل[RANDOM_NUMBER]ت کارامکس لامپ ال ای دی[RANDOM_NUMBER]%ت","spam"
"سلام تبریک میگم شنیدم پسر دارشدی الهی زیر سایه بابا و مامان بزرگ بشه و خیرش ببینی و دومادش کنی عزیز عمو","ham"
"ودنبال همان یک بلوط بوده حتی در واقعیت","ham"
"دیگه لازم نیست به خاطرحجم گوشیت عکس هات رو پاک کنی. با ابرینو همیشه عکس هات پیشته.نصب کن و آپلود کن! دانلود از: [LINK_REMOVED]","spam"
"[NAME] [NAME] گفت فردا واکسن نیست","ham"
"لذت خرید از سارک تا [RANDOM_NUMBER]% تخفیف در تمامی شعب","spam"
"به اوباش سلام برسون","ham"
"کجو سیر می کنی جوان?","ham"
"نریز فعلا تا بهت خبر بدم","ham"
"من بغلی هستم که آدم نیستم","ham"
"مشترک محترم [NAME] ضمن آرزوی سلامتی برای شمابه اطلاع می رساند بدلیل جلوگیری از شیوع ویروس کرونا ساعت کاری شعب: از [RANDOM_NUMBER] آبان تا اطلاع بعدی [TIME] الی [RANDOM_NUMBER] میباشد امور مشترکین [RANDOM_NUMBER]","ham"
"گزینه های خود سیستم گوشی هسته","ham"
"میفهمم میفهمم","ham"
"فکر کنم خود لینکش رو میشه مستقتیم کپی کنی","ham"
"کارگزاری مفید خانم [NAME]؛ درخواست وجه شما برای روز [RANDOM_NUMBER] اسفند ثبت شد. مبلغ: [RANDOM_NUMBER] ریال شماره شبا: [ENGLISH][RANDOM_NUMBER] بانک مقصد: ملت","ham"
"سرمایه گذاری غیر مستقیم در نمادهای شاخص ساز و پرپتانسیل بورس صندوق [ENGLISH] ""وبازار"" در سامانه معاملات آنلاین کارگزاری ها [LINK_REMOVED]","spam"
"اره واقعا","ham"
"درستش هم همینه, من آخر هفته میام, اگر شد برنامه می کنم یک گوشه جمع بشیم شما ساز بزنید ما گریه کنیم","ham"
"بیا آهنگ گوش بده: [LINK_REMOVED]","ham"
"گیف گربه با لبخند خطی","ham"
"بار دیگر با عشق! اجرای زنده ی سالار عقیلی همراه با موسیقی امشب جمعه [RANDOM_NUMBER] اردی بهشت در برنامه ی قرار سحر با اجرای فرزاد جمشیدی از ساعت [RANDOM_NUMBER] شب تا یک نیمه شب پخش از روبیکا [LINK_REMOVED] پخش از آیگپ [LINK_REMOVED]","spam"
"بانک سامان مشتری گرامی نشانی رسمی نت بانک سامان [LINK_REMOVED] و سایت بانک سامان [LINK_REMOVED] است. در صورت ورود به لینک های جعلی و غیرقانونی, تمامی مسئولیت های ناشی از هرگونه ضرر و زیان مالی بر عهده کاربر خواهد بود.","ham"
"به صرفه تر ازافق کوروش? رب رعنا[RANDOM_NUMBER] روغن لیدا[RANDOM_NUMBER] بقیه در [LINK_REMOVED]/[RANDOM_NUMBER]","spam"
"بسته های به صرفه و کوتاه مدت مکالمه و اینترنت مدار فیروزه ای. مشاهده و خرید با شماره گیری کد [USSD_REMOVED]","spam"
"این منشی گفت به دکتر اطلاع دادم","ham"
"[NAME] عزیز تا [RANDOM_NUMBER]% تخفیف با اعتبار اقساطی اسنپ پی هر سه ساعت از فروشگاه های مختلف تخفیف های جدید بگیر و در [RANDOM_NUMBER] قسط بدون کارمزد پرداخت کن. [LINK_REMOVED]","spam"
"سلام بیا دم پلیس راه.بین دوتا [RANDOM_NUMBER]راه میفتیم صبح خبرت میدم از رکن آباد میاییم بیرون","ham"
"[NAME] عزیز صورت حساب دوره بعدی سرویس اینترنت پر سرعت خط شماره [RANDOM_NUMBER] در [ENGLISH].[LINK_REMOVED] لینک پرداخت: [LINK_REMOVED] با سپاس/ شاتل","ham"
"مشتری گرامی بانک سپه به منظور ارتقاء سامانه های بانک, خدمات الکترونیکی و کارتی این بانک از ساعت [RANDOM_NUMBER] روز پنچ شنبه مورخ [RANDOM_NUMBER] تیرماه به مدت [RANDOM_NUMBER] ساعت, قطع و تا یک هفته با اختلال احتمالی مواجه خواهد شد, از صبوری و همراهی شما سپاسگزاریم.","ham"
"بانک سامان واریز سود به مبلغ [RANDOM_NUMBER]ریال به ‪[RANDOM_NUMBER] [MASKED_NUMBER] -[RANDOM_NUMBER]-[RANDOM_NUMBER]‬ مانده [RANDOM_NUMBER] [DATE] [TIME]","ham"
"آواهای انتظار ویژه عید غدیر: فعالسازی با ارسال کد آوا به[RANDOM_NUMBER] [RANDOM_NUMBER]ساقی کوثر(گروه وصال) [RANDOM_NUMBER]علی ای همای رحمت(گروه نسیم قدر) [RANDOM_NUMBER]علی یا علی(هادی ناصری) [RANDOM_NUMBER]شیر بدر و خیبر (مهدی رسولی) [RANDOM_NUMBER] علی مولا(مهرداد کاظمی) [RANDOM_NUMBER] علی امامی (گروه لیله القدر) هزینه ماهیانه [RANDOM_NUMBER] تومان","spam"
"سلام استاد احوال شما خوب هستین? استاد شرمنده بهتون پیام می دم, نمره آزمایشگاه باکتری بنده [RANDOM_NUMBER] و نیم شده و واقعا به نظر معقول نیست می خواستم ببینم می شه اگه امکان داره یه بررسی مجدد بفرمایید? ممنون می شم","ham"
"مشترک گرامی با توجه به عدم امکان ارائه خدمات رایگان بر اساس مقررات, مکالمه رایتلی از روز آینده با حداقل قیمت ممکن یعنی هر دقیقه [RANDOM_NUMBER] تومان ارائه خواهد شد. از همراهیتان سپاسگزاریم","ham"
"هیچ دردسری نیست","ham"
"آیفون [RANDOM_NUMBER] قرمز یا آبی?! با نصب نسخه جدید اِوانو و عضویت در سرویس هواداری, بدون هزینه اضافی از تیم محبوبتان حمایت کنید و برنده آیفون [RANDOM_NUMBER] شوید. [LINK_REMOVED]","spam"
"آخرین مرحله تخفیفهای ماه مهر رایتل [RANDOM_NUMBER]% تخفیف بسته [RANDOM_NUMBER] روزه فقط تا پایان امشب در اپلیکیشن رایتل من [LINK_REMOVED]","spam"
"کارگزاری بانک سامان‎ [DATE] فروش [RANDOM_NUMBER] اپال[RANDOM_NUMBER] [RANDOM_NUMBER]‎ فروش [RANDOM_NUMBER] سپید[RANDOM_NUMBER] [RANDOM_NUMBER]‎ فروش [RANDOM_NUMBER] سپیدار[RANDOM_NUMBER] [RANDOM_NUMBER]‎ فروش [RANDOM_NUMBER] شستا[RANDOM_NUMBER] [RANDOM_NUMBER]‎ فروش [RANDOM_NUMBER] فتوسا[RANDOM_NUMBER] [RANDOM_NUMBER]‎ فروش [RANDOM_NUMBER] فگستر[RANDOM_NUMBER] [RANDOM_NUMBER]‎ فروش [RANDOM_NUMBER] فملی[RANDOM_NUMBER] [RANDOM_NUMBER]‎ فروش [RANDOM_NUMBER] فولاد[RANDOM_NUMBER] [RANDOM_NUMBER]‎ فروش [RANDOM_NUMBER] کزغال[RANDOM_NUMBER] [RANDOM_NUMBER]‎ فروش [RANDOM_NUMBER] لطیف[RANDOM_NUMBER] [RANDOM_NUMBER]‎ فروش [RANDOM_NUMBER] وغدیر[RANDOM_NUMBER] [RANDOM_NUMBER]‎ فروش [RANDOM_NUMBER] ولکار[RANDOM_NUMBER] [RANDOM_NUMBER]‎ فروش [RANDOM_NUMBER] ومدیر[RANDOM_NUMBER] [RANDOM_NUMBER]‎ فروش [RANDOM_NUMBER] وملی[RANDOM_NUMBER] [RANDOM_NUMBER]‎ فروش [RANDOM_NUMBER] های وب[RANDOM_NUMBER] [RANDOM_NUMBER]‎ مانده: [RANDOM_NUMBER]‎","ham"
"روز یکشنبه بهم حمله شد تلفن و وسایلم رو دزدیدن","ham"
"مشترک گرامی, آخرین مهلت برخورداری از هدیه شتاب در پرداخت, ششم ماه می باشد. جهت دریافت هدیه لازم است مراحل زیر را طی نمایید: [RANDOM_NUMBER]-پرداخت صورتحساب تا ششم ماه [RANDOM_NUMBER]-شماره گیری [USSD_REMOVED] (تا پایان ماه جاری) [RANDOM_NUMBER]-دریافت هدیه پرداخت از طریق [USSD_REMOVED], اپلیکیشن همراه من, پیام رسان آی گپ, [USSD_REMOVED] ,تلفن گویای *[RANDOM_NUMBER] و [MASKED_NUMBER] راهنمای هدیه شتاب در پرداخت [USSD_REMOVED]","spam"
"برای آگاهی از شیوع ویروس کرونا در محله خود و محافظت بهتر از عزیزانتان در برابر آن, اپلیکیشن رایگان ((ماسک)) را نصب کنید. نصب از: [LINK_REMOVED]","spam"
"[NAME] عزیز, آخرین فرصت خرید قسطی با [RANDOM_NUMBER]% تخفیف! آخر هفته با اسنپ پی از فروشگاه های معتبر تخفیف های جدید بگیر و در [RANDOM_NUMBER] قسط بدون کارمزد پرداخت کن. [LINK_REMOVED]","spam"
"فروش ویژه سالگرد افتتاحیه فروشگاه هفت محصولات سوپرمارکتی تا[RANDOM_NUMBER]%تخفیف خ شریعتی,خ معلم,مرودشت جنوبی,روبروی بوستان قصر [RANDOM_NUMBER]شنبه [RANDOM_NUMBER]شهریور","spam"
"شناسه پرداخت:[RANDOM_NUMBER] کاربر گرامی شما میتوانید از طریق آدرس [LINK_REMOVED] ویا از طریق موبایل با تماس با سامانه[USSD_REMOVED] اقدام به پرداخت نمایید. [USSD_REMOVED] دانلود اپلیکیشن آسیاتک [LINK_REMOVED]","ham"
"عرضه اولیه: شرکت زغال سنگ پروده طبس (کزغال[RANDOM_NUMBER]) سهمیه هر کد:حداکثر [RANDOM_NUMBER] سهم بازه قیمتی : [RANDOM_NUMBER] تا [RANDOM_NUMBER] ریال تاریخ ثبت سفارش : روز چهارشنبه [DATE] دوره ثبت سفارش : مطابق با پیام ناظر در روز عرضه اولیه با تشکر شرکت کارگزاری بانک سامان","ham"
"اتلاف انرژی و زمانه وقتی هدفی مشخص نیست","ham"
"[RANDOM_NUMBER]قبل غیب شدنم گفتم حالم خوب نیست و بله خوب نیست اون دوران هنوز پیام رسان های محتلفت رو داشتی پس دیدن حال بد من و فهمیدنش برات سخت نبود","ham"
"سلام. کدوم کفشتو بیارم?","ham"
"مشترک گرامی(‭[RANDOM_NUMBER]‬)فاکتور شما با موفقیت پرداخت شد. آسیاتک [RANDOM_NUMBER] دانلود اپلیکیشن آسیاتک [LINK_REMOVED]","ham"
"مشمول گرامی همراه داشتن کارت واکسن کرونا برای پذیرش در مراکز آموزش نیرو های مسلح الزامی بوده و تبعات بعدی عدم پذیرش برعهده خود مشمول می باشد سازمان وظیفه عمومی ناجا","ham"
"هر [RANDOM_NUMBER] تومان [RANDOM_NUMBER] شانس فقط تا پایان جام ملت های آسیا یک ماه شارژ رایگان برای [RANDOM_NUMBER] نفر با خرید شارژ از [USSD_REMOVED]","spam"
"[NAME] عزیز, حساب شما با موفقیت فعال شد. [RANDOM_NUMBER].خرداد.[RANDOM_NUMBER] [TIME] از طریق لینک زیر وارد حسابتان شوید: [LINK_REMOVED]","ham"
"آغاز ثبت نام ترم تابستان زبانسرای ایران زمین شعبه علی آباد تا [RANDOM_NUMBER] خردادماه کلیه سنین مکالمه, فیلم, آیلتس و دوره تجاری [MASKED_NUMBER]","spam"
"سلام خوبی عزیزم صبح بخیر. خواستم برم خانه بهداشت. سرپایینی بداشت سروخوردم افتادم کمرم داغون شد برگشتم خونه افتادم امروزهواموداشته باش.","ham"
"زنگ میزنم بهت اگه قرار شد بیام","ham"
"من سر [TIME] راهم داد تو که داد نداد می رم و دیگه پام رو توی مطب این [NAME] نمی ذارم که منشیش مصداق بارز گه مسجم هست؛ آدم می ره بالاشهر همین پول وزیت همین هزینه عمل بعد مطب تمیز مرتب خلوت, کیفیت عمل عالی و با کیفیت بیشتر و صد البته احترام مثل آدم.","ham"
"مشترک گرامی، شما ""بسته نامحدود سه ساعته [RANDOM_NUMBER]تا[RANDOM_NUMBER]صبح"" خریداری کرده اید . ایا میدانید بسته های داغ اینترنت متناسب برای مصرف شما در [USSD_REMOVED] وجود دارد .بسته های مقرون به صرفه فعلی شما: [RANDOM_NUMBER]گیگ روزانه [RANDOM_NUMBER]ت/ [RANDOM_NUMBER]گیگ هفتگی [RANDOM_NUMBER]ت/ [RANDOM_NUMBER]گیگ [RANDOM_NUMBER]روزه [RANDOM_NUMBER]ت/ [RANDOM_NUMBER]گیگ ماهانه [RANDOM_NUMBER]ت/ [RANDOM_NUMBER]گیگ [RANDOM_NUMBER]روزه [RANDOM_NUMBER]ت/","ham"
"انواع ویزا تضمینی کانادا.انگلیس.شینگن [MASKED_NUMBER] [MASKED_NUMBER] [MASKED_NUMBER]","spam"
"گردشگر گرامی, بلیت شما با شمار [MASKED_NUMBER] در سامانه یکپارچه بلیت وزارت میراث فرهنگی و گردشگری (سیب) صادر گردید. بررسی و دریافت مجدد بلیت: [LINK_REMOVED] به منظور بهره مندی از خدمات ویژه, می توانید بلیت های بعدی خود را با استفاده از اپلیکیشن تاپ تهیه نمایید. دانلود تاپ: [LINK_REMOVED]","ham"
"در پناه خدا سالم باشید","ham"
"قرعه کشی [RANDOM_NUMBER] بسته [RANDOM_NUMBER] گیگابایتی! [RANDOM_NUMBER]- برد ایران [RANDOM_NUMBER]- مساوی [RANDOM_NUMBER]- برد ولز با ارسال عدد مورد نظر خود به [RANDOM_NUMBER] در این قرعه کشی شرکت کنید. [LINK_REMOVED]","spam"
"سلام منم کم کم آماده میشم و میام","ham"
"از سکوی هواداری تا سکوی قهرمانی عضویت در کانون هواداران و برخورداری از مزایای ویژه ایرانسل با هزینه روزانه [RANDOM_NUMBER] تومان استقلالی ها [RANDOM_NUMBER] و پرسپولیسی ها [RANDOM_NUMBER] را به [RANDOM_NUMBER] بفرستید!","spam"
"[NAME] عزیز, خرید آسان شارژ سیمکارت برای خود یا دیگران «پشتیبانی از همه اپراتورها» با آپ خرید شارژ: [LINK_REMOVED]","spam"
"پرداخت صورتحساب به مبلغ [RANDOM_NUMBER] ریال از حساب شما انجام شد. شناسه تراکنش [ENGLISH]-[RANDOM_NUMBER]-[RANDOM_NUMBER] می باشد. شگفت زده شوید! باشماره گیری [USSD_REMOVED] طرح ویژه خودرا دریافت کنید.","ham"
"همراه اولی عزیز در صورت عدم تمایل به دریافت اخبار, کمپین ها, جوایز و هدایای ذره بین عدد [RANDOM_NUMBER] را به [RANDOM_NUMBER] ارسال نمایید. پخش زنده فوتبال استقلال - آلومینیوم اراک با [RANDOM_NUMBER] گیگ اینترنت هدیه مخصوص استفاده در وبگرد ذره بین. ساعت [TIME] نصب رایگان وبگرد ذره بین و فعالسازی هدیه : [LINK_REMOVED]","spam"
"شروع کلاس زبان و هوش ویژه کنکور دکتری [RANDOM_NUMBER] ارسال[ENGLISH]به [RANDOM_NUMBER]","spam"
"با صدای عادل فردوسی پور بشنوید! پیش خرید کتاب صوتی«هنر شفاف اندیشیدن»با صدای«عادل فردوسی پور» با [RANDOM_NUMBER]% تخفیف [LINK_REMOVED]","spam"
"بانک سامان مشتری گرامی تا [RANDOM_NUMBER] اسفند فرصت دارید تا با پرداخت قبض های خود از موبایلت یکی از برندگان [RANDOM_NUMBER] جایزه [RANDOM_NUMBER] میلیونی و [RANDOM_NUMBER] جایزه [RANDOM_NUMBER] میلیونی باشید. اطلاعات بیشتر: [LINK_REMOVED]","spam"
"*صندوق بازنشستگی کشوری* بازنشسته گرامی پیرو درخواست در خصوص فراهم کردن شرایط استفاده از تسهیلات بیمه ملت به صورت غیر حضوری, از امروز می توانید با مراجعه به آدرس [LINK_REMOVED] نسبت به خرید بیمه شخص ثالث به صورت آنلاین اقدام نمایید. تلفن راهنمایی : [MASKED_NUMBER]","spam"
"[ENGLISH]: [RANDOM_NUMBER] رمز ورود شما به ایرانسل","ham"
"امروز عیدی بگیرید [RANDOM_NUMBER] میلیون ریال وجه نقد ویژه خریداران شارژ و بسته های اینترنت [USSD_REMOVED]","spam"
"فروش زمین/ویلا مازندران/نور سنددار یک سوم نقد+الباقی چک [MASKED_NUMBER]","spam"
"چیزایی که میخواستی اس کن یادم میره","ham"
"مشترک گرامی جهت بهره مندی از خدمات ویژه رایتل, می توانید از طریق لینک زیر اپلیکیشن رایتل من را نصب یا در صورت مشاهده اختلال, به روزرسانی کنید. [LINK_REMOVED]","spam"
"سلام و عرض ادب ببخشید اول شب داشتم نماز می خوندم تماس گرفتید نتونستم جواب بدم شرمنده شدم بعدم خواستم تماس بگیرم خدمت شما دیروقت بود","ham"
"با «لنز اسپورت» لیگ برتر انگلیس در یک قدمی شما! آرسنال-منچستریونایتد امشب ساعت [TIME] ساوتهمپتون-تاتنهام امشب ساعت [TIME] تماشا در [LINK_REMOVED]","spam"
"فقط تا [RANDOM_NUMBER] امشب مهلت دارید تا سقف [RANDOM_NUMBER]هزارتومان روی دوره های برنامه نویسی کوئرا کالج تخفیف بگیرید. کد تخفیف: [ENGLISH][RANDOM_NUMBER] ثبت نام: [LINK_REMOVED]","spam"
"مشترک گرامی تلفن: [RANDOM_NUMBER] مبلغ صورتحساب بهمن ماه: [RANDOM_NUMBER] بدهی قبلی: [RANDOM_NUMBER] قابل پرداخت: [RANDOM_NUMBER] ریال مهلت: پرداخت فوری-اخطار قطع ش قبض: [RANDOM_NUMBER] ش پرداخت: [RANDOM_NUMBER] پرد اخت با [RANDOM_NUMBER]#*, تلفن [RANDOM_NUMBER] مشاهده قبض [LINK_REMOVED] شرکت مخابرات ایران","ham"
"در صورت مشاهده یا مواجهه با موارد کودک آزاری,همسر آزاری در ایام کرونا, برای دریافت خدمات اجتماعی-روانی به صورت رایگان و شبانه روزی با شماره تلفن [RANDOM_NUMBER], اورژانس اجتماعی سازمان بهزیستی کشور, تماس بگیرید","ham"
"دانشکده مدیریت دانشگاه تهران دوره[ENGLISH]و [ENGLISH]یکساله حضوری وآنلاین [LINK_REMOVED]","spam"
"سلام عزیزم خوبی ذکرت نخوندی","ham"
"بریم بیرون?","ham"
"حوصله ت سر رفته? پاشو یه فیلم کمدی خنده دار تو فیلیمو ببین! تازه با این کد میتونی تخفیفم بگیری [ENGLISH][RANDOM_NUMBER] [LINK_REMOVED]","spam"
"[RANDOM_NUMBER] گیگ اینترنت با اعتبار تا پایان روز, هدیه ی اولین شارژ [RANDOM_NUMBER] هزارتومانی کیف پول دیجیتال ایرانسل! روی لینک زیر کلیک کنید: [LINK_REMOVED]","spam"
"اینم فکر کنم شماره حساب باشه بازم معذرت می خوام دیگه روم نمیشه حتی عذر خواهی کنم بابت زحمتی که بهتون دادم","ham"
"اربعین [RANDOM_NUMBER] و آواهای انتظار پرطرفدار: فعالسازی با ارسال کدآوا به [RANDOM_NUMBER] [RANDOM_NUMBER]جونم به فدات(محمدحسین پویانفر) [RANDOM_NUMBER]داره اربعین میاد(حمید علیمی) [RANDOM_NUMBER]همه جا کربلا(مجید بنی فاطمه) [RANDOM_NUMBER]سلام آقا(محمدحسین حدادیان) [RANDOM_NUMBER]زینب زینب(سلیم موذن زاده) [RANDOM_NUMBER]کی بهترازحسین(پویا بیاتی) [RANDOM_NUMBER]حماسه اربعین(گروه فرکانس) هزینه [RANDOM_NUMBER]تومان ماهانه که از طرف شما در پویش مردمی«ایران همدل»صرف کمک به نیازمندان میشود.","spam"
"[RANDOM_NUMBER]وکیل شو گام اول مشاوره وبرنامه ریزی رایگان ارسال نام ب [MASKED_NUMBER]","spam"
"همنوا با کاروان سیدالشهدا فعالسازی با ارسال کد آوا به [RANDOM_NUMBER] [RANDOM_NUMBER]دنیا محل گذره(محمدحسین پویانفر) [RANDOM_NUMBER]خداحافظ ای آنام باجی(آذری)(محمدباقر منصوری) [RANDOM_NUMBER]باب الحسین(حسین خلجی) [RANDOM_NUMBER]روی لب ها(مهدی رسولی) [RANDOM_NUMBER]اشک مشک(احمد نظری) [RANDOM_NUMBER]صدام کن آقا(میثم مطیعی) هزینه[RANDOM_NUMBER]تومان ماهانه که از طرف شما صرف کمک به هموطنان تحت پوشش سازمان بهزیستی می شود","spam"
"*پارسیان بانک ایرانیان* مشتری گرامی، باتوجه به اینکه در روزهای آتی سرویس پیامک شما منقضی می گردد، مبلغ [RANDOM_NUMBER] ریال بابت هزینه آبونمان شما به صورت خودکار کسر خواهد شد.","ham"
"شاسی بلند+گوشی +دوربین ویژه خریداران دیروز و امروز [USSD_REMOVED]","spam"
"هنوز نه؛ یکم راه رو بسته بودن","ham"
"کسی به دادم نرسید واویلا","ham"
"پرداخت صورت حساب سرویس اعتباری اسنپ! مهلت پرداخت صورت حساب شما به پایان رسیده است. برای استفاده مجدد و جلوگیری از جریمه ی دیرکرد, حداکثر تا روز [RANDOM_NUMBER] مرداد حسابتان را تسویه کنید. کافی است پس از مشاهده ی صورتحساب, روی دکمه ی پرداخت بزنید. برای مشاهده ی جزئیات صورتحساب و پرداخت روی لینک زیر بزنید: [LINK_REMOVED]","ham"
"دانشگاه تربیت مدرس پذیرش دوره های آنلاین [ENGLISH]و[ENGLISH] [MASKED_NUMBER] [LINK_REMOVED]","spam"
"آیا میدونستی کمتر از [RANDOM_NUMBER] روز فرصت داری خودرو و شمش طلا برنده شی? شانس[RANDOM_NUMBER] برابری ویژه امروز [USSD_REMOVED]","spam"
"زندانی???","ham"
"[RANDOM_NUMBER] آبان جایزه [RANDOM_NUMBER] میلیونی از امروز با هر خرید از [USSD_REMOVED] و یا اپلیکیشن ستاره یک, دو برابر امتیاز کسب کنید. [LINK_REMOVED]","spam"
"سامانه جامع تجارت ایران درخواست تخصیص ارز ردیف [RANDOM_NUMBER] ثبت سفارش [RANDOM_NUMBER] تائید شد و تا تاریخ [DATE] مهلت تامین ارز دارد. امکان استفاده از پروانه های صادراتی نیز تا تاریخ مذکور تمدید گردید. مقتضی است نسبت به تامین ارز و ترخیص کالا اقدام فرمایید. این مهلت تمدید نخواهد.","ham"
"️ عمل حذف عینک (لازک) تخفیف [RANDOM_NUMBER]% هدیه ویژه?? مدت محدود [MASKED_NUMBER]","spam"
"درست شد گوشیت","ham"
"عطیلات بهمن تورسوئیس-مجارستان [RANDOM_NUMBER]یورو [MASKED_NUMBER] ژیوار","spam"
"کد فعالسازی:[RANDOM_NUMBER] برای فعالسازی سرویس تناسب کد بالا را ارسال نمایید. تعرفه روزانه [RANDOM_NUMBER] تومان","ham"
"کارگزاری مفید مشتری گرامی جناب آقای/سرکار خانم [NAME] پیرو پیام قبلی در نظر داشته باشید که طی عرضه اولیه فردا (نماد شستا) برای مشتریانی که توافق نامه خرید خودکار را تایید کرده باشند و همچنین حساب آن ها حداقل مبلغ [RANDOM_NUMBER] هزار تومان موجودی داشته باشد, درخواست عرضه اولیه متناسب با موجودی حساب به صورت اتوماتیک ارسال خواهد شد. تایید توافق نامه خرید خودکار عرضه اولیه: [LINK_REMOVED] واریز وجه در ایزی تریدر: [LINK_REMOVED]","spam"
"[RANDOM_NUMBER] روز تا قرعه کشی بزرگ پژو[RANDOM_NUMBER] [RANDOM_NUMBER] شانس با خرید یک شارژ یا بسته از [USSD_REMOVED] ویژه خط شما,یکبار,تا ساعت [RANDOM_NUMBER]","spam"
"موعد پرداخت صورتحساب سرویس اعتباری اسنپ! برای استفاده ی مجدد از سرویس «اعتباری» اسنپ, فقط تا آخر وقت امروز فرصت دارید, صورتحسابتان را پرداخت کنید. کافی است پس از مشاهده ی صورتحساب روی دکمه ی """"پرداخت"""" بزنید. برای مشاهده ی جزئیات صورتحساب و پرداخت, روی لینک زیر بزنید: [LINK_REMOVED]","ham"
"برای دریافت امتیاز کالای خودباماتماس بگیرید داخلی[RANDOM_NUMBER][MASKED_NUMBER]","spam"
"عیدتون مبارک کلی جایزه داریم, به رسم چهارشنبه های امام رضایی قرار ما با شما از حرم امام مهربانی ها امام رضا(ع). ویژه برنامه باغ آیینه امشب پخش زنده حوالی ساعت [RANDOM_NUMBER] لینک روبیکا: [LINK_REMOVED] لینک آیگپ: [LINK_REMOVED]","spam"
"سلا عجقم","ham"
"سید [NAME] عزیز [RANDOM_NUMBER] امتیاز در باشگاه مشتریان دیجی کالا داری. همین الان با امتیازهات می تونی کد تخفیف خدمات منزل، کارواش، سفر و... بگیری: [LINK_REMOVED] لغو ارسال [RANDOM_NUMBER]","spam"
"استراتژی[ENGLISH]/[ENGLISH]به نمادمن اضافه شد یک اشتراک=[RANDOM_NUMBER] استراتژی [LINK_REMOVED] لغو[RANDOM_NUMBER]","spam"
"گیت ضدعفونی کاملابی خطر و کم هزینه جهت: مطب,کلینیک,بیمارستان [LINK_REMOVED]","spam"
"کد اعتبارسنجی جهت ثبت درخواست ابطال شما [RANDOM_NUMBER] می باشد سهم آشنا","ham"
"کارگزاری بانک سامان [DATE] خرید [RANDOM_NUMBER] وکبهمن[RANDOM_NUMBER] [RANDOM_NUMBER] مانده: [RANDOM_NUMBER]","ham"
"[RANDOM_NUMBER]تومان تخفیف تپسی [RANDOM_NUMBER]تخفیف [RANDOM_NUMBER]درصدی تا سقف [RANDOM_NUMBER]تومان و [RANDOM_NUMBER]تخفیف [RANDOM_NUMBER]درصدی تا سقف [RANDOM_NUMBER]تومان برایتان فعال شد مهلت استفاده:[RANDOM_NUMBER]مهر [LINK_REMOVED]","spam"
"واتس آپ","ham"
"وای خدا","ham"
"کجایید?","ham"
"نهار بخوریم","ham"
"مودی گرامی مهلت ارائه الکترونیکی اظهارنامه اشخاص حقیقی از طریق سامانه [LINK_REMOVED] حداکثر تا پایان خرداد ماه سال جاری است. سازمان امور مالیاتی کشور","ham"
"در این روزها و شب های برکت, از مشکلات مردم گره گشایی کنیم. همدلی برای تقدیم بسته های کمک و افطاری نیازمندان از طریق کد دستوری رایگان [USSD_REMOVED] و یا شماره کارت [RANDOM_NUMBER] #ایرانهمدل, بزرگترین پویش مردمی ایران, کمک های شما را از طریق کمیته امداد و بهزیستی به نیازمندان هدیه می کند.","spam"
"با فعالسازی مجدد سیمکارت خود در ازای یک دقیقه مکالمه, صد دقیقه مکالمه درون شبکه در همان روز هدیه بگیرید. در صورت استفاده این پیام را نا دیده بگیرید .","spam"
"سلام خسته نباشید؛ من الان بیمارستان دوران بودم ظاهرا انگشت پام رو دیروز شکونده م, آتل بستن گفتن فردا [TIME] الی [TIME] صبح برای معاینه ارتوپد بیام, برای فردا صبح امکانش هست اول بیام ایجا بعد با تاخیر بیام اداره? [برگه گواهی پزشکی رو براتون ایمیل کردم]","ham"
"برق شهر قطع شده است.","ham"
"سلام و عرض ادب، پدرم گفتن با شما تماس بگیرم چه زمانی باید خدمت برسم برای فسخ قول نامه؟","ham"
"عمل مدرن لازک چشم([ENGLISH]) حذف عینک [RANDOM_NUMBER]%تخفیف مدت محدود اطلاع بیشتر ارسال [RANDOM_NUMBER]","spam"
"سلام تخم مرغ و سیبزمینی بخر","ham"
"امکان مقایسه و خرید آسان انواع بسته های اینترنت, مکالمه و پیامک همراه اول در فروشگاه آنلاین [LINK_REMOVED]","spam"
"سلام, ببخشید طرف دیر جواب داد, گفت از چهارشنبه هفته قبل جریمه تردد ول شده ولی دقیقش رو فردا بهم میگه","ham"
"خرید غیر حضوری مودم نسل چهارم با [RANDOM_NUMBER] گیگابایت اینترنت هدیه در فروشگاه آنلاین همراه اول: [ENGLISH].[LINK_REMOVED] فروش سیم کارت دائمی جوانان همراه اول([RANDOM_NUMBER]تا[RANDOM_NUMBER] سال) با [RANDOM_NUMBER] درصد تخفیف به همراه [RANDOM_NUMBER] گیگابایت اینترنت اطلاعات بیشتر : [LINK_REMOVED]","spam"
"بریم","ham"
"کولرگازی,یخچال,ارسال رایگان از بانه,با ضمانت[RANDOM_NUMBER]ساله [MASKED_NUMBER] خانم شیخی","spam"
"ارسال رایگان سفارش های بالای [RANDOM_NUMBER] هزارتومان به استان فارس [RANDOM_NUMBER] اردیبهشت تا ساعت [RANDOM_NUMBER] شب شهرکتاب آنلاین [LINK_REMOVED]","spam"
"یک عکس از طرف مهرداد میناوند برای شما ارسال شد.دریافت عکس با ارسال رایگان [RANDOM_NUMBER] واشتراک در سرویس هواداری مهرداد میناوند صدتومان","spam"
"[NAME] عزیز, تجربه نوبت دیروز خود از دکتر [NAME] را با ما در میان بگذارید و با نوشتن نظر خود در قرعه کشی ماهیانه وبسایت دکترِتو شرکت کنید. [LINK_REMOVED]","ham"
"بسته های جدید,به صرفه و متنوع اینترنت در [USSD_REMOVED] جایزه ویژه پژو [RANDOM_NUMBER]","spam"
"بورس را با سود ثابت و ماهیانه آغاز کنید. با صندوق درآمد ثابت همای آگاه, ریسک سرمایه گذاریتان را صفر کنید و سود ثابت و ماهیانه بگیرید. برای دریافت اطلاعات بیشتر کلیک کنید: [LINK_REMOVED] [RANDOM_NUMBER] [MASKED_NUMBER] شرکت سبدگردان آگاه","spam"
"با صدای «عادل فردوسی پور» بشنوید! %[RANDOM_NUMBER] تخفیف برای پیش خرید کتاب صوتی «هنر خوب زندگی کردن!» فقط تا پایان امروز [LINK_REMOVED] لغو[RANDOM_NUMBER]","spam"
"اعطای نمایندگی رسمی بیمه سامان در صورت تمایل مشخصات خود را ارسال کنید","spam"
"بانک ملت برداشت از حساب [RANDOM_NUMBER] مبلغ : [RANDOM_NUMBER] ریال موجودی : [RANDOM_NUMBER] ریال مستند : [RANDOM_NUMBER] [DATE] [TIME]","ham"
"-امشب پایه ای بریم کنسرت؟ -کنسرت کی؟ -حمید عسگری -چطوری!؟ -کافیه بری توی لنز و رایگان با[RANDOM_NUMBER]٪هزینه اینترنت کمتر نسبت به شبکه های اجتماعی کنسرت ببینی! قرارمون یادت نره!هرشب ساعت[RANDOM_NUMBER] [LINK_REMOVED]","spam"
"بانک سامان برای شرکت در قرعه کشی موبایلت با [RANDOM_NUMBER] میلیون تومان جایزه نقدی, تا [RANDOM_NUMBER] اسفندماه, [RANDOM_NUMBER] تراکنش دیگر (پرداخت قبض و انتقال وجه) انجام دهید. اطلاعات بیشتر: [LINK_REMOVED]","spam"
"همراه گرامی, از تماس شما با سامانه پاسخگویی [RANDOM_NUMBER] سپاسگزاریم. با مراجعه به سامانه همراه من و یا دریافت اپلیکیشن از طریق نشانی [ENGLISH].[LINK_REMOVED] از خدمات غیرحضوری همراه اول بهره مند شوید. همراه اول همراه همیشگی","spam"
"کاندوم رایگان ورود کنید [LINK_REMOVED]","spam"
"نه هیش کی جواب نمیده","ham"
"سلام ممنون عزیزم دست طلا","ham"
"هایپراستار[RANDOM_NUMBER]~[DATE] میگو تازه کیلویی [RANDOM_NUMBER]ت کاله کره [RANDOM_NUMBER]گرمی [RANDOM_NUMBER]ت شکر [RANDOM_NUMBER]ک [RANDOM_NUMBER]ت طبیعت چای %[RANDOM_NUMBER]ت","spam"
"[NAME] عزیز, متاسفانه راننده سفر را لغو کرد. در حال جست وجوی اسنپ! دیگری برای شما هستیم","ham"
"مشترک گرامی تا ساعت [TIME] امروز شما هنوز [RANDOM_NUMBER] گیگ اینترنت هدیه خود ویژه استفاده در ذره بین را دریافت نکرده اید. برای دریافت [RANDOM_NUMBER] گیگ اینترنت هدیه [RANDOM_NUMBER] روزه(هر ماه [RANDOM_NUMBER] گیگ) ویژه استفاده در ذره بین از طریق لینک زیر اقدام کنید. دریافت و فعال سازی رایگان: [LINK_REMOVED] پخش زنده فوتبال مقدماتی جام جهانی ایران - امارات ساعت [TIME] تماشا در وبگرد ذره بین ذره بین؛ تجربه متفاوت وبگردی","spam"
"بلوبانک واریز پول [NAME] عزیز, [RANDOM_NUMBER] ریال به حساب شما نشست. موجودی: [RANDOM_NUMBER] ریال [TIME] [RANDOM_NUMBER].[RANDOM_NUMBER]","ham"
"هدیه تولدتان را خودتان انتخاب کنید! در روز تولدتان کد [USSD_REMOVED] را شماره گیری و یکی از سه هدیه زیر را انتخاب کنید: [RANDOM_NUMBER]- یک روز مکالمه رایگان درون شبکه؛ [RANDOM_NUMBER]- دو گیگ اینترنت یک روزه رایگان؛ [RANDOM_NUMBER]- [RANDOM_NUMBER] امتیاز باشگاه فیروزه ای","spam"
"سر کلاسم","ham"
"*برای نخستین بار در بانک کارآفرین* جشنواره حساب های قرض الحسنه پس انداز ریالی ""نیک آفرین"" با میلیاردها ریال جوایز ارزنده اطلاعات بیشتر: [LINK_REMOVED] مرکز ارتباط: [MASKED_NUMBER]","spam"
"سلام مرد جوان, شما آب دارید یا قطع است?","ham"
"درمان ریزش مو با ضمانت کتبی موهای زیبا داشته باش! گیاهی ارسال عدد [RANDOM_NUMBER]","spam"
"مونادی عزیز از [RANDOM_NUMBER]مهر تا [RANDOM_NUMBER]مهرماه [RANDOM_NUMBER]درصد تخفیف : رفع تیرگی نواحی تیره [RANDOM_NUMBER] تومان بوتاکس مصپورت [RANDOM_NUMBER] تومان انواع مزو تراپی [RANDOM_NUMBER] تومان میکرودرم [RANDOM_NUMBER] تومان پاکسازی [RANDOM_NUMBER] تومان آبرسانی [RANDOM_NUMBER] تومان آر اف [RANDOM_NUMBER] تومان جهت تعیین وقت تماس بگیرید. [MASKED_NUMBER] [MASKED_NUMBER]","spam"
"[NAME] عزیز, فقط تا پایان امروز فرصت دارید صورت حساب سرویس اعتباری اسنپ پی را بدون جریمه ی دیرکرد تسویه کنید. مشاهده صورت حساب: [LINK_REMOVED] پشتیبانی: [MASKED_NUMBER] اسنپ پی","ham"
"قرعه کشی [RANDOM_NUMBER] جایزه [RANDOM_NUMBER] میلیون تومانی باشگاه فیروزه ای تا [RANDOM_NUMBER] مرداد ماه, با مراجعه به بخش سرگرمی در باشگاه فیروزه ای, به ازای هر [RANDOM_NUMBER] امتیاز یک شانس برنده شدن در قرعه کشی دریافت نمایید. [LINK_REMOVED] باشگاه فیروزه ای - باشگاه مشتریان همراه اول","spam"
""" فقط با یک کلیک, گواهینامه ملی خود را بین المللی کنید [ENGLISH].[LINK_REMOVED] کانون جهانگردی و اتومبیلرانی ج.ا.ا.""","spam"
"زنگ بزن بهش","ham"
"درخواست مشاوره شما لغو شد و [RANDOM_NUMBER] تومان به اعتبار شما بازگشت.","ham"
"مشتری گرامی با آرزوی سعادت و سلامتی برای شما در سالروز تولدتان بانک ملت","spam"
"بعدش هم که پسرعمه م مرد","ham"
"بازنشسته گرامی طبق تفاهمنامه بافروشگاههای افق کوروش باکارت بانکی حقوق خودازتخفیف %[RANDOM_NUMBER]محصولات پگاه علاوه بر تخفیف%[RANDOM_NUMBER]ویژه بازنشستگان وتخفیفهای همیشگی فروشگاههابهرمندشوید اطلاعات بیشتر:[LINK_REMOVED] [MASKED_NUMBER]","spam"
"*بانک سپه* ستاد واریز سود به: [RANDOM_NUMBER] مبلغ: [RANDOM_NUMBER] ریال [DATE][TIME] موجودی: [RANDOM_NUMBER] ریال","ham"
"[RANDOM_NUMBER]تومان تخفیف مشاوره ی پزشکی و روانشناسی, دریافت نسخه ی آنلاین و ارسال دارو کد: [ENGLISH][ENGLISH][RANDOM_NUMBER] اعتبار: [RANDOM_NUMBER]شهریور کافی است در سوپراپلیکیشن اسنپ, «پزشک و مشاور» را انتخاب کنید. [LINK_REMOVED]","spam"
"[RANDOM_NUMBER]٪ تخفیف فوق العاده برای ده ها کتاب «حال خوب کن» به مدت محدود همین حالا حالتو خوش کن! راهنما: [LINK_REMOVED] لغو[RANDOM_NUMBER]","spam"
"فروش ویژه سیم کارت دائمی همراه اول با [RANDOM_NUMBER] درصد تخفیف فقط تا پایان شهریور ماه به همراه [RANDOM_NUMBER] گیگابایت اینترنت هدیه یک ماهه , [RANDOM_NUMBER] ماه مکالمه درون شبکه نیم بها و ماهانه [RANDOM_NUMBER] پیامک رایگان به مدت [RANDOM_NUMBER] ماه خرید و فعالسازی با مراجعه به مراکز فروش و خدمات همراه اول یا فروشگاه آنلاین ( ارسال رایگان) به نشانی [LINK_REMOVED]","spam"
"آقای [NAME]","ham"
"آقای [NAME] بانک قرض الحسنه مهر ایران تولدتان را صمیمانه تبریک و آرزوی سلامتی برایتان دارد.","spam"
"آواهای انتظار ویژه مبعث: فعالسازی با ارسال کد آوا به[RANDOM_NUMBER] [RANDOM_NUMBER]یارسول الله (گروه معراج) [RANDOM_NUMBER]عیدانه (محمدرضا قربانی) [RANDOM_NUMBER] صلوات علی محمد (باسم کربلایی) [RANDOM_NUMBER]طلع البدر(محمد حشمتی) [RANDOM_NUMBER]جان سرمدی (حسین بوند) [RANDOM_NUMBER]صلوات بر محمد(گروه الغدیر) هزینه فعالسازی ماهیانه [RANDOM_NUMBER] تومان","spam"
"حالا معاینه ها رو بکنه بعدش می ریم دنبال یه دکتر به درد بخور می گردیم","ham"
"فروش ویژه سیم کارت دائمی همراه اول با [RANDOM_NUMBER] درصد تخفیف به همراه [RANDOM_NUMBER] گیگابایت اینترنت هدیه یک ماهه, به قیمت [RANDOM_NUMBER] هزار تومان با مراجعه به تمامی نقاط فروش و خدمات حضوری همراه اول و فروشگاه آنلاین به نشانی [LINK_REMOVED] شما می توانید با استفاده از سرویس شارژ خودکار همراه اول, ضمن مدیریت در مصرف, نسبت به تامین خودکار شارژ سیم کارت های اعتباری خود و سایرین اقدام نمایید. اطلاعات بیشتر در [LINK_REMOVED]","spam"
"مشترک گرامی جایزه ویژه شمااماده تحویل است [MASKED_NUMBER] کد[RANDOM_NUMBER]تماس فوری","spam"
"رب گوجه فرنگی دلند تحویل رایگان درب منزل هر قوطی [RANDOM_NUMBER] تومان [MASKED_NUMBER]","spam"
"در مکان های شلوغ و حمل و نقل عمومی,از دست زدن به چشم و دهان خود خودداری کنید و پس از دست زدن به وسایل در اولین فرصت ممکن نسبت به شستشوی بهداشتی دست اقدام شود","ham"
"هموطن عزیز با شرکت در پویش ایران همدل(اطعام مهدوی و افطاری ساده) از یکدیگر گره گشائی کنیم و شادی میهمان خدا بودن را با محرومین قسمت نمائیم کد [USSD_REMOVED] و شماره کارت [RANDOM_NUMBER] راه تقسیم مهربانی شماست کمیته امداد امام خمینی(ره) و سازمان بهزیستی کشور","spam"
"تا%‏[RANDOM_NUMBER] تخفیف ویژه رمضان نساجی بروجرد گلستان-بین آبان و آذر [RANDOM_NUMBER]","spam"
"خانم [NAME] ابلاغیه الکترونیکی شماره [RANDOM_NUMBER] در حساب کاربری شما در سامانه ابلاغ قرار گرفت. تاریخ ابلاغ [DATE]","ham"
"یک پیشواز کربلایی با صدای شما! مداحی هایتان را با پیشواز شخصی به گوش دیگران برسانید. دانلود اپ پیشواز: [LINK_REMOVED]","spam"
"متقاضی گرامی جهت اطلاع از نتیجه درخواست تسهیلات دانشجویی, به میزکار خود در سامانه سینا مراجعه نمایید","ham"
"[RANDOM_NUMBER]تومان تخفیف ویژه اولین سفارش از اسنپ فود کد تخفیف شما:[ENGLISH][ENGLISH][ENGLISH] کافی است در برنامه ایرانسل من, سفارش غذا را انتخاب کنید. اعتبار تا یک هفته [LINK_REMOVED]","spam"
"باورت میشه اینترنت من گوگل رو باز نمیکنه?","ham"
"خیابان معلم","ham"
"اکران آنلاین فیلم آبادان یازده [RANDOM_NUMBER] در فیلم گردی و تماشاخونه با بازی حسن معجونی, ویدا جوان و علیرضا کمالی [LINK_REMOVED]","spam"
"من هم یادم نمیاد","ham"
"توی جاده هستم, سوال هم جواب نمی دم","ham"
"هدیه [RANDOM_NUMBER] امتیازی باشگاه مشتریان همراه اول تا آخر آذرماه با شماره گیری کد زیر, [RANDOM_NUMBER] امتیاز از باشگاه مشتریان هدیه بگیر. [USSD_REMOVED] با مصرف امتیازت در بخش طرح ها و جوایز باشگاه, میتونی شانست رو برای برنده شدن در قرعه کشی [RANDOM_NUMBER] توپ طلا امتحان کنی. [LINK_REMOVED]","spam"
"سلام [NAME] جون مشغول بودم متوجه نشدم شرمنده عزیزم ممنون که تماس گرفتید موفق و سلامت باشید","ham"
"پوشاک[ENGLISH] حراج بزرگ تا [RANDOM_NUMBER]% [RANDOM_NUMBER]% تخفیف بیشتر برای خرید آنلاین پاسداران: [MASKED_NUMBER] اینستاگرام: [LINK_REMOVED]","spam"
"خانم های هنرمند روزتون مبارک [RANDOM_NUMBER]هزار تومان تخفیف + ارسال رایگان ,هدیه ویژه هنری به شما کد تخفیف شما : [ENGLISH][RANDOM_NUMBER] [LINK_REMOVED]","spam"
"بازنشسته گرامی, به منظور رفاه حال شما, صندوق بازنشستگی بستری را فراهم کرده است که از این پس برای ثبت درخواست گواهی کسر از حقوق, نیازی به مراجعه حضوری نیست و صدور گواهی صرفا از طریق ثبت درخواست در سایت [LINK_REMOVED] انجام میشود. گواهی صادر شده به نشانی اعلام شده از سوی شما, پست خواهد شد. اطلاعات بیشتر : [MASKED_NUMBER] صندوق بازنشستگی کشوری","spam"
"شما یک تماس بی پاسخ از [MASKED_NUMBER] در [TIME] [DATE]دارید خرید بسته های دیتا با [USSD_REMOVED]","ham"
"این آخر هفته وقتشه بیشتر به خودت برسی! لوازم آرایشی و بهداشتی رو با قیمت های تکرارنشدنی به علاوه ی [RANDOM_NUMBER] هزار تومان تخفیف بیشتر از دیجی استایل سفارش بده. کد: [ENGLISH][RANDOM_NUMBER] برای اولین سفارش بالای [RANDOM_NUMBER] هزار تومان تعداد محدود | تا جمعه: [LINK_REMOVED] لغو: [RANDOM_NUMBER]","spam"
"کاربر گرامی جهت تکمیل ثبت نام خود در صندوق و باتوجه به الزام سجامی بودن سرمایه گذاران صندوق های سرمایه گذاری جهت ثبت درخواست صدور, بدون نیاز به مراجعه حضوری نسبت به سجامی شدن و فعالسازی حساب خود در صندوق سهم آشنا, از طریق لینک های زیر اقدام نمایید: ثبت نام سجام و احراز هویت غیرحضوری [LINK_REMOVED] فعالسازی حساب کاربری در صندوق [LINK_REMOVED] صندوق سرمایه گذاری سهم آشنا","ham"
"بانک سپه سربازعزیز [NAME] حساب [RANDOM_NUMBER] افتتاح شد.برای دریافت کارت,الزامیست با اصل شناسنامه وکارت ملی به شعب بانک سپه مراجعه ودرخواست سربازکارت نمایید. اداره کل مدیریت خدمات ن.م","ham"
"تا فردا اینترنت درست می شه:)))))","ham"
"[RANDOM_NUMBER]% تخفیف هزاران کتاب الکترونیک در فیدیبو [LINK_REMOVED]","spam"
"[RANDOM_NUMBER]تومان تخفیف اسنپ برای [RANDOM_NUMBER]سفر در [RANDOM_NUMBER]سفر, [RANDOM_NUMBER]%(تا سقف [RANDOM_NUMBER]تومان) و [RANDOM_NUMBER]سفر بعدی [RANDOM_NUMBER]%(هربار تا سقف [RANDOM_NUMBER]تومان) تخفیف بگیرید کدتخفیف: [ENGLISH]-[RANDOM_NUMBER] اعتبار: [RANDOM_NUMBER] آذر تا حدامکان در خانه بمانید برای ترددهای ضروری [RANDOM_NUMBER]ساعته می تونید اسنپ بگیرید؛ فقط حتما ماسک بزنید! فراموش نکنید که سلامت راننده های اسنپ با همکاری وزارت بهداشت پایش میشود [LINK_REMOVED]","spam"
"بانک سامان مشاهده تعداد امتیاز به دست آمده برای قرعه کشی [RANDOM_NUMBER] میلیون تومان جایزه نقدی در اپلیکیشن موبایلت امکان پذیر است. پرداخت قبض و انتقال وجه بیشتر, امتیاز بیشتر","spam"
"آواهای انتظار ویژه شب یلدا: فعالسازی با ارسال کد آوا به [RANDOM_NUMBER] [RANDOM_NUMBER] مثل یلداهای قبل(رضا صادقی) [RANDOM_NUMBER] یلدا(مازیار فلاحی) [RANDOM_NUMBER] راز یلدا(امیر چهارم) [RANDOM_NUMBER] یلدا(محمد معتمدی) [RANDOM_NUMBER]یلداترین شب(سهیل رحمانی) [RANDOM_NUMBER] یلدا(منصور زیرک) هزینه فعالسازی [RANDOM_NUMBER] تومان ماهانه با ارسال کد به [RANDOM_NUMBER]","spam"
"«یک فرصت استثنایی برای مشتریان بانک مهر ایران» امکان خرید سهام بانک ها و بیمه ها از طریق شعب و سایت این بانک فراهم شده است. برای خرید سهام از روز یکشنبه مورخ [DATE] به شعب و سایت بانک به آدرس [LINK_REMOVED] مراجعه نمایید.","spam"
"سلام چطوری خواب بودم جونم کاری داشتی?","ham"
"شماره حساب یا شماره کارت بانک ملی خودتون را میخام","ham"
"سلام خواهش میکنم کاری نکردم انشاالله در کارهاتون همیشه موفق باشید","ham"
"نسخه جدید اپلیکیشن آپ منتشر شد. بروزرسانی: [LINK_REMOVED]","spam"
"پنجشنبه قرعه کشی[RANDOM_NUMBER]میلیون تومانی امروزهر[RANDOM_NUMBER]تومان[RANDOM_NUMBER]شانس باخرید شارژوبسته وپرداخت قبض همراه از[USSD_REMOVED]و اپ ستاره یک نصب [LINK_REMOVED]","spam"
"کد پیامکی شما: [RANDOM_NUMBER] به آچاره خوش آمدید. آچاره: [RANDOM_NUMBER] [ENGLISH]/[ENGLISH][ENGLISH][ENGLISH]","ham"
"هموطن گرامی! دومین مناظره تلویزیونی کاندیداهای انتخابات ریاست جمهوری را می توانید امروز از ساعت [RANDOM_NUMBER] بعدازظهر به صورت زنده از شبکه اول سیما پیگیری نمایید","spam"
"[NAME] گرامی احراز هویت شما در سامانه سجام با موفقیت انجام گردید شرکت سپرده گذاری مرکزی","ham"
"اینترنت رو از بیخ و بنیان بستن, دست به تنظیمات خود نزنید","ham"
"بانک سامان خرید اسنپ فود مبلغ [RANDOM_NUMBER] ریال رمز [RANDOM_NUMBER] زمان اعتبار رمز [TIME]","ham"
"نیکوکار گرامی آستان قدس رضوی علاوه بر سامانه ستاره هشت مربع , اپلیکیشن رسمی حرم مطهر رضوی با نام ""رضوان"" را راه [DATE] [TIME]","ham"
"بانک ملی پرداخت قبض: [RANDOM_NUMBER] حساب: [RANDOM_NUMBER] مانده: [RANDOM_NUMBER] [TIME]-[DATE] هپ نصب کن, [ENGLISH]. گوشی و ساعت هوشمند ببرا! [LINK_REMOVED]","ham"
"هدیه ویژه همراه اول براى شما مشترک گرامى, [RANDOM_NUMBER] گیگ اینترنت هدیه سه ماهه(هر ماه [RANDOM_NUMBER] گیگ) مخصوص استفاده در اپلیکیشن ذره بین. دریافت و فعال سازی از طریق لینک زیر: [LINK_REMOVED] [RANDOM_NUMBER] دستگاه [ENGLISH][RANDOM_NUMBER] و [RANDOM_NUMBER] میلیون تومان جایزه هفتگی پیش بینی فوتبال در ذره بین. انگلیس ? - ? دانمارک ساعت [TIME] رایگان تماشا کنید و با پیش بینی مسابقه جایزه ببرید. همچنین در صورت عدم تمایل به دریافت اخبار, کمپین ها, جوایز و هدایای ذره بین عدد [RANDOM_NUMBER] را به [RANDOM_NUMBER] ارسال نمایید.","spam"
"آقا/خانم [NAME] مرسوله شما از فروشگاه اینترنتی فروشما با کد رهگیری [RANDOM_NUMBER] ارسال شد. خواهشمندیم اگر پس از [RANDOM_NUMBER] روز کاری سفارش شما به دستتان نرسید حتما مرسوله را در سامانه [LINK_REMOVED] رهگیری کنید و با داشتن بارکد فوق به نزدیکترین دفتر پستی مراجعه فرمایید. تاپین پیشخوان مجازی حمل و نقل","ham"
"بانک سامان مشتری گرامی خدمات جدید موبایلت را تجربه کنید. · سرویس ثبت, صدور, انتقال, استعلام, تائید یا رد چک · سرویس تعویض غیرحضوری کارت · تغییر غیرحضوری رمز اول کارت دانلود نسخه جدید: [LINK_REMOVED]","spam"
"فرصت خرید لاماری ایما اخذ کد بورس کالا از کارگزاری مفید [LINK_REMOVED] مشاوره تلفنی : [MASKED_NUMBER]","spam"
"مشترک گرامی ذره بین یک وبگرد فارسی است که دسترسی سریع تر و ارزان تری به اطلاعات و خدمات دنیای وب فراهم می کند, اطلاعاتی چون نرخ روز طلا و ارز, آخرین وضعیت آب وهوا و... و نیز خدماتی از قبیل: -پخش زنده مسابقات ورزشی -تماشای فیلم و سریال های روز ایران و جهان -جست وجو و پخش آهنگ ها, سخنرانی ها, کتب صوتی و پادکست های جدید -جست وجو و پخش ویدئوها و کلیپ های متنوع -جست وجو و خرید انواع کالاها -پیش بینی مسابقات فوتبال و شرکت در قرعه کشی و ..... نصب رایگان و دریافت [RANDOM_NUMBER] گیگ اینترنت هدیه مخصوص استفاده در اپ ذره بین: [LINK_REMOVED] همچنین در صورت عدم تمایل به دریافت رایگان اخبار, کمپین ها, جوایز و هدایای ذره بین عدد [RANDOM_NUMBER] را به [RANDOM_NUMBER] ارسال نمایید.","spam"
"بندازش حدود [RANDOM_NUMBER] و بیا اطلسی, موبایل های اطلسی بهتر هستن","ham"
"من ازفرمانده پلیس شنیدم تواخبار","ham"
"ساز بزنید ولی اشک نریزد","ham"
"[RANDOM_NUMBER]تومان تخفیف اسنپ برای [RANDOM_NUMBER]سفر در سفر اول [RANDOM_NUMBER]%(تا سقف [RANDOM_NUMBER]تومان) و [RANDOM_NUMBER]سفر بعدی [RANDOM_NUMBER]%(هربار تا سقف [RANDOM_NUMBER]تومان) تخفیف بگیرید. کدتخفیف: [ENGLISH]-[RANDOM_NUMBER] اعتبار تا [RANDOM_NUMBER] بهمن لطفا ماسک فراموش نشود. [LINK_REMOVED]","spam"
"سلام, بسیار ناامید کننده هست.","ham"
"جذاب ترین بازی های موبایلی رو در بازیک پیدا کن و با اینترنت رایگان دانلود کن [LINK_REMOVED]","spam"
"من دیگه چیزی ندارم که بگم","ham"
"سلام خوبی فردا میای اینجا ناهار درست کنم?","ham"
"دوست عزیز کارنامه اگر به هر دلیلی کارشناسی ناقص انجام شود, مشاورهٔ قیمت گذاری و ارائهٔ گزارش کامل از وضعیت خودرو امکان پذیر نیست. برای اطلاع از شرایط کارشناسی, حتماً لینک زیر را مطالعه کنید: [LINK_REMOVED] پشتیبانی کارنامه [MASKED_NUMBER]","ham"
"همین الان از فیلم نت برو کنسرت زنده ورایگان رضا یزدانی [LINK_REMOVED]","spam"
"توی همون سایت دیگه","ham"
"هوشمند جایزه بگیرید! قرعه کشی ماهانه [RANDOM_NUMBER] گوشی هوشمند, با خرید سیم کارت از فروشگاه اینترنتی ایرانسل [LINK_REMOVED][LINK_REMOVED]","spam"
"شیرازی? تا هروقت بیای","ham"
"اسم یه آپ هست","ham"
"لندو فروشگاه خودش رو راه انداخت! تیمچه فروشگاهی با بیش از [RANDOM_NUMBER]هزار کالا و ارسال کاملا رایگان کد تخفیف [RANDOM_NUMBER]هزار تومنی,برای اولین سفارشت: [ENGLISH][RANDOM_NUMBER] خرید: [LINK_REMOVED] برای سفارش بالای [RANDOM_NUMBER]هزار تومن","spam"
"هر شب از ساعت [RANDOM_NUMBER] تا [TIME] بامداد, دعوتید به تماشای ویژه برنامه ""قرار سحر"" * اجرای فرزاد جمشیدی در جوار حرم امام رضا (ع) * و گفتگوهای ناب با چهره های محبوب شما تماشا از: روبیکا [LINK_REMOVED] آیگپ [LINK_REMOVED]","spam"
"کیش[RANDOM_NUMBER]مشهدقطار[RANDOM_NUMBER] استانبول[RANDOM_NUMBER]آنتالیا[RANDOM_NUMBER] ارمنستان دبی [MASKED_NUMBER]","spam"
"فروش ویژه سیسمونی و لوازم کودک درجشنواره نینی یلدا [LINK_REMOVED]","spam"
"خاطرات جنگ, گنجینه های تمام نشدنی برای آیندگان است. مقام معظم رهبری","spam"
"سلام دیگه وقتشه بلیط سفرتو که می خری سود هم ببری! خدمت جدید سایت تیک بان, همین الان عضو شو, عیدی هم بگیر. [LINK_REMOVED]","spam"
"ما در سفر مراقب شما هستیم شما هم مراقب ما باشید. جهت کسب اطلاعات بیشتر سفر با مدرنترین و جوانترین قطار حال حاضر کشور ما را در شبکه های مجازی دنبال کنید: [LINK_REMOVED] [LINK_REMOVED]","spam"
"بازنشسته عزیز و گرامی فرارسیدن [RANDOM_NUMBER] ذی الحجه روز خانواده و تکریم بازنشستگان را به شما سرور گرامی تبریک می گویم و ضمن آرزوی سلامتی, امیدوارم بتوانیم پاسخگوی مطالبات بحق شما باشیم. اکبر افتخاری - مدیر عامل صندوق بازنشستگی کشوری","spam"
"[RANDOM_NUMBER] گیگ اینترنت هدیه, چون تو چارخونه, گیگ بارونه! برای شروع, کیف پول دیجیتال ایرانسلتان را حداقل [RANDOM_NUMBER] هزار تومان شارژ کنید و [RANDOM_NUMBER] گیگ هدیه بگیرید: [LINK_REMOVED]","spam"
"با اشتراک فیلیمو به تمام فصل های سریال عاشقانه «شهرزاد» و کلی فیلم و سریال خانوادگی دسترسی داری کد تخفیف [RANDOM_NUMBER]%درصدی: [ENGLISH][RANDOM_NUMBER] [LINK_REMOVED]","spam"
"اعزام دانشجو [ENGLISH] [ENGLISH] [ENGLISH] مدرسه کالج دانشگاه پذیرش ویزا [MASKED_NUMBER]","spam"
"[RANDOM_NUMBER] تومان تخفیف تپسی تا [RANDOM_NUMBER] مهر, از یک تخفیف [RANDOM_NUMBER] تومانی و پنج تخفیف [RANDOM_NUMBER] درصدی تا سقف [RANDOM_NUMBER] تومان استفاده کنید. کد: [ENGLISH][ENGLISH] [LINK_REMOVED]","spam"
"دانشجوی عزیز؛ همه ی امید آینده ی ایرانمان؛ بسته ی [RANDOM_NUMBER] گیگابایتی اینترنت شما ظرفساعت آینده فعال خواهد شد. در این روزهای سخت. بیش از همیشه، برای ساختن وطن در کنارتان هستیم. وزارت ارتباطات و فناوری اطلاعات","ham"
"نسخه رایگان اپ [ENGLISH] دیجی کالا! لینک دریافت رایگان از [ENGLISH] [ENGLISH] حتماً فیلترشکن دستگاه خود را خاموش کنید: [LINK_REMOVED]","spam"
"کارگزاری بانک سامان [DATE] خرید [RANDOM_NUMBER] چخزر[RANDOM_NUMBER] [RANDOM_NUMBER] مانده: [RANDOM_NUMBER]","ham"
"تا [RANDOM_NUMBER] دقیقه دیگه میام","ham"
"جشنواره بزرگ ماه مبارک باافق کوروش [RANDOM_NUMBER]و[RANDOM_NUMBER]اردیبهشت شربت[RANDOM_NUMBER]گ شادلی[RANDOM_NUMBER]ت اسپاگتی[RANDOM_NUMBER]رشته[RANDOM_NUMBER]گ زر[RANDOM_NUMBER]ت نوشابه[RANDOM_NUMBER]ل کانادا[RANDOM_NUMBER]ت دستمال توالت[RANDOM_NUMBER]رول[RANDOM_NUMBER]لایه ایزی پیک[RANDOM_NUMBER] خریداینترنتی وتحویل درب واحد از: [LINK_REMOVED]/[RANDOM_NUMBER]","spam"
"اوه اوه اوه قرار بود پنجشنبه بریم بیرون?","ham"
"کد فعال سازی: [RANDOM_NUMBER] این کد جهت ورود شما به برنامه شاد است. به هیچ وجه این کد را در اختیار شخص یا برنامه ی دیگری قرار ندهید.","ham"
"با [USSD_REMOVED] وخرید[RANDOM_NUMBER]هزارتومان شارژفوق العاده [RANDOM_NUMBER]هزارتومان شارژشوید شرکت درمسابقه رایگان پیش بینی هم گروه های تیم ملی ایران درجام جهانی اطلاعات بیشتردرکانال [LINK_REMOVED]","spam"
"مشترک گرامی شما تا ساعت [TIME] تاریخ [DATE], هنوز [RANDOM_NUMBER] گیگ اینترنت هدیه سه ماهه خود ویژه استفاده در ذره بین را دریافت نکرده اید. برای دریافت رایگان بسته اینترنت هدیه ذره بین [RANDOM_NUMBER] گیگابایت [RANDOM_NUMBER] روزه(هر ماه [RANDOM_NUMBER] گیگ) از طریق لینک زیر اقدام کنید. [LINK_REMOVED] تماشای فینال حساس جام حذفی در وبگرد ذره بین: استقلال - فولاد ساعت [TIME] ذره بین؛ تجربه متفاوت وبگردی","spam"
"مشترک گرامی بسته اینترنت هدیه [RANDOM_NUMBER] روزه [RANDOM_NUMBER] گیگابایت فعال شده و تا ساعت [TIME] تاریخ [DATE] معتبر است. بسته کنونی شما فاقد تمدید خودکار است. برای اطلاع از وضعیت بسته, کد [USSD_REMOVED] جهت رزرو یا فعالسازی بسته, کد [USSD_REMOVED] را شماره گیری فرمایید. انتخاب, فعالسازی و مدیریت بسته ها در اپلیکیشن همراه من [LINK_REMOVED]","ham"
"[NAME] لطفاً مبلغ [RANDOM_NUMBER] عزیز, ریال هزینه ی سفر را نقدی پرداخت کنید.","ham"
"استاد گفت سه شنبه برم دانشگاه امضای ریکام بگیرم","ham"
"این ها نمی ذارن","ham"
"من زیاد باهاش بیرون نمیرم نمیشه یهو زیاد ببریمش","ham"
"مسابقه دکمه آبی دیجی پی، زودتر از همه برنده باش! مسابقه: [LINK_REMOVED]","spam"
"جناب آقای [NAME] اعتبار مجوز رانندگی بین المللی شما در تاریخ [DATE] به پایان می رسد. برای دریافت مجوز جدید, به دفاتر کانون جهانگردی و اتومبیلرانی مراجعه فرمایید. [LINK_REMOVED]","ham"
"نمایشگاه مبلمان فقط تا[RANDOM_NUMBER]شهریور [RANDOM_NUMBER]تا[RANDOM_NUMBER]شب محل دائمی نمایشگاه شیراز لغو[RANDOM_NUMBER]","spam"
"سلام [NAME] جون اراکم الان پیامت دیدم کجایی الان","ham"
"[RANDOM_NUMBER] هزار تومن تخفیف اولین سفارش با سرویس داروخانه ی اسنپ! کد: [ENGLISH][ENGLISH][ENGLISH][RANDOM_NUMBER] اعتبار: تا [RANDOM_NUMBER] دی حداقل سفارش: [RANDOM_NUMBER] هزار تومن برای سفارش, روی لینک زیر بزن: [LINK_REMOVED]","spam"
"بانه آخرین روز با تخفیف کولرگازی,لوازم خانگی پرداخت درمنزل [MASKED_NUMBER]","spam"
"کد معاملاتی شما در بازار سرمایه : بزر[RANDOM_NUMBER] شرکت سپرده گذاری مرکزی","ham"
"فعال سازی رمز دوم یکبار مصرف کارت ([RANDOM_NUMBER]) با موفقیت صورت پذیرفت. برای دریافت رمز لطفا [RANDOM_NUMBER] رقم آخر کارت خود را به سرشماره [RANDOM_NUMBER] پیامک نمایید.","ham"
"هموطن عزیز سلام, اپلیکیشن «ریسک من» احتمال حاد شدن بیماری و علائم شما را در صورت ابتلا به کرونا پیش بینی می کند و با محتوای اختصاصی موجب توسعه مراقبت فردی می شود. با احترام, از شما هم میهن عزیز تقاضا داریم با نصب این اپلیکیشن و معرفی آن به نزدیکان در شکستن زنجیره شیوع مشارکت نمایید. ریسک من, پیشگیری و مدیریت کرونا با هوش مصنوعی لینک دانلود اندروید : [LINK_REMOVED] لینک اپلیکیشن آی او اس: [LINK_REMOVED]","spam"
"الان بیدار شدم","ham"
"سلام بیداری?","ham"
"*مِستر بلیط* صورتحساب: [RANDOM_NUMBER] از تهران (غرب) به شیراز (کاراندیش) جمعه [RANDOM_NUMBER] اردیبهشت ساعت [TIME] میهن نور (تعاونی [RANDOM_NUMBER]) (تلفن: [MASKED_NUMBER] ) رفرنس: [RANDOM_NUMBER] شماره: [RANDOM_NUMBER] تعداد [RANDOM_NUMBER] صندلی: [RANDOM_NUMBER] مشاهده ارزانترین هتل ها: [LINK_REMOVED]","ham"
"خب میام همونجا","ham"
"گروه ژوانا با یک کنسرت آنلاین و رایگان مهمان شماست. امشب ساعت [RANDOM_NUMBER] از لنز با [RANDOM_NUMBER]٪ هزینه کمتر اینترنت نسبت به شبکه های اجتماعی: [LINK_REMOVED] هر شب ساعت [RANDOM_NUMBER] با کنسرت های آنلاین منتظر ما باشید","spam"
"دکتراسماعیل زاده پوست,مو و زیبایی [MASKED_NUMBER] پذیرش عصرها [MASKED_NUMBER]","spam"
"#درخانه_بمانیم مشتری گرامی بدون مراجعه حضوری و با مناسب ترین قیمت، اینترنت پرسرعت شرکت مخابرات را خریداری کرده و حداکثر تا [RANDOM_NUMBER] ساعت بعد از سرویس خود, به همراه [RANDOM_NUMBER] گیگ ترافیک رایگان (قابل استفاده تا پایان اسفند), بهره مند شوید. انتخاب و خرید سرویس از آدرس [LINK_REMOVED] شرکت مخابرات ایران","spam"
"کارگزاری فارابی, جناب آقای [NAME], با سبدگردانی اختصاصی فارابی, سرمایه گذاری را به حرفه ای ها بسپارید و از افزایش دارایی تان لذت ببرید. دریافت مشاوره رایگان: [LINK_REMOVED]","spam"
"آها من ربع ساعت میرسم ولی دو نیم اومدن رو شروع میکنم","ham"
"[NAME] رو ندیده ای?","ham"
"راننده گرامی بدینوسیله به اطلاع می رساند رانندگانی که در ایام جاری اقدام به گرفتن بارنامه ننموده اند نسبت به تعلیق کارت هوشمند آنها اقدام خواهد گردید اداره کل راهداری و حمل و نقل جاده ای استان همدان","ham"
"تا [RANDOM_NUMBER] درصد شارژ بیش تر+شانس خودرو+شانس گوشی [ENGLISH][RANDOM_NUMBER] و گوشی هفتگی همه با یک خرید امروز از [USSD_REMOVED]","spam"
"برای آگاهی از شیوع ویروس کرونا در محله خود و محافظت بهتر از عزیزانتان در برابر آن, اپلیکیشن رایگان ""ماسک"" را نصب کنید. نصب از : [LINK_REMOVED]","spam"
"خدا رحم کرد کمرم نشکست والابدبخت می شدم","ham"
"نه من قلبم پاک و خبیثه","ham"
"ان شاء الله که موفق باشن و ساهد پیشرفت های روز افزون جووناتون باشیم. خدا حفظتون کنه","ham"
"ساعت چند اونجا باشم?","ham"
"عزیز دلم مراقب خودت باش دورت بگردم","ham"
"مشترک گرامی, بسته اینترنت هدیه [RANDOM_NUMBER] گیگابایت مخصوص استفاده در ذره بین, در روز چهارشنبه تاریخ [DATE] با نصب اپ ذره بین برای شما فعال می شود و تا [DATE] قابل استفاده خواهد بود. نصب و فعال سازی رایگان: [LINK_REMOVED] مسابقات فوتبال رو پیش بینی کن و [RANDOM_NUMBER] یورو جایزه ببر! فرانسه ? - ? پرتغال [TIME] آلمان ? - ? مجارستان [TIME] اسپانیا ? - ? اسلواکی [TIME] ثبت پیش بینی و دریافت هدیه در وبگرد ذره بین.","spam"
"هدیه دیجی کالا و ژاکِت [RANDOM_NUMBER]تومان تخفیف اولین خرید دیجی کالا برای سبدهای بالاتر از [RANDOM_NUMBER]هزارتومان با کد تخفیف [ENGLISH] مهلت: [RANDOM_NUMBER] خرداد","spam"
"پیامک شما دریافت شد. نتیجه بررسی طی روزهایی آینده از طریق سرشماره [ENGLISH].[ENGLISH] ارسال خواهد شد.","ham"
"فقط تا پایان شهریورماه برای شرکت در جشنواره نیک آفرین و بهره مندی از میلیاردها ریال جوایز ارزنده آن فرصت باقیست. [LINK_REMOVED] مرکز ارتباط: [MASKED_NUMBER]","spam"
"[NAME] عزیز خرید خونه با اسنپ فود! [RANDOM_NUMBER] تومان تخفیف + ارسال رایگان ویژه اولین سفارش از سوپرمارکت ها در اسنپ فود کد تخفیف اختصاصی شما: [ENGLISH][ENGLISH][ENGLISH][ENGLISH] مهلت استفاده: تا دوشنبه [RANDOM_NUMBER] مرداد سوپرمارکت های اطراف شما: [LINK_REMOVED]","spam"
"به تو از دور سلام... * برای اولین بار؛ ویژه برنامه «مهلا» با میزبانی محمدحسین پویانفر, ده شب اول ماه محرم, از ساعت [RANDOM_NUMBER], پخش از روبیکا و آیگپ. * به همراه پخش زنده بیش از [RANDOM_NUMBER] هیئت مذهبی با اینترنت رایگان همراه اول. روبیکا [LINK_REMOVED] آیگپ [LINK_REMOVED]","spam"
"تاشنبه[RANDOM_NUMBER]برابرامتیاز با هر خرید از[USSD_REMOVED] [RANDOM_NUMBER]مرداد:پژو[RANDOM_NUMBER]و [RANDOM_NUMBER]جایزه[RANDOM_NUMBER]میلیونی","spam"
"اس ام اسم دادم دلیور نمیشه","ham"
" یکساله شدیم  به مناسبت یکسالگی فعالیت, از *اپل آی کلینیک* کارت هدیه بگیرید کافیه نام و شماره موبایلتون رو به واتساپ [MASKED_NUMBER] بفرستین [LINK_REMOVED] لینک مستقیم","spam"
"کولرگازی نصبوارسالرایگان [MASKED_NUMBER] [MASKED_NUMBER] [MASKED_NUMBER] بانه/ویسی","spam"
"اوکیه. من خیلی اشتباه کردم که بیان کردم","ham"
"شناسه [RANDOM_NUMBER] برای دریافت کالای خود تماس بگیرید. تماس تا امروز [MASKED_NUMBER]","spam"
"بریم شیراز مال?","ham"
"یه متن بود از احسان عبدی پور در مورد امید, لینک می فرستم برایت","ham"
"هایپراستار[RANDOM_NUMBER]~[DATE] پرسیل پودرماشین[RANDOM_NUMBER]گ [RANDOM_NUMBER]ت سافتلن رول [RANDOM_NUMBER]عددی [RANDOM_NUMBER]ت","spam"
"آخرین جایزه قرن نیم ست طلا [RANDOM_NUMBER] عیار امروز آخرین فرصته [USSD_REMOVED]","spam"
"نفرمایید کاری نکردم انشا ءالله به خوبی و خوشی مصرف بشود خانمی","ham"
"فقط یک روز تا پایان جشنواره [ENGLISH] [ENGLISH] [RANDOM_NUMBER]%کلیه اقلام [ENGLISH] [ENGLISH] [ENGLISH] [ENGLISH] [RANDOM_NUMBER]%","spam"
"اللهو حفظکم که از [RANDOM_NUMBER] رفیق شمان.","ham"
"[NAME] عزیز تعطیلات آخر هفته رو شیرین کن! [RANDOM_NUMBER]% تخفیف ویژه سفارش از شیرینی الف در اسنپ فود فقط امروز و فردا مشاهده منو: [LINK_REMOVED]","spam"
"کجا هستی?","ham"
"تنها رادیولوژی فک وصورت مجهز به دستگاههای اتوکلاو پیشرفته استریل کننده وسایل «دکتر آرمان فیض» [MASKED_NUMBER] [LINK_REMOVED]","spam"
"تیمچه تا [RANDOM_NUMBER]میلیون از تیمچه اقساطی خرید کن! -کمترین کارمزد -بدون چک و ضامن [LINK_REMOVED]","spam"
"[NAME] عزیز سفارش شما با کدرهگیری [RANDOM_NUMBER] لغو گردید. امیدواریم در انجام خدمات بعدی در کنارتان باشیم. آچاره : [RANDOM_NUMBER]","ham"
"دریافت جدیدترین نواهای پیشواز محرم باارسال کد به[RANDOM_NUMBER] زینب زینب,رزاقی[RANDOM_NUMBER] جوانیم به سر رفت,رزاقی[RANDOM_NUMBER] اباصالح التماس دعا,رزاقی[RANDOM_NUMBER]","spam"
"""[RANDOM_NUMBER]ترفند برای روزهای افت بازار"" را در لینک زیر بخوانید [LINK_REMOVED] کارگزاری مفید","spam"
"گشتیم نبود نگرد نیست! اگر هتل رو ارزونتر از اسنپ تریپ پیدا کردی مابه التفاوت + [RANDOM_NUMBER]% تخفیف بیشتر بگیر. اطلاعات بیشتر: [LINK_REMOVED]","spam"
"هستش فعلا","ham"
"تنها یک هفته تا پایان قرعه کشی رانی باقیست [LINK_REMOVED]","spam"
"گلم جریمه نشی ساعت[RANDOM_NUMBER]به بعد منع تردده","ham"
"کلینیک فوق تخصصی ناب دکتر ذاکری زمان حضور شما چهارشنبه عصر جهت تایید, کد [RANDOM_NUMBER] را تا [RANDOM_NUMBER] صبح پیامک کنید","ham"
"پالایش نفت جی, ایران خودرو, بانک گردشگری, اسنوا, آپ, دیجی کالا, پاک, کویر موتور و سن ایچ بخشی از [RANDOM_NUMBER] سازمان متقاضی استخدام از طریق پنجمین آزمون استخدام بخش خصوصی ثبت نام تا فردا در [LINK_REMOVED]","spam"
"مشترک گرامی شماره [MASKED_NUMBER] با توجه به اینکه کارکرد خط شما به آستانه سقف قطع میان دوره رسیده است, جهت جلوگیری از محدودیت یکطرفه, نسبت به پرداخت بدهی به روز خود اقدام نمایید. قابل پرداخت [RANDOM_NUMBER] ریال شناسه قبض [RANDOM_NUMBER] شناسه پرداخت [RANDOM_NUMBER] پرداخت از طریق [USSD_REMOVED], [USSD_REMOVED], اپلیکیشن همراه من, تلفن گویای *[RANDOM_NUMBER] و [RANDOM_NUMBER] همراه اول","ham"
"الان یکی از دوست هام زنگ زد گفت از ساعت [RANDOM_NUMBER] تا [RANDOM_NUMBER] اینترنت رو از برق می کشن","ham"
"چع کسی?","ham"
"دست شما رو می بوسه","ham"
"خوش بگذره مامی جان","ham"
"مشترک مورد نظر برنده شد! همراه اولی عزیز, برای تماشای مراسم قرعه کشی [RANDOM_NUMBER] جایزه [RANDOM_NUMBER] میلیون تومانی مردادماه, از طریق لینک های زیر وارد کانال و سایت رسمی همراه اول شوید. [LINK_REMOVED] [LINK_REMOVED] امیدواریم شما یکی از برندگان این ماه باشید.","spam"
"سلام عزیزم مرسی انجام دادم قربون تو","ham"
"سلام خوبی? [NAME] اومده اینجا متاسفانه چون میونتون خوب نیست مجبوریم بندازیمش یک روز دیگرببخشید","ham"
"بانک سامان مشتری گرامی قوانین صدور و دریافت چک در سال [RANDOM_NUMBER] تغییر خواهد کرد. لطفا برای آگاهی کامل از روال قانونی صدور, ثبت و انتقال چکهای جدید به لینک زیر مراجعه کنید. [LINK_REMOVED] راهنما:","spam"
"سلام و درود بر مهندس [NAME] نظر پزشکی: شما در عین حال که سعی میکنی چیزی اونجا گیر نکنه ینی نخ دندونت رو استفاده میکنی سعی کن این کار رو اگرسیو انجام ندی و لثه رو دستکاری نکنید زیاد و در همین حین روزی دو وعده کلر هگزیدین [RANDOM_NUMBER] درصد یا همون دهان شویه مصرف کنید تا بهبود پیدا کنید","ham"
"سلام خبر دارید مسابقه هشتگ مدیا و احمد رضا عابدزاده شروع شده و جایزه [RANDOM_NUMBER] میلیون تومانی [RANDOM_NUMBER] روز دیگه قرعه کشی میشه ,برای شرکت تو مسابقه به صفحه هشتگ مدیا در اینستاگرام برید. [ENGLISH]","spam"
"[RANDOM_NUMBER]٪ تخفیف اختصاصی برای شما تمام کتاب های داستان و رمان فیدیبو تا سقف [RANDOM_NUMBER] هزار تومان راهنما [LINK_REMOVED] لغو[RANDOM_NUMBER]","spam"
"بازنشسته گرامی بر اساس تفاهم نامه منعقده با بیمه ملت, میتوانید با مراجعه به نمایندگی های این شرکت, بیمه های خودرو, آتش سوزی و عمر و حادثه را با تخفیف و بدون پیش پرداخت,در اقساط [RANDOM_NUMBER] ماهه خریداری کنید. اطلاعات بیشتر: شماره [MASKED_NUMBER] یا سایت [LINK_REMOVED] صندوق بازنشستگی کشوری","spam"
"باشه من گفتم بیان اونجا بگیرن ازت ممنون","ham"
"سلام به اطلاع میرساند خرمای تازه و ارده ناب برازجان رسید.خرما در دوقیمت [RANDOM_NUMBER]هزار و[RANDOM_NUMBER]هزارتومان قیمت ارده [RANDOM_NUMBER]هزارتومان در ظروف [RANDOM_NUMBER]و[RANDOM_NUMBER]هزار تومانی موجود است تلفن [MASKED_NUMBER]","spam"
"من یه نیم ساعت دیگه به دنیای متمدن با اینترنت بر می گردم, لطفا نیم ساعت جای من آنلاین باش","ham"
"مشترک گرامی فاکتور [RANDOM_NUMBER] پرداخت و در سیستم ثبت گردید. حسابداری-میهن وب هاست","ham"
"مشترک گرامی بسته اینترنت هدیه [RANDOM_NUMBER] روزه [RANDOM_NUMBER] گیگابایتی ویژه استفاده در ذره بین, امروز [DATE] برای شما آماده فعال سازی است. در صورتی که هنوز موفق به دریافت آن نشده اید, از طریق لینک زیر [RANDOM_NUMBER] گیگ اینترنت هدیه سه ماهه(هر ماه [RANDOM_NUMBER] گیگ) ویژه ذره بین را دریافت کنید. دریافت و فعال سازی رایگان: [LINK_REMOVED] پخش زنده نبرد حیثیتی ایران و عربستان در لیگ قهرمانان آسیا با اینترنت رایگان همراه اولی استقلال ایران - الهلال عربستان ساعت [TIME] پخش در وبگرد ذره بین ذره بین؛ تجربه متفاوت وبگردی","spam"
"تپسی [ENGLISH]: [RANDOM_NUMBER]","ham"
"جزیره هوشمند ایرانسل, پر از شگفتی! با خرید بسته های ساعتی اینترنت و مکالمه, از تخفیف های شگفت انگیز و اختصاصی برخوردار شوید. اینترنت: [USSD_REMOVED] مکالمه: [USSD_REMOVED]","spam"
"بدون کلاس مدرک سیکل تا ارشد بگیر [RANDOM_NUMBER] بدون محدودیت سن در تهران","spam"
"ماشین ما هست فقط من برم یه دوش بگیرم میام دنبالت یه ربع به [RANDOM_NUMBER] خوبه ?","ham"
"تخفیف چهل درصدی ویژه مشتریان گروه سهم آشنا در وبینار استراتژی های سرمایه گذاری (با نگاه ویژه به انتخابات امریکا) پنج تحلیل مختلف با موضوعات (اقتصاد کلان, بورس, طلا, مسکن و انتخابات آمریکا) زمان پنجشنبه [RANDOM_NUMBER] آبان ساعت [RANDOM_NUMBER] الی [RANDOM_NUMBER] کد تخفیف: [ENGLISH] [MASKED_NUMBER] [LINK_REMOVED]","spam"
"[NAME] عزیز امروز ‎[RANDOM_NUMBER].[RANDOM_NUMBER]‏ تخفیف های امروز هم ویژه تره!! فرصت خرید لوازم جانبی دیجیتال بیشترین تخفیف ها رو از دست نده. همین حالا یه سبد پر تخفیف برای خودت جمع کن. بزن بریم. [LINK_REMOVED]","spam"
"بپرسم میگمت فعلا خوابه","ham"
"فروش کولرگازی/لوازم خانگی ارسال رایگان [MASKED_NUMBER] [MASKED_NUMBER] یزدانی","spam"
"تبریک! [RANDOM_NUMBER] پیامک ایرانسلی رایگان برای امروز به شما تعلق گرفت. اطلاع از حساب : [USSD_REMOVED]","spam"
"مشتری محترم تیپاکس , سلام بسته شما با کد رهگیری [RANDOM_NUMBER] به تعداد [RANDOM_NUMBER] فقره از مبدا تهران به مقصد شیراز ارسال شد. ارزش ثبت شده : [RANDOM_NUMBER]ریال (این ارزش معادل سقف هزینه جبران خسارت است) هزینه ارسال : [RANDOM_NUMBER] ریال نوع پرداخت : پس کرایه (در مقصد) کد احراز: [RANDOM_NUMBER] رهگیری درسایت تیپاکس [LINK_REMOVED]","ham"
"وقتی کلاس تو تمام شود","ham"
"اون ها اگر با اتوبوس دارن میان [RANDOM_NUMBER] ساعت استعلاجی لازم دارن خسته ن, حالا این هفته برنامه می کنیم.","ham"
"بانک صادرات کارت:[RANDOM_NUMBER] رمزدوم:[RANDOM_NUMBER] اعتبارتا:[TIME]","ham"
"کد بازیابی حساب کاربری شما : [RANDOM_NUMBER] [LINK_REMOVED]","ham"
"حلهههه منتظریم","ham"
"اون دوستت [RANDOM_NUMBER]ی","ham"
"تبریک! مکالمه نامحدود ایرانسلی رایگان برای امروز به شما تعلق گرفت، اطلاع از حساب: [USSD_REMOVED]","spam"
"تخفیف رمضان تا[RANDOM_NUMBER]% نساجی بروجرد تا[RANDOM_NUMBER] اردیبهشت یخ فردوس شرق-جنب فرهنگسرا","spam"
"کنکوری [RANDOM_NUMBER]: ""پزشکی,دندان, غیریزشکی"" از[RANDOM_NUMBER] تا [RANDOM_NUMBER]میلیون =قراردادتضمینی =گارانتی بیمه [RANDOM_NUMBER] [RANDOM_NUMBER]","spam"
"رو گوشی با همون تروجان, بعضی از کانفیگ هاش کار میکنه. داداشم رو سیستم با تور میره. [ENGLISH]. اما میگه کنده","ham"
"هموطن عزیز: به عشق حضرت رقیه(س) با هر توان مالی در تهیه؛ تبلت آموزشی, لوازم تحریر و لباس گرم دختران دانش آموز معلول مناطق محروم کشور سهیم شوید. شما می توانید هدایا و نذورات خود به شماره کارت: [RANDOM_NUMBER] بنام مجموعه امام صادق (ع) واریز کنید.","spam"
"زنده باشی و سلامت و سر بلند حالا خودم جبران زحمت مینمایم عزیز خاله","ham"
"ارادتمندم","ham"
"دانشجوی محترم هرگونه اسکان دانشجویان غیربالینی درخوابگاه های دانشجویی تا اعلام ستاد مبارزه باکرونا تحت هیچ شرایطی انجام نخواهد شد.لذا مواکداً اعلام می گردد ازهرگونه مراجعه به خوابگاه ها خودداری فرمایید. زمان بازگشایی خوابگاهها ازسامانه دانشجو اطلاع رسانی می گردد.","ham"
"اتاقکی ها به دیجی کالا سر بزنید! [RANDOM_NUMBER]هزارتومان تخفیف ازسوپرمارکت,برای خرید بیش از [RANDOM_NUMBER]هزارتومان تا[RANDOM_NUMBER]آبان کد: [ENGLISH][ENGLISH][ENGLISH][ENGLISH] [LINK_REMOVED]","spam"
"مشترک گرامی با توجه به عدم واریز هزینه ، سرویس [LINK_REMOVED] بزودی لغو خواهد شد لطفاً در صورت تمایل سرویس را تمدید نمایید - میهن وب هاست.","ham"
"موز هم داریم","ham"
"من که هر جا زنگ زدم موفق نشدم","ham"
"با یه هزاری ماشین ببر! با خرید شارژ در قرعه کشی خودروی لاکچری ام وی ام [ENGLISH][RANDOM_NUMBER] باش. خرید شارژ از: [USSD_REMOVED]","spam"
"یه پیشواز شخصی با صدا و سلیقه خودت بساز! [RANDOM_NUMBER]ساعت اشتراک رایگان ضبط وآپلود صدا,برش آهنگ در پیشواز هوشمند: [LINK_REMOVED]","spam"
"حتی اون سایتی که گفتی واسم باز نشد که اینو بگیرم ازش","ham"
"از قرعه کشی پژو[RANDOM_NUMBER] جانمونی فقط امروز با خرید یک شارژ یا بسته از[USSD_REMOVED] علاوه بر امتیاز خریدت [RANDOM_NUMBER]شانس هم هدیه بگیر یکبار,ویژه خط شما","spam"
"دعوت به همکاری جهت شوراهای حل اختلاف, داوری و میانجی گری نشانی جهت ثبت نام: [LINK_REMOVED] و [ENGLISH].[LINK_REMOVED] تا [RANDOM_NUMBER] آذر ماه [RANDOM_NUMBER]","spam"
"مشترک گرامی بن کالای شماثبت شدجهت دریافت تماس حاصل فرمایی [MASKED_NUMBER]","ham"
"آره بریم, خانه هنر همان خانه هنر سمت ارم هست?","ham"
"هایپراستار[DATE]~[DATE] چرخکرده مخلوط[RANDOM_NUMBER]گ[RANDOM_NUMBER]ت زرماکارون [RANDOM_NUMBER],[RANDOM_NUMBER]گ[RANDOM_NUMBER]ت کاله پنیرخامه ای ویلی[RANDOM_NUMBER]گ[RANDOM_NUMBER]ت برازنده پنیرپیتزا[RANDOM_NUMBER]%ت","spam"
"چشم حتما","ham"
"دانشگاه فرهنگ,هنرلیسانس[RANDOM_NUMBER]ترم-کاربردی-شهریه کم سینماموسیقی-معماری رزرو=[RANDOM_NUMBER]","spam"
"من اومدم [NAME] استادم رو ببینم, از اون راه می خوای بری خونه?","ham"
"[RANDOM_NUMBER]تومان تخفیف تپسی [RANDOM_NUMBER]تخفیف [RANDOM_NUMBER]درصدی تا سقف [RANDOM_NUMBER]تومان و [RANDOM_NUMBER]تخفیف [RANDOM_NUMBER]درصدی تا سقف [RANDOM_NUMBER]تومان برایتان فعال شد مهلت:تا [RANDOM_NUMBER] آذر [LINK_REMOVED]","spam"
"مشترک گرامی [NAME] سلام, وقت بخیر از اعتبار سرویس اینترنت با نام کاربری [RANDOM_NUMBER] فقط [RANDOM_NUMBER] روز باقی مانده است؛ لطفا جهت تمدید اشتراک از طریق لینک زیر اقدام نمایید: [ENGLISH].[ENGLISH].[ENGLISH] تلفن:[RANDOM_NUMBER]","ham"
"مشتری گرامی؛ بدون مراجعه به شعبه اینترنت بانک اقتصادنوین را فعال کنید و از خدمات آن بهره مند شوید. [LINK_REMOVED]","spam"
"از فیدیبو هدیه بگیر! با کد [ENGLISH][RANDOM_NUMBER] یک کتاب با [RANDOM_NUMBER]% تخفیف به انتخاب خودت از لیست زیر هدیه بگیر: [LINK_REMOVED] تا [RANDOM_NUMBER] ساعت لغو[RANDOM_NUMBER]","spam"
"دروازه قران هستیم","ham"
"سلام [NAME] نازنینم سال نو مبارک امیدوارم سال پیش رو برایت پر باشد از سلامتی و دلخوشی و سربلندی در کنار عزیزانت","ham"
"رمز عبور در سامانه رایتل من : ""[RANDOM_NUMBER]""","ham"
"اسنپ! از طرف [NAME] [MASKED_NUMBER] , تقریباً [RANDOM_NUMBER] دقیقه دیگر میرسد. راننده: رضا دیالمه [MASKED_NUMBER] تندر [RANDOM_NUMBER] سفید ایران [RANDOM_NUMBER] - [RANDOM_NUMBER] ق [RANDOM_NUMBER] هزینه سفر پرداخت شده است. پیگیری سفر [LINK_REMOVED]","spam"
"زون[RANDOM_NUMBER] با سیم(آشپزخانه) تحریک شده است.","ham"
"مشترک گرامی, با فعال نمودن بسته های تخفیف مکالمه, از [RANDOM_NUMBER]% تا [RANDOM_NUMBER]% تخفیف در هر دقیقه مکالمه بهرمند شوید.با شماره گیری [USSD_REMOVED]","spam"
"[RANDOM_NUMBER]تومان تخفیف تپسی [RANDOM_NUMBER]تخفیف [RANDOM_NUMBER]درصدی تا سقف [RANDOM_NUMBER]تومان و [RANDOM_NUMBER]تخفیف [RANDOM_NUMBER]درصدی تا سقف [RANDOM_NUMBER]تومان برایتان فعال شد مهلت استفاده[RANDOM_NUMBER]آبان [LINK_REMOVED]","spam"
"آهنگ مورد علاقه ات رو بدون محدودیت دانلود کن فقط در آوای «ذره بین» کامل ترین مرجع شنیدن و دانلود آهنگ , پادکست , کتاب صوتی و مداحی همین حالا «ذره بین» رو نصب کن: [LINK_REMOVED]","ham"
"[NAME] عزیز, تا [RANDOM_NUMBER]% تخفیف ویژه یلدای لوازم خانگی, دیجیتال, آرایشی و مد با اسنپ پی! هر سه ساعت از فروشگاه های مختلف تخفیف بگیر و در [RANDOM_NUMBER] قسط بدون کارمزد پرداخت کن. [LINK_REMOVED]","spam"
"مشترک گرامی [MASKED_NUMBER], در حال حاضر اینترنت شما آزاد محاسبه می شود. با خرید بسته های اینترنت ویژه خود, در هزینه ها صرفه چویی کنید: [USSD_REMOVED]","ham"
"[NAME] عزیز پرسشنامه زیر جهت بررسی آخرین سفارش شما از آچاره می باشد, با نظرات خود کمک به بهبود خدمات ما نمایید. شروع کنید: [LINK_REMOVED]","spam"
"منم راه افتادم","ham"
"اوانو؛ نصبش تموم شه, جایزه هاش شروع میشه لینک نصب رایگان: [LINK_REMOVED] دریافت هدیه نقدی در هر تراکنش, بدون قرعه کشی شرکت در قرعه کشی سکه بهار آزادی با انجام تراکنش در ""اوانو"" شرکت در قرعه کشی هفتگی [RANDOM_NUMBER] میلیون تومان, با نصب همزمان ""همراه من"" و ""اوانو"" جوایز و طرح های تشویقی دوره ای","spam"
"هایپراستار[RANDOM_NUMBER]~[DATE] سیب زمینی کیلویی [RANDOM_NUMBER]ت هراز پنیر فتا [RANDOM_NUMBER] گرمی [RANDOM_NUMBER]ت","spam"
"تا یک ساعت دیگه میام","ham"
"بانک سامان [NAME] امتیاز سامانی شما در باشگاه مشتریان بانک سامان, سامانیوم, [RANDOM_NUMBER] سامانی است. برای استفاده از بسته های رایگان (اسنپ, شارژ تلفن همراه, فیلیمو و....) و شرکت در قرعه کشی روزانه شانسی به سامانیوم مراجعه کنید. مسیر خرید: موبایلت> گزینه پروفایل> سامانیوم مهلت استفاده از امتیاز: پایان اسفندماه [RANDOM_NUMBER]","spam"
"خودت سالمی?","ham"
"پخش زنده مراسم دعای عرفه از حرم حضرت عبدالعظیم حسنی(ع) در آیگپ ساعت:[RANDOM_NUMBER] لینک: [LINK_REMOVED]","spam"
"مرسی","ham"
"<#> کد شما: [RANDOM_NUMBER] آیگپ؛ همراه هر روز من [ENGLISH][ENGLISH][ENGLISH]","ham"
"هم وطن عزیز با آرزوی تندرستی و شادکامی؛ متاسفانه اوج گیری خیز چهارم کرونا در سراسر کشور قطعی است. تعداد مبتلایان در اکتر تقاط کشور حفظ سلامت و جان خود و خانواده، لطفا به سیزده بدر نروید، خارج از منزل دورهمی های خانوادگی، مراسم عروسی و سوگواری و محیط های پر جمعیت پرهیز کنید.","ham"
"مشتری گرامی؛ [RANDOM_NUMBER] امتیاز تشویقی بابت اولین ورود به باشگاه مشتریان بانک ایران زمین دریافت کردید [LINK_REMOVED]","ham"
"مشتری گرامی بانک سپه تراکنشهای کارتی بالای یک میلیون ریال از شنبه مورخ [DATE], صرفا با رمز پویا قابل انجام است. رمز پویا را از رمزساز, کد دستوری [USSD_REMOVED] یا پیامک به شماره [RANDOM_NUMBER] دریافت نمایید.","ham"
"سلام با توجه به کندی اینترنت, مصاحبه ها به زمان دیگه ای موکول میشن","ham"
"ساعت [RANDOM_NUMBER]/ [RANDOM_NUMBER]ونیم?","ham"
"مشتری محترم تیپاکس , سلام بسته شما با کد رهگیری [RANDOM_NUMBER] به تعداد [RANDOM_NUMBER] فقره تحویل شد. هزینه ارسال : [RANDOM_NUMBER] ریال نوع پرداخت : پس کرایه (در مقصد) از خدمتی که دریافت کردید, راضی بودید? درنظرسنجی ما شرکت کنید و برنده قرعه کشی باشید [LINK_REMOVED]","ham"
"سال نو مبارک امیدوارم در سال پیش رو به تمام آرزوهات برسی خاله جان","ham"
"[NAME] عزیز سفارش شما با کد [RANDOM_NUMBER] ثبت شد. آچاره: [RANDOM_NUMBER]","ham"
"اگه هوا رو ببینی","ham"
"*صندوق بازنشستگی کشوری* بازنشسته گرامی, فرصت ثبت نام و یا تغییر وضعیت بیمه تکمیلی درمان, تنها تا پایان خرداد ماه می باشد و شما می توانید در فرصت باقیمانده با مراجعه به [LINK_REMOVED] نسبت به ثبت درخواست خود اقدام فرمایید. تلفن راهنمایی : [MASKED_NUMBER]","spam"
"من تا یه تاریخ نامشخصی هر روز کارم این می شه که برم مرکز اسناد زبان بخونم و مقاله بنویسم","ham"
"کد تایید تلفن همراه شما [RANDOM_NUMBER] می باشد. [LINK_REMOVED] لغو ارسال پیامک: [ENGLISH]-[RANDOM_NUMBER]","ham"
"هایپراستار[RANDOM_NUMBER]~[DATE] شلیل قرمز[RANDOM_NUMBER]ک[RANDOM_NUMBER]ت تلویزیون""[RANDOM_NUMBER] هوشمند [RANDOM_NUMBER][ENGLISH]ت","spam"
"«[RANDOM_NUMBER] جایزه [RANDOM_NUMBER] میلیون تومانی» باشگاه مشتریان همراه اول تا [RANDOM_NUMBER] آبان ماه, امتیازاتت رو به شانس قرعه کشی تبدیل کن. مراجعه به بخش «سرگرمی» باشگاه در سامانه همراه من [LINK_REMOVED]","spam"
"اها خب حالا اگه احیانا گذرت به آشناتون خورد, بهش بگو من یه مقداری دلار میخوام در حد [RANDOM_NUMBER] تا خلاصه خبرش رو بهم بده ارزون حساب کنه مشتری شیم :))","ham"
"سلام [NAME] جان زنگ زدم خدمتتون تسلیت بگم از طرف من به اقای [NAME] تسلیت بگید","ham"
"من یکشنبه پادکانم","ham"
"باخرید [RANDOM_NUMBER]هزارتومان شارژاز[USSD_REMOVED] ""درلحظه بدون قرعه کشی"" [RANDOM_NUMBER]هزارتومان شارژهدیه بگیر ویژه سیمکارت اعتباری شما، یکباروتاساعت[RANDOM_NUMBER] [USSD_REMOVED]","spam"
"شناسه مرسوله : [RANDOM_NUMBER] هزینه خدمت: [RANDOM_NUMBER]ریال بنا بر اظهار فرستنده, مرسوله فاقد وجه نقد, اوراق بهادار و اشیا قیمتی می باشد اطلاعات تکمیلی: [LINK_REMOVED]","ham"
"[RANDOM_NUMBER] هزار تومان تخفیف مشاوره ی پزشکی و روانشناسی, دریافت نسخه ی آنلاین و ارسال دارو با اسنپ! کد: [ENGLISH][RANDOM_NUMBER] اعتبار: تا [RANDOM_NUMBER] شهریور کافی است در سوپراپلیکیشن اسنپ, «پزشک و مشاور» را انتخاب کنید. [LINK_REMOVED]","spam"
"سلام وقت بخیر جهت مصاحبه حضوری فردا ساعت [RANDOM_NUMBER] به آدرس زیر مراجعه نمایید. میدان صنایع جنب صنایع الکترونیک شیراز پردیس شرکتهای دانش بنیان ,طبقه هفتم واحد [RANDOM_NUMBER] شرکت کیمیا صنعت موفق باشید [ENGLISH] [RANDOM_NUMBER] [RANDOM_NUMBER] [TIME] [ENGLISH]","ham"
"هموطن گرامی؛ شما علیرغم تاکیدات مکرر مبنی بر عدم انجام سفر با هدف کاهش زنجیره انتقال بیماری کروناء به سفر رفته اید. ضروری است ضمن تسریع در برنامه ریزی بازگشت از سفر با مراجعه به سامانه [LINK_REMOVED] نسبت به خودارزیابی اقدام نمایید. کمیته اچتماعی و انتظامی ستاد ملی مدیریت بیماری کرونا","ham"
"سلام محصولی جدید باکیفیت بالا تماس لطفا آقایان [MASKED_NUMBER] [MASKED_NUMBER]","spam"
"پیش از انجام معاملات ملکی با مراجعه به دفتر اسناد رسمی و ارائه پلاک ثبتی, از آخرین مالک, وضعیت توقیفی و ممنوع المعامله نبودن مالک و... اطمینان حاصل نمایید. معاونت اجتماعی و پیشگیری از جرم قوه قضاییه","ham"
"سالم باشی","ham"
"بانک صادرات کارمزد:[RANDOM_NUMBER]- حساب:[RANDOM_NUMBER] مانده:[RANDOM_NUMBER] [RANDOM_NUMBER]-[TIME]","ham"
"قرعه کشی یک آیفون [RANDOM_NUMBER] فقط تا فردا فرصت دارید! با خرید بسته امتیاز کسب کنید و با ارسال عدد [RANDOM_NUMBER] به [RANDOM_NUMBER] در قرعه کشی شرکت کنید. هر [RANDOM_NUMBER] هزار تومان [RANDOM_NUMBER] امتیاز [LINK_REMOVED]","spam"
"سلام [NAME] عزیز از اتاقک عیدیتو گرفتی؟ بیش از [RANDOM_NUMBER] میلیون تومان هدیه غیرنقدی در بازی سفر به وقتش [LINK_REMOVED]","spam"
"رفاه اهواز عرضه گوشت گرم گوسفندی باقیمت استثنائی[RANDOM_NUMBER]ت فقط امروز لغو[RANDOM_NUMBER]","spam"
"در اختیار قرار دادن و فروش مواد دخانی مانند سیگار, تنباکو و قلیان به کودکان و نوجوانان زیر [RANDOM_NUMBER] سال ممنوع است و مرتکب, مطابق قانون مجازات خواهد شد. معاونت اجتماعی و پیشگیری از وقوع جرم قوه قضاییه","ham"
"[RANDOM_NUMBER]تومان تخفیف اسنپ برای [RANDOM_NUMBER] سفر در [RANDOM_NUMBER] سفر بعدی [RANDOM_NUMBER]٪ تخفیف (تا سقف [RANDOM_NUMBER]هزار تومان) و در [RANDOM_NUMBER]سفر بعدی تخفیف بیشتر؛ هر بار [RANDOM_NUMBER]٪ (تا سقف [RANDOM_NUMBER]هزار تومان) بگیرید. فقط کافیه در [RANDOM_NUMBER] سفر بعدی خود با اسنپ، هربار از کد زیر استفاده کنید. کد تخفیف: [ENGLISH]-[RANDOM_NUMBER] اعتبار تا [RANDOM_NUMBER] مهر [LINK_REMOVED]","spam"
"از همین کاناله می گیری? [ENGLISH]","ham"
"نزدیک [RANDOM_NUMBER] میلیون هزینه اش هست","ham"
"جوایزهفتگی [USSD_REMOVED] [RANDOM_NUMBER]بسته اینترنت [RANDOM_NUMBER] گیگ برای [RANDOM_NUMBER]نفر [LINK_REMOVED]","spam"
"سلام خوبید خوشید قرار شد بریم ساحل یانه?","ham"
"به به امشب ساعت [RANDOM_NUMBER] صبح فردا می رسم","ham"
"مشتری گرامی, با توجه به بروزرسانی نرم افزار همراه بانک دی, خواهشمند است نسبت به نصب نسخه جدید از طریق لینک زیر اقدام فرمائید. [LINK_REMOVED] روابط عمومی بانک دی","ham"
"مشترک گرامی اعتبار شما کمتر از [RANDOM_NUMBER] ریال می باشد. خرید راحت و به صرفه از درگاههای مستقیم همراه اول: [USSD_REMOVED] و سامانه [ENGLISH].[LINK_REMOVED]","ham"
"اورژانسیه.خودش جواب نداد به دوستاش بگین من شماره کسیو ندارم دیگه","ham"
"مهارت برنامه نویسی داری?!!! «چکاوا»؛ بزرگترین چالش کدنویسی آنلاین کشور در واحد الکترونیکی دانشگاه آزاد اسلامی ثبت نام مسابقه از امروز تا [RANDOM_NUMBER] اسفند. به همراه جوایز ارزنده نقدی و غیرنقدی [LINK_REMOVED] [LINK_REMOVED] [LINK_REMOVED]","spam"
"بام گلستان خوبه مثلا واسه قدم زدن","ham"
"اومدم. اومدم. کدامین سمت بیام?! اسکایپ ?","ham"
"چه کاریه خب?","ham"
"آواهای انتظار پرطرفدار روز: فعالسازی با ارسال کد آوا به[RANDOM_NUMBER] [RANDOM_NUMBER]دلخوشی(رضا صادقی) [RANDOM_NUMBER]هر روز هرشب(آرش و مسیح) [RANDOM_NUMBER]یارتویی(امیر عظیمی) [RANDOM_NUMBER]کوچمون(احسان دریادل) [RANDOM_NUMBER]سرسری(سینا درخشنده) [RANDOM_NUMBER]پرسه(حامد همایون) هزینه ماهیانه [RANDOM_NUMBER] تومان","spam"
"من اومدم پارک نبودید دارم بر میگردم","ham"
"اگر قبول کرد حتما بهت اطلاع میدم","ham"
"چندی","ham"
"استانبول[RANDOM_NUMBER] آنتالیا[RANDOM_NUMBER] دبی اقامت امارات کیش[RANDOM_NUMBER]مشهد[RANDOM_NUMBER] [MASKED_NUMBER]","spam"
"خاله سلام رفتن بشورن مستقیم می برن گناوه","ham"
"[ENGLISH] [ENGLISH] [ENGLISH] [ENGLISH] شعب [LINK_REMOVED] [LINK_REMOVED]","spam"
"برای ثبت نام و دریافت کارت خود تماس بگیرید کد[RANDOM_NUMBER][MASKED_NUMBER]","spam"
"سرچ می کنم چیزی پیدا نمی شه:) شماره مدیرعامل ش رو داشتم, بگردم ببینم پیداش می کنم, اسمش یادم نیست","ham"
"سلام [NAME] برسم خونه بگید شماره کارت برام بفرستین","ham"
"این یک تست هست که ببینیم پیامک من به استاد رسیده یا نه اگر رسیده بگید بله","ham"
"کارگزاری بانک سامان‎ [DATE] خرید [RANDOM_NUMBER] سپید[RANDOM_NUMBER] [RANDOM_NUMBER]‎ مانده: [RANDOM_NUMBER]‎","ham"
"[NAME] عزیز, قسطی ساعت هوشمند بگیر, [RANDOM_NUMBER] هزار تومان تخفیف یلدایی از اسنپ پی بگیر! هر سه ساعت از فروشگاه های مختلف تخفیف های جدید بگیر و در [RANDOM_NUMBER] قسط بدون کارمزد پرداخت کن. [LINK_REMOVED]","spam"
"در تصادفات رانندگی مصدوم را رها نکنید, تا مشمول تخفیف مجازات شوید. چنانچه با وجود امکان رساندن مصدوم به مراکز درمانی یا کمک گرفتن از مامورین انتظامی, از این کار خودداری و محل حادثه را ترک کنید, به مجازات شدیدتری محکوم می شوید. کسب اطلاعات بیشتر: [LINK_REMOVED] معاونت اجتماعی و پیشگیری از وقوع جرم قوه قضاییه","ham"
"نوبت دات آی آر کد ورود [RANDOM_NUMBER]","ham"
"دلار هم احتمالا همین بازیه","ham"
"بازاربزرگ فرش کمترین بها بهترین ضمانت نقدواقساط ویژه مس سرچشمه[RANDOM_NUMBER]","spam"
"آره بابا اذیت میشی اسنپ سه سوت میارتم.فقط میشه لوکیشن واسم بفرستی","ham"
"تقویت حافظه یادگیری سریع تمرکز دریافت رایگان فیلم معارفه ارسال عدد [RANDOM_NUMBER]","spam"
"کاربر گرامی اپلیکیشن همراه من برای شرکت در قرعه کشی [RANDOM_NUMBER] میلیون تومانی هر هفته, ضروریست از طریق لینک زیر اپلیکیشن اوانو را نیز نصب نموده و با همین شماره در آن ثبت نام نمایید. [LINK_REMOVED] به امید اینکه شما یکی از برندگان این هفته باشید","spam"
"[ENGLISH]:[RANDOM_NUMBER] کد تایید پلیس من [ENGLISH][ENGLISH]","ham"
"«همه حاضر» پویش ملی تأمین نوشت افزار دانش آموزان مناطق کم برخوردار همه حاضریم تا همه دانش آموزان ایران سر کلاس حاضر شوند! اطلاعات بیشتر در [LINK_REMOVED] آیدی کانال در سامانه شاد: [ENGLISH]","spam"
"مشترک گرامی مهلت زمانی بسته اینترنت [RANDOM_NUMBER] روزه, [RANDOM_NUMBER] گیگابایت بین الملل + [RANDOM_NUMBER] گیگابایت داخلی شما به پایان رسید و بسته آلفا+ سی روزه [RANDOM_NUMBER]گیگابایت + [RANDOM_NUMBER] مگابایت هدیه صبحانت([RANDOM_NUMBER] صبح تا [RANDOM_NUMBER] ظهر), با [RANDOM_NUMBER] درصد تخفیف در استفاده از سایت های داخلی منتخب, فعال شده و تا ساعت [TIME] تاریخ [DATE] معتبر است. با پایان حجم یا مهلت زمانی, این بسته به صورت خودکار تمدید خواهد شد. برای اطلاع از وضعیت بسته, کد [USSD_REMOVED] و جهت لغو تمدید خودکار, کد [USSD_REMOVED] را شماره گیری فرمایید.","ham"
"اولین فروش ویژه [RANDOM_NUMBER] افق کوروش [RANDOM_NUMBER]تا[RANDOM_NUMBER]فروردین انواع پوشک بچه مای بیبی(سایز[RANDOM_NUMBER]تا[RANDOM_NUMBER])[RANDOM_NUMBER]ت انواع شربت شیشه شادلی[RANDOM_NUMBER]ت نوشابه[RANDOM_NUMBER]ل کوکا[RANDOM_NUMBER]ت اسپاگتی[RANDOM_NUMBER]رشته[RANDOM_NUMBER]گ رشد[RANDOM_NUMBER]ت کلی تخفیف جذاب: [LINK_REMOVED]/[RANDOM_NUMBER]","spam"
"سالن نانا یوسف آباد %[RANDOM_NUMBER]تخفیف کاشت و کاور ناخن به مدت[RANDOM_NUMBER]روز [MASKED_NUMBER]","spam"
"کجایی گوشی بر نمیداری","ham"
"تاثیر رها سازی آب سد کرخه در وضعیت کشاورزی و دامداری شما چه حد بوده است؟ [RANDOM_NUMBER]. زیاد [RANDOM_NUMBER]. متوسط [RANDOM_NUMBER]. کم [RANDOM_NUMBER]. تاصیری نداشته [RANDOM_NUMBER].کشاورز و دامدار نیستم عدد پاسخ منظر خود را به شماره [RANDOM_NUMBER] ارسال نمایید/ بازرسی ستاد بحران آب خوزستان","ham"
"اره حق هم داری یکمی کارشون مسخره بازی هست گوساله ها!!!","ham"
"مفتخریم با حضور گرمتان در عضویت خانواده مبین خودرو کارشناس شما : خانم [NAME] شماره تماس : [MASKED_NUMBER] آدرس : (شعبه غرب) تهران - بزرگراه ستاری شمال - بلوار میرزابابایی - بعد از ایران زمین شمالی - پلاک [DATE] [LINK_REMOVED]","ham"
"[NAME] عزیز پیشنهاد شگفت انگیز اسنپ فود! [RANDOM_NUMBER] تومان تخفیف برای اولین سفارش از سوپرمارکت ها «ارسال رایگان و سریع» کد تخفیف اختصاصی شما: [ENGLISH][ENGLISH][ENGLISH][ENGLISH] مهلت استفاده: تا [RANDOM_NUMBER] تیر همین حالا سفارش دهید: [LINK_REMOVED]","spam"
"درخواست تسویه حساب شما در سیستم ثبت گردید , نتیجه درخواست به شما اطلاع رسانی می گردد","ham"
"آره موندم شیراز. هنوز [RANDOM_NUMBER] صفحه دیگه کتاب دارم بخونم, اگر زود تموم شد منم میام مهمونی","ham"
"همراه اولی عزیز آیا می دانید با اتمام حجم بسته اینترنت, مصرف شما به صورت آزاد محاسبه و گرانتر می گردد. با شماره گیری [USSD_REMOVED] بسته انتخابی خود را رزرو نمایید.","spam"
"[NAME] جان سلام . لطفا رفتن بچه ها به یزد رو فردا کنسل کن . مشکلی پیش آمده در [NAME] . انشاءالله برای سه شنبه برنامه ریزی بعدی رو انجام میدیم .","ham"
"خرید/فروش فیش حج [MASKED_NUMBER] بازنشستگی در[RANDOM_NUMBER]سالگی [MASKED_NUMBER]","spam"
"اکبرجوجه اصل و با کیفیت رستوران اکبرجوجه ملل [MASKED_NUMBER]","spam"
"السلام علیک یا اباعبدالله الحسین با افتخار, در دو شب اول محرم, بیش از [RANDOM_NUMBER] میلیون بازدید مراسم هیئت های مذهبی در مجموع تماشای آنلاین و آفلاین پلتفرم های روبیکا و آیگپ ثبت شده است. هر شب, پخش زنده بیش از [RANDOM_NUMBER] هیئت مذهبی با اینترنت رایگان همراه اول. روبیکا [LINK_REMOVED] آیگپ [LINK_REMOVED]","spam"
"[RANDOM_NUMBER] تومان تخفیف اسنپ ویژه درخواست خودرو از کد تخفیف زیر در [RANDOM_NUMBER]سفر بعدی خود استفاده کنید و هر بار تخفیف بگیرید. در [RANDOM_NUMBER] سفر اول [RANDOM_NUMBER]٪ تخفیف (تا سقف [RANDOM_NUMBER]تومان) و در [RANDOM_NUMBER] سفر بعدی تخفیف های بیشتر؛ هر بار [RANDOM_NUMBER]٪ تخفیف (تا سقف [RANDOM_NUMBER]تومان) در انتظار شماست کد تخفیف: [ENGLISH]-[RANDOM_NUMBER] اعتبار تا [RANDOM_NUMBER] شهریور [LINK_REMOVED]","spam"
"هرچی بخوای بصرفه هست! کلیک کن وقیمتهارودرافق کوروش مقایسه کن [LINK_REMOVED]/[RANDOM_NUMBER]","spam"
"""اطلاعیه"" هم استانی های شریف استان فارس با سلام با توجه به پیش بینی هواشناسی مبنی بر بارش شدید باران و جاری شدن سیل از سفرهای غیرضرور و توقف در حاشیه رودخانه ها و مسیل ها و جابجایی عشایر کوچ رو و همچنین صعود به ارتفاعات و فعالیت کوهنوردی خودداری و از خود مراقبت فرمایید. «اداره کل مدیریت بحران استان فارس»","ham"
"سلام؛ من امروز شعبه افراد بودم گفتن فرم الف رو نامه کاغذ زدن با پیک فرستادن.","ham"
"با خرید شارژ یا اینترنت برنده پژو [RANDOM_NUMBER] شوید قرعه کشی:عید فطر [USSD_REMOVED]","spam"
"با مِستر بلیط می تونی هر وقت و هر کجا, بلیط سفر دلخواهتو پیدا کنی! [LINK_REMOVED]","spam"
"همراه اولی عزیز شما واجد شرایط دریافت [RANDOM_NUMBER] گیگ اینترنت هدیه سه ماهه(هر ماه [RANDOM_NUMBER] گیگ) مخصوص استفاده در اپلیکیشن ذره بین هستید. برای فعال سازی اینترنت هدیه تیرماه خود, تنها تا پایان روز [DATE] فرصت دارید. نصب و فعال سازی رایگان: [LINK_REMOVED] قسمت آخر سریال “دراکولا” و سریال های “پیش گو”, “هم رفیق”, ""سیاوش"" و هزاران فیلم و سریال دیگر نماوا را در وبگرد ذره بین رایگان تماشا کنید. همچنین در صورت عدم تمایل به دریافت رایگان اخبار, کمپین ها, جوایز و هدایای ذره بین, در قالب یک پیامک رایگان عدد [RANDOM_NUMBER] را به [RANDOM_NUMBER] ارسال نمایید","spam"
"اسنپی عزیز برای بازپرداخت صورتحساب سرویس اعتباری اسنپ به بخش «سرویس اعتباری» در منوی اصلی برنامه اسنپ بروید و دکمه پرداخت صورتحساب را بزنید یا روی لینک زیر کلیک کنید: [LINK_REMOVED] پشتیبانی: [MASKED_NUMBER]","spam"
"آره شاید دستت درد نکنه","ham"
"فوری بهترین موقعیت مسکونی وتجاری لاهیجان-[RANDOM_NUMBER]متر زیرقیمت [MASKED_NUMBER]","spam"
"گفتم می خوام بیام خونه تکونی منو نیورد ویلا","ham"
"[NAME] عزیز, [NAME], هزینه سفر شما با اسنپ! را پرداخت کرد. لطفاً به راننده وجهی پرداخت نکنید","ham"
"سلام وقت بخیر از مطب دکتر [NAME] پیام میدم جهت یادواری نوبت فردا عصر لطفا در صورت نیامدن اطلاع دهید","ham"
"[NAME] عزیز, قسطی هندزفری بلوتوثی بگیر, [RANDOM_NUMBER] هزار تومان تخفیف بگیر! هر سه ساعت از فروشگاه های مختلف تخفیف های جدید بگیر و در [RANDOM_NUMBER] قسط بدون کارمزد پرداخت کن. [LINK_REMOVED]","spam"
"مودی گرامی کدفعالسازی شما: [RANDOM_NUMBER] لطفا کد را برای فعال سازی شماره تلفن همراه خود در سامانه ثبت نام سازمان امور مالیاتی کشور وارد نمایید. مرکز فناوری سازمان امور مالیاتی کشور","ham"
"دود این چه وقت جواب دادن است?","ham"
"شاه چراغ [RANDOM_NUMBER] نفر مردن [RANDOM_NUMBER] نفری هم زخمی شدن!","ham"
"سلام دکتر, سوال پزشکی: من حدود دو هفته پیش نخ دندون می کشیدم یه چیزی گیر کرده بود زیاد تلاش کردم و زدم این لسه رو ترکوندم, هنوز چیز می خورم این درد می کنه, چه کنم? فقط هم وقتی چیزی می ره اون بین فشار میاره درد می کنه, به دما و ضربه و ... دندون ها کاری ندارن.","ham"
"واریز مبلغ [RANDOM_NUMBER].[RANDOM_NUMBER] بین خریداران امروز حتی با یک تراکنش [USSD_REMOVED]","spam"
"بانک سامان خرید آسیاتک مبلغ [RANDOM_NUMBER] ریال رمز [RANDOM_NUMBER] زمان اعتبار رمز [TIME]","ham"
"همین الان از[USSD_REMOVED] ""[RANDOM_NUMBER]هزارتومان""شارژ بخر در لحظه""[RANDOM_NUMBER]هزار تومان""شارژ شو! این هدیه ویژه شخص شماست [فقط یکبار و تا ساعت[RANDOM_NUMBER]] [USSD_REMOVED]","spam"
"با اینترنت [ENGLISH] باید باز بشه ها؛ برای موبایل کل دیتاها رو بستن","ham"
"[RANDOM_NUMBER]تومان تخفیف مشاوره ی پزشکی و روانشناسی, دریافت نسخه ی آنلاین و ارسال دارو با اسنپ کد:[ENGLISH][RANDOM_NUMBER] اعتبار:[RANDOM_NUMBER] مرداد کافیه در سوپراپلیکیشن اسنپ, «پزشک و مشاور» را انتخاب کنید [LINK_REMOVED]","spam"
"فقط[RANDOM_NUMBER]روز با پژو[RANDOM_NUMBER]فاصله داری معطل نکن تافردا یک شارژ یابسته از[USSD_REMOVED]بخر,درجا [RANDOM_NUMBER]امتیازهدیه بگیر وشانستو افزایش بده یکبار,ویژه خط شما","spam"
"هایپراستار[DATE]~[DATE] لپه[RANDOM_NUMBER]ک[RANDOM_NUMBER]ت زراسپاگتی[RANDOM_NUMBER] [RANDOM_NUMBER]گ[RANDOM_NUMBER]%ت شمس ماءالشعیر[RANDOM_NUMBER]%ت","spam"
"مشترک گرامی, ([RANDOM_NUMBER]) هزینه سرویس اینترنت پرسرعت شما با موفقیت پرداخت و ثبت شد. پیوستن شما را به خانواده بزرگ مشتریان شاتل خوش آمد میگوییم. (شماره خط سرویس([RANDOM_NUMBER])) امور مشتریان گروه شرکت های شاتل","ham"
"""فلای تودی"" مرجع ارزانترین قیمت بلیط هواپیما کد تخفیف: [ENGLISH][RANDOM_NUMBER] (معتبر تا پایان بهمن [RANDOM_NUMBER]) [LINK_REMOVED]","spam"
"توربوشارژ [RANDOM_NUMBER]بارشارژ[RANDOM_NUMBER]هزاری بخر بترتیب[RANDOM_NUMBER]،[RANDOM_NUMBER]و[RANDOM_NUMBER]هزارشارژشو تا[TIME] [USSD_REMOVED]","spam"
"""بدون بسته هم می صرفه"" هر گیگ اینترنت تنها [RANDOM_NUMBER] هزار تومان, بدون نیاز به خرید بسته","ham"
"*اپل آی کلینیک* به تلگرام ما بپیوندید دنیای لوازم جانبی اورجینال اپل مطالب آموزشی و ... لینک [LINK_REMOVED]","spam"
"اسنپ! کد ورود شما: [RANDOM_NUMBER]","ham"
"مشترک محترم :با پرداخت بدهی خویش حداکثر تا پایان فروردین ماه در قرعه کشی صدهامیلیون ریال جوایز متنوع خوش حسابی مشترکین استان فارس شرکت نمایید هر [RANDOM_NUMBER] ریال یک امتیاز","spam"
"[RANDOM_NUMBER]%تخفیف ده ها کتاب آخرین مهلت پایان امروز [LINK_REMOVED] لغو[RANDOM_NUMBER]","spam"
"دیگه فیلم ها و عکس هات رو به خاطر حافظه کم گوشیت پاک نکن. با فضای ابری ابرینو,گوشیت دیگه پر نمی شه. دانلود از: [LINK_REMOVED]","spam"
"کلاست صبح بود یا عصر?","ham"
"داوطلب آزمون ارشد [RANDOM_NUMBER] الان روی لینک زیرکلیک کن [LINK_REMOVED]","spam"
"در کتابخانه استم","ham"
"به جابینجا خوش آمدید. کد [RANDOM_NUMBER] درصدی انتشار اولین آگهی استخدام برای شرکت شما: [ENGLISH][RANDOM_NUMBER]-[RANDOM_NUMBER]","spam"
"مشتری گرامی؛ با نصب مهریران همراه بانک مهر ایران, می تونی تمام کارای بانکی رو به راحتی و بدون مراجعه به شعبه انجام بدی, تازه با پیوستن به اینستاگرام ما, می تونی تو قرعه کشی هفتگی وام های قرض الحسنه شرکت کنی! برای شرکت در قرعه کشی به لینک زیر وارد شوید و اینستاگرام بانک رو فالو کنید [LINK_REMOVED] دانلود همراه بانک از لینک زیر [LINK_REMOVED] بانک مهر ایران","spam"
"همین الان تا [RANDOM_NUMBER]% تخفیفت رو برای خرید بسته بگیر!! بسته های جدید مکالمه همراهی با شماره گیری کد [USSD_REMOVED] بسته های جدید اینترنت همراهی با شماره گیری کد [USSD_REMOVED] همراه اول, همراه لحظه های دیجیتال","spam"
"واسه من اون باز نمیشه","ham"
"مشتریان گرامی با سلام لطفا برای ورود به سامانه آنلاین کارگزاری بانک سامان از طریق تلفن همراه خود از لینک زیر اقدام نمایید. لینک ورود به سامانه همراه پلاس از طریق مرورگر گوشی [LINK_REMOVED]","ham"
"الان یادم افتاد هزینه سفر رو کردم نقدی","ham"
"برخی از ویژگی های نسخه جدید اپلیکیشن همراه من ️ جامع ترین سامانه خرید و مدیریت بسته های اینترنت ️ [RANDOM_NUMBER] درصد اعتبار بیشتر در هر خرید شارژ ️ وصول آنی قبض ️ کیف پول دیجیتال همراه اول, متصل به اپلیکیشن اوانو ️ دریافت آسان خلاصه کارکرد ️ آگاهی از طرح های تشویقی و جوایز دوره ای [LINK_REMOVED] همراه اول, همراه لحظه های دیجیتال","spam"
"[RANDOM_NUMBER] هزار تومان تخفیف ویژه ی اولین درخواست ارسال بار با سرویس «وانت» اسنپ! «ازخونه به کار و بارت برس!» کد تخفیف: [ENGLISH]-[RANDOM_NUMBER] اعتبار: [RANDOM_NUMBER] مرداد از خانه به کارهایتان برسید و ارسال کالا, بسته و بار را به اسنپ بسپارید. کافی است در سوپراپلیکیشن اسنپ, سرویس «وانت» را انتخاب کنید. [LINK_REMOVED]","spam"
"مشترک گرامی, درخواست شما با موفقیت ثبت شد. سامانه ثبت و پاسخگویی به شکایات ([RANDOM_NUMBER]) [LINK_REMOVED]","ham"
"[RANDOM_NUMBER]شانس بیشتر در قرعه کشی نوت[RANDOM_NUMBER] سامسونگ [RANDOM_NUMBER]تومان شارژ هدیه فقط امشب با سوپرشارژ [RANDOM_NUMBER]هزارتومانی [USSD_REMOVED] اطلاعات بیشتر در [LINK_REMOVED]","spam"
"ا من الان پیامتون رو دیدم, می خواد بر گردید از اول دیداری تازه کنیم?","ham"
"من هفت و نیم هشت تمام میشم دیگه هشت تا هشت و نیم زمان دارم بریم کتابفروشی که بعد برسم به اتوبوس","ham"
"خب از خطر رد شدید مراقب خودتون باشید","ham"
"واریز مبلغ [RANDOM_NUMBER].[RANDOM_NUMBER] بین خریداران امروز فرصت از دست ندید [USSD_REMOVED]","spam"
"به امید صعود نماینده ایران به فینال جام باشگاه های آسیا برای حمایت از تیم پرسپولیس عدد [RANDOM_NUMBER] را به [RANDOM_NUMBER] ارسال کنید.","spam"
"کولرگازی,یخچال,ارسال رایگان از بانه,باضمانت[RANDOM_NUMBER]ساله [MASKED_NUMBER] خانم صابری","spam"
"می رفت سمت روضه ی یک شاهِ کم سپاه آیینه ای ز فرط عطش می کشید آه این شب ها, با «اینترنت رایگان همراه اول» به تماشای ویژه برنامه «مهلا» بنشینید. با میزبانی محمدحسین پویانفر. ساعت [RANDOM_NUMBER], پخش از روبیکا و آیگپ. روبیکا [LINK_REMOVED] آیگپ [LINK_REMOVED]","spam"
"سلام محصول جدید رسید تماس [MASKED_NUMBER]","spam"
"[RANDOM_NUMBER]تومان تخفیف اسنپ ویژه درخواست خودرو با استفاده از کد زیر برای [RANDOM_NUMBER] سفر بعدی خود با اسنپ تخفیف بگیرید؛ سفر اول [RANDOM_NUMBER]% (تا سقف [RANDOM_NUMBER]تومان) و [RANDOM_NUMBER]% (تا سقف [RANDOM_NUMBER]تومان) برای [RANDOM_NUMBER] سفر بعدی. کد تخفیف: [ENGLISH]-[RANDOM_NUMBER] اعتبار تا [RANDOM_NUMBER] مهر [LINK_REMOVED]","spam"
"تخفیف ویژه فروش کولرگازی ظرفشویی تلویزیون [MASKED_NUMBER] [MASKED_NUMBER]","spam"
"بپوش بیا شهر کاغذی.","ham"
"بازنشسته گرامی یکی از نقاط اصلی تجمع ویروس کرونا ""ظروف استیل و دستگیره های در"" هستند. جهت حفظ سلامتی خود و اعضای خانواده , حتما دستگیره های در را با مواد شوینده ضدعفونی نمایید. صندوق بازنشستگی کشوری","spam"
"کرمان میای","ham"
"سلام متاسفانه مادر شوهرم فوت کرد انشا ءالله یه وقت دیگه","ham"
"آقای [NAME] میلادتان مبارک. کانون جهانگردی و اتومبیلرانی [LINK_REMOVED]","spam"
"کجا بریم چه ساعتی?","ham"
"قبل از ناهار و بعدش","ham"
"هر ماه «[RANDOM_NUMBER] جایزه [RANDOM_NUMBER] میلیون تومانی» در باشگاه مشتریان همراه اول, امتیازاتت رو به شانس قرعه کشی تبدیل کن. مراجعه به بخش «سرگرمی» باشگاه در سامانه همراه من [LINK_REMOVED]","spam"
"[NAME] عزیز بی دردسر خرید کن! [RANDOM_NUMBER] تومان تخفیف ویژه اولین سفارش از سوپرمارکت ها در اسنپ فود کد تخفیف اختصاصی شما: [ENGLISH][ENGLISH][ENGLISH][RANDOM_NUMBER] مهلت استفاده: فقط تا دوشنبه [RANDOM_NUMBER] آبان ماه سوپرمارکت های اطراف شما: [LINK_REMOVED]","spam"
"کیف و کفش بوفالو سفید فقط تا [RANDOM_NUMBER] مهرماه تا سقف [RANDOM_NUMBER]%؜ تخفیف [LINK_REMOVED] [LINK_REMOVED] فروش انلاین (ارسال پیام به شماره واتس اپ): [MASKED_NUMBER]","spam"
"کجاااییی?","ham"
"آره خوبه؛ بام گلستان نرفتم بریم","ham"
"هااای درود بر تو","ham"
"[RANDOM_NUMBER]میلیون تومن جایزه پاییزه تماشای رایگان فیلیموبااینترنت ایرانسل! فیلم زیبای «حمال طلا» رو رایگان درفیلیمو تماشا کن: [LINK_REMOVED]","spam"
"تخفیف های بی نظیر لیمومی رو از دست ندید! سه دوره رژیم فقط [DATE] تومان شش دوره رژیم [DATE] تومان از لینک زیر با فرصت محدود: [LINK_REMOVED]","spam"
"سلام میای خونه باشه یا بیرون?","ham"
"کاربر گرامی کد تایید شما [RANDOM_NUMBER] می باشد. [LINK_REMOVED]","ham"
"مشتری گرامی با همراه بانک پاسارگاد، ضمن حفظ سلامت و صرفه جویی در زمان، مراجعه به بانک را حداقل نمایید. راهنما: [LINK_REMOVED]","ham"
"لندو فرصتی که تکرار نمیشه!️ خرید اقساطی تا [RANDOM_NUMBER] میلیون از صدها فروشگاه بدون چک و ضامن [LINK_REMOVED]","spam"
"بانک سامان شارژ ‪[RANDOM_NUMBER]*[RANDOM_NUMBER]‬ مبلغ [RANDOM_NUMBER] ریال رمز [RANDOM_NUMBER] زمان اعتبار رمز [TIME]","ham"
"سلام [NAME] سفارش [RANDOM_NUMBER] دریافت شد و هم اکنون در وضعیت تکمیل شده می باشد. آیتم های سفارش : اکانت [ENGLISH]","ham"
"مشتری گرامی به شماره [RANDOM_NUMBER] شما تا ساعت [TIME] [ENGLISH] هشتاد و پنج درصد از ترافیک (حجم) سرویس اینترنت خود را مصرف نموده اید. درصورت پایان ترافیک (حجم) سرعت اینترنت شما تا خرید ترافیک اضافه (حجم اضافه) به [ENGLISH] تغییر می یابد. برای خرید ترافیک اضافه به پنل کاربری خود به آدرس [ENGLISH].[LINK_REMOVED] مراجعه نمائید. اطلاع از ترافیک (حجم) باقی مانده [USSD_REMOVED] دریافت کلمه عبور پنل [USSD_REMOVED] شرکت مخابرات ایران","ham"
"به وب سایت دکترتو خوش آمدید کد ورود : [RANDOM_NUMBER]","ham"
"خواهش گلم","ham"
"دوستان م هم التماس کباب داشت اگر شد شماها رو هماهنگ کرد برویم خانه کبابی بخوریم و آهی بکشیم","ham"
"مهمان ما باش و هدیه بگیر. در غرفه دیجی پی, سالن [RANDOM_NUMBER] نصب از: [LINK_REMOVED]","spam"
"سهامدار محترم شرکت گروه پتروشیمی سرمایه گذاری ایرانیان؛ [NAME] مبلغ [RANDOM_NUMBER] ریال بابت منود سهام (سال مالی [RANDOM_NUMBER]) به حساب بانک ملی ایران شما واریز گردید ؛ شرکت سپرده گذاری مرکزی اوراق بهادار","ham"
"بانک سامان مشتری گرامی هم اکنون می توانید علاوه بر پیامک, از اپلیکیشن رمزینه نیز برای دریافت رمز یکبار مصرف استفاده کنید.","ham"
"من فقط میگم زنده بمونیم","ham"
"برای پیشگیری از کلاهبرداری در خرید اینترنتی, قبل از خرید به رتبه اعتماد کسب وکار (ستاره های زیر لوگوی اینماد) توجه کرده و با کلیک بر روی لوگوی اینماد, اطلاعات شناسنامه کسب وکار شامل سابقه فعالیت, وضعیت تخلفات, وضعیت پاسخگویی به شکایات و... را بررسی نمایید. کسب اطلاعات بیشتر: [LINK_REMOVED] معاونت اجتماعی و پیشگیری از وقوع جرم قوه قضاییه","ham"
"رایتلی عزیز هرچی میخوای با تخفیف های ویژه بخر فرصت های ارغوانی رایتل [LINK_REMOVED]","spam"
"*[RANDOM_NUMBER] مثقال طلای [RANDOM_NUMBER] عیار* هدیه [RANDOM_NUMBER] سالگی آپ برای [RANDOM_NUMBER] نفر با خرید شارژ و بسته اینترنت فقط تا جمعه [USSD_REMOVED]","spam"
"مشاوره رایگان پزشکی از اسنپ بگیرید و نسخه آنلاین دریافت کنید کدتخفیف [RANDOM_NUMBER]تومانی ویژه اولین استفاده:[ENGLISH][ENGLISH][RANDOM_NUMBER] اعتبار تا:[RANDOM_NUMBER] دی در هرساعتی از شبانه روز می تونید با بهترین پزشکان و روانشناسان در مورد کرونا, افسردگی و غیره صحبت کنید و در صورت نیاز نسخه آنلاین دریافت کنید. کافی ست در اپ اسنپ, سرویس «پزشک و مشاور» را انتخاب کنید. [LINK_REMOVED]","spam"
"بمب تخفیفات افق کوروش فتح المبین [RANDOM_NUMBER]خرداد [RANDOM_NUMBER]ت خرید=اشانتیون روغن برنج هندی زیرقیمت بازار ماالشعیرجوجو[RANDOM_NUMBER] م ظرف[RANDOM_NUMBER]گ[RANDOM_NUMBER] م دست[RANDOM_NUMBER]گ[RANDOM_NUMBER] شیراز بلوار عدالت خ فتح المبین - نبش کوچه [RANDOM_NUMBER] [LINK_REMOVED]/[RANDOM_NUMBER]","spam"
"ساعتش خیلی خوبه","ham"
"بابت تاخیر در پرداخت معذرت:)","ham"
"آیگپ شما را به تماشای رایگان «سریال آن ها» دعوت می کند. [LINK_REMOVED]","spam"
"فیلم [ENGLISH] [ENGLISH] فیلم خوبیه","ham"
"پیش ما بیااااااا","ham"
"کاربر گرامی علی بابا بعد از «سفربازی» و «حواس پیما», نوبت پیدا کردن شهر گمشده است! با چالش «شهریابی» علی بابا, برنده [RANDOM_NUMBER] میلیون تومان پول نقد شوید. لینک شرکت در چالش: [LINK_REMOVED]","spam"
"اگر نه بریم یه منطقه بی طرف همدیگه رو ببینیم?:(","ham"
"پویش خوش حسابی تلفن همراه اول استان فارس ویژه مشتریان دائمی(فعال -بدهکار و قطع بدهی)کسب اطلاعات بیشتر در آدرس [LINK_REMOVED]","spam"
"سلام؛ تماس گرفته بودید.","ham"
"مشترک گرامی آخرین مهلت برخورداری از هدیه شتاب در پرداخت, ششم ماه می باشد. جهت دریافت هدیه لازم است مراحل زیر را طی نمایید: [RANDOM_NUMBER]-پرداخت صورتحساب تا ششم ماه [RANDOM_NUMBER]-شماره گیری [USSD_REMOVED] (تا پایان ماه جاری) [RANDOM_NUMBER]-دریافت هدیه پرداخت از طریق [USSD_REMOVED], اپلیکیشن همراه من, اپلیکیشن اوانو (لینک دریافت [LINK_REMOVED]), پیام رسان آیگپ, تلفن گویای *[RANDOM_NUMBER] و [RANDOM_NUMBER] راهنمای هدیه شتاب در پرداخت [USSD_REMOVED]","spam"
"مراجعه کننده گرامی [NAME] به ""آزمایشگاه پاتوبیولوژی"" درمانگاه تخصصی و فوق تخصصی حضرت فاطمه زهرا سلام الله علیها خوش آمدید. شماره پذیرش : [RANDOM_NUMBER]","ham"
"مشترک گرامی درخواست فرایند ترابرد شما به دلیل قرارداد بلند مدت با اپراتور مبدا مردود شده است در صورت تمایل برای ثبت شکایت در خصوص عدم رضایت از فرایند ترابرد از طریق لینک [RANDOM_NUMBER].[LINK_REMOVED] اقدام یا با تلفن [RANDOM_NUMBER] تماس حاصل فرمایید","ham"
"برای جلوگیری از کلاهبرداری و فروش یک ساختمان به چند نفر و تضمین بهتر حقوق پیش خریدار, باید برای تنظیم قراردادِ پیش فروش ساختمان به دفاتر اسناد رسمی مراجعه شود. معاونت اجتماعی و پیشگیری از وقوع جرم قوه قضاییه","ham"
"هر هفته با چهارشنبه های امام رضایی فصل جدید برنامه «باغ آینه» پخش زنده از حرم امام مهربانی ها حوالی ساعت [RANDOM_NUMBER] از روبیکا و آیگپ. لینک روبیکا: [LINK_REMOVED] لینک آیگپ: [LINK_REMOVED]","spam"
"شماره [MASKED_NUMBER] که پیشتر موفق به تماس با آن نشدید اکنون در دسترس است. مکالمه رایتلی برای تمامی مشترکین رایگان شد.","ham"
"سلام خوبی? من که کشیکم مامان و بابا خونن شما بیاید اینجا منم تا [RANDOM_NUMBER] و نیم [RANDOM_NUMBER] میرسم خونه","ham"
"برنده[RANDOM_NUMBER]مین پژو[RANDOM_NUMBER] ستاره یک باش! باخرید شارژ و بسته های متنوع از[USSD_REMOVED]","spam"
"[ENGLISH] در تلگرام","ham"
"با سلام [MASKED_NUMBER]","ham"
"هایپراستار[RANDOM_NUMBER]~[DATE] موز کیلویی [RANDOM_NUMBER]ت نسکافه [ENGLISH][RANDOM_NUMBER] کلاسیک [RANDOM_NUMBER] عددی [RANDOM_NUMBER]ت ستاک بیسکویت پذیرایی [RANDOM_NUMBER]%ت کاله کره [RANDOM_NUMBER]گرمی [RANDOM_NUMBER]ت","spam"
"یک پیشنهاد در سنجاق دریافت کرده اید. برای مشاهده روی لینک زیر بزنید: [LINK_REMOVED]","ham"
"[RANDOM_NUMBER] درصد تخفیف ویژه و حضور در قرعه کشی سفر کیش تا روز جهانی کودک ([RANDOM_NUMBER] مهر) برای محصولات اختصاصی دوزلی بوک کتاب داستان و دفتر با اسم, عکس و علایق کودک شما همین حالا رایگان بساز [LINK_REMOVED]","spam"
"[RANDOM_NUMBER]تومن تخفیف خریدقهوه درفروشگاه کافی استور,مدت محدود [LINK_REMOVED]","spam"
"سلام دکتر خسته نباشید, امروز تشریف نمی آورید دفترتون? (باشگاه پژوهشگران)","ham"
"فروش ویژه افتتاحیه فروشگاه هفت تا[RANDOM_NUMBER]% تخفیف محصولات غذایی و شوینده شهرک غرب,خ دکتر حسابی شمالی,نبش دکتر حسابی[RANDOM_NUMBER] یکشنبه [RANDOM_NUMBER]شهریور[RANDOM_NUMBER]صبح","spam"
"مفتخریم که مارا انتخاب نموده اید, نتیجه گزارش از طریق پیامک به اطلاع شما خواهد رسید مرکز تصویریرداری تابا","ham"
"یک پاسخ جدید برای تیکت شما ثبت شد برای تیکت شما با شماره پیگیری: [ENGLISH]-[ENGLISH][ENGLISH] یک پاسخ جدید در سیستم ثبت شده است. شما می توانید با مراجعه به لینک زیر آن را مشاهده کنید: مشاهده تیکت","ham"
"هشدار؛ تماس صوتی از شبکه های اجتماعی با آرم صداوسیما و شماره ثابت و اعلام برنده شدن در قرعه کشی یکی از شیوه های مجرمین برای کلاهبرداری از شماست, به هیچ عنوان به این تماس ها توجه نکنید.","ham"
"ایران همدل, بزرگترین پویش مردمی ایران است که کمک های شما را از طریق بهزیستی و کمیته امداد به دست نیازمندان می رساند. مهربانی, بی جواب نمی ماند. در روز شهادت کریم اهل بیت, امام حسن مجتبی(ع) دلهایمان را به هم نزدیک کنیم و با مشارکت در پویش «ایران همدل» از طریق شماره گیری [USSD_REMOVED] و یا واریز به شماره کارت [RANDOM_NUMBER] گره گشای نیازمندان باشیم. ایران همدل, بزرگترین پویش مردمی ایران است که کمک های شما را از طریق بهزیستی و کمیته امداد به دست نیازمندان می رساند.","spam"
"درخواست مهم علی بابا از شما کاربر گرامی, با پاسخ دادن به چند سوال کوتاه, به ما کمک کنید تا خدمات بهتری به شما ارائه کنیم: [LINK_REMOVED] سپاسگزاریم","spam"
"با اینترنت ایرانسل, از تماشای رایگان آخرین قسمت سریال زیبای """"هم گناه"""" در فیلیمو لذت ببر! [LINK_REMOVED]","spam"
"واسطه ازدواج دراصفهان, خانم رجیمی [MASKED_NUMBER] [MASKED_NUMBER] ـ [MASKED_NUMBER]","spam"
"و پنج شنبه هم فکر کنم زودتر تعطیل کنن.","ham"
"رسیدم ^^","ham"
"فروش نوشت افزار ویژه بازگشایی مدارس هر بسته [RANDOM_NUMBER] هزار تومان [ENGLISH].[ENGLISH][ENGLISH]","spam"
"برنگرد داریم میوم جواب که ندادی.بیاییم شهرک هستیم","ham"
"وضعیت تیکت شما تغییر کرد وضعیت تیکت شما با شماره پیگیری [ENGLISH]-[ENGLISH] به وضعیت جدید بسته شده تغییر یافت.","ham"
"سلام چادر رنگی ومانتو شال وروسری که بخوای بندازی بره نگه دارمیخوام برای پشتی باغ.همونای قالی روشه وتوش کارتن هست .کارتناش در اوردم","ham"
"بازنشسته گرامی صندوق بازنشستگی کشوری به منظور حمایت از پایان نامه فرزندان بازنشستگان و وظیفه بگیران کشوری طرح حمپاد را به اجرا گذاشته که برپایه آن تسهیلات قرض الحسنه [RANDOM_NUMBER] میلیون ریالی برای پایان نامه کارشناسی ارشد و [RANDOM_NUMBER] میلیون ریالی برای پایان نامه دکترا با بازپرداخت[RANDOM_NUMBER] ماهه اعطا می شود. ثبت نام : [LINK_REMOVED] اطلاعات بیشتر : [MASKED_NUMBER]","spam"
"کاشت مو بارعایت پروتکل تراکم بالا ضمانت بیمه مشاوره رایگان [MASKED_NUMBER]","spam"
"[RANDOM_NUMBER] هزار تومان تخفیف پرواز داخلی+ [RANDOM_NUMBER] هزار تومان تخفیف رزرو هتل داخلی, ویژه ی خرید اول از اسنپ! تنها با کد تخفیف: [ENGLISH][ENGLISH][ENGLISH][ENGLISH][ENGLISH] اعتبار: تا [RANDOM_NUMBER] آذر کافی است در سوپراپلیکیشن اسنپ, «هتل» و یا «بلیت سفر» را انتخاب کنید. [LINK_REMOVED]","spam"
"کد اعتبارسنجی ابطال:[RANDOM_NUMBER] صندوق سرمایه گذاری مشترک یکم سامان","ham"
"مشترک گرامی در حال حاضر بسته اینترنت برای شما فعال نیست و مصرف اینترنت شما با تعرفه آزاد محاسبه می شود. شما تا ساعت [TIME] تاریخ [DATE] مبلغ [RANDOM_NUMBER] هزار تومان با نرخ تعرفه آزاد از اینترنت استفاده کرده اید. پیشنهاد می شود جهت مدیریت هزینه با شماره گیری کد [USSD_REMOVED] یا مراجعه به همراه من به نشانی [ENGLISH].[LINK_REMOVED] نسبت به خرید بسته اقدام فرمایید","ham"
"در صورت بروز حادثه با وسیله نقلیه موتوری فاقد بیمه نامه شخص ثالث, علاوه بر پرداخت خسارت, مالک به پرداخت جزای نقدی تا [RANDOM_NUMBER] درصد مجموع خسارت بدنی وارده ملزم خواهد شد. ارائه خدمات نقل و انتقال, اخذ کارت سوخت, همکاری با موسسات حمل و نقل بار و مسافر, به این قبیل وسایل نقلیه ممنوع است. معاونت اجتماعی و پیشگیری از وقوع جرم قوه قضاییه","ham"
"گزینه ها چیه?","ham"
"ارزانترین هتل ها در اپلیکیشن جدید تی چارتر مشهد از [RANDOM_NUMBER] هزار تومان کیش از [RANDOM_NUMBER] هزار تومان دانلود [LINK_REMOVED]","spam"
"ویزیت رایگان + نسخه و داروی آنلاین [RANDOM_NUMBER]تومان تخفیف مشاوره پزشکی, دریافت نسخه آنلاین و ارسال دارو کد: [ENGLISH][ENGLISH][ENGLISH][RANDOM_NUMBER] اعتبار:تا [RANDOM_NUMBER] فروردین ارسال دارو در تهران, اصفهان, مشهد, کرج و شیراز کافی است در اپلیکیشن اسنپ,«پزشک و مشاور» را انتخاب کنید [LINK_REMOVED]","spam"
"هوادار آماده باش! عضویت در کانون هواداری و امکان مکالمه رایگان بین هواداران با هزینه روزانه [RANDOM_NUMBER] تومان از طریق شماره گیری استقلالی ها [USSD_REMOVED] و پرسپولیسی ها [USSD_REMOVED]","spam"
"(افزایش قد)براى اولین بار در ایران بدون محدودیت سنى [MASKED_NUMBER]","spam"
"""با هم برای امنیت و سلامت"" هفته نیروی انتظامی را گرامی می داریم.","spam"
"استقلال - الاهلی چهارشنبه [RANDOM_NUMBER] مهر ساعت [TIME] تماشا از لنز ایرانسل [LINK_REMOVED]","spam"
"[NAME] عزیز, بیمه شخص ثالث برلیانس اچ [RANDOM_NUMBER] شما به زودی منقضی می شود. تمدید سریع و آسان بیمه با حداکثر تخفیف در اسنپ بیمه! استعلام و خرید آنلاین: [LINK_REMOVED]","ham"
"به خانواده آسیاتک خوش آمدید؛ سرویس شما[RANDOM_NUMBER]آماده فعالسازی است لطفا تا [RANDOM_NUMBER] ساعت آینده با [RANDOM_NUMBER] تماس بگیرید درغیراینصورت سرویس به صورت خودکار فعال می گردد..تلفن تماس [RANDOM_NUMBER] آسیاتک دانلود اپلیکیشن آسیاتک [LINK_REMOVED]","ham"
"کاربر راننده عزیز, از شنبه تا دوشنبه ([RANDOM_NUMBER] تا [RANDOM_NUMBER] مهر) فرصت دارید با انجام سفر پاداش دریافت کنید. [RANDOM_NUMBER] سفر: [RANDOM_NUMBER] هزار تومان پاداش [RANDOM_NUMBER] سفر: [RANDOM_NUMBER] هزار تومان پاداش نسخه اندروید: [LINK_REMOVED] اسنپ","spam"
"مطمعنی نیام? مسیری نیستا","ham"
"فقط [RANDOM_NUMBER] روز فرصت داری تا با شماره گیری [USSD_REMOVED]در قرعه کشی [RANDOM_NUMBER] توپ طلای همراه اول ویژه جام جهانی شرکت کنی️","spam"
"میشه اس ام اس بدی بی زحمت. چه خبرا کجایی?","ham"
"آخرین یادآوری برای مشاهده ابلاغیه الکترونیک [RANDOM_NUMBER] اقدام نمایید","ham"
"آهنگ دلخواهت رو, آوای انتظار گوشیت بذار. فعالسازی با ارسال کد آوا به[RANDOM_NUMBER] [RANDOM_NUMBER]زیبای من(بهرامی) [RANDOM_NUMBER]الا خودت(صدیقی) [RANDOM_NUMBER]پریزاد(نیک فرجام) [RANDOM_NUMBER]نگم برات(جهانبخش) [RANDOM_NUMBER]دیوونتم(بیاتی) [RANDOM_NUMBER]بی احساس(اصغری) هزینه فعالسازی ماهیانه [RANDOM_NUMBER] تومان می باشد.","spam"
"مشترک گرامی در صورتی که [RANDOM_NUMBER] درصد از حجم بسته اینترنت خود را مصرف کرده اید, با نصب اپلیکیشن ذره بین [RANDOM_NUMBER] گیگ اینترنت هدیه سه ماهه(هر ماه [RANDOM_NUMBER] گیگ) مخصوص استفاده در ذره بین بگیرید و با خیال راحت در دنیای اینترنت وبگردی کنید. نصب و فعال سازی رایگان: [LINK_REMOVED] فقط تا ساعت [TIME] امشب فرصت دارید تا با نصب اپلیکیشن ذره بین و پیش بینی فینال یورو [RANDOM_NUMBER] (انگلیس - ایتالیا) در قرعه کشی [RANDOM_NUMBER] گوشی هوشمند سامسونگ شرکت کنید!","spam"
"ازامروز تا یلدا هر [RANDOM_NUMBER] تومان[RANDOM_NUMBER]شانس کلیک کنید [LINK_REMOVED]","spam"
"سلام [NAME] جون ببخشید [NAME] خوابه میشه لطفا شماره کارتتون دوباره بفرستید واسه من? مرسی","ham"
"سیب زمینی و پیاز رایگان! فقط در بازرگام [LINK_REMOVED]","spam"
"خوابی یا بیدار?","ham"
"سریال ثبت نام آزمون سراسری [RANDOM_NUMBER] + هزینه پیامک های اطلاع رسانی شماره سریال [RANDOM_NUMBER] رمز عبور [ENGLISH][ENGLISH] [ENGLISH].[ENGLISH]","spam"
"[NAME] عزیز, موعد تمدید بیمه شخص ثالث برلیانس اچ [RANDOM_NUMBER] شما نزدیک است. بیمه خود را با حفظ تمام تخفیف های قبلی, از اسنپ بیمه تمدید کنید! استعلام و خرید آنلاین: [LINK_REMOVED]","ham"
"فرصت محدود خرید شماره های ارزشمند دائمی همراه اول با قیمت مصوب, ویژه افراد [RANDOM_NUMBER] تا [RANDOM_NUMBER] سال (سرشماره های [RANDOM_NUMBER] تا [RANDOM_NUMBER]) خرید از مراکز فروش و خدمات حضوری و فروشگاه اینترنتی همراه اول [LINK_REMOVED]","spam"
"به اطلاع دانشجویان میرساند, دانشکده نفت آبادان از امروز شنبه [DATE] تا اطلاع ثانوی تعطیل میباشد.","ham"
"[RANDOM_NUMBER] امتیاز بازآموزی بیستمین کنگره پزشکی تولید مثل [RANDOM_NUMBER]-[RANDOM_NUMBER] شهریور [MASKED_NUMBER] [LINK_REMOVED]","spam"
"فعلا سر لج هستم","ham"
"خرید بلیط پروازت رو از مِستر بلیط نهایی کن! [LINK_REMOVED]","spam"
"مشتریان گرامی با سلام...برای ورود به سامانه آنلاین کارگزاری بانک سامان لطفا فقط و فقط از لینک زیر وارد شوید...[LINK_REMOVED] .[LINK_REMOVED]","ham"
"بر گوش جانم می رسد آوای زنگ قافله این قافله تا کربلا دیگر ندارد فاصله دریافت نواهای عاشورایی با ارسال کد به [RANDOM_NUMBER] حسین وای, جواد مقدم [RANDOM_NUMBER] اکبرم چرا خفته ای, سیب سرخی [RANDOM_NUMBER] ثارالله, علیمی [RANDOM_NUMBER]","spam"
"نه, برنامه ای برای خواب ندارم","ham"
"بازنشسته گرامی, یکی از نقاط اصلی تجمع ویروس کرونا ""ظروف استیل و دستگیره های در "" هستند. جهت حفظ سلامتی خود و اعضای خانواده, حتما دستگیره های در را با مواد شوینده ضدعفونی نمایید. صندوق بازنشستگی کشوری.","spam"
"جایزه [RANDOM_NUMBER]میلیون ریالی+ گوشی هوشمند+ [RANDOM_NUMBER] شانس شاسی بلند فقط امروز [USSD_REMOVED]","spam"
"مگه نیومده بودی مهمونی","ham"
"[RANDOM_NUMBER] هزار تومان تخفیف هتل و بلیت داخلی هواپیما با اسنپ فقط سفر ضروری کد تخفیف: [ENGLISH][ENGLISH][ENGLISH][ENGLISH][RANDOM_NUMBER] اعتبار: تا [RANDOM_NUMBER] بهمن دو تخفیف [RANDOM_NUMBER] هزار تومانی هم برای بلیت هواپیما و هم رزرو هتل, تخفیف بگیرید کافی است در سوپراپلیکیشن اسنپ, سرویس «هتل» یا «پرواز» را انتخاب کنید [LINK_REMOVED]","spam"
"ستاره پونصدی عزیز امتیاز [RANDOM_NUMBER] برابری قرعه کشی خودروی کوئیک ویژه امروز","spam"
"تا [RANDOM_NUMBER] دانشگاهم","ham"
"فروش سیم کارت دائمی همراه اول ویژه جوانان([RANDOM_NUMBER] تا [RANDOM_NUMBER] سال) با [RANDOM_NUMBER] درصد تخفیف به همراه [RANDOM_NUMBER] گیگابایت اینترنت خرید و فعالسازی با مراجعه به کلیه نقاط فروش و خدمات همراه اول و فروشگاه آنلاین به نشانی [LINK_REMOVED]","spam"
"دوباره ثبت نام کن ....بابد حتما پیامک بیاد....","ham"
"سلام خوبی چمستانی میای بالا بریم بیرون","ham"
"آره میام","ham"
"پس باشه برای یه وقت دیگه","ham"
"نوای اربعین حسینی با «از خراسان تا فرات» مداح: حاج صادق آهنگران راوی: سید جواد هاشمی پخش اختصاصی از لنز [LINK_REMOVED]","spam"
"دعوتید به تماشای قسمت پایانی ویژه برنامه «منو بشناس» * [RANDOM_NUMBER] فروردین, ساعت [RANDOM_NUMBER] * آخرین قسمت از فصل اول * با میزبانی فرزاد فرزین * حضور یکتا ناصر, منوچهر هادی و گروه سِون * هنرنمایی گروه رستاک تماشا از روبیکا [LINK_REMOVED]","spam"
"[ENGLISH] [RANDOM_NUMBER]%تخفیف بیشتر فقط برای شما [RANDOM_NUMBER]روز پاسداران [MASKED_NUMBER]","spam"
"شما راه بیفتید خودم رو می رسونم","ham"
"سلام [NAME] جان این شماره که پیامک فرستادی شماره خودت هست که ذخیره کنم","ham"
"فروش کولرگازی,لوازم خانگی ارسال رایگان+ضمانت (بندرگناوه) [MASKED_NUMBER]","spam"
"مشتری گرامی با توجه به محدودیت های اعلامی ستاد ملی کرونا, خدماتی که از طریق درگاه های غیرحضوری و الکترونیک قابل ارائه می باشد, تا پایان محدودیت ها در شعب ارائه نمی شود.","ham"
"سرمایه گذاری بدون ریسک در صندوق درآمد ثابت حکمت آشنا سود شهریور [RANDOM_NUMBER]% (سالیانه) [RANDOM_NUMBER]سال سابقه [RANDOM_NUMBER]هزار سرمایه گذار ثبت نام: [LINK_REMOVED]","spam"
"بازنشسته گرامی صندوق بازنشستگی کشوری به منظور ایجاد فرصت خرید سهام [ENGLISH] دولتی, تسهیلات قرض الحسنه [RANDOM_NUMBER].[RANDOM_NUMBER] ریالی با اقساط [RANDOM_NUMBER] ماهه در نظر گرفته است. لذا در صورت علاقه برای بهره مندی از این اعتبار, به آدرس [LINK_REMOVED] مراجعه فرمایید. تلفن پشتیبانی: [RANDOM_NUMBER] صندوق بازنشستگی کشوری","spam"
"در""شهرما""ارزانیست! تا[RANDOM_NUMBER]%تخفیف کلیه اقلام تاآخر سال درفروشگاههای""شهرما""","spam"
"خانم [NAME] عزیز ثبت نام شما با موفقیت انجام شد. جهت تکمیل فرآیند خرید به سایت انتخابی نو مراجعه کنید. نام کاربری: [RANDOM_NUMBER] رمز عبور: [ENGLISH][RANDOM_NUMBER] [LINK_REMOVED]","ham"
"به دکتر نگو","ham"
"با توجه به هشدارهای هواشناسی و وضعیت قرمز در استان از تردد غیر ضروری پرهیز نمایید اداره کل مدیریت بحران استان فارس","ham"
"مودیان محترم مالیاتی ارتقاء سلامت نظام اداری و مبارزه جدی با فساد اداری به عنوان مهمترین رویکرد سازمان امور مالیاتی در راستای سیاستهای دولت مردمی جز با مشارکت و نظارت شما مودیان مالیاتی امکان پذیر نخواهد بود. لذا شایسته است مستندات و مشاهدات خود از مصادیق فساد اداری مانند رشوه, جعل و تخلفات مالیاتی را به دفاتر دادستانی مستقر در ادارات کل امور مالیاتی ارائه و یا از طریق آدرس سایت [LINK_REMOVED] ارسال نمایید. سازمان امور مالیاتی کشور","spam"
"همراه با صفحه رسمی برنامه فوتبال برتر در آیگپ بازی استقلال و ذوب آهن را از طریق آیگپ پیش بینی کنید و برنده جایزه باشید. لینک نصب: [LINK_REMOVED]","spam"
"با سلام مشتری گرامی جناب آقای/سرکار خانم [NAME] , تماس شما بابت مغایرت در مانده حساب ثبت گردید. لطفا تا بررسی نهایی و اطلاع رسانی نهایی منتظر باشید با تشکر کارگزاری مفید","ham"
"بانک سامان تا [RANDOM_NUMBER] فروردین فرصت دارید تا با انجام حداقل [RANDOM_NUMBER] تراکنش از موبایلت یکی از برندگان جشنواره نوروزی با [RANDOM_NUMBER] میلیون تومان جایزه باشید. اطلاعات بیشتر: سایت بانک سامان","spam"
"هایپراستار[RANDOM_NUMBER]~[DATE] پرتقال تامسون کیلویی [RANDOM_NUMBER]ت گلیران سویا [RANDOM_NUMBER]گ [RANDOM_NUMBER]ت تیمز قهوه فوری[RANDOM_NUMBER]در[RANDOM_NUMBER], [RANDOM_NUMBER]تایی [RANDOM_NUMBER]ت پتو ژله ای [RANDOM_NUMBER]×[RANDOM_NUMBER], [RANDOM_NUMBER]ت","spam"
"مشترک گرامی شما در حال ترابرد به اپراتور دیگر هستید در صورت تأیید کد ارسال شده را وارد نمایید. کد موقت: [RANDOM_NUMBER]","ham"
"شکست دیوارهای تبعیض و ویروس تحریم های یک جانبه در دستان توست. برای یاری رسانی به پزشکان و پرستاران عزیزمان, با چهره های محبوبِ ورزشی و هنری کشورمان, در کمپین جهانی «نه به تحریم, نه به کرونا» همراه شو! لطفاً با مراجعه به سایت زیر به این کمپین مردمی بپیوندید: [LINK_REMOVED]","spam"
"انتظار از مردم عزیز می رود تا با توجه به تاکیدات کارشناسان و متخصصین درمانی و پزشکی از هرگونه تجمع در این روز خودداری تا به لطف خدا این بیماری را باهم شکست دهیم. کمیته اجتماعی و انتظامی ستاد ملی مدیریت بیماری کرونا","ham"
"بسته های ویژه ماه مهر رایتل! هر هفته یک بسته ویژه در اپلیکیشن رایتل من دوره اول امشب ساعت [RANDOM_NUMBER] تا [RANDOM_NUMBER] [RANDOM_NUMBER] گیگ اینترنت [RANDOM_NUMBER] روزه [RANDOM_NUMBER] ت","spam"
"انتقال وجه در تاریخ: [DATE] در ساعت: [TIME] مبلغ [RANDOM_NUMBER] ریال از کارت [RANDOM_NUMBER]••••••[RANDOM_NUMBER] به شماره کارت [RANDOM_NUMBER]••••••[RANDOM_NUMBER] به نام[NAME] انتقال یافت. شماره پیگیری:[RANDOM_NUMBER] نرم افزار موبایلی بانک صادرات ایران- صاپ","ham"
"مشتری گرامی؛ برای دسترسی به درگاه های الکترونیک بانک قرض الحسنه مهر ایران, صرفا از طریق آدرس های موجود در سایت بانک ([LINK_REMOVED]) اقدام فرمایید. در ضمن, برای افزایش امنیت در اینترنت بانک, قابلیت رمز پیامکی برای انتقال وجه, فعال شده است.","ham"
"فقط [RANDOM_NUMBER]روز دیگر کلیه خدمات با تعرفه قدیم «دندانپزشکی نیکان» [MASKED_NUMBER]","spam"
"سحرخیزی پیشه کرده اید","ham"
"""[RANDOM_NUMBER]گیگ"" اینترنت رایگان جایزه خرید برای [RANDOM_NUMBER] نفر [تا ساعت [RANDOM_NUMBER]] [USSD_REMOVED]","spam"
"اوضاع خیلی رندومه, اگر کار کرد وصل باش نکرد قطع کن تست کن من خودم توی تنظیمات شت کردم اینو کلا همیشه هست","ham"
"سلام, کد فعال سازی : [RANDOM_NUMBER] دلینو [LINK_REMOVED]","ham"
"همراه اولی عزیز شما واجد شرایط دریافت [RANDOM_NUMBER] گیگ اینترنت هدیه سه ماهه(هر ماه [RANDOM_NUMBER] گیگ) مخصوص استفاده در اپلیکیشن ذره بین هستید. برای فعال سازی اینترنت هدیه تیرماه خود, تنها تا پایان روز [DATE] فرصت دارید. نصب و فعال سازی رایگان: [LINK_REMOVED] با نصب اپلیکیشن ذره بین علاوه بر دریافت اینترنت هدیه, مسابقات جذاب و دیدنی امشب را رایگان تماشا کنید. * پرسپولیس - ماشین سازی * استقلال - نفت مسجد سلیمان پخش همزمان ساعت [TIME] ذره بین تجربه متفاوت وبگردی","spam"
"[RANDOM_NUMBER] تومان تخفیف اسنپ برای [RANDOM_NUMBER]سفر در [RANDOM_NUMBER] سفر, [RANDOM_NUMBER]% (تا سقف [RANDOM_NUMBER] تومان) و در [RANDOM_NUMBER] سفر بعدی [RANDOM_NUMBER]% (هر بار تا سقف [RANDOM_NUMBER] تومان) تخفیف بگیرید. کدتخفیف: [ENGLISH]-[RANDOM_NUMBER] اعتبار تا [RANDOM_NUMBER] مرداد لطفا ماسک فراموش نشود. [LINK_REMOVED]","spam"
"سلام؛ یه این سایت بروید و بر اساس توضیحات ش تنظیمات [ENGLISH] خودتون رو عوض کنید","ham"
"سلام پیرمرد. نت گوشی که کار نمیکنه اما نت خونه کم و بیش وصله. شاتل","ham"
"[RANDOM_NUMBER]","ham"
"فروش ویژه سیم کارت دائمی همراه اول با [RANDOM_NUMBER] درصد تخفیف به همراه [RANDOM_NUMBER] گیگابایت اینترنت هدیه یک ماهه, [RANDOM_NUMBER] ماه مکالمه درون شبکه نیم بها و ماهانه [RANDOM_NUMBER] پیامک رایگان به مدت [RANDOM_NUMBER] ماه خرید و فعالسازی با مراجعه به مراکز فروش و خدمات همراه اول یا فروشگاه آنلاین (ارسال رایگان) به نشانی [LINK_REMOVED]","spam"
"استاد معارف گرامی با سلام لوح تقدیری بابت زحمات شما در دوترم گذشته که بیش از[RANDOM_NUMBER] در سامانه آموزش مجازی داشته اید، با امضای معاونت آموزشی-پژوهشی نهاد و از طریق معاون آموزشی استانی برای شما ارسال شده است. انشاالله در جلسه گروه، تقدیمتان خواهد شد. موفق باشید مرکز آموزش مجازی دانشگاهیان","ham"
"با فیلیمو فیلم ببین از [RANDOM_NUMBER] شاسی بلند جایزه بگیر [USSD_REMOVED] [LINK_REMOVED]","spam"
"پرسپولیسی هستید یا استقلالی??? در نسخه جدید اپلیکیشن اِوانو, از خدمات متنوع هواداری بهره مند شوید و بدون هزینه از تیم محبوبتان حمایت کنید. دانلود و نصب رایگان از طریق لینک زیر [LINK_REMOVED]","spam"
"کاربرعزیز ثبت نام بیمه درمان تکمیلی انفرادی و خانواده آغاز شد (با تخفیف)بیمه سامان /خادم لاهیجان-میدان برق-فردوسی[RANDOM_NUMBER] [MASKED_NUMBER]","spam"
"سلام روزت بخیر دوست داری پژو[RANDOM_NUMBER]ببری? [RANDOM_NUMBER]شانس هدیه فقط با خرید یک شارژ [RANDOM_NUMBER] یا [RANDOM_NUMBER]تومانی از[USSD_REMOVED] ویژه خط شما, یکبار, تا فرداشب","spam"
"مسابقه دیجی کالا کاپ «علم داده» با جایزه و استخدام [RANDOM_NUMBER] شهریور ساعت [RANDOM_NUMBER] دعوت از نفرات برتر برای جذب و استخدام در تیم هوش مصنوعی و کلان داده دیجی کال‍ا ثبت نام رایگان: [LINK_REMOVED]","spam"
"پخش زنده رایگان حرم های ائمه اطهار علیهم السلام و بیش از [RANDOM_NUMBER] هیئت در سراسر کشور در اپلیکیشن هیئت آنلاین: [LINK_REMOVED]","spam"
"مشترک گرامی تنها تا ساعت [TIME] چهارشنبه [DATE] مهلت دارید تا بسته [RANDOM_NUMBER] گیگابایت اینترنت هدیه شهریورماه ویژه استفاده در ذره بین را فعال کنید. فعال سازی از طریق: [LINK_REMOVED] با نصب اپلیکیشن ذره بین, علاوه بر دریافت اینترنت هدیه, فوتسال جذاب تیم ملی با قهرمان جهان را در وبگرد ذره بین رایگان تماشا کنید. ایران - آرژانتین ساعت [TIME] ذره بین؛ تجربه متفاوت وبگردی","spam"
"مشترک گرامی ([RANDOM_NUMBER]) ضمن خوشامدگویی مجدد برای پیوستن شما به شاتل سپاس گزار خواهیم بود اگر با تکمیل نظرسنجی زیر عملکرد ما را در فرآیند فروش ارزیابی کنید. [LINK_REMOVED]","spam"
"بذا به یکی از بچه ها پیام بدم اون حتما خبر داره","ham"
"بانک ملی انتقال:[RANDOM_NUMBER]- حساب:[RANDOM_NUMBER] مانده:[RANDOM_NUMBER] [RANDOM_NUMBER]-[TIME]","ham"
"دستگاه با مشخصات زیر قانونی است ولی فعالسازی نشده است با شماره گیری ‏ [USSD_REMOVED] نسبت بهفعالسازی آن اقدام نمایید در غیر این صورت از تاریخ [DATE] سرویس نخواهد گرفت برند: [NAME] مدل: [NAME] :[NAME] [RANDOM_NUMBER] راهنمای فعالسازی: [LINK_REMOVED] مرکز تماس: [RANDOM_NUMBER]","ham"
"مشتری گرامی, به خاطر انتخاب مجموعه لاویا از شما سپاسگزاریم. با ثبت نظر و امتیاز خود ما را در بهبود خدمات یاری کنید. [LINK_REMOVED]","spam"
"[RANDOM_NUMBER] تومان تخفیف مشاوره ی پزشکی و روانشناسی, دریافت نسخه ی آنلاین و ارسال دارو کد: [ENGLISH][ENGLISH][RANDOM_NUMBER] اعتبار: [RANDOM_NUMBER] تیر کافی است در سوپراپلیکیشن اسنپ, «پزشک و مشاور» را انتخاب کنید. [LINK_REMOVED]","spam"
"کتاب دلخواه تو با «[RANDOM_NUMBER]% تخفیف!» راهنما: [LINK_REMOVED] کد تخفیف: [ENGLISH][RANDOM_NUMBER] فیدیبو با حضور کتابخون هایی مثل تومعنا پیدا می کنه! لغو[RANDOM_NUMBER]","spam"
"آخرین فرصت از تسهیلات [RANDOM_NUMBER]میلیون ریالی ویژه بازنشستگان تا [RANDOM_NUMBER]روز دیگر به همراه تخفیفات ویژه حراجستون رفاه با اقساط [RANDOM_NUMBER]ماهه فروشگاه رفاه لغو[RANDOM_NUMBER]","spam"
"هموطن گرامی سلام عیدفطرمبارک,شما میتوانیدفطریه خود رااز روش های زیرپرداخت نمایید, شماره کارت های : [RANDOM_NUMBER]فطریه عام [RANDOM_NUMBER]فطریه سادات [RANDOM_NUMBER]کفاره غیرعمد [RANDOM_NUMBER]کفاره عمد یاکد دستوری[USSD_REMOVED] یاتلفن گویای [RANDOM_NUMBER] یاسایت[ENGLISH].[ENGLISH] ودفاترکمیته امدادسراسرکشور کمیته امدادامام خمینی(ره)","spam"
"برای خونه چی لازم داری? [RANDOM_NUMBER] هزار تومان تخفیف برای سبد بالای [RANDOM_NUMBER] هزار تومان مخصوص خرید اول از سوپرمارکت دیجی کالا کد ویژه شما: [ENGLISH][RANDOM_NUMBER] | تا جمعه از اینجا خرید کن: [LINK_REMOVED]","spam"
"[RANDOM_NUMBER] هزار تومان تخفیف پرواز خارجی + [RANDOM_NUMBER] هزار تومان تخفیف پرواز داخلی با اسنپ! «سفر هوایی, به قیمت استثنایی» فقط سفر ضروری کد تخفیف: [ENGLISH][ENGLISH][ENGLISH][ENGLISH] اعتبار: تا [RANDOM_NUMBER] تیر کافی است در سوپراپلیکیشن اسنپ, «بلیت سفر» را انتخاب کنید. [LINK_REMOVED]","spam"
"هموطن گرامی هرگونه تماس تلفنی با خطوط شخصی و پیام رسان ها مبنی بر دریافت جوایز در مسابقات رادیویی, خوش حسابی تلفن همراه و ... کلاهبرداری میباشد, لذا از واگذاری کد رمز پیامک شده در جهت جلوگیری از سرقت از حساب بانکی به افراد غیر خودداری نمایید","ham"
"[RANDOM_NUMBER] تومن","ham"
"[NAME] عزیز, سررسید سرویس اعتباری اسنپ پی فرا رسیده است. برای جلوگیری از جریمه ی دیرکرد, حداکثر تا روز [RANDOM_NUMBER] آذر فرصت دارید حسابتان را تسویه کنید. مشاهده صورت حساب: [LINK_REMOVED] اسنپ پی","ham"
"بانک ملی خریداینترنتی:[RANDOM_NUMBER]- حساب:[RANDOM_NUMBER] مانده:[RANDOM_NUMBER] [RANDOM_NUMBER]-[TIME]","ham"
"آخرین فرصت که فیلم ببینی و [ENGLISH][RANDOM_NUMBER] ببری [LINK_REMOVED]","spam"
"محبو ب ترین های تابستونی رو با بیشترین تخفیف سفارش بده! تا [RANDOM_NUMBER]% + [RANDOM_NUMBER] هزار تومان تخفیف برای سفارش بالای [RANDOM_NUMBER] هزار تومان از دیجی استایل کد: [ENGLISH][RANDOM_NUMBER] + ارسال رایگان برای اولین خرید [RANDOM_NUMBER] روز فرصت مرجوعی کالا تعداد محدود | تا [RANDOM_NUMBER]شنبه: [LINK_REMOVED] لغو: [RANDOM_NUMBER]","spam"
"توی چارخونه فیلم ببین ویک قدم به [RANDOM_NUMBER] گیگابایت اینترنت رایگان نزدیکتر شو! اطلاعات بیشتر در: [LINK_REMOVED]","spam"
"پیام رسان, نقشه و هر برنامه یا بازی را از مایکت دانلود کنید. دریافت آخرین نسخه: [LINK_REMOVED]","spam"
"برای دریافت بن کالا سریعا تماس بگیرید کد[RANDOM_NUMBER] [MASKED_NUMBER]","spam"
"در «ایران همدل» #همبازی کودکان مهربان و نیازمند ایران شویم. باجه های پست سراسر کشور تا پایان مهرماه با افتخار از شما اسباب بازی و کتاب کودکانه تحویل میگیرند و آنها را از طرف شما به بچه های محروم میرسانند. همچنین از [RANDOM_NUMBER] تا [RANDOM_NUMBER] مهرماه میتوانید هدایای خود را علاوه بر باجه های پست, به کامیونهای ویژه ی طرح «همبازی» در سطح کلانشهرها تحویل دهید. نزدیک ترین کامیون پست و مرکز پستی را به خود پیدا کنید: [LINK_REMOVED]","spam"
"سلام؛ لطفا این فرم الف رو برای من پیگیری کنید","ham"
"[ENGLISH]: [RANDOM_NUMBER] درگاه خدمات الکترونیک [ENGLISH]-[ENGLISH] شرکت ملی پست ج.ا.ا","ham"
"بسته های مکالمه کوتاه مدت و به صرفه مدار فیروزه ای مشاهده و خرید با شماره گیری کد [USSD_REMOVED]","spam"
"اللهم الرزقنا زیارت الحسین علیه السلام دریافت نواهای عاشورایی با ارسال کد به [RANDOM_NUMBER] آخرم علی اصغر,طاهری[RANDOM_NUMBER] حضرت علی اصغر,حبیبی[RANDOM_NUMBER] آرامش مـن, پویانفر [RANDOM_NUMBER] حرم حرم, بهمنی [RANDOM_NUMBER] غریبـ و تنها, بنی فاطمه [RANDOM_NUMBER]","spam"
"تصویربرداری پزشکی تابا همراه گرامی جهت اطلاع از نحوه نوبت دهی در شرایط کرونا, ما را در اینستاگرام دنبال کنید. [LINK_REMOVED] جهت دریافت نوبت اینترنتی و دانلود جواب به سایت تابا به آدرس زیر مراجعه فرمایید [LINK_REMOVED]","spam"
"بیا واتس اپ","ham"
"مشترک گرامی بسته اینترنت هدیه [RANDOM_NUMBER] روزه [RANDOM_NUMBER] گیگابایتی ویژه استفاده در ذره بین, امروز [DATE] برای شما آماده فعال سازی است. در صورتی که هنوز موفق به دریافت آن نشده اید, از طریق لینک زیر [RANDOM_NUMBER] گیگ اینترنت هدیه سه ماهه(هر ماه [RANDOM_NUMBER] گیگ) ویژه ذره بین را دریافت کنید. دریافت و فعال سازی رایگان: [LINK_REMOVED] پخش زنده جنگ تمام عیار ایران - کره؛ جدال برای صدرنشینی ایران - کره جنوبی ساعت [RANDOM_NUMBER] در وبگرد ذره بین ذره بین؛ تجربه متفاوت وبگردی","spam"
"ترابرد [ENGLISH]-[ENGLISH] [MASKED_NUMBER]","ham"
"نمایشگاه مبل,لوستر تخفیف ویژه [RANDOM_NUMBER][RANDOM_NUMBER]مرداد [RANDOM_NUMBER][RANDOM_NUMBER] شب جاده تهران نمایشگاه رشت","spam"
"سریع و آسان اطلاع رسانی کنید پنل پیامک رایگان+اعتبار هدیه دریافت پنل:[RANDOM_NUMBER]","spam"
"سلام. دوشنبه و چهارشنبه ده تا دوازده","ham"
"[NAME] عزیز ظرفیت هتل شمس برای تاریخ انتخابی تان تکمیل شده است. می توانید یکی از هتل های مشابه را انتخاب کنید یا با تغییر اتاق یا بازه زمانی انتخاب شده رزروتان را انجام دهید. [LINK_REMOVED] اسنپ تریپ","ham"
"بلوبانک [NAME] عزیز, سفارش بلوکارت شما ثبت شد. اگر بلوکارتتان طی [RANDOM_NUMBER] روز کاری به دستتان نرسید, با ما تماس بگیرید. تحویل کارت به خودتان و فقط با ارائه ی مدرک شناسایی انجام می شود. بلولاین: [LINK_REMOVED] [MASKED_NUMBER] [RANDOM_NUMBER].[RANDOM_NUMBER] [TIME]","ham"
"«کاوه نگار» به مناسبت روز مهندس, سرویس پیشرفته و فوق پیشرفته کاوه نگار را می توانید فقط امروز با [RANDOM_NUMBER] درصد تخفیف تمدید و یا فعال نمائید. روز مهندس بر شما عزیزان مبارک [LINK_REMOVED] [MASKED_NUMBER]","spam"
"من همین ی خطو بیشتر ندارم ولی دگ الان نمیخام میخام بخابم فردا میرم مغازه ش میگیرم .. مرسی","ham"
"کدام شهری?","ham"
"بسته های ساعتی فوق العاده به صرفه مکالمه و اینترنت مدارفیروزه ای برای حرفه ای ها مشاهده و خرید با شماره گیری کد [USSD_REMOVED] و یا از طریق اپلیکیشن همراه من [LINK_REMOVED] همراه اول, همراه لحظه های دیجیتال","spam"
"جوایز [ENGLISH],[ENGLISH][RANDOM_NUMBER],[ENGLISH] امروزوفرداهرخریداز[USSD_REMOVED]سه شانس پژو[RANDOM_NUMBER] زمان[RANDOM_NUMBER]آذر [LINK_REMOVED]","spam"
"سلام امیدوارم خوب باشی من امشب تا ساعت [RANDOM_NUMBER]ونیم اینا تمرین دارم معالی آبادم بعدش میخوام با دوستم برم پیتزا بخورم میخواستم بدونم شماهم به ما میپیوندی?","ham"
"کد تائید: [RANDOM_NUMBER] برای بازیابی رمزعبور کارگزاری مفید","ham"
"به روزرسانی بلو دوست عزیز, لطفا اپلیکیشن بلو رو از لینک زیر به روزرسانی کنین: [LINK_REMOVED]","ham"
"کاربر گرامی علی بابا تعداد [RANDOM_NUMBER] امتیاز با تاریخ انقضاء [DATE] بابت استفاده از سفارش [RANDOM_NUMBER] در حساب باشگاه مشتریان شما منظور شد. جزئیات بیشتر: [LINK_REMOVED]","ham"
"تا حالا [RANDOM_NUMBER] برنده شدی? تا پنجشنبه [RANDOM_NUMBER]برابر امتیاز با خرید شارژ و بسته از [USSD_REMOVED] [RANDOM_NUMBER]مهرقرعه کشی[RANDOM_NUMBER]مین[RANDOM_NUMBER] اطلاعات بیشتر: [LINK_REMOVED]","spam"
"اره اشکال نداره","ham"
"توزیع انواع ماسک به قیمت تولیدی ماسک جراحی [RANDOM_NUMBER] تومان ماسک [RANDOM_NUMBER] بعدی [RANDOM_NUMBER] تومان گروه تحقیقاتی رویان [MASKED_NUMBER] [LINK_REMOVED]","spam"
"تیکت شما با موفقیت ثبت شد تیکت شما با شماره پیگیری: [ENGLISH]-[ENGLISH][ENGLISH] با موفقیت ثبت شد. تیم پشتیبانی ما در اسرع وقت به درخواست شما پاسخ خواهد داد.","ham"
"بانی مد با انتخاب [RANDOM_NUMBER] کالا فقط هزینه [RANDOM_NUMBER]کالا را پرداخت کن خرید:[LINK_REMOVED]","spam"
"مسابقه تحلیل داده یونیدرو همراه با [RANDOM_NUMBER] میلیون تومان جایزه این مسابقه جمعه [RANDOM_NUMBER] مرداد در کوئرا برگزار خواهد شد. علاوه بر جایزه روزمه افراد برتر در فرآیند استخدام یونیدرو برای پروژه های آتی این موسسه در حوزه هوش مصنوعی قرار خواهد گرفت. ثبت نام رایگان: [LINK_REMOVED]","spam"
"کد تایید دیوار: [ENGLISH]: [RANDOM_NUMBER] این کد مختص شماست, لطفاً برای دیگران نفرستید. شناسه: [ENGLISH][RANDOM_NUMBER]","ham"
"تولدتان را صمیمانه تبریک گفته و از ایزد منان برایتان شادی سلامتی و سربلندی آرزو داریم. کارگزاری توسعه معاملات کیان","spam"
"شکست دیوارهای تبعیض و ویروس تحریم های یکجانبه در دستان توست. برای یاری رسانی به پزشکان و پرستاران عزیزمان, با چهره های محبوب ورزشی و هنری کشورمان در کمپین جهانی ""نه به تحریم, نه به کرونا"" همراه شو! لطفا با مراجعه به سایت زیر به این کمپین مردمی بپیوندید: [LINK_REMOVED]","spam"
"مشتری گرامی با عنایت به راکد بودن سپرده شما و عدم تعیین تکلیف آن در موعد مقرر, طبق دستورالعمل بانک مرکزی, سپرده مذکور به سرفصل مطالبه نشده منتقل شده است؛ لیکن هرگونه گردش مالی اعم از حضوری و غیر حضوری موجب فعال شدن آن خواهد شد.","ham"
"[NAME] عزیز, قسطی بخر گلکسی ببر! فقط تا [RANDOM_NUMBER] بهمن فرصت داری به مناسبت دوساله شدن سرویس اعتباری اسنپ پی از فروشگاه های دیجیتال در [RANDOM_NUMBER] قسط بدون کارمزد خرید کنی و برنده گلکسی اس [RANDOM_NUMBER] و کلی جایزه دیگه بشی. برای خرید, روی لینک زیر بزن: [LINK_REMOVED]","spam"
"کیف وکفش [ENGLISH] حراج [RANDOM_NUMBER]% ارگ تجریش [MASKED_NUMBER] [LINK_REMOVED]","spam"
"تبریک ! [RANDOM_NUMBER]پیامک ایرانسلی رایگان برای امروز به شما تعلق گرفت . اطلاع از حساب : [USSD_REMOVED]","spam"
"در صورت مشاهده یا مواجهه با موارد کودک آزاری, همسر آزاری در ایام کرونا, برای دریافت خدمات اجتماعی–روانی به صورت رایگان و شبانه روزی با شماره تلفن [RANDOM_NUMBER], اورژانس اجتماعی سازمان بهزیستی کشور, تماس بگیرید","ham"
"اولین قسمت سریال ""خاتون"" امشب منتشر می شود. بدون خرید اشتراک و با [RANDOM_NUMBER] گیگ اینترنت هدیه ویژه استفاده در ذره بین اولین قسمت سریال جذاب و دیدنی ""خاتون"" را در اپلیکیشن ذره بین رایگان تماشا کنید. دانلود و تماشای رایگان: [LINK_REMOVED] ذره بین؛ تجربه متفاوت وبگردی همچنین در صورت عدم تمایل به دریافت رایگان اخبار, کمپین ها, جوایز و هدایای ذره بین عدد [RANDOM_NUMBER] را به [RANDOM_NUMBER] ارسال نمایید.","spam"
"مشترک گرامی شماره [MASKED_NUMBER] به منظور جلوگیری از محدودیت یک طرفه میان دوره, نسبت به پرداخت بدهی به روز خود اقدام نمایید. قابل پرداخت [RANDOM_NUMBER] ریال شناسه قبض [RANDOM_NUMBER] شناسه پرداخت [RANDOM_NUMBER] پرداخت از طریق [USSD_REMOVED], [USSD_REMOVED], اپلیکیشن همراه من, تلفن گویای *[RANDOM_NUMBER] و [RANDOM_NUMBER] همراه اول","ham"
"گوشی تون باکلاسه:( قانون کلی: اگر کار می کنه انگلش نده","ham"
"برای دریافت لوازم خانگی خود فوری تماس بگیرید [MASKED_NUMBER] کد[RANDOM_NUMBER]","spam"
"سلام. گفت پول کارای حساب کتابو انجام دادیم منتظریم پول بیاد. انگار یکم اون انتقاله از صرافی زمان برده","ham"
"جین وست روزپدرمبارک [RANDOM_NUMBER]کالاخرید[RANDOM_NUMBER]کالاهدیه درتا[RANDOM_NUMBER]%[ENGLISH] آدرس [LINK_REMOVED]","spam"
"[RANDOM_NUMBER]%تخفیف آزمون های آزمایشی وکالت ویژه اعیاد قربان تاغدیر مشاوره ارسال[RANDOM_NUMBER]","spam"
"آقایان گرامی محصولات جدید معجزه خاص ودرجه[RANDOM_NUMBER] [MASKED_NUMBER] [MASKED_NUMBER]","spam"
"بنتون حراج پایان فصل تا [RANDOM_NUMBER]% تخفیف روی تمامی کالاها [MASKED_NUMBER] [MASKED_NUMBER] جام جم, باملند [LINK_REMOVED]","spam"
"کد تایید ثبت نام شما در نماوا : [RANDOM_NUMBER]","ham"
"[RANDOM_NUMBER]-عرضه اولیه شرکت پارس فولاد سبزوار (نماد فسبزوار) سهمیه هر کد:حداکثر [RANDOM_NUMBER]سهم بازه قیمتی : [RANDOM_NUMBER] تا [RANDOM_NUMBER] ریال [RANDOM_NUMBER]-عرضه اولیه فرابورسی: شرکت توسعه سامانه های نرم افزاری نگین (توسن ) سهمیه هر کد حقیقی و حقوقی: [RANDOM_NUMBER] سهم قیمت عرضه: قیمت کشف شده در مرحله اول تاریخ ثبت سفارش : روز چهارشنبه [DATE] زمان ورود ثبت سفارش: مطابق با اطلاعیه ناظر بازار (خرید خودکار عرضه اولیه در فرابورس ممنوع است) برای توضیحات بیشتر به سایت کارگزاری به آدرس زیر مراجعه فرمایید. [LINK_REMOVED] واحد معاملات برخط شرکت کارگزاری بانک سامان","spam"
"کامیاب آشنا, پربازده ترین صندوق درآمد ثابت کشور در شهریور سرمایه گذاری در [ENGLISH] ""کامیاب"" از طریق سامانه آنلاین کارگزاریها [LINK_REMOVED]","spam"
"سلام دستم بنده","ham"
"نمیتونم بیام تلگرام اینترنتم کار نمیکنه","ham"
"مشترک گرامی, مدت اعتبار بسته آغازین [RANDOM_NUMBER] روزه ([RANDOM_NUMBER] گیگابایت اینترنت), شما در [RANDOM_NUMBER]-[RANDOM_NUMBER]-[RANDOM_NUMBER] [TIME] به پایان خواهد رسید.. چنانچه طرح یا بسته فعالی نداشته باشید, ادامه استفاده مشمول تعرفه عادی خواهد بود. مشاهده و خرید بسته از : رایتل من [ENGLISH].[LINK_REMOVED] یا شماره گیری [USSD_REMOVED]","ham"
"[RANDOM_NUMBER] شانس خودرو به سومین خرید امروز ویژه روز آتشنشانی *[RANDOM_NUMBER]*[RANDOM_NUMBER]","spam"
"آغاز حجامت بهاره موسسه حجامت م.انقلاب نبش والعصر [MASKED_NUMBER] [RANDOM_NUMBER]","spam"
"سلام؛ [RANDOM_NUMBER]","ham"
"تا پایان اسفند ماه شانستو امتحان کن ... [RANDOM_NUMBER] دقیقه مکالمه درون شبکه, [RANDOM_NUMBER] گیگابایت اینترنت [RANDOM_NUMBER] روزه و اینترنت نامحدود شبانه, تنها بخشی از جوایز روزانه بخش «سرگرمی» در باشگاه فیروزه ای مراجعه از طریق سامانه همراه من [ENGLISH].[LINK_REMOVED] باشگاه فیروزه ای- باشگاه مشتریان همراه اول","spam"
"مشترک گرامی مهلت زمانی بسته آلفا+ سی روزه [RANDOM_NUMBER] گیگابایت+ [RANDOM_NUMBER]مگابایت هدیه صبحانت([RANDOM_NUMBER] صبح تا [RANDOM_NUMBER] ظهر) شما به پایان رسید و بسته اینترنت آلفا+ یک روزه [RANDOM_NUMBER] گیگابایت فعال شده و تا ساعت [TIME] تاریخ [DATE] معتبر است. در صورت استفاده از سایت های داخلی منتخب, حجم مصرفی شما نصف محاسبه می شود. پس از پایان حجم یا مهلت زمانی, این بسته تمدید خودکار نخواهد شد. برای اطلاع از وضعیت بسته, کد [USSD_REMOVED] و جهت انتخاب و رزرو بسته اینترنت, کد [USSD_REMOVED] را شماره گیری فرمایید.","ham"
"[NAME] عزیز با خرید از دیجی کالا می تونی تا [RANDOM_NUMBER] روز به سادگی کالای خریداری شده رو پس بدی. برای اطلاعات بیشتر روی لینک زیر کلیک کن: [LINK_REMOVED] لغو ارسال","spam"
"هایپراستار[RANDOM_NUMBER]~[DATE] پرتقال تامسون [RANDOM_NUMBER]ک [RANDOM_NUMBER]ت زعفران مصطفوی [RANDOM_NUMBER]مثقال [RANDOM_NUMBER]ت","spam"
"««««« توربو شارژ »»»»» [RANDOM_NUMBER]#*[RANDOM_NUMBER]* رو بگیر [RANDOM_NUMBER] هزار تومان شارژ بخر تا [RANDOM_NUMBER] هزار تومان شارژ شو ««[RANDOM_NUMBER] فرصت در هر روز»»","spam"
"اخباراستخدام,ارشدو دکتری [LINK_REMOVED]","spam"
"مودی گرامی [NAME] درخواست شما جهت صدور اطلاعات کاربری در سیستم ثبت نام سریع سامانه های مالیاتی ثبت گردید. لطفا کد تاییدیه زیر را در سیستم ثبت نمایید: [RANDOM_NUMBER]","ham"
"یک دستگاه خودرو آریزو [RANDOM_NUMBER], هر هفته [RANDOM_NUMBER] پلاک طلای دل + [RANDOM_NUMBER]% تخفیف خرید اشتراک برای تماشای سریال دل در نماوا [LINK_REMOVED]","spam"
"مشترک گرامی, بسته اینترنت هدیه [RANDOM_NUMBER] گیگابایت مخصوص استفاده در ذره بین, در روز جمعه تاریخ [DATE] با نصب اپ ذره بین برای شما فعال می شود و تا [DATE] قابل استفاده خواهد بود. نصب و فعال سازی رایگان: [LINK_REMOVED] با نصب اپلیکیشن ذره بین علاوه بر دریافت اینترنت هدیه, می توانید قسمت جدید سریال “دراکولا”, “پیش گو”, “هم رفیق”, ""سیاوش"" و هزاران فیلم و سریال دیگر نماوا را رایگان تماشا کنید. در صورت عدم تمایل به دریافت رایگان کمپین ها, جوایز و هدایای ذره بین عدد [RANDOM_NUMBER] را به همین شماره ارسال نمایید.","spam"
"نه","ham"
"موسسه صندوق ذخیره فرهنگیان کد تایید شما: [RANDOM_NUMBER] مدت زمان اعتبار [RANDOM_NUMBER] ثانیه","ham"
"[RANDOM_NUMBER] گیگابایت اینترنت داخلی [RANDOM_NUMBER] روزه هدیه همراه اول به پاس [RANDOM_NUMBER] سال همراهی مشترکین فعالسازی با شماره گیری [USSD_REMOVED] یا از طریق اپلیکیشن همراه من [LINK_REMOVED]","spam"
"هرروز در خونه دوسی دربه روی ماهتون باز میکنیم. حضوری / بیرونی [RANDOM_NUMBER]","spam"
"آره راستش. منم رسما گروه آسیب پذیرم","ham"
"بیمه گذار محترم جناب آقای[NAME] با کد بیمه گذار [RANDOM_NUMBER]؛بیمه نامه شخص ثالث و حوادث راننده شماره [DATE] جهت خودروی سایپا [ENGLISH]-[ENGLISH][RANDOM_NUMBER]-[ENGLISH] به شماره انتظامی [RANDOM_NUMBER]ه[RANDOM_NUMBER]ایران[RANDOM_NUMBER] با مبلغ حق بیمه کل [RANDOM_NUMBER] ریال به صورت اقساطی با کد یکتای [RANDOM_NUMBER] در تاریخ [DATE] صادر شده و تا تاریخ [DATE] اعتبار دارد. جهت استعلام اصالت بیمه نامه از بیمه مرکزی از طریق آدرس [LINK_REMOVED] و جهت مشاهده و چاپ بیمه نامه از طریق آدرس [LINK_REMOVED] اقدام نمایید. با تشکر واحد صدور سعید مسعودی کد [RANDOM_NUMBER] شرکت بیمه معلم","ham"
"سلام صبح بخیر چه خبر از [NAME]","ham"
"[RANDOM_NUMBER]تومان تخفیف اسنپ برای [RANDOM_NUMBER]سفر در سفر اول [RANDOM_NUMBER]%تخفیف (تا سقف [RANDOM_NUMBER]تومان) و در [RANDOM_NUMBER]سفر بعدی [RANDOM_NUMBER]%تخفیف (هر بار تا سقف [RANDOM_NUMBER]تومان) بگیرید. کد تخفیف: [ENGLISH]-[RANDOM_NUMBER] اعتبار تا [RANDOM_NUMBER] آبان [LINK_REMOVED] استفاده از ماسک در سفرهای اسنپ الزامی است. توصیه های بهداشتی هنگام استفاده از اسنپ: [LINK_REMOVED]","spam"
"هموطن گرامی تماس تلفنی از پیام رسان واتساپ مبنی بر برنده شدن, کلاهبرداری و به قصد تخلیه حساب بانکی شماست. از پاسخ دادن به این تماس ها و ارائه کد ارسالی در متن پیامک جدا خودداری نمایید. معاونت اجتماعی و پیشگیری از وقوع جرم قوه قضاییه","ham"
"یک خرید مقرون به صرفه با روبان! خرید از طریق: [LINK_REMOVED]","spam"
"هایپراستار[RANDOM_NUMBER]~[DATE] چرخکرده مخلوط [RANDOM_NUMBER]گ[RANDOM_NUMBER]ت غنچه آفتابگردان [RANDOM_NUMBER]گ[RANDOM_NUMBER]ت","spam"
"هوشمندانه شارژ بخرید... با خرید شارژ از طریق اپلیکیشن همراه من علاوه بر دریافت [RANDOM_NUMBER] درصد شارژ هدیه بیشتر در هر خرید, شانس خود را برای برنده شدن [RANDOM_NUMBER] جایزه [RANDOM_NUMBER] میلیون ریالی از دست ندهید. دریافت نسخه جدید اپلیکیشن همراه من: [LINK_REMOVED]","spam"
"به فایل هات احتیاج داری و دم دستت نیست؟ با""ابرینو"" هرلحظه به فایل هات روی ابر دسترسی داشته باش. دانلود از: [LINK_REMOVED]","spam"
"[NAME] عزیز, برای استفاده مجدد از سرویس اعتباری اسنپ پی و جلوگیری از جریمه ی دیرکرد, لطفا حداکثر تا روز [RANDOM_NUMBER] آذر حسابتان را تسویه کنید. مشاهده صورت حساب: [LINK_REMOVED] اسنپ پی","ham"
"نظر خودت چیه?","ham"
"محرم به روایت تو! امسال روایتت از عزاداری های محرم را در چارخونه با دیگران به اشتراک بگذار و هر هفته تا [RANDOM_NUMBER] گیگ اینترنت رایگان دریافت کن. اطلاعات بیشتر در: [LINK_REMOVED]","spam"
"بانک سامان مشتری گرامی تا [RANDOM_NUMBER] اسفند فرصت دارید تا با انجام انتقال وجه کارت به کارت از موبایلت یکی از برندگان [RANDOM_NUMBER] جایزه [RANDOM_NUMBER] میلیونی و [RANDOM_NUMBER] جایزه [RANDOM_NUMBER] میلیونی باشید. اطلاعات بیشتر: [LINK_REMOVED]","spam"
"مدرسه فوتبال نصر مربی سعیدغلامزاده مربی فجر چمن شهرک گلستا [MASKED_NUMBER]","spam"
"هموطن گرامی برای پیشگیری از هرگونه سوءاستفاده احتمالی در کمک به آزادی زندانیان, پرداخت دیه زندانیان و حمایت از خانواده آنان, صحت شماره حساب های اعلام شده برای این منظور را از طریق تماس با روابط عمومی سازمان زندان ها استعلام نمائید. معاونت اجتماعی و پیشگیری از وقوع جرم قوه قضاییه","ham"
"بسته ویژه دهه کرامت [RANDOM_NUMBER] گیگابایت اینترنت و [RANDOM_NUMBER] ساعت مکالمه (داخل شبکه و ثابت) به مدت سه روز به قیمت [RANDOM_NUMBER]هزار تومان با شماره گیری [USSD_REMOVED]","spam"
"مؤسسه اوج آکادمی با مشارکت دانشگاه آزاد اهواز برگزار می کند ماهان تیموری برای اولین بار در خوزستان با همایش بزرگ هوش مالی [RANDOM_NUMBER] شهریور , سالن [RANDOM_NUMBER] نفری علوم و تحقیقات دانشگاه آزاد لینک خرید اینترنتی [LINK_REMOVED] تلفن [MASKED_NUMBER] [MASKED_NUMBER] [MASKED_NUMBER]","spam"
"شما بیایید من خوابم میاد.","ham"
"بانک ایران زمین مشتری گرامی سرویس اطلاع رسانی پیامکی شما برای یک دوره [RANDOM_NUMBER] ماهه تمدید شد و تا تاریخ [DATE]-[TIME] فعال خواهد بود.","ham"
"در جاده های کوهستانی برفگیر از زدن بوق, بخصوص بوق های ممتد خوداری کنید(هشدارسقوط بهمن).","ham"
"قربانت نه قالی میبافم","ham"
"بالکن دارید?","ham"
"سلام, بله, می آیم واتس آپ","ham"
"سلام صبحتون بخیر و شادی آقای [NAME] رفته پیش مادرش به محض اینکه بر گرده خونه خدمت میرسیم انشا ءالله شرمنده بابت زحمتی که کشیدید","ham"
"کارگزاری فارابی ثبت سقف سفارش [DATE] میلیون تومانی عرضه اولیه غکورش فقط با [RANDOM_NUMBER] هزار تومان جهت ثبت سفارش روی لینک زیر کلیک کنید: [LINK_REMOVED]","spam"
"سلام [RANDOM_NUMBER]هست","ham"
"ای بابا. باشه. مراقب خودت باش. خیلی از تو عکسات خوشگل تری و مهربون تری و بامزه تری بی شرف","ham"
"[RANDOM_NUMBER]ربع سکه طلا در یکشنبه طلایی[USSD_REMOVED] فقط امروز با خرید شارژ و بسته از[USSD_REMOVED] سکه ببر قرعه کشی فردا جوایز ویژه پژو[RANDOM_NUMBER]و[ENGLISH] [LINK_REMOVED]","spam"
"خریدای خونه رو به جت بسپر! [RANDOM_NUMBER] هزار تومان تخفیف اولین خرید از سوپرمارکت های اطراف با دیجی کالا جت کد: [ENGLISH] ارسال رایگان و زیر [RANDOM_NUMBER] دقیقه مهلت استفاده تا جمعه جت رو راه بنداز: [LINK_REMOVED] لغو: [RANDOM_NUMBER]","spam"
"مودم [ENGLISH] همراه اول با [RANDOM_NUMBER] گیگابایت اینترنت و سیم کارت اعتباری. خرید از فروشگاه آنلاین همراه اول (ارسال رایگان به سراسر کشور) [LINK_REMOVED]","spam"
"سلام هموطن عزیز, لطفا تا جایی که می توانید از منزل خود خارج نشوید و به اماکن شلوغ تردد نکنید. خواهش می کنم حتما ماسک (سه لایه) بزنید و فاصله فیزیکی ([DATE] متر) و شستشوی دست ها ([RANDOM_NUMBER] ثانیه) را رعایت فرمایید. کرونا تعارف ندارد. ارادتمند, نمکی, وزیر بهداشت.","ham"
"[RANDOM_NUMBER] امتیازبازآموزی وبینار اهمیت استفاده از روش های نوین جداسازی اسپرم در درمان ناباروری [RANDOM_NUMBER] مرداد از ساعت[RANDOM_NUMBER] پژوهشگاه رویان [MASKED_NUMBER] ثبت نام آنلاین [LINK_REMOVED]","spam"
"من بسی بسیار بغل دوستم","ham"
"مشهد[RANDOM_NUMBER]کیش[RANDOM_NUMBER] آفر ویژه دبی.ترکیه.گرجستان روسیهشبهای سفید [MASKED_NUMBER]","spam"
"مشترک گرامی مهلت زمانی بسته اینترنت آلفا+ یک روزه [RANDOM_NUMBER] مگابایت شما به پایان رسید. این بسته فاقد تمدید خودکار است و در صورت نداشتن بسته اینترنت فعال, مصرف اینترنت شما از این پس با نرخ تعرفه آزاد محاسبه خواهد شد. جهت اطلاع از وضعیت بسته اینترنت خود کد [USSD_REMOVED] و جهت فعالسازی بسته اینترنت کد [USSD_REMOVED] را شماره گیری فرمایید","ham"
"تا [RANDOM_NUMBER]% تخفیف برای مکالمه درون شبکه با خرید بسته های مکالمه همراهی مشاهده, خرید و مدیریت بسته ها در نسخه جدید اپلیکیشن همراه من ( [LINK_REMOVED] ) و یا با شماره گیری [USSD_REMOVED]","spam"
"ترافیک دروازه قرآن","ham"
"در مورد خرید [ENGLISH] پولی منتظر یه دوتا از بچه ها هستم ببینم اون ها چی می گن. فوق فوقش خودم می رم خارج می خرم:))))) چون اینطور که مشخصه حالا حالاها قرار نیست وضع نت نرمال شه","ham"
"من رفتم بیرون حالا شب بیام درسش میکنم انشا ءالله","ham"
"ما معالی آبادیم نمیدونم","ham"
"من کنار دست [NAME] نشستم داریم می ریم جم:)))","ham"
"جناب آقای[NAME] با تشکر از مشارکت شما به اطلاع می رساند؛ شما نیاز به استراحت در منزل دارید. چنانچه در روزهای آتی احساس تنگی نفس داشته و یا با علایم شدیدتری از تب/لرز/سرفه خشک/ گلودرد مواجه شدید به پایگاه سلامت ضمیمه صلواتی مراجعه نمایید.","ham"
"اینترنت اپراتورهای تلفن های همراه قطع است, نت [ENGLISH] هنوز کار می کند اما محلی شده است","ham"
"کاربر گرامی [RANDOM_NUMBER]٪ تخفیف استفاده از خدمات زودفود برای شما کد تخفیف: [ENGLISH][RANDOM_NUMBER] حداقل خرید: [RANDOM_NUMBER] تومان سقف سفارش: [RANDOM_NUMBER] تومان مهلت استفاده: [RANDOM_NUMBER] فروردین [RANDOM_NUMBER]","spam"
"شماره برام بفرست","ham"
"سلام ضدعفونی+کاور قدیمیترین قالیشویی نایینکمیل [MASKED_NUMBER] [RANDOM_NUMBER]","spam"
"[RANDOM_NUMBER]تومان تخفیف اسنپ برای [RANDOM_NUMBER]سفر در [RANDOM_NUMBER] سفر, [RANDOM_NUMBER]%(هر بار تا سقف [RANDOM_NUMBER]تومان) و در [RANDOM_NUMBER]سفر بعدی [RANDOM_NUMBER]%(هربار تا سقف [RANDOM_NUMBER]تومان) تخفیف بگیرید. کدتخفیف: [ENGLISH]-[RANDOM_NUMBER] اعتبار تا [RANDOM_NUMBER] فروردین لطفا ماسک فراموش نشود. [LINK_REMOVED]","spam"
"تماشای بازی ایران به همراه [RANDOM_NUMBER] میلیون جایزه و [RANDOM_NUMBER] دستگاه [ENGLISH][RANDOM_NUMBER] ویژه همراهان روبیکا [LINK_REMOVED] ساعت [RANDOM_NUMBER]","spam"
"شرکت شماره[RANDOM_NUMBER] پیک معتمد شیراز- پایانه کاراندیش کد بلیط [RANDOM_NUMBER] شناسه پایانه ها [RANDOM_NUMBER] تاریخ حرکت [DATE] ساعت حرکت [TIME] سایت پایانه ها, معتبرترین سامانه فروش بلیط اتوبوس [LINK_REMOVED]","ham"
"[NAME] عزیز نسخه فعلی اپلیکیشن [ENGLISH] اسنپ فود دچار اختلال شده است. برای سفارش غذا می توانید از نسخه وب اپلیکیشن ([ENGLISH]) اسنپ فود استفاده نمایید. ورود به نسخه وب اپلیکیشن: [LINK_REMOVED]","ham"
"هموطن عزیز, سلام سامانه “انتخاب ایران” با آدرس [LINK_REMOVED] از هم اکنون برای مشاهده اطلاعات نامزدها و نزدیک ترین و مناسب ترین شعبه اخذ رای در روز انتخابات, قابل بهره برداری است. [RANDOM_NUMBER] خرداد ماه منتظر دیدار شما هستیم. کمیته فن آوری اطلاعات ستاد انتخابات کشور","spam"
"آره","ham"
"بانک ملت واریز سود کوتاه مدت مشتری گرامی سود شماره [RANDOM_NUMBER] به مبلغ [RANDOM_NUMBER] واریز گردید. [DATE]","ham"
"همراه اولی عزیز شما واجد شرایط دریافت [RANDOM_NUMBER] گیگ اینترنت هدیه سه ماهه(هر ماه [RANDOM_NUMBER] گیگ) مخصوص استفاده در اپلیکیشن ذره بین هستید. برای فعال سازی اینترنت هدیه تیرماه خود, تنها تا پایان روز [DATE] فرصت دارید. نصب و فعال سازی رایگان: [LINK_REMOVED] قسمت آخر سریال “دراکولا” و سریال های “پیش گو”, “هم رفیق”, ""سیاوش"" و هزاران فیلم و سریال دیگر نماوا را در وبگرد ذره بین رایگان تماشا کنید. همچنین در صورت عدم تمایل به دریافت رایگان اخبار, کمپین ها, جوایز و هدایای ذره بین در قالب یک پیامک رایگان عدد [RANDOM_NUMBER] را به [RANDOM_NUMBER] ارسال نمایید","spam"
"مشتری گرامی, با توجه به نزدیک شدن موعد انقضای کارت بانکی شما,بمنظور حفظ سلامتی و جلوگیری از تردد غیرضروری,تاریخ انقضای آن تا پایان مرداد [RANDOM_NUMBER] تمدید شد. لذا ضروریست از ابتدای ماه بعد در تراکنشهای اینترنتی نیازمند رمز دوم,تاریخ انقضای کارت خود را [DATE] وارد نمایید.","ham"
"اگه ماشن باز هستی «کلاچ» رو با اینترنت رایگان از چارخونه نصب کن و بیا تو جمع ماشین بازها! + [RANDOM_NUMBER] گیگ اینترنت رایگان با اولین ثبت نام در چارخونه دانلود از: [LINK_REMOVED]","spam"
"مشترک گرامی جهت آگاهی از تعداد خطوط بنام در کلیه اپراتورهای تلفن همراه لطفا کد ملی خود را از طریق یکی از خطوط تلفن همراه بنام خود به سامانه [RANDOM_NUMBER] پیامک نمایید","spam"
"صدرا مغاره و اداری [RANDOM_NUMBER]میلیون نقد اقساط [RANDOM_NUMBER] ماهه کلید نحویل [MASKED_NUMBER]","spam"
"گفتی دور انداختی گفتم ناح دور ننداختم و ننداختم فقط دور شدم از همه","ham"
"مشترک گرامی با توجه به عدم واریز هزینه , سرویس [ENGLISH]-[ENGLISH].[ENGLISH] بزودی لغو خواهد شد لطفاً در صورت تمایل سرویس را تمدید نمایید - میهن وب هاست.","ham"
"آخرین قرعه ‏کشی سون: [RANDOM_NUMBER] اردیبهشت‏ [RANDOM_NUMBER] جایزه [RANDOM_NUMBER] میلیون تومانی باقی مانده","spam"
"جناب آقای [NAME] از شما تقاضا می شود با حضور خود در بخش انیمیشن انجمن سینمای جوان واقع در سینما تک سینما ناجی محفل ما را نورانی نمایید. زمان پخش: ساعت[RANDOM_NUMBER]","ham"
"دوستای خوب زندگی آدم رو عوض میکنن، با«نزدیکا»دوستای خوبت رو نزدیک خودت نگه دار! دریافت با اینترنت رایگان از چارخونه+ [RANDOM_NUMBER]گیگ اینترنت رایگان بااولین ثبت نام در چارخونه [LINK_REMOVED]","spam"
"سلام خوبی ناراحت شدم اینکه فوت کرده خدا رحمتش کنه گناه شوهر خانم [NAME]?? چش بوده","ham"
"میام میام","ham"
"مشتری گرامی؛ ضمن خوش آمدگویی و تبریک به مناسبت پیوستن شما به جمع بزرگ مشتریان بانک سپه به اطلاع می رساند امکان ارائه خدمات بانکی شامل انواع خدمات سپرده ای, تسهیلاتی و کارتی متنوع برای شما فراهم شده است. لطفاً جهت کسب اطلاعات بیشتر به شعبه خود مراجعه فرمایید. بانک سپه نخستین بانک ایرانی","ham"
"من چطور این بیست دقیقه رو تحمل کنم?","ham"
"دانا پلاس؛ تجربه ای حرفه ای از کلاس مجازی! “یک ماه رایگان ویژه مدارس” [LINK_REMOVED]","spam"
"فروش نقد و اقساط کلیه خودروهای وارداتی با پیش پرداخت [RANDOM_NUMBER]% و بازپرداخت [RANDOM_NUMBER] ماهه پرشیا خودرو بوتیک شیراز معالی آباد انتهای دوستان [MASKED_NUMBER] [MASKED_NUMBER]","spam"
"پیامرسان روبیکا بااینترنت رایگان [LINK_REMOVED] رولینک بزنید","spam"
"کارت رو هم از [NAME] بگیر بریم اتکا","ham"
"مشترک گرامی در تاریخ [DATE] یک عدد سرویس [ENGLISH]/[ENGLISH] به شماره [MASKED_NUMBER] با کد ملی شما در اپراتور شاتل ثبت گردیده است. در صورت وجود مغایرت به اپراتور مذکور مراجعه فرمایید.","ham"
"دوشنبه پژو[RANDOM_NUMBER] ببر! از امروز[RANDOM_NUMBER]برابر امتیاز باخرید شارژوبسته از[USSD_REMOVED]","spam"
"یک سال شارژ رایگان جایزه خرید شارژ از [USSD_REMOVED] امروز [RANDOM_NUMBER]برابر امتیاز","spam"
"من به [NAME] سپردم اگر می تونه از دم قسط یه اکانت پرمیوم برامون بخره","ham"
"توصیه های سازمان مدیریت بحران : عدم استقرار و نصب چادر در مناطق ساحلی رودخانه ها ومناطق کوهستانی بخصوص در مناطق با شیب زیاد ومسیلها","ham"
"*داروکده* بزرگترین وبسایت تخصصی محصولات داروخانه هزینه ارسال به سراسر ایران رایگان شد [LINK_REMOVED] [MASKED_NUMBER]","spam"
"بلوبانک رندباکس [NAME] عزیز, [RANDOM_NUMBER] ریال از حساب شما پرید. البته [RANDOM_NUMBER] ریال هم رند شده و در باکس پس انداز نشست. موجودی: [RANDOM_NUMBER] ریال [TIME] [RANDOM_NUMBER].[RANDOM_NUMBER] قرعه کشی [RANDOM_NUMBER] جایزه [RANDOM_NUMBER] میلیون تومانی؛ شنبه [RANDOM_NUMBER].[RANDOM_NUMBER]?","ham"
"از سمت پارک شهر میای?","ham"
"آفرهای مانیاپرواز مالزی[RANDOM_NUMBER] تفلیس[RANDOM_NUMBER] استانبول[RANDOM_NUMBER] وان[RANDOM_NUMBER] [MASKED_NUMBER]","spam"
"کاربر گرامی علی بابا پرواز شیراز به تهران [DATE] ساعت [TIME] کاسپین [ENGLISH][RANDOM_NUMBER] کد رزرو [ENGLISH][ENGLISH] شماره سفارش [RANDOM_NUMBER] ترمینال -- نصب اپلیکیشن علی بابا [LINK_REMOVED]","ham"
"سلام دکتر, می خواستم بپرسم چه روزهای تشریف میارید دانشگاه (آزاد شیراز)? برای کارهای تمدید سنوات نیاز به امضای شما (مدیر گروه) دارم.","ham"
"سلام سلام؛ چه صبح زیبایی, سال نو شما هم مبارک","ham"
"[NAME] عزیز سفارش شما به شناسه: [RANDOM_NUMBER] به وضعیت: کالا ارسال شده است تغییر یافت. [LINK_REMOVED]","ham"
"داداش میدونستی که سنجاب عسریخبندان در [RANDOM_NUMBER]میلون قبل وجود داشته سرج کن","ham"
"️️ شما هم دعوتید! هر ماه این شانس رو دارید تا برنده گوشی [ENGLISH][RANDOM_NUMBER] باشید. کافیه امتیاز کسب کنید و عدد [RANDOM_NUMBER] رو به [RANDOM_NUMBER] ارسال کنید. هر [RANDOM_NUMBER] هزار تومان تراکنش یک امتیاز","spam"
"بااینترنت ایرانسل, رایگان فیلیمو تماشا کن و[RANDOM_NUMBER]میلیون تومن جایزه بگیر! فیلم «لتیان» رو رایگان در فیلیمو ببین: [LINK_REMOVED]","spam"
"سمیناررایگان رمزو رازجذابیت روابط خاص,زنان شاد ویژه زنان رزروارسال:[RANDOM_NUMBER]","spam"
"دکمه غلط کردم نداره? میگم اسکرین شات تماستونو بفرستم میگید تلگرام ندارم چیکار کنم شما ول کنی?","ham"
"‏کد تأیید [ENGLISH]: [ENGLISH]-[RANDOM_NUMBER].","ham"
"هر شب یک شگفتانه تازه داریم! * میهمانان امشب برنامه «باغ آینه»: * گلاره عباسی, بازیگر محبوب سریال های این روزها. * حمید حامی, خواننده خوش صدا و مشهور موسیقی پاپ. * پخش زنده حدود ساعت [RANDOM_NUMBER] * تماشا از: روبیکا [LINK_REMOVED] آیگپ [LINK_REMOVED]","spam"
"چرا نمی شود جواب داد?","ham"
"[RANDOM_NUMBER] هزار تومان تخفیف خرید از دیجی کالا ویژه شما [NAME] عزیز فقط [RANDOM_NUMBER] روز فرصت داری, از این هدیه استفاده کنی. کد تخفیف [RANDOM_NUMBER] هزار تومانی: [ENGLISH]-[ENGLISH][ENGLISH][ENGLISH] برای خرید بالای [RANDOM_NUMBER] هزار تومان تعداد محدود بزن بریم: [LINK_REMOVED] لغو پیامک: [RANDOM_NUMBER]","spam"
"آیفون [RANDOM_NUMBER] ویژه خریداران از جیب از شر رمز پویا خلاص شو !!! [USSD_REMOVED] [LINK_REMOVED]","spam"
"عمل حذف عینک(لازک) تخفیف[RANDOM_NUMBER]% هدیه ویژه دستگاه مدرن آلکان [MASKED_NUMBER]","spam"
"می خواستم یه بالش بندازم پشت ماشین بیام بوشهر برای حمام هم برم پلاژ که کنسله, زیادی بوشهر محرومه ها","ham"
"مشتری گرامی: برای حفظ سلامتی خود وکارکنان بانک,از مراجعه غیرضروری به شعب پرهیز و امور بانکی خود را غیرحضوری انجام دهید. روابط عمومی بانک ملی ایران","ham"
"شیراز , میدان صنایع جنب صنایع الکترونیک شیراز پردیس شرکتهای دانش بنیان , طبقه هفتم واحد [RANDOM_NUMBER] زمان مصاحبه : [RANDOM_NUMBER] صبح , یک شنبه","ham"
"اره متاسفانه پاییز عقب افتاده","ham"
"جشنواره بزرگ ماه مبارک باافق کوروش [RANDOM_NUMBER]و[RANDOM_NUMBER]اردیبهشت زعفران نیم گرم دردانه[RANDOM_NUMBER]ت اسپاگتی[RANDOM_NUMBER]رشته[RANDOM_NUMBER]گ زر[RANDOM_NUMBER]ت نوشابه[RANDOM_NUMBER]ل کوکا[RANDOM_NUMBER]ت رشته آش[RANDOM_NUMBER]گ سمیه[RANDOM_NUMBER]ت خریداینترنتی وتحویل درب واحداز: [LINK_REMOVED]/[RANDOM_NUMBER]","spam"
"اگر امروز بخوایم بریم جایی کم کم باید بزنیم بیرون","ham"
"مشترک گرامی در حال حاضر بسته اینترنت برای شما فعال نیست و مصرف اینترنت شما با تعرفه آزاد محاسبه می شود. شما تا ساعت [TIME] تاریخ [DATE] مبلغ [RANDOM_NUMBER] هزار تومان با نرخ تعرفه آزاد از اینترنت استفاده کرده اید. پیشنهاد می شود جهت مدیریت هزینه با شماره گیری کد [USSD_REMOVED] نسبت به خرید بسته اینترنتی اقدام نمایید.","ham"
"بلوبانک سود شما [NAME] عزیز, [RANDOM_NUMBER] ریال بابت سود ماهانه به حساب نشست. موجودی: [RANDOM_NUMBER] ریال [TIME] [RANDOM_NUMBER].[RANDOM_NUMBER]","ham"
"اومدم","ham"
"تا [RANDOM_NUMBER]% تخفیف هر چی که بخوای چله تو تیمچه منتظرتیم! بزن بریم: [LINK_REMOVED] فقط تا پایان امروز","spam"
"هر شب از ساعت [RANDOM_NUMBER] تا [TIME] بامداد, دعوتید به تماشای ویژه برنامه ""قرار سحر"" * اجرای فرزاد جمشیدی در جوار حرم امام رضا(ع) * و گفتگوهای ناب با چهره های محبوب شما تماشا از: روبیکا [LINK_REMOVED] آیگپ [LINK_REMOVED]","spam"
"اکران نوروزی تکخال لاله خورشید خون شد و.. هنرشهرآفتاب [LINK_REMOVED]","spam"
"[NAME] عزیز دیجی کالا حواسش به سلیقه ی تو هست. جالب ترین کالاها برای تو همین جاست! [LINK_REMOVED] لغو ارسال [RANDOM_NUMBER]","spam"
"شارژ [RANDOM_NUMBER]تومنی رایگان به دو هزار شماره اولی که در اپ ""لبیک"" اشتراک بگیرند, تعلق خواهد گرفت. دریافت با ارسال عدد [RANDOM_NUMBER] روزی سیصدتومن","spam"
"سمیناررایگان چگونه میتوان در[RANDOM_NUMBER]روز [RANDOM_NUMBER]میلیون تومان پول ساخت شرح ارسال[RANDOM_NUMBER]","spam"
"[RANDOM_NUMBER]جایزه[RANDOM_NUMBER]میلیون تومانی برای[RANDOM_NUMBER] نفر + [RANDOM_NUMBER]بسته اینترنت یکساله برای[RANDOM_NUMBER]نفر باخریدشارژوبسته از[USSD_REMOVED] یااپ ستاره یک نصب کن [LINK_REMOVED]","spam"
"[RANDOM_NUMBER]بسته اینترنت یکساله برای[RANDOM_NUMBER]نفر باخریدشارژوبسته وپرداخت قبض همراه از[USSD_REMOVED] جایزه ویژه[RANDOM_NUMBER]میلیاردتومان+ [RANDOM_NUMBER] [LINK_REMOVED]","spam"
"کد فعال سازی سرویس جلسات را وارد کنید : [RANDOM_NUMBER]","ham"
"ورود به سامانه احراز هویت مرکزی: [NAME] [DATE] [TIME]","ham"
"باجگاه هستیم","ham"
"#کروناراشکستمیدهیم جهت دوری از تماس با ویروس در مترو,با""ایزی پی""بدون مراجعه به باجه ودستگاه,کارت خودرا شارژ کنید [LINK_REMOVED]","spam"
"پارانه شماقطع شدیرای فعال سازی در لینک زیر ثبت نام کنید. [LINK_REMOVED]","spam"
"تخفیف اشتراک نمادمن فقط تا ساعت [RANDOM_NUMBER] ظهر فردا [LINK_REMOVED]","spam"
"بازنشستگان گرامی برای رفاه حال شما بویژه در این ایام , براساس تفاهمنامه امضا شده با فروشگاههای افق کوروش , میتوانید با استفاده از کارت بانکی حقوق خود از تخفیف [DATE] درصدی مازاد بر تخفیف های همیشگی این فروشگاه ها بهره مند شوید. صندوق بازنشستگی کشوری","spam"
"[ENGLISH]. [ENGLISH] در این سایت","ham"
"عرضه اولیه شرکت سپید ماکیان (نماد سپید) سهمیه هر کد:حداکثر [RANDOM_NUMBER] سهم بازه قیمتی : [RANDOM_NUMBER] تا [RANDOM_NUMBER] ریال تاریخ ثبت سفارش : فردا چهارشنبه [DATE] زمان ورود ثبت سفارش: طبق اطلاعیه پیام ناظر با تشکر واحد معاملات برخط شرکت کارگزاری بانک سامان","ham"
"بانک اقتصادنوین برداشت از: [RANDOM_NUMBER] [RANDOM_NUMBER] ریال [DATE] [TIME] مانده:[RANDOM_NUMBER] ریال","ham"
"با توجه به هشدارهای هواشناسی و وضعیت قرمز در استان از تردد غیر ضروری پرهیز نمایید. اداره کل مدیریت بحران استان فارس","ham"
"دهان و پینی خود را هنگام سرفه و عطسه با دستمال (ترجیحا) ویا قسمت بالای آستین بپوشانید.","ham"
"سلام مامانی من واقعا میترسم کی میای","ham"
"حالشو ببر","ham"
"آخرین فرصت ریزش قیمت کولرگازی,یخچال بانه,گناوه [MASKED_NUMBER] تحویل منزل","spam"
"من تازه بیدار شدم یادآوری کنم:))","ham"
"نام کاربری و یا کلمه عبور با موفقیت تغییر یافت صندوق صندوق سرمایه گذاری مشترک یکم سامان","ham"
"سلام [NAME] جون خوبین?? مامانم میگه صدقه ندارید? واجبه","ham"
"مشترک گرامی ابر آسیاتک سرور ابری شما با نام [ENGLISH] ایجاد شده و آماده بهره برداری است.","ham"
"ممنون ببینم ماشین هست تا پلیس راه بیام دوباره خبر میدم","ham"
"فلزیاب پیشتاز فروش طلایاب فلزیاب تصویری [MASKED_NUMBER] [MASKED_NUMBER]","spam"
"همراهان اکبرجوجه ملل امروز از اسنپ فود با تخفیف خرید کنید [MASKED_NUMBER]","spam"
"سال نو مبارک آخرین فرصت جشنواره تخفیف فرادرس ویژه «سال نو», با [RANDOM_NUMBER] درصد تخفیف را از دست ندهید. کد تخفیف: [ENGLISH][RANDOM_NUMBER] لینک: [LINK_REMOVED]","spam"
"دکترتو: نوبت شما از دکتر سید سادات سپهرتاج برای شنبه [DATE] ساعت[TIME] ثبت شد.زمان انتظار شما با توجه به روند کاری هر مطب غیر قابل پیش بینی میباشد. لطفا صبور باشید. پشتیبانی: [MASKED_NUMBER]","ham"
"میدونین چطوره؟","ham"
"اون بار می شه","ham"
"تبریک! کد تخفیف: [ENGLISH][RANDOM_NUMBER] ایرانسلی عزیز, تبریک! شما برنده [RANDOM_NUMBER]هزار تومان تخفیف شدید. برای استفاده از تخفیف [RANDOM_NUMBER] هزار تومانی خرید گوشی های متنوع آنر و سامسونگ از فروشگاه اینترنتی موبایلتو تنها تا [RANDOM_NUMBER] مرداد فرصت دارید. ظرفیت استفاده از این کد فقط برای [RANDOM_NUMBER]نفری است که زودتر اقدام به خرید نمایند. خرید از طریق: [LINK_REMOVED]","spam"
"من می خواهم بیام بیرون یه سری خرید ریز کنما, مطمعنی نیام","ham"
"مشترک گرامی بسته اینترنت آلفا+ یک روزه [RANDOM_NUMBER] گیگابایت در ساعت [TIME] مورخ [DATE], با موفقیت برای شما رزرو شد و پس از پایان بسته فعلی فعال خواهد شد.","ham"
"به مناسبت افتتاحیه کیف و کفش خانواده[ENGLISH] جمعه[DATE]ساعت[RANDOM_NUMBER]با هر[RANDOM_NUMBER]هزارتومان خرید[RANDOM_NUMBER]هزارتومان بن هدیه بگیرید جاده طرقبه امام رضا[RANDOM_NUMBER]","spam"
"مشتری محترم کارگزاری دنیای نوین با سلام پیرو تصمیمات سازمان بورس اوراق بهادار آن دسته از مشتریانی (حقیقی- حقوقی) که هنوز موفق به ثبت نام در سامانه سجام نشده اند , می بایست تا تاریخ [DATE] نسبت به ثبت نام و احراز هویت در سامانه سجام اقدام نمایند. بدیهی است در صورت عدم سجامی شدن, محدودیت در ارائه خدمات به ایشان صورت خواهد گرفت و کدها تا زمان مشخص شدن وضعیت سجامی آنها مسدود (خرید و فروش ) میگردد.","ham"
"دکترتو: نوبت شما از دکتر [NAME] برای دوشنبه [RANDOM_NUMBER]-[RANDOM_NUMBER]-[RANDOM_NUMBER] ساعت [TIME]ثبت شد.زمان انتظار شما با توجه به روند کاری هر مطب غیر قابل پیش بینی میباشد. لطفا صبور باشید. پشتیبانی: [MASKED_NUMBER] [RANDOM_NUMBER]","ham"
"بلو بانک خدمت شما دوست عزیز [ENGLISH]: [RANDOM_NUMBER]","ham"
"مشترک گرامی بسته اینترنت هدیه پاییزه, [RANDOM_NUMBER] گیگابایت [RANDOM_NUMBER] روزه(هر ماه [RANDOM_NUMBER] گیگ) ویژه استفاده در ذره بین امروز [DATE] آماده فعال سازی است. دریافت و فعال سازی رایگان: [LINK_REMOVED] با نصب اپلیکیشن ذره بین علاوه بر دریافت اینترنت هدیه, آخرین اخبار و مطالب جذاب شبکه های اجتماعی را در موضوعات سرگرمی, اقتصادی, پزشکی, ورزشی و ... با اینترنت رایگان دنبال کنید. ذره بین؛ تجربه متفاوت وبگردی","spam"
"سلام اگه مقدوره سه تومن قرض بده تا سربرج البته بدون تعارف اگه داری ممنونم","ham"
"میاااااام","ham"
"بازنشستگان گرامی براساس تفاهمنامه با فروشگاههای افق کوروش,با استفاده ازکارت بانکی حقوق خود میتوانید ازتخفیف [RANDOM_NUMBER]درصدی محصولات پگاه علاوه بر تخفیف [RANDOM_NUMBER]درصد خرید ویژه بازنشستگان وتخفیف های همیشگی این فروشگاهها,بهره مندشوید. تلفن راهنما : [RANDOM_NUMBER] [MASKED_NUMBER] صندوق بازنشستگی کشوری","spam"
"بازنشسته گرامی پیرو توافق صورت گرفته باگروه هتلهای ایرانگردی و جهانگردی,از این پس می توانید از تخفیف تا [RANDOM_NUMBER] درصدی مراکز اقامتی این گروه بهره مند شوید. ضمنا هزینه اقامت خود را بصورت اقساط بپردازید اطلاعات بیشتر: [LINK_REMOVED] مرکز پاسخگویی [MASKED_NUMBER] صندوق بازنشستگی کشوری","spam"
"سلام سیداحمدم عشایر چادرنش شهرخمین عموم تو صهرا با گوسفنداسه کیلوسکه تلاو[RANDOM_NUMBER]مجسمه پیداکردمیخامبفروشم اگرمیخای هرکت کنبیا نسف شمانسف ماقسمت دادم ابلفضل برای کسی چیزی نگو بقران سرکاری نیست زنگ بزن منتزرم","ham"
"حمل هر نوع سلاح سرد از قبیل افشانه ها و شوکر بدون مجوز و یا چاقو, قمه, شمشیر و پنجه بوکس, به منظور قدرت نمایی, درگیری, اخاذی, جرح و مانند آن جرم است و فرد مرتکب به مجازات مقرر محکوم می شود. معاونت اجتماعی و پیشگیری از وقوع جرم قوه قضاییه","ham"
"عضو محترم باشگاه فیروزه اى، با توجه به تراکنش هاى شما طى هفته گذشته، شما مشمول دریافت امتیازات زیر در باشگاه فیروزه اى مى باشید. خرید شارژ: [RANDOM_NUMBER] امتیاز در صورتیکه هنوز امتیازات مربوطه را دریافت نکرده اید مى توانید با مراجعه به صفحه ""امتیازگیرى"" نسبت به دریافت این امتیازات اقدام نمایید. باشگاه فیروزه اى– باشگاه مشتریان همراه اول","spam"
"جهت دریافت تخفیف کالای خود سریعاً تماس بگیرید داخلی [RANDOM_NUMBER] [MASKED_NUMBER]","spam"
"با شتاب در مسیر پیشرفت مشتری گرامی با سلام به اطلاع می رساند بانک مهر اقتصاد( وابسته به بانک سپه ) به شبکه سراسری شتاب پیوست , این موفقیت بزرگ را به شما و تمامی همراهان صمیمی و وفادار بانک , تبریک و تهنیت عرض می نمائیم . اداره روابط عمومی و امور مشتریان بانک مهر اقتصاد","ham"
"[RANDOM_NUMBER] تومان تخفیف مشاوره ی پزشکی و روانشناسی, دریافت نسخه ی آنلاین و ارسال دارو کد: [ENGLISH][ENGLISH][ENGLISH][RANDOM_NUMBER] اعتبار:[RANDOM_NUMBER] تیر کافی است در سوپراپلیکیشن اسنپ, «پزشک و مشاور» را انتخاب کنید. [LINK_REMOVED]","spam"
"امشب دوست دارید «سالار عقیلی» کدام قطعه را اجرا کند?! * ویژه برنامه «باغ آینه» * هر شب حدود ساعت [RANDOM_NUMBER] * پخش زنده از روبیکا و آیگپ [LINK_REMOVED] برای انتخاب آهنگ مورد درخواست خود روی لینک زیر بزنید [LINK_REMOVED]","spam"
"باشه حتما, خوب بود سیگارش??","ham"
"هواپیمایی کاسپین سفر خوشی را برای شما آرزومند است. کد رزرو: [ENGLISH][ENGLISH] مسیر پروازی: شیراز به تهران تاریخ پرواز: [RANDOM_NUMBER]-[RANDOM_NUMBER]-[RANDOM_NUMBER] [TIME]","ham"
"فرناز عزیز, تا [RANDOM_NUMBER] هزار تومان هدیه با خرید پرواز داخلی از آپ (واریز به کیف پول) اعتبار تا جمعه خرید بلیت: [LINK_REMOVED]","spam"
"مشتری گرامی جناب آقای/سرکار خانم [NAME] از همراهی شما با این کارگزاری , سپاسگزاریم. جهت ورود به حساب کاربری خود از اطلاعات زیر استفاده نمایید: نام کاربری : [MASKED_NUMBER] رمز عبور :[ENGLISH][RANDOM_NUMBER] لینک ورود به سامانه : [LINK_REMOVED]","ham"
"مشترک گرامی نوروز مبارک با به روزرسانی و مراجعه به نسخه جدید اپلیکیشن همراه من تا [RANDOM_NUMBER] هزار ریال عیدی بگیرید. [LINK_REMOVED]","spam"
"پذیره نویسی واحدهای صندوق ""سرمایه گذاری مختلط زیتون, نماد پایا "" فردا [DATE] از طریق شبکه شرکت های کارگزاری کارگزار عامل پذیره نویسی: کارگزاری بانک سامان اطلاعات بیشتر [MASKED_NUMBER]","spam"
"آخرین باری که حرف زدیم همون بود دیگه?","ham"
"[NAME] عزیز با پرداخت صورت حساب دوره جدید سرویس اینترنت پرسرعت خط شماره [RANDOM_NUMBER] تا [RANDOM_NUMBER] روز آینده از [RANDOM_NUMBER] مگابایت ترافیک یک روزه به عنوان جایزه خوش حسابی بهره مند خواهید شد. لینک پرداخت: [LINK_REMOVED] با سپاس/ شاتل","spam"
"[NAME] عزیزبا تشکر از خرید شما جهت ارائه خدمات بهتر ایران برگر و شرکت در قرعه کشی, در نظرسنجی شرکت و [RANDOM_NUMBER] امتیاز دریافت نمایید. [LINK_REMOVED]","spam"
"هایپراستار[RANDOM_NUMBER]~[DATE] انار [RANDOM_NUMBER]ک[RANDOM_NUMBER]ت گلنارصابون[RANDOM_NUMBER]عددی[RANDOM_NUMBER]ت همدل عدس[RANDOM_NUMBER]گ[RANDOM_NUMBER]%","spam"
"برای دریافت امتیاز لوازم خانگی خود تماس بگیرید [MASKED_NUMBER] فوری کد[RANDOM_NUMBER]","spam"
"دقیقا کجاش?","ham"
"منم چیزی ندارم و این یک بار هم نظریم که مکالمه به پایان رسیده.","ham"
"صدای «عادل فردوسی پور» را از فیدیبو بشنوید! کتاب صوتی «هنر شفاف اندیشیدن» [LINK_REMOVED] لغو [RANDOM_NUMBER]","spam"
"خب من کارم تموم شد؛ بهتون ملحق می شوم. لطفا محلی که باید بیام رو بهم بگو","ham"
"همراه اولی عزیز اگر تا کنون [RANDOM_NUMBER] گیگ اینترنت هدیه خود را دریافت نکرده اید, با نصب اپلیکیشن ذره بین [RANDOM_NUMBER] گیگ(هر ماه [RANDOM_NUMBER] گیگ) اینترنت هدیه مخصوص استفاده در اپلیکیشن ذره بین را دریافت کنید و قسمت جدید سریال ""دراکولا"" و هزاران فیلم و سریال دیگر را در وبگرد ذره بین رایگان تماشا کنید. [LINK_REMOVED]","spam"
"جواب نمیده چراامیمقگقمقنثبنشن","ham"
"میخوای بیای بچرخی?","ham"
"کاربر عزیز فیدیبو, سلام با توجه به اینکه مدتیست کتابی از فیدیبو خریداری نکرده اید, از شما تقاضا می کنیم در این نظرسنجی شرکت کنید تا فیدیبو را هر چه بیشتر به ایده آل مورد نظر شما نزدیک کنیم و بتوانیم خدمات بهتری به شما ارائه کنیم. از اینکه همراه فیدیبو هستید, خوشحالیم و قدردان همراهی شما هستیم. [LINK_REMOVED]","spam"
"سلام, صبح به خیر؛ در مورد ترجمه های من پیشرفتی حال شده?","ham"
"سلام ازتلفن خودم برنامه اش حذف کردم چشم فردا صبح حتما میریزم حساب دارم نگران نباش عزیزم","ham"
"کسب درآمد دلاری از بازار فارکس رهایی از تورم ایران کسب سود از نوسان ارز درآمد پایدار و کسب ثروت ثبت نام ارسال عدد [RANDOM_NUMBER] به [RANDOM_NUMBER]","spam"
"با اینکه سال تحصیلی شروع شده، ولی هنوز بچه هایی هستند که ابزارهای لازم را برای درس خواندن ندارند؛ به خصوص در شرایطی که خیلی از آموزش ها مجازی شده. شما مردم عزیز ایران می توانید از طریق شماره گیری [USSD_REMOVED] و یا واریز مبالغ نقدی خود به شماره کارت [RANDOM_NUMBER]-[RANDOM_NUMBER]-[RANDOM_NUMBER]-[RANDOM_NUMBER] سهمی در تحصیل کودکان محروم داشته باشید. ایران همدل، بزرگترین پویش مردمی ایران است که کمک های شما را از طریق بهزیستی و کمیته امداد به دست نیازمندان می رساند.","spam"
"ساعت چند می خوای بروی?","ham"
"آخرین روز شرکت در قرعه کشی [RANDOM_NUMBER] میلیون تومانی کاربر عزیز همراه من, امروز [RANDOM_NUMBER] شهریور می توانید از طریق لینک زیر اپلیکیشن اوانو را نصب نموده و وارد آخرین قرعه کشی تابستان شوید. [LINK_REMOVED]","spam"
"برای پیشگیری از ابتلا به ویروس کرونا: دستها را مرتب با آب و صابون بشویید. از دست دادن و بوسیدن افراد دارای علائم سرماخوردگی خودداری کنید. هنگام عطسه و سرفه از دستمال استفاده کنید. از مواد غذایی بهداشتی و مطمئن استفاده کنید. وزارت بهداشت, درمان و آموزش پزشکی","ham"
"من توی انتظار کشیدن آدم جالبی نیستم, عصبی می شم؛ همون جمعه ایمیل می داد می گفت رد شدی خلاص, صبح هم که بهش ایمیل دادم هنوز جواب نداده.","ham"
"با فروش تلفنی تارا راحت تر خرید کنید �� [RANDOM_NUMBER]صبح تا [RANDOM_NUMBER] شب تماس [MASKED_NUMBER]","spam"
"[RANDOM_NUMBER] هزارتومان تخفیف هدیه خرید اول اینترنتی شما از افق کوروش کدتخفیف: [ENGLISH] حداقل خرید: [RANDOM_NUMBER]هزارتومان تحویل یک ساعته رایگان! در قسمت انتخاب فروشگاه افق کوروش را انتخاب کنید [LINK_REMOVED]","spam"
"[RANDOM_NUMBER]تومان تخفیف اسنپ برای [RANDOM_NUMBER]سفر در سفر اول، [RANDOM_NUMBER]% تخفیف (تا سقف [RANDOM_NUMBER]تومان) و در [RANDOM_NUMBER]سفر بعدی؛ هر بار [RANDOM_NUMBER]% (تا سقف [RANDOM_NUMBER]تومان) تخفیف بگیرید. کد تخفیف: [ENGLISH]-[RANDOM_NUMBER] اعتبار تا [RANDOM_NUMBER] مهر [LINK_REMOVED] توصیه های بهداشتی هنگام استفاده از اسنپ: [LINK_REMOVED]","spam"
"سلام کجای خونه نبودی .سه شنبه بریم بیرون?","ham"
"واااای واسه همینه هیچ خبری نیست","ham"
"ببین این بخاطر قلب پاکمه","ham"
"هرهفته [RANDOM_NUMBER]میلیون تومان! امروز [RANDOM_NUMBER]برابر امتیازخریدشارژوبسته از[USSD_REMOVED] قرعه کشی شب یلدا بااجرای حسن ریوندی از [LINK_REMOVED]","spam"
"ووی ما هم داریم میایم","ham"
"[NAME] عزیز از سوپرمارکت چیزی نمیخوای?! سفارش آنلاین محصولات سوپرمارکتی از اسنپ فود ارسال زیر [RANDOM_NUMBER] دقیقه مشاهده سوپرمارکت ها: [LINK_REMOVED]","spam"
"اطلاعیه ویژه خط شما تا [RANDOM_NUMBER]درصد شارژ بیشتر با خرید شارژ وفاداری از[USSD_REMOVED]","spam"
"سلام میشه بپرسی چندسال به بالا رو دارن میزنن [NAME]","ham"
"خرید [RANDOM_NUMBER] دلار آمریکا در تاریخ [DATE] از صرافی عبدالرزاق رنجبر وشرکا شناسه ملی خریدار: [RANDOM_NUMBER] شماره پیگیری: [MASKED_NUMBER]","ham"
"شکن رو می گم","ham"
"ا این شماره:) اتفاقا قرار بود ساعت [RANDOM_NUMBER] برم ماشین رو ببینم که وقتی رسیدم هرچی زنگ زدم جواب ندادن","ham"
"مشترک گرامی :جوایز خوش حسابی مشترکینی که تا پایان فروردین ماه نسبت به پرداخت بدهی تلفن همراه خویش اقدام نمایند عبارتند از :کمک هزینه پانصدمیلیون ریالی خرید خودرو --گوشی تلفن همراه و صدها جایزه ارزنده دیگر","spam"
"مشترک گرامی مهلت استفاده از بسته اینترنت [RANDOM_NUMBER] روزه, [RANDOM_NUMBER] گیگابایت بین الملل + [RANDOM_NUMBER] گیگابایت داخلی شما در ساعت [TIME] روز [DATE] به پایان می رسد. پس از به پایان رسیدن این بسته, بسته آلفا+ سی روزه [RANDOM_NUMBER]گیگابایت + [RANDOM_NUMBER] مگابایت هدیه صبحانت([RANDOM_NUMBER] صبح تا [RANDOM_NUMBER] ظهر) بطور خودکار برای شما فعال خواهد شد. جهت تغییر بسته رزرو, کد [USSD_REMOVED] و جهت لغو بسته رزرو, کد [USSD_REMOVED] را شماره گیری فرمایید.","ham"
"حتی با یه هزاری گوشی [RANDOM_NUMBER] میلیونی [ENGLISH][RANDOM_NUMBER] ببر با خرید شارژ و شرکت در قرعه کشی [USSD_REMOVED]","spam"
"مهمان گرامی : برای ارسال نظر خود در رابطه با کیفیت غذای مهمانسرا بر روی لینک زیر کلیک نمایید [LINK_REMOVED]","ham"
"هنوز طرح استثنایی لندو رو ندیدی? تا [RANDOM_NUMBER] میلیون وام خرید کالا بدون چک, ضامن و جریمه دیرکرد!! با سودی کمتر از همیشه درخواستت رو ثبت کن: [LINK_REMOVED]","spam"
"مشترک گرامی [RANDOM_NUMBER] گیگابایت اینترنت هدیه [RANDOM_NUMBER] روزه به مناسبت روز جهانی اینترنت ویژه ذره بین تا ساعت [TIME] امروز جمعه [DATE](روز جهانی اینترنت) با نصب اپلیکیشن ذره بین, [RANDOM_NUMBER] گیگ اینترنت هدیه پنج ماهه(هر ماه [RANDOM_NUMBER] گیگ) ویژه استفاده در ذره بین دریافت کنید. دریافت و فعال سازی رایگان: [LINK_REMOVED] ذره بین؛ تجربه متفاوت وبگردی","spam"
"می دونی اگه گوشیت بسوزه همه عکسات از بین می ره? راه حل: [RANDOM_NUMBER] گیگ فضای ابری که فایل هات رو با خیال راحت توش نگه داری. دانلود از: [LINK_REMOVED]","spam"
"کابر گرامی سجام, با درگاه یکپارچه ذینفعان, خدمات نوین سهامداری در بازار سرمایه را تجربه کنید. [LINK_REMOVED] فرهنگسرمایهگذاری","spam"
"یه ماست کوچیک می گیری بین رات?","ham"
"[RANDOM_NUMBER] کوهپایه خوبه?","ham"
"بانک سامان مشتری گرامی با توجه به تغییرات زیرساختی در نسخه جدید موبایلت از چهارشنبه اول دی [RANDOM_NUMBER] فقط آخرین نسخه اپلیکیشن قابل استفاده است. لطفا موبایلت خود را به روز کنید. لینک به روزرسانی : [LINK_REMOVED]","ham"
"خیلی عالی پس منم میرم خانه هنر بعدش هماهنگ کنیم دیگه به [NAME] هم میگم اگه تونست همراهی کنه","ham"
"نام کاربری [MASKED_NUMBER] کلمه عبور [RANDOM_NUMBER] وب سایت [LINK_REMOVED] [RANDOM_NUMBER] روز پنل پیامک رایگان به شما تخصیص داده شد ارسال پیامک به مشتریان خودتان به مناطق از طریق نقشه وب سرویس","ham"
"تخفیف ویژه خرید بیمه خودرو از آپ تا آخر فروردین [RANDOM_NUMBER] هزار تومان تخفیف شخص ثالث با کد: [ENGLISH][RANDOM_NUMBER] و [RANDOM_NUMBER]% تخفیف بدون سقف بیمه بدنه با کد: [ENGLISH][RANDOM_NUMBER] شخص ثالث: [LINK_REMOVED] بدنه: [LINK_REMOVED]","spam"
"کارگزاری مفید مشتری گرامی, سرکار خانم [NAME] احراز هویت شما توسط دفتر پیشخوان [RANDOM_NUMBER] با موفقیت انجام شد. تأیید دسترسی شما به سامانه 'معاملات بر خط' در صورتی که احراز هویت سجام را انجام داده باشید حداکثر تا [RANDOM_NUMBER] روز کاری آینده ارسال می گردد.","ham"
"بمب*[RANDOM_NUMBER] گیاه* ویژه آقایان تضمینی مختص دیابتی ها [MASKED_NUMBER] [MASKED_NUMBER]","spam"
"زنگ زدم [NAME] گفت گفتم به مسولش گفته حالا بینم","ham"
"اعتبار [RANDOM_NUMBER] هزار تومانی برای شما! شما یکی از کاربران برگزیده ی اسنپ شده اید و می توانید با «سرویس اعتباری اسنپ» هزینه ی سفرهای هر ماه را آخر آن ماه پرداخت کنید. برای فعال سازی و اطلاعات بیشتر روی لینک زیر کلیک کنید و از این امکان جدید لذت ببرید. [LINK_REMOVED]","spam"
"خرید سهام پالایشی یکم از [RANDOM_NUMBER] تا [RANDOM_NUMBER] شهریور در اپلیکیشن [RANDOM_NUMBER]! سهام بخرید و به قید قرعه معادل سهمتان جایزه نقدی بگیرید! [LINK_REMOVED]","spam"
"سلام عزیزم","ham"
"شمش طلا با خرید امروزت میای تو قرعه کشی عجله کن ️ [USSD_REMOVED]","spam"
"سلام هزینه تهیه و ارسال سفارش کتاب شما بیش از پرداختی شما در سایت شده است لذا مبلغ [RANDOM_NUMBER] ریال حسابتان را در سایت بخش سفارشات شارژ کنید [LINK_REMOVED]","ham"
"مشتریان گرامی مطابق زمان بندی ذیل طی مهلت ده روزه, در صورت عدم انجام ثبت نام و احراز هویت در سامانه سجام, ارائه خدمات به کدهای مذکور تا مشخص شدن وضعیت سجامی آن ها از سوی شرکت سپرده گذاری مرکزی اوراق بهادار و تسویه وجوه, متوقف میگردد. گروه سنی [RANDOM_NUMBER]تا [RANDOM_NUMBER] سال تا [RANDOM_NUMBER] شهریور گروه سنی [RANDOM_NUMBER] به بالا تا [RANDOM_NUMBER] شهریور کمتر از [RANDOM_NUMBER] سال تا [RANDOM_NUMBER] مهر واحد معاملات بر خط کارگزاری بانک سامان","ham"
"[RANDOM_NUMBER]عددشیرآلات اهرمی [RANDOM_NUMBER]هزار درنمایشگاه بین المللی شیرآلات کهنه خریداریم","spam"
"گردشگر گرامی, بلیت شما با شماره[RANDOM_NUMBER]در سامانه یکپارچه بلیت وزارت میراث فرهنگی و گردشگری (سیب) صادر گردید. بررسی و دریافت مجدد بلیت: [LINK_REMOVED] به منظور بهره مندی از خدمات ویژه, می توانید بلیت های بعدی خود را با استفاده از اپلیکیشن تاپ تهیه نمایید. دانلود تاپ: [LINK_REMOVED]","ham"
"[LINK_REMOVED] اولین سایت فروش شارژ و اینترنت در ایران با بیش از [RANDOM_NUMBER] سال سابقه کار ""آسوده خاطرخرید کنید"" پشتیبانی: [MASKED_NUMBER]","spam"
"کلینیک پوست.مو بامجوزعلوم پزشکی یاسوج متخصص سمانه وطن دوست [MASKED_NUMBER]","spam"
"شروع پاییز با بسته های تخفیفی رایتل! [RANDOM_NUMBER] گیگابایت اینترنت [RANDOM_NUMBER] روزه فقط [RANDOM_NUMBER] هزار تومان مهلت خرید امروز از اپلیکیشن رایتل من [ENGLISH].[LINK_REMOVED]","spam"
"متاسفم.","ham"
"دانشکده مدیریت دانشگاه تهران دوره [ENGLISH]و [ENGLISH] یکساله [MASKED_NUMBER] [LINK_REMOVED]","spam"
"اقامت دائم شنگن اروپا قانونی [RANDOM_NUMBER] ماهه شماره کارشناس [MASKED_NUMBER] شرکت [ENGLISH]","spam"
"خالم ک فک کنم با سگ کنار نمیاد","ham"
"مامان بیام دنبالت","ham"
"خریدبسته های جدیدومتنوع اینترنت از[USSD_REMOVED] جایزه پژو[RANDOM_NUMBER] [LINK_REMOVED]","spam"
"تخفیف [RANDOM_NUMBER]و[RANDOM_NUMBER]%تخفیف خالص تمام کالاهای جین وست آدرس [LINK_REMOVED]","spam"
"می خوای یک ترابایت فضا روی گوشیت باشه? با ""ابرینو"" همیشه و هر جا یک ترابایت فضای ذخیره سازی ابری داری. دانلود از: [LINK_REMOVED]","spam"
"سلام [NAME] عزیز خودروی برلیانس / [ENGLISH][RANDOM_NUMBER] / [RANDOM_NUMBER] شما جهت فروش فوری در خودرو[RANDOM_NUMBER] با کد پذیرش [RANDOM_NUMBER] ثبت شد. کارشناسان تخصصی ما با شماره [MASKED_NUMBER] جهت تایید رزرو با شما تماس خواهند گرفت. تاریخ و ساعت رزرو: [DATE] ساعت [TIME] :مدارک مورد نیاز جهت فروش [LINK_REMOVED] تمیزی خودروی شما در روند کارشناسی و فروش الزامی است. لغو پیامک:[RANDOM_NUMBER]","ham"
"[RANDOM_NUMBER] هزار تومان تخفیف اسنپ اکسپرس! برای [RANDOM_NUMBER] سفارش, هر سفارش [RANDOM_NUMBER] هزار تومان کد تخفیف: [ENGLISH][ENGLISH] اعتبار تا [RANDOM_NUMBER] دی [LINK_REMOVED]","spam"
"خونه [NAME] اینام","ham"
"برای آگاهی از راه های پیشگیری و آخرین وضعیت بیماری کرونا ویروس جدید [RANDOM_NUMBER](کووید[RANDOM_NUMBER]),فقط به اطلاعیه ها و پیام های وزارت بهداشت کشور توجه کنید.","ham"
"شاتل: مشترک گرامی؛ مدارک خط ([RANDOM_NUMBER]) برای ادامه مراحل دریافت سرویس اینترنت پرسرعت به مخابرات ارسال شد. با سپاس","ham"
"بریم احسان دنبالش","ham"
"[RANDOM_NUMBER] گیگابایت اینترنت برای یک خوش آمدگویی طولانی! هدیه خرید سیم کارت اعتباری همراه اول با شماره مناسب. ( [RANDOM_NUMBER] ماه, هر ماه [RANDOM_NUMBER] گیگابایت اینترنت) خرید و فعالسازی با مراجعه به کلیه مراکز فروش و خدمات همراه اول و فروشگاه آنلاین به نشانی: [LINK_REMOVED]","spam"
"کاربر گرامی, به جاب ویژن خوش آمدید. کد تایید شما : [RANDOM_NUMBER]","ham"
"سلام خواب بودم تا بیست دقیقه دیگه اگه هستی میام میبینمت","ham"
"[NAME] عزیز با اسنپ پی, «قسطی بخر, گلکسی ببر»! به مناسبت دو سالگی سرویس اعتباری اسنپ پی, میتونی توی [RANDOM_NUMBER] قسط و بدون کارمزد از فروشگاه های مختلف خرید کنی و گوشی «گلکسی اس [RANDOM_NUMBER]» برنده شی. برای خرید, روی لینک زیر بزن: [LINK_REMOVED]","spam"
"هفت تنان, رو به روی کوچه [RANDOM_NUMBER]","ham"
"[RANDOM_NUMBER] جایزه در یلدانه شاپ! هر تراکنش, یک امتیاز [LINK_REMOVED]","spam"
"آخر مهر ماه جایزه [RANDOM_NUMBER] میلیون فرصت رو از دست ندهید [USSD_REMOVED]","spam"
"هلدینگ اهوازملک جهت دریافت پیشنهادات ملکی منطقه کیانپارس کیان آباد مهرشهر کیانشهر زردشت وسپردن ملک خود با ما درتماس باشید عقد قرارداد کاملا قانونی زیرنظر وکیل سرپرست فروش پویاحاجت پور [MASKED_NUMBER]","spam"
"برنده آیفون [RANDOM_NUMBER] شوید… همین حالا با نصب اپلیکیشن اِوانو از طریق لینک زیر و فعالسازی گزینه هواداری در قرعه کشی دو دستگاه آیفون [RANDOM_NUMBER] شرکت نمایید. [LINK_REMOVED]","spam"
"سلام عزیزم. فدات شم. تو خوبی? من خوبم شکر والا مطب بودم دارم برمیگردم خونه","ham"
"بستن این هم وا نمیشه","ham"
"سلام لطفا با تکمیل فرم نظرسنجی زیر, ما را از نظرات ارزشمند خود بهره مند سازید؛ زمان تقریبی: [RANDOM_NUMBER] دقیقه [LINK_REMOVED]","spam"
"*مرکز تعمیرات تخصصی آیفون* میدان اطلسی [ENGLISH] [ENGLISH] *جمال الدینی* امکان دریافت و ارسال تعمیرات با پیک فروشگاه [MASKED_NUMBER]","spam"
"مشتریان گرامی باسلام احتراما به استحضار می رساند با توجه به مشکلات زیر ساخت([ENGLISH]) از سمت شرکت ارائه دهنده دامنه در کشور متاسفانه بسیاری از سامانه های آنلاین با مشکل مواجه شده است . واحد معاملات برخط کارگزاری بانک سامان","ham"
"همتا تلفن همراه شما رجیستر نشده و بزودی شبکه آن قطع میشود جهت جلوگیری کد [ENGLISH] تلفن خود را در تارنمای زیر ثبت کنید. [LINK_REMOVED]","ham"
"[RANDOM_NUMBER] تومان تخفیف به همراه ارسال رایگان خرید سوپرمارکتی از اسنپ کد تخفیف:[ENGLISH][ENGLISH][ENGLISH] اعتبار تا [RANDOM_NUMBER] آبان برای خرید سوپرمارکتی, اسنپ جوابه! کافیه در همون اپلیکیشن اسنپ سرویس «سوپرمارکت» رو انتخاب کنید. خرید: [LINK_REMOVED]","spam"
"والدین گرامی برای استفاده امن و پاک فرزندان از فضای مجازی و پیشگیری از دسترسی به محتوای نامناسب و غیراخلاقی, سرویس ویژه کودک و نوجوان سیم کارت را فعال و یا از سیم کارت اختصاصی استفاده نمایند.","ham"
"چشم دستتون درد نکنه","ham"
"آفرتور کیش [RANDOM_NUMBER] قشم [RANDOM_NUMBER] مشهد [RANDOM_NUMBER] [MASKED_NUMBER] [MASKED_NUMBER] الیماگشت","spam"
"سلام وقت شکار امروز از [RANDOM_NUMBER]٪ تا [RANDOM_NUMBER]٪ تخفیف ساعت [RANDOM_NUMBER] تا [RANDOM_NUMBER] [LINK_REMOVED]","spam"
"مبل وفرشهای تمیزوبراق باکارخانه قالیشویی صدرا [RANDOM_NUMBER]-[RANDOM_NUMBER] [MASKED_NUMBER] -[RANDOM_NUMBER]","spam"
"مشترک گرامی بسته اینترنت آلفا+ یک روزه [RANDOM_NUMBER] مگابایت فعال شده و تا ساعت [TIME] تاریخ [DATE] معتبر است. در صورت استفاده از سایت های داخلی منتخب, حجم مصرفی شما نصف محاسبه می شود. بسته کنونی شما فاقد تمدید خودکار است, برای اطلاع از وضعیت بسته, کد [USSD_REMOVED] و جهت انتخاب و رزرو بسته اینترنت, کد [USSD_REMOVED] را شماره گیری فرمایید.","ham"
"تا پایان مهر ماه با مراجعه به بخش «سرگرمی» باشگاه فیروزه ای و انتخاب کارت های جایزه دار, روزانه شانس خود را برای یافتن بسته های متنوع اینترنت و مکالمه امتحان کنید. مراجعه از طریق سامانه همراه من [ENGLISH].[LINK_REMOVED] باشگاه فیروزه ای- باشگاه مشتریان همراه اول","spam"
"با تشکر از مشارکت شما سرکار خانم [NAME] به اطلاع می رساند؛ شما از تظر ابتلا به ویروس کرونا فاقد مشکل می باشید. چنانچه در روزهای آتی با علایم تب /لرز/سرفه خشک/تنگی نفس/ گلودرد مواجه شدید با پایگاه سلامت /خانه بهداشت منطقه سکونت خود تماس بگیرید.","ham"
"اشتراک ماهیانه فیلم و سریال گرونه?! پولایی که بابت فیلم و سریال می دی رو بذار جیبت! تو آی گپ تی وی مجانی هرچقدر دوست داری فیلم و سریال روز ایرانی و خارجی ببین اومدی گپ می زنیم [LINK_REMOVED]","spam"
"[RANDOM_NUMBER]م پیش الباقی اقساط نور بهدشت [RANDOM_NUMBER] زمین[RANDOM_NUMBER]خواب خانم کوهی [MASKED_NUMBER]","spam"
"با امتیازت آیفون ببر! قرعه کشی یک گوشی آیفون [RANDOM_NUMBER] تا پایان شهریور با پرداخت قبض میاندوره یا خرید بسته شانس خود را در قرعه کشی یک گوشی آیفون [RANDOM_NUMBER] افزایش دهید. هر [RANDOM_NUMBER] هزار تومان تراکنش یک امتیاز مشاهده امتیاز: رایتل من [LINK_REMOVED]","spam"
"سلام جانم؛ گوشیم سایلنت بود و الان دیدم زنگ زده ای","ham"
"*یک سال اینترنت رایگان* و [RANDOM_NUMBER]% شارژ بیشتر جایزه خرید سوپرشارژ از [USSD_REMOVED]","spam"
"""با ما حرف بزن"" مشاوره تلفنی [RANDOM_NUMBER] خدمتی رایگان ازسازمان بهزیستی تلفن تماس [RANDOM_NUMBER] (از [RANDOM_NUMBER] صبح تا [RANDOM_NUMBER] شب در سراسر کشور)","spam"
"[NAME] ما قدوسی هستیم داریم میریم سمت خونه","ham"
"سلام خوبید [NAME] هستم بیایین اینجا اگه مشهد هستید","ham"
"سلام؛ شیراز نیستم, گزینه ی نیامدن را انتخاب می کنم.","ham"
"هموطن گرامی ؛ در هنگامه خروش طبیعت، با هم مهربان تر باشیم . ستادخبری وزارت اطلاعات","spam"
"مشترک گرامی, شما از [RANDOM_NUMBER] درصد اعتبار خود استفاده نموده اید. لطفا, برای اطلاع از کارکرد, کد [USSD_REMOVED] را شماره گیری کنید. جهت پرداخت صورت حساب به نشانی [LINK_REMOVED] یا درگاه یکی از بانک های اعلام شده در وبسایت رایتل مراجعه فرمایید","ham"
"آتش سلام","ham"
"هشدارهای هواشناسی در خصوص بارندگی و سیل را جدی گرفته و از توقف در مسیر و حاشیه رودخانه ها جدا خودداری فرمائید. مدیریت بحران استان فارس","ham"
"[ENGLISH]:[RANDOM_NUMBER] کد تایید","ham"
"استفاده از [RANDOM_NUMBER] به عنوان کد امنیتی حساب [ENGLISH]","ham"
"سه برابر شانس بیشتر برای آیفون [RANDOM_NUMBER] با پرداخت قبض میاندوره یا خرید بسته تا پایان امروز, [RANDOM_NUMBER] برابر شانس بیشتر دریافت کن. هر [RANDOM_NUMBER] هزار تومان تراکنش= [RANDOM_NUMBER] امتیاز [LINK_REMOVED]","spam"
"مشتری گرامی؛ هشدار: مراقب مجرمین و سودجویان باشید و از واگذاری کارت بانکی یا اطلاعات دسترسی به حساب بانکی خود به دیگران جداً خودداری نمایید. بانک مهر ایران","ham"
"طبقه [RANDOM_NUMBER]","ham"
"آیا می دانید در اختیار قرار دادن حساب بانکی به دیگری تبعات قانونی دارد و مسئولیت سوء استفاده از آن به عهده صاحب حساب است. معاونت اجتماعی و پیشگیری از وقوع جرم قوه قضاییه","ham"
""" روزمکالمه رایگان استان فارس"" هدیه یک روز مکالمه رایگان درون شبکه همراه اول ویژه مشترکین استان فارس فقط امروز [RANDOM_NUMBER] دی فعالسازی از طریق [USSD_REMOVED]","spam"
"سلاحم بیارم ینی ؟","ham"
"اما الان","ham"
"سلام خاله جان, من سالمم ممنون, یه گوشه سپر خورده مشکلی نیست, پیش میاد.","ham"
"*تهران ملودی* تخفیف های ویژه در جشنواره تابستانی [LINK_REMOVED]","spam"
"اگر خودپرداز سر راهت بود از کارت مامان صدتومن بریز به کارت من","ham"
"صبحت بخیر مادر جان","ham"
"[LINK_REMOVED] در دسترس شماست! خرید شارژ و اینترنت باقرعه کشی[RANDOM_NUMBER]میلیونی","spam"
"مشاوره رشته های پزشکی وفنی مهندسی در ترکیه عادل یار نماینده رسمی کالج [ENGLISH] ترکیه [MASKED_NUMBER] [MASKED_NUMBER] [LINK_REMOVED]","spam"
"نه نمیدونم","ham"
"سلام زی زی! چطور تو? من دیروز برگشتم شیراز؛ کی ببینیمت?","ham"
"بعد از اتصال باید قطعش کنم?","ham"
"چشم","ham"
"گوگل هم نداری سرچ کنی?","ham"
"کرم پودرت با ما کافیه [RANDOM_NUMBER] تومن خرید کنی تا یک کرم پودر [RANDOM_NUMBER] میل آمیتیس از ما هدیه بگیری خرید از: [LINK_REMOVED]","spam"
"آخرین فرصت برنده شدن! تا پایان آذرماه با شماره گیری کد زیر, [RANDOM_NUMBER] امتیاز از باشگاه مشتریان هدیه بگیر. [USSD_REMOVED] با مصرف امتیازات در بخش طرح ها و جوایز باشگاه, میتونی شانست رو برای برنده شدن در قرعه کشی [RANDOM_NUMBER] توپ طلا امتحان کنی. [LINK_REMOVED]","spam"
"هر [RANDOM_NUMBER] تومان [RANDOM_NUMBER] شانس فقط تا پایان جام ملت های آسیا پلی استیشن[RANDOM_NUMBER] و تبلت سامسونگ و یک ماه شارژ رایگان برای [RANDOM_NUMBER] نفر جوایز جیرینگ آسیایی فقط تا پایان جام ملت ها کلیک کنید [LINK_REMOVED]","spam"
"پرتفوی خود را کامل کنید با صندوق سرمایه گذاری شاخصی بازار آشنا همسو با شاخص کل بورس بازدهی داشته باشید زمان پذیره نویسی از [RANDOM_NUMBER] بهمن بمدت [RANDOM_NUMBER] روز کاری اطلاعات بیشتر: [LINK_REMOVED] سبدگردان سهم آشنا","spam"
"شیرین هرکی با مامان جون میره خودش رو معرفی کنه بگه مصطفوی سفارش کرده","ham"
"سلام هموطن عزیز, اگر «سفیر سلامت خانوار» یا «رابط سلامت محله» هستید, می توانید عضو افتخاری تیم های مراقبتی و نظارتی گام چهارم بسیج ملی «طرح شهید حاج قاسم سلیمانی» باشید و به وزارت بهداشت در مدیریت و کنترل اپیدمی کووید-[RANDOM_NUMBER] کمک کنید. [RANDOM_NUMBER] آذر روز داوطلب سلامت گرامی باد. ارادتمند, نمکی, وزیر بهداشت","ham"
"صبح زنگ زدین ولی پاس هاتونو ندادین","ham"
"[RANDOM_NUMBER]روزطلایی [RANDOM_NUMBER]%همه کالاها نساجی بروجرد قدوسی غرب-جنب بابابستنی لغو[RANDOM_NUMBER]","spam"
"برو خونه بعدش بیا تلگرام چاخان کنیم دلم گرفته شدید","ham"
"طرح وام [RANDOM_NUMBER]میلیون تومنی لندو شروع شد! همین حالا اعتبار بگیر [LINK_REMOVED] بدون الزام چک و ضامن️ با همکاری بانک آینده","spam"
"بانک اقتصادنوین آقای [NAME], زادروزتان شاد باد.","ham"
"هایپراستار[RANDOM_NUMBER]~[DATE] اویلا روغن ذرت [RANDOM_NUMBER]گ [RANDOM_NUMBER]%ت لطیفه نرم کننده موی سر [RANDOM_NUMBER]گ [RANDOM_NUMBER]ت انواع دفتر [RANDOM_NUMBER]%ت","spam"
"پی پینگ | [ENGLISH] کاربر گرامی؛ جهت آشنایی با سرویس های پی پینگ, می توانید به لینک زیر مراجعه فرمایید: [LINK_REMOVED] همچنین درصورت نیاز به راهنمایی بیشتر, از طریق پشتیبانی آنلاین سایت یا شماره تماس [MASKED_NUMBER] با کارشناسان ما در ارتباط باشید. [LINK_REMOVED] کانال تلگرام جهت اطلاع از اخبار : [LINK_REMOVED] ما را در اینستاگرام هم دنبال کنید: [LINK_REMOVED]","spam"
"همراه اولی عزیز شما واجد شرایط دریافت [RANDOM_NUMBER] گیگ اینترنت هدیه سه ماهه(هر ماه [RANDOM_NUMBER] گیگ) مخصوص استفاده در اپ ذره بین هستید. دریافت و فعال سازی: [LINK_REMOVED] مسابقات یورو [RANDOM_NUMBER] رو در وبگرد ذره بین رایگان پیش بینی کن و جایزه ببر. [RANDOM_NUMBER] دستگاه [ENGLISH][RANDOM_NUMBER] [RANDOM_NUMBER] جایزه [RANDOM_NUMBER] یورویی [RANDOM_NUMBER] گوشی همراه [ENGLISH][RANDOM_NUMBER] سامسونگ","spam"
"ثبت نام مجازی و رایگان در همایش بین المللی مکتب شهید سلیمانی: [ENGLISH].[ENGLISH].[LINK_REMOVED] دانشگاه جامع امام حسین(ع)","spam"
"آنتن دهی شبکه موبایل بسیار ضعیف بوده است.","ham"
"سلام کار داشتید خواهر زنگ زده بودید من خواب بودم","ham"
"مالک محترم وسیله نقلیه به شماره پلاک [RANDOM_NUMBER] ایران-[RANDOM_NUMBER]ه[RANDOM_NUMBER] قبض صادر شده برای شما به شرح زیر است: شماره سریال : [RANDOM_NUMBER] تاریخ و ساعت : [DATE]-[TIME] محل تخلف : اهواز بلوار ازادگان جنوبی نوع قبض : الصاقی وسیله نقلیه : سواری پژو قرمز تخلف(ها) : [RANDOM_NUMBER] : [RANDOM_NUMBER] مبلغ : [RANDOM_NUMBER] شماره قبض : [MASKED_NUMBER] شناسه پرداخت : [MASKED_NUMBER] پلیس راهور ناجا","ham"
"[RANDOM_NUMBER] هزار تومان تخفیف اسنپ اکسپرس! برای [RANDOM_NUMBER] سفارش, هر سفارش [RANDOM_NUMBER] هزار تومان کد تخفیف: [ENGLISH][ENGLISH][ENGLISH][ENGLISH] اعتبار تا [RANDOM_NUMBER] آذر [LINK_REMOVED]","spam"
"هدفون سونی و [RANDOM_NUMBER]% شارژ بیشتر جایزه خرید سوپرشارژ از [USSD_REMOVED] [LINK_REMOVED]","spam"
"شما جز [RANDOM_NUMBER]نفر اول باشید و شارژ [RANDOM_NUMBER]تومنی رایگان هدیه بگیرید. ارسال عدد[RANDOM_NUMBER] اشتراک در اپ لبیک روزی سیصدتومن","spam"
"فوتبال برای زندگی عضویت در کانون هواداری و امکان مکالمه رایگان بین هواداران با هزینه روزانه [RANDOM_NUMBER] تومان از طریق ارسال استقلالی ها [RANDOM_NUMBER] به [RANDOM_NUMBER]","spam"
"یشواز هواداری, هیجان قهرمانی! تیم ما قهرمان میشه, خدا می دونه که حقشه ... برای پیام پیشواز تماس, صدای هواداری خود را ضبط کنید! دریافت اپلیکیشن پیشواز: [LINK_REMOVED]","spam"
"بیست هدیه [RANDOM_NUMBER] میلیون تومانی برای [RANDOM_NUMBER] بانوی همراه اولی به مناسبت میلاد حضرت فاطمه(س) و روز زن برای شرکت در قرعه کشی کافی است در روز [RANDOM_NUMBER] بهمن یکی از بسته های مکالمه یا اینترنت همراه اول را خریداری کنید"" #دستبوسمادریم","spam"
"چهارعدد تبلت لنوو جایزه پیش بینی بازی استقلال با پارس جنوبی و پرسپولیس با پیکان برای پیش بینی رایگان در: [LINK_REMOVED]","spam"
"نه گوشی خودش سایلنت می شه تو چرا بیداری?","ham"
"عضویت شما در تناسب تایید شد. لینک دریافت اپلیکیشن [LINK_REMOVED] جهت دریافت پشتیبانی با تلفن [RANDOM_NUMBER] از ساعت [RANDOM_NUMBER] صبح تا [RANDOM_NUMBER] عصر تماس بگیرید.","ham"
"هموطن عزیز! با ارسال کد ملی خود به سامانه [RANDOM_NUMBER] میتوانید از تعداد سیم کارتهایی که به نام شما ثبت شده, مطلع شوید و با مراجعه به دفاتر امور مشترکان اپراتورها نسبت به مسدودسازی سیم کارتهایی که با نام شما فعال شده و از آن ها مطلع نیستید, اقدام نمایید. معاونت اجتماعی و پیشگیری از وقوع جرم قوه قضاییه","ham"
"سلام ما مقداری وسیله لازم داریم تا سه روز آینده هم تعطیل هست زودتر ماشین رو به من و [NAME] بده کارات که تموم شد","ham"
"شماره [NAME] هم از واتساپ شب برات می فرستم واتساپ ندارم","ham"
"همراهان اکبرجوجه ملل با رعایت پروتکل ها در خدمت هستیم [MASKED_NUMBER]","spam"
"سلام چرا گوشی بر نمیداری مادر","ham"
"هرشب[RANDOM_NUMBER]میلیون تومان جایزه جشنواره هیجان انگیز پایان سال افق کوروش فتح المبین [RANDOM_NUMBER]و[RANDOM_NUMBER]اسفند برنج هندی زیر قیمت بازار مایع ظرف[RANDOM_NUMBER]گ پریل[RANDOM_NUMBER]ت پوشک مای بیبی([RANDOM_NUMBER]تا[RANDOM_NUMBER])[RANDOM_NUMBER] کلی تخفیف جذاب: [LINK_REMOVED]/[RANDOM_NUMBER]","spam"
"بانک ملی سود:[RANDOM_NUMBER]+ حساب:[RANDOM_NUMBER] مانده:[RANDOM_NUMBER] [RANDOM_NUMBER]-[TIME]","ham"
"فروش ویژه سیم کارت دایمی همراه اول با [RANDOM_NUMBER]% تخفیف,به همراه [RANDOM_NUMBER] گیگابایت اینترنت هدیه یک ماهه به قیمت [RANDOM_NUMBER]هزار تومان با مراجعه به مراکز فروش و خدمات همراه اول و فروشگاه آنلاین(با ارسال رایگان) به نشانی: [LINK_REMOVED]","spam"
"مشترکین محترم گالری عطر اشکان این مجموعه جهت رفاه حال شما عزیزان در وضعیت کنونی کشور اقدام به ارائه محصولات خود به صورت آنلاین به همراه ارسال رایگان نموده است. سفارش به صورت پیامکی: [MASKED_NUMBER] سفارش به صورت تلفنی : [MASKED_NUMBER] عطر اشکان شعبه[RANDOM_NUMBER] ([DATE])","spam"
"""موکب"" ویژه برنامه اربعین [RANDOM_NUMBER] امروز حوالی ساعت [TIME] زنده و مستقیم از کربلای معلی رسالت بوذری امروز میزبان شیخ خلیفه الجواهر (تولیت مزارات عراق ) و سعید کرمعلی خواهد بود. [LINK_REMOVED] روی لینک روبیکا ضربه بزنید","spam"
"کد تایید کارگزاری دنیای نوین:[RANDOM_NUMBER]","ham"
"هایپراستار[RANDOM_NUMBER]~[DATE] کاله کچاپ[RANDOM_NUMBER]%ت قزل آلا [RANDOM_NUMBER]ک [RANDOM_NUMBER]ت انگور سیاه [RANDOM_NUMBER]ک [RANDOM_NUMBER]ت","spam"
"فروش اینترنتی محصولات سایپا جهت تنظیم بازار در روز چهارشنبه , [RANDOM_NUMBER] شهریور [RANDOM_NUMBER] برقرار می باشد . [LINK_REMOVED]","spam"
"گراد پوشاک آقایان و بانوان [RANDOM_NUMBER]% تمامی محصولات بلوار گیلان [MASKED_NUMBER]","spam"
"مشترک گرامی, در صورتی که تا [RANDOM_NUMBER] روز آینده, مانده اعتبار سیم کارت خود را به [RANDOM_NUMBER] هزار تومان برسانید, از هدیه روزانه [RANDOM_NUMBER] دقیقه مکالمه هدیه رایگان با مشترکین همراه اول بمدت [RANDOM_NUMBER] ماه بهره مند خواهید شد","spam"
"سلام اخی حیف شد من احتمال نود درصد امروز برم شیراز","ham"
"بله ^&","ham"
"باتوجه به محدودیت بانک ملت برای پرداخت های کمتر از [RANDOM_NUMBER] تومان برای سیم کارت های همراه اول, باکارت بانکی دیگری امتحان کنید یا مبلغ بالاتر از[RANDOM_NUMBER] تومان خرید کنید. تا[RANDOM_NUMBER]تومان شارژ رایگان عیدی بگیر,با خرید اولین شارژ یا اینترنت از اپلیکیشن هف هشتادعیدیتو بگیر. دانلود از [LINK_REMOVED]","spam"
"تبریک! شما در آزمون تخصصی زیر قبول شده اید. زمینه مجموعه ریاضیات و آمار[انگلیسی به فارسی]","spam"
"[RANDOM_NUMBER]% تخفیف فوق العاده برای ده ها کتاب «حال خوب کن» به مدت محدود همین حالا حالتو خوش کن! راهنما: [LINK_REMOVED]","spam"
"رو به رویت را نگاه کن, اون دست خیابان","ham"
"پیشنهاد ویژه به مناسبت عید سعید قربان [RANDOM_NUMBER] گیگابایت اینترنت [RANDOM_NUMBER] روزه فقط [RANDOM_NUMBER] هزار تومان! خرید تا فردا با شماره گیری [USSD_REMOVED] یا اپلیکیشن رایتل من","spam"
"ببینی چیزی برای ماها گذاشته یا نه","ham"
"ایمپلنت دندان [RANDOM_NUMBER]%[ENGLISH] تضمینی قسط [MASKED_NUMBER] [LINK_REMOVED]","spam"
"بخورید شما","ham"
"[RANDOM_NUMBER] گیگ [RANDOM_NUMBER] ماهه فقط [RANDOM_NUMBER] هزار تومان بسته تخفیفی رایتل ویژه شما خرید با شماره گیری [USSD_REMOVED] و اپلیکیشن رایتل من [ENGLISH].[LINK_REMOVED] مهلت خرید تا جمعه","spam"
"سلام حالت چطوره دود همه چیز خوبه?","ham"
"[RANDOM_NUMBER] ترجمه قرآن در نمایشگاه قرآن به نمایش درآمد [LINK_REMOVED]","spam"
"کاربر گرامی سفارش [ENGLISH]-[RANDOM_NUMBER] پردازش و آماده شد. زمان انتخابی شما روز [DATE] و بازه [RANDOM_NUMBER] تا [RANDOM_NUMBER] می باشد. شما میتوانید مراحل پیشرفت سفارش خود را از طریق لینک زیر پیگیری نمایید. [LINK_REMOVED]","ham"
"فروش لوازم بهداشت همسران با تخفیف ویژه جشنواره و ارسال رایگان در مشهد [LINK_REMOVED]","spam"
"جین وست️ عزیز[RANDOM_NUMBER]%تخفیف بیشترروی کالاهای مشکی️ درحراج تا[RANDOM_NUMBER]% [ENGLISH] [ENGLISH] [ENGLISH] [LINK_REMOVED] لغو پیامک,ارسال عدد[RANDOM_NUMBER]","spam"
"مشترک گرامی, چنانچه سیم کارت اعتباری دارید که بیش از سه ماه خاموش بوده است, با روشن کردن سیم کارت و شماره گیری کد [USSD_REMOVED] هدیه ویژه در نظر گرفته شده را دریافت کنید. مهلت دریافت هدیه تا پایان دی ماه تمدید شده است","spam"
"کاش ما هم کربلایی می شدیم در رکاب تو فدایی می شدیم دریافت نواهای عاشورایی با ارسال کد به [RANDOM_NUMBER] حضرت قاسم,جوان[RANDOM_NUMBER] قاسم,حدادیان[RANDOM_NUMBER] دو پرچم سرخ, سلحشور [RANDOM_NUMBER] به تو از دور سلام, پویانفر [RANDOM_NUMBER] گاه می گوید حسین, نریمان پناهی [RANDOM_NUMBER]","spam"
"مشترک گرامی, مدت اعتبار بسته [RANDOM_NUMBER]روزه [RANDOM_NUMBER] گیگابایت شما [RANDOM_NUMBER]-[RANDOM_NUMBER]-[RANDOM_NUMBER] [TIME] به پایان می رسد. چنانچه طرح یا بسته فعالی نداشته باشید, ادامه استفاده مشمول تعرفه عادی خواهد بود. تمدید بستۀ فعلی : [USSD_REMOVED] مشاهده و خرید بسته از : رایتل من [ENGLISH].[LINK_REMOVED] یا شماره گیری [USSD_REMOVED]","ham"
"بانک سامان ورود به درگاه بانکی [DATE] [TIME] [LINK_REMOVED]","ham"
"هایپراستار[RANDOM_NUMBER]~[DATE] گردو تازه [RANDOM_NUMBER]ک [RANDOM_NUMBER]ت گلستان عدس, لپه, لوبیاچیتی [RANDOM_NUMBER]%ت","spam"
"[RANDOM_NUMBER] تومان تخفیف اسنپ برای [RANDOM_NUMBER] سفر! در سفر اول, [RANDOM_NUMBER]% تخفیف (تا سقف [RANDOM_NUMBER]تومان) و در [RANDOM_NUMBER]سفر بعدی, هر بار [RANDOM_NUMBER]% (تا سقف [RANDOM_NUMBER]تومان) بگیرید. کد تخفیف: [ENGLISH]-[RANDOM_NUMBER] اعتبار: تا [RANDOM_NUMBER] شهریور لطفا ماسک فراموش نشود! [LINK_REMOVED]","spam"
"بسته ویژه شب یلدای همراه اول مهلت فعالسازی فقط تا پایان [RANDOM_NUMBER] آذرماه مشاهده و فعالسازی از طریق شماره گیری کد [USSD_REMOVED] و یا نصب و بروزرسانی رایگان اپلیکیشن همراه من [LINK_REMOVED] یلداتون مبارک","spam"
"باشه هرمدلی که برات ناراحت کننده نیست رفتار کن.","ham"
"سرمایه گذار محترم , کلمه عبور شما در تاریخ [DATE] در ساعت [TIME] اشتباه وارد شده است صندوق صندوق سرمایه گذاری مشترک یکم سامان","ham"
"تنها [RANDOM_NUMBER] روز مانده! با کسب امتیاز و ارسال عدد [RANDOM_NUMBER] به [RANDOM_NUMBER] در قرعه کشی [ENGLISH][RANDOM_NUMBER] شرکت کنید. مشاهده امتیاز: اپلیکیشن رایتل من [LINK_REMOVED]","spam"
"[NAME] گرامی, کد پیگیری شما در سامانه سجام [RANDOM_NUMBER] می باشد, لطفا با همراه داشتن مدارک شناسایی به مراکز منتخب احراز هویت سجام مراجعه و فرایند سجامی شدن خود را تکمیل نمایید. [LINK_REMOVED] شرکت سپرده گذاری مرکزی","ham"
"عزیز بجوز پرداخت بانکی برای خرید بیت راه دیگه ایم هست من رمز پویام مشکل داره میتونم کد بیت رو براتون با عکس فیش بفرستم ممنون از سایت خودتون","ham"
"بالاخره منو رها کرد","ham"
"هموطن گرامی؛ مبلغ حمایت معیشتی به حساب یارانه سرپرست خانوار واریز شده است. جهت مشاهده جزئیات پرداخت. سرپرست خانوار با کد رهگیری [RANDOM_NUMBER] به سامانه [LINK_REMOVED] مراجعه نماید.","ham"
"هموطن گرامی، پیامک ارسالی باعنوان فعال سازی نهایی هزینه حق اشتراک، جعلی و به قصدسرقت اطلاعات کارت بانکی شمابوده است، درصورت ورودبه سایت معرفی شده، سریعاً نسبت به تغییر رمزهای کارت (بویژه رمزدوم) خوداقدام نمایید.","ham"
"سلام خوبی من امروز اومدم بندر فردا که می خوام برم جیزه پنج شنبه هست برم سر خاک انشا ءالله تو هفته آینده حتما یه روز همو ببینیم","ham"
"می دونستی از دیجی استایل می تونی بهترین های آرایشی و بهداشتی رو با مناسب ترین قیمت تهیه کنی? تا [RANDOM_NUMBER]% + [RANDOM_NUMBER] هزار تومان تخفیف بیشتر برای اولین سفارش بالای [RANDOM_NUMBER] هزار تومان کد: [ENGLISH][RANDOM_NUMBER] ارسال رایگان | تا جمعه: [LINK_REMOVED] لغو: [RANDOM_NUMBER]","spam"
"لینوکس رو با موفقیت در کنار ویندوز نصب کردم","ham"
"واریز [RANDOM_NUMBER].[RANDOM_NUMBER] ریال مسابقه کریم باقری شروع شد وارد صفحه کریم باقری بشو هر کسی که فالو کرده رو فالو کن شنبه ساعت [RANDOM_NUMBER] منتظر قرعه کشی باش شاید تو برنده باشی [LINK_REMOVED]","spam"
"از کربلای معلی به استقبال ماه مبارک رمضان می رویم. ویژه برنامه ی «مُهّنا» دوشنبه [RANDOM_NUMBER] فروردین ساعت [RANDOM_NUMBER], از روبیکا همراه با اجرای مژده لواسانی, گفتگوهای دلنشین با حجت الاسلام سرلک, و مداحی و مناجات خوانی حمید علیمی [LINK_REMOVED]","spam"
"بهترین کار الحمد للله می خوام درباره کریپتو و حساب هاشون و واریز و برداشت و این داستانا سوال بپرسم جوان پیشرو","ham"
"[NAME] عزیز امروز آخرین فرصت برای استفاده از جایزه خوش حسابی شاتل, است. کافی ست صورت حساب دوره جدید سرویس اینترنت پرسرعت را پرداخت فرمایید. لینک پرداخت: [LINK_REMOVED] با سپاس/ شاتل","spam"
"خیر","ham"
"دیدی چرا اینهمه راه اومدیم تو یه ساندویچی معمولی؟! #روزی","ham"
"همیار نیک اندیش بنیادکودک در آستانه آغاز سال تحصیلی, از شما دعوت می شود در صورت تمایل برای مشارکت در تامین نوشت افزار و ابزار کمک آموزش آنلاین برای دانش آموزان بورسیه از طریق لینک زیر اقدام فرمایید: [LINK_REMOVED]","spam"
"فروش ویژه پنجشنبه و جمعه جانبو لبنیات تا[RANDOM_NUMBER]% ماشعیر تا[RANDOM_NUMBER]% سس تا[RANDOM_NUMBER]% و...","spam"
"آره خانه هنر اونجاست ولی قبل از اینکه حرکت کنی بهم بگو چون زهرا گفت بریم یه جای دیگه","ham"
"اگر اعتقادت بر اینه صحبت دیگه ای ندارم.","ham"
"مشترک گرامی [RANDOM_NUMBER] از زمان پایان سرویس آسیاتک شما -[RANDOM_NUMBER] روز گذشته است. لطفا نسبت به تمدید آن از طریق [LINK_REMOVED] اقدام فرمایید (اینترنت یک آسیاتک) دانلود اپلیکیشن آسیاتک [LINK_REMOVED]","ham"
"کاری نکردم [NAME] جان بیشتر از اینا به من محبت داشتین همیشه","ham"
"با سلام خدمت سرمایه گذاران محترم به اطلاع می رساند اختلال درسایت صندوق سرمایه گذاری یکم سامان مرتفع گردید. از صبر و شکیبایی شما کمال تشکر را داریم","ham"
"مشترک گرامی, مدت اعتبار بسته بسته پیامک [RANDOM_NUMBER] روزه [RANDOM_NUMBER] پیامک انگلیسی و فارسی شما [RANDOM_NUMBER]-[RANDOM_NUMBER]-[RANDOM_NUMBER] [TIME] به پایان می رسد. چنانچه طرح یا بسته فعالی نداشته باشید, ادامه استفاده مشمول تعرفه عادی خواهد بود. مشاهده و خرید بسته از : رایتل من [ENGLISH].[LINK_REMOVED] یا شماره گیری [USSD_REMOVED]","ham"
"سلام","ham"
"کد فعالسازی حساب کاربری شما : [RANDOM_NUMBER] [LINK_REMOVED]","ham"
"با ثبت نام در سامانه جامع ارتباط مردمی (سجام) به نشانی [LINK_REMOVED] ما را در پیشگیری از وقوع جرح یاری نمایید. معاونت پیشگیری از وقوع جرح و امورفرهنگی اجتماعی دادگستری کل استان تهران","spam"
"اتاق شما جن دارد لطفا بدون نگاه کردن به اطراف از آن خارج شوید تا بر نیرو های شیطانی غلبه کنید","ham"
"کد اعتبارسنجی کلمه عبور:[RANDOM_NUMBER] صندوق سرمایه گذاری مشترک یکم سامان","ham"
"[NAME] خانم سگ ببینه شدنمان دو از پا می کنه, بیا شما دم در نذری رو ببر, مراسم معاشرت دو می ذاریم برای فردا","ham"
"من سر کوچه شمام؛ می رم این داروخانه میام","ham"
"بانک صادرات مشتری گرامی سرویس پیام کوتاه شماره حساب [MASKED_NUMBER] به دلیل عدم موجودی کافی جهت برداشت کارمزد سالیانه غیر فعال گردید.","ham"
"همراه اولی عزیز [RANDOM_NUMBER] گیگ اینترنت سه ماهه هدیه(هر ماه [RANDOM_NUMBER] گیگ) برای فوتبالی ها مخصوص استفاده در اپلیکیشن ذره بین تماشای مسابقه تیم محبوبت رو از دست نده. پرسپولیس - ذوب آهن ساعت [TIME] استقلال - صنعت نفت ساعت [TIME] [LINK_REMOVED]","spam"
"""سودپرایز "" مشتری گرامی مابه التفاوت سود علی الحساب و سود قطعی سپرده سرمایه گذاری مدت دار سال [RANDOM_NUMBER] شما, به حسابتان واریز شد. بانک ملت, تجربه ای متمایز","ham"
"مشترک گرامی, مدت اعتبار بسته بسته پیامک [RANDOM_NUMBER] روزه [RANDOM_NUMBER] پیامک انگلیسی و فارسی, شما در [RANDOM_NUMBER]-[RANDOM_NUMBER]-[RANDOM_NUMBER] [TIME] به پایان خواهد رسید.. چنانچه طرح یا بسته فعالی نداشته باشید, ادامه استفاده مشمول تعرفه عادی خواهد بود. مشاهده و خرید بسته از : رایتل من [ENGLISH].[LINK_REMOVED] یا شماره گیری [USSD_REMOVED]","ham"
"واقعا من پاسخی برای این سوال زی زی گولو ندارم که ""آقای پدر کتک زدن بهتر است یا کتک خوردن""?","ham"
"مشتری گرامی بانک سیه با توجه به اتمام اعتبار سرویس پیامک حساب [RANDOM_NUMBER] در تاریخ [DATE] و تمدید خودکار آن تا پایان سال [RANDOM_NUMBER], مبلغ[RANDOM_NUMBER]ریال از حساب شما کسر می گردد. در صورت عدم تمایل به دریافت سرویس به شعبه یا اینترنت بانک مشتری محور مراجعه فرمایید.","ham"
"درلحظه بدون قرعه کشی با خرید یک شارژ [RANDOM_NUMBER] تومانی از [USSD_REMOVED] مبلغ[RANDOM_NUMBER]تومان شارژ هدیه بگیر ویژه خط شما،یکبار تا فردا شب","spam"
"بانک ملی سود:[RANDOM_NUMBER]+ حساب:[RANDOM_NUMBER] مانده:[RANDOM_NUMBER] [RANDOM_NUMBER]-[TIME] جشنواره رفاه ملی از [RANDOM_NUMBER] بهمن تا [RANDOM_NUMBER] فروردین, هر هفته یک خودرو برلیانس/ با کارتهای بانک ملی ایران از فروشگاه رفاه خرید کنید","ham"
"نه بابا جوون انقلابین خسته نیستن حتمااا","ham"
"سلام [NAME] جان خوبی گردو تر پوست گرفته چنده","ham"
"مشترک گرامی مهلت زمانی بسته آلفا+ سی روزه [RANDOM_NUMBER] گیگابایت+ [RANDOM_NUMBER]مگابایت هدیه صبحانت([RANDOM_NUMBER] صبح تا [RANDOM_NUMBER] ظهر) شما به پایان رسید و بسته آلفا+ سی روزه [RANDOM_NUMBER] گیگابایت+ [RANDOM_NUMBER]مگابایت هدیه صبحانت([RANDOM_NUMBER] صبح تا [RANDOM_NUMBER] ظهر) با [RANDOM_NUMBER] درصد تخفیف در استفاده از سایت های داخلی منتخب, فعال شده و تا ساعت [TIME] تاریخ [DATE] برای شما معتبر است. پس از پایان حجم یا مهلت زمانی, این بسته به صورت خودکار تمدید خواهد شد. برای اطلاع از وضعیت بسته, کد [USSD_REMOVED] و جهت لغو تمدید خودکار, کد [USSD_REMOVED] را شماره گیری فرمایید","spam"
"دفاع جزئی از هویت یک ملت زنده است. مقام معظم رهبری","spam"
"فروش سیم کارت دائمی همراه اول ویژه جوانان [RANDOM_NUMBER] تا [RANDOM_NUMBER] سال با [RANDOM_NUMBER] درصد تخفیف در استان فارس - به همراه [RANDOM_NUMBER] گیگابایت اینترنت هدیه -[RANDOM_NUMBER] دقیقه مکالمه درون شبکه (همراه اول و تلفن ثابت )- و [RANDOM_NUMBER] دقیقه مکالمه خارج شبکه","spam"
"مشترک گرامی شماره [MASKED_NUMBER] صورت حساب فروردین [RANDOM_NUMBER] بدهی پیشین: [RANDOM_NUMBER] ریال قابل پرداخت: [RANDOM_NUMBER] ریال ش ق: [RANDOM_NUMBER] ش پ: [RANDOM_NUMBER] آدرس اینترنتی پرداخت صورت حساب: [LINK_REMOVED] پرداخت از طریق [USSD_REMOVED], اپلیکیشن همراه من, آی گپ, تلفن گویای *[RANDOM_NUMBER] و [RANDOM_NUMBER] جهت دریافت راهنمای خدمات صورت حساب [ENGLISH] را به [RANDOM_NUMBER] ارسال نمایید. مهلت استفاده از هدیه شتاب در پرداخت: [DATE] مهلت پرداخت: [DATE] همراه اول","ham"
"رمز یکبار مصرف جهت ورود به درگاه یکپارچه ذینفعان بازار سرمایه : [RANDOM_NUMBER] شرکت سپرده گذاری مرکزی","ham"
"اینم شماره کارت فلانی","ham"
"مبلغ [RANDOM_NUMBER] میلیون برای [RANDOM_NUMBER] نفر جشنواره عیدانه [USSD_REMOVED]","spam"
"فرصت هست ولی کم است کارشناسی بدون آزمون – دانشگاه الکترونیکی آزاد اسلامی مدرک معتبر وزارت علوم بدون نیاز به حضور فیزیکی و کاملا آنلاین امکان انتخاب رشته دوم در مقطع کارشناسی % بورسیه شهریه ثابت [RANDOM_NUMBER]% تسهیلات تطبیق دروس گذرانده شده مرخصی #مدیریت #حسابداری#زبان های خارجه و....... اطلاعات بیشتر : [MASKED_NUMBER] [LINK_REMOVED] [LINK_REMOVED]","spam"
"خونه بمونید و بهترین کتاب ها رو با [RANDOM_NUMBER]% تخفیف از فیدیبو بخونید و گوش بدید شروع: [LINK_REMOVED]","spam"
"هرجا بگی هر وقت بگی","ham"
"[RANDOM_NUMBER]تومان تخفیف اسنپ برای [RANDOM_NUMBER]سفر در [RANDOM_NUMBER]سفر, [RANDOM_NUMBER]% تخفیف (هر بار تا سقف [RANDOM_NUMBER]تومان) و در [RANDOM_NUMBER]سفر بعدی تخفیف بیشتر؛ هر بار [RANDOM_NUMBER]% (تا سقف [RANDOM_NUMBER]تومان) بگیرید. کد تخفیف: [ENGLISH]-[RANDOM_NUMBER] اعتبار: [RANDOM_NUMBER] آذر تا حدامکان در خانه بمانید. برای ترددهای ضروری [RANDOM_NUMBER]ساعته می تونید اسنپ بگیرید؛ فقط حتما ماسک بزنید! فراموش نکنید که سلامت راننده های اسنپ با همکاری وزارت بهداشت پایش می شود [LINK_REMOVED]","spam"
"سلام خوبی دیدی هرچه صبر کدم هواخوب بشه بیایید اینجا همش سوم میاد بمون تا هفته دیگه ببینم گرم میشه","ham"
"وزارت بهداشت, درمان و آموزش پزشکی برای پیشگیری از ابتلا به کرونا ویروس, شستن مکرر دست ها با آب و صابون مایع را فراموش نکنیم و از دست دادن و روبوسی, بپرهیزیم. وزارت بهداشت, درمان و آموزش پزشکی","ham"
"از بین [RANDOM_NUMBER]شماره اول, شما برنده شارژ [RANDOM_NUMBER]تومنی شوید! با اشتراک در اپ ""مامان قصه گو "" دریافت با ارسال عدد [RANDOM_NUMBER] روزی سیصدتومن","spam"
"هایپراستار [RANDOM_NUMBER]~[DATE] مرغ کامل تازه کیلویی [RANDOM_NUMBER]ت هیرو تخم مرغ [RANDOM_NUMBER]ع [RANDOM_NUMBER]ت کالین پنیر پیتزا مخلوط [RANDOM_NUMBER]ک [RANDOM_NUMBER]ت هیما کاغذ[ENGLISH][RANDOM_NUMBER]ت لغو[RANDOM_NUMBER]","ham"
"مشترک گرامی, دریافت بسته ویژه اینترنت همراهی شما با تخفیف جذاب با شماره گیری [USSD_REMOVED] همراه اول","spam"
"اکران آنلاین فیلم آبادان یازده [RANDOM_NUMBER] در فیلم گردی و تماشاخونه با بازی حسن معجونی, ویدا جوان [LINK_REMOVED]","spam"
"اِوانو؛ خدمتی جدید از همراه اول مشترک گرامی, شما می توانید با نصب اپلیکیشن جامع مالی, اپراتوری و فروشگاهی اوانو ضمن برخورداری از امکانات این سامانه, در هر تراکنش هدیه نقدی دریافت نمایید. نصب رایگان: [LINK_REMOVED] همراه اول, همراه لحظه های دیجیتال","spam"
"فایل نصبی ش یه فایل [ENGLISH] هست که برای نصب باید [ENGLISH] [ENGLISH] [ENGLISH] ([ENGLISH]) رو از همون سایت نصب کنی","ham"
"[RANDOM_NUMBER]تومان تخفیف اسنپ ویژه درخواست خودرو با استفاده از کد زیر برای [RANDOM_NUMBER] سفر بعدی خود [RANDOM_NUMBER]درصد تخفیف (هر سفر تا سقف [RANDOM_NUMBER]تومان) بگیرید. کد تخفیف: [ENGLISH]-[RANDOM_NUMBER] اعتبار تا [RANDOM_NUMBER] مهر [LINK_REMOVED]","spam"
"یه مسلمانی هم چراغ رو توی چشم من خاموش نکرد","ham"
"کتاب""پرسش هایی در تاریخ هنر ایران..""پیداشده،خریددر [LINK_REMOVED]","ham"
"تو سال مار، هی برد بیار! برای این که توی سال [RANDOM_NUMBER] برنده ی [RANDOM_NUMBER] ماه اسنپ رایگان، پکیج [ENGLISH][RANDOM_NUMBER] [ENGLISH] و عینک واقعیت مجازی [ENGLISH] و کلی کد تخفیف هیجان انگیز باشی، کافیه بازی مار رو شروع کنی. برای شروع بازی روی لینک بزن: [LINK_REMOVED]","spam"
"[RANDOM_NUMBER] هزار تومن تخفیف اسنپ برای [RANDOM_NUMBER] سفر! برای [RANDOM_NUMBER] سفر، [RANDOM_NUMBER]٪ هر بار تا سقف [RANDOM_NUMBER] هزار تومن [RANDOM_NUMBER] سفر بعدی، [RANDOM_NUMBER]٪ هر بار تا سقف [RANDOM_NUMBER]هزار تومن کد: [ENGLISH]-[RANDOM_NUMBER][ENGLISH][RANDOM_NUMBER][ENGLISH] اعتبار: [RANDOM_NUMBER]/[RANDOM_NUMBER] درخواست: [LINK_REMOVED] لغو [RANDOM_NUMBER]","spam"
"بسته های داغ امروز، ویژه شما! مشاهده و فعال سازی: [LINK_REMOVED] و یا شماره گیری کد: [USSD_REMOVED] [RANDOM_NUMBER] گیگ اینترنت [RANDOM_NUMBER] روزه [RANDOM_NUMBER] تومان [RANDOM_NUMBER].[RANDOM_NUMBER] گیگ اینترنت [RANDOM_NUMBER] روزه [RANDOM_NUMBER] تومان [RANDOM_NUMBER] گیگ اینترنت [RANDOM_NUMBER] روزه [RANDOM_NUMBER] تومان [RANDOM_NUMBER] گیگ اینترنت [RANDOM_NUMBER] روزه [RANDOM_NUMBER] تومان [RANDOM_NUMBER] گیگ اینترنت روزانه [RANDOM_NUMBER] تومان","spam"
"شرکت توزیع برق مشهد کد فعالسازی [RANDOM_NUMBER] @[LINK_REMOVED] #[RANDOM_NUMBER]","ham"
"پیشنهادما آقاسی،کیست علی،[RANDOM_NUMBER] طاهری،علی مولا یاحیدر،[RANDOM_NUMBER] علیمی،جانم علی،[RANDOM_NUMBER] نیک فرجام،[RANDOM_NUMBER] راغب،[RANDOM_NUMBER] روزگار،[RANDOM_NUMBER] رزاقی،[RANDOM_NUMBER] فانی،علی ای همای رحمت،[RANDOM_NUMBER] گروه آریان،مولاعلی جان،[RANDOM_NUMBER] ارسال کدبه[RANDOM_NUMBER] به[RANDOM_NUMBER]","spam"
